v 7.1087 -0.7314 12.656
v 6.9547 0.0337 12.6553
v 6.4479 -0.0993 12.9927
v 7.159801 -1.507 12.6553
v 7.1087 -0.7314 12.656
v 6.5879 -0.7972 12.9927
v 7.159801 -1.507 12.6553
v 6.6341 -1.507 12.992001
v 6.5872 -2.2175 12.9913
v 7.108 -2.2847 12.6546
v 6.5872 -2.2175 12.9913
v 6.4472 -2.9147 12.9906
v 6.9547 -3.0498 12.6539
v 6.4472 -2.9147 12.9906
v 6.2162 -3.5874 12.9892
v 6.7013 -3.7869 12.6518
v 6.2162 -3.5874 12.9892
v 5.8984 -4.2251 12.9871
v 6.3534 -4.4841 12.6497
v 5.8984 -4.2251 12.9871
v 5.5001 -4.8159 12.9843
v 5.9166 -5.1316 12.6469
v 5.5001 -4.8159 12.9843
v 5.0276 -5.35 12.9822
v 5.3986 -5.7175 12.6441
v 5.0276 -5.35 12.9822
v 4.4893 -5.8183 12.9801
v 4.8085 -6.2313 12.642
v 4.4893 -5.8183 12.9801
v 3.8943 -6.2152 12.978
v 4.1575 -6.6646 12.6392
v 3.8943 -6.2152 12.978
v 3.2538 -6.5295 12.9766
v 3.4554 -7.009 12.6378
v 3.2538 -6.5295 12.9766
v 2.5783 -6.7577 12.9759
v 2.7162 -7.2603 12.6371
v 2.5783 -6.7577 12.9759
v 1.8797 -6.8977 12.9766
v 1.9511 -7.4129 12.6378
v 1.8797 -6.8977 12.9766
v 1.1699 -6.946 12.978
v 1.1734 -7.4647 12.6392
v 1.1699 -6.946 12.978
v 0.4594 -6.8991 12.9801
v 0.395 -7.4143 12.6406
v 0.4594 -6.8991 12.9801
v -0.2385 -6.7626 12.9822
v -0.3694 -7.2631 12.6434
v -0.2385 -6.7626 12.9822
v -0.9133 -6.5358 12.985
v -1.1086 -7.0153 12.6455
v -0.9133 -6.5358 12.985
v -1.5524 -6.2215 12.9878
v -1.8086 -6.6723 12.649
v -1.5524 -6.2215 12.9878
v -2.1439 -5.8288 12.9913
v -2.4568 -6.2425 12.6518
v -2.1439 -5.8288 12.9913
v -2.678 -5.3626 12.9948
v -3.042 -5.7301 12.656
v -2.678 -5.3626 12.9948
v -3.1449 -4.8299 12.998301
v -3.5537 -5.147 12.6602
v -3.1449 -4.8299 12.998301
v -3.5376 -4.2405 13.0018
v -3.9835 -4.503 12.6637
v -3.5376 -4.2405 13.0018
v -3.8477 -3.6063 13.003901
v -4.3237 -3.8072 12.6665
v -3.8477 -3.6063 13.003901
v -4.0717 -2.935 13.006
v -4.5687 -3.0736 12.6686
v -4.0717 -2.935 13.006
v -4.2054 -2.2392 13.0074
v -4.715 -2.3113 12.67
v -4.2054 -2.2392 13.0074
v -4.2467 -1.5308 13.008101
v -4.7598 -1.535 12.6707
v -4.2467 -1.5308 13.008101
v -4.1956 -0.8217 13.008801
v -4.7031 -0.7573 12.6714
v -4.1956 -0.8217 13.008801
v -4.0528 -0.1231 13.008801
v -4.547 0.0092 12.6714
v -4.0528 -0.1231 13.008801
v -3.8218 0.5538 13.008801
v -3.9464 1.4512 12.6707
v -4.2936 0.7505 12.6714
v -3.8218 0.5538 13.008801
v -3.5124 2.1043 12.6707
v -3.9464 1.4512 12.6707
v -3.5054 1.1964 13.008801
v -2.9986 2.6951 12.6707
v -3.5124 2.1043 12.6707
v -3.1092 1.7907 13.008801
v -2.4148 3.2152 12.6707
v -2.9986 2.6951 12.6707
v -2.6402 2.329 13.008101
v -1.7708 3.6534 12.67
v -2.4148 3.2152 12.6707
v -2.1068 2.8022 13.008101
v -1.0764 4.0027 12.6693
v -1.7708 3.6534 12.67
v -1.5188 3.2026 13.0074
v -0.3442 4.2568 12.6686
v -1.0764 4.0027 12.6693
v -0.8846 3.5218 13.0074
v 0.4153 4.4122 12.6672
v -0.3442 4.2568 12.6686
v -0.2154 3.7542 13.006
v 1.1874 4.464 12.6651
v 0.4153 4.4122 12.6672
v 0.4776 3.8956 13.004601
v 1.9616 4.4143 12.6623
v 1.1874 4.464 12.6651
v 1.1832 3.9446 13.003201
v 2.7232 4.2617 12.6595
v 1.9616 4.4143 12.6623
v 1.8895 3.897 13.0004
v 3.4603 4.009 12.6567
v 2.7232 4.2617 12.6595
v 2.5846 3.757 12.998301
v 4.1603 3.6604 12.6546
v 3.4603 4.009 12.6567
v 3.258 3.5281 12.9955
v 4.8106 3.2264 12.6532
v 4.1603 3.6604 12.6546
v 3.8971 3.211 12.9934
v 5.400001 2.7091 12.6525
v 4.8106 3.2264 12.6532
v 4.4914 2.8148 12.992001
v 5.9166 2.1218 12.6532
v 5.400001 2.7091 12.6525
v 5.029 2.3416 12.9913
v 6.3541 1.4729 12.6539
v 5.9166 2.1218 12.6532
v 5.5008 1.8061 12.9913
v 6.702 0.7722 12.6546
v 6.3541 1.4729 12.6539
v 5.8991 1.2139 12.992001
v 6.9547 0.0337 12.6553
v 6.702 0.7722 12.6546
v 6.2169 0.5741 12.992001
v 6.4479 -0.0993 12.9927
v 6.2169 0.5741 12.992001
v 5.736 0.3781 13.2958
v 6.2169 0.5741 12.992001
v 5.8991 1.2139 12.992001
v 5.449 0.9563 13.2958
v 5.8991 1.2139 12.992001
v 5.5008 1.8061 12.9913
v 5.0885 1.4932 13.2958
v 5.5008 1.8061 12.9913
v 5.029 2.3416 12.9913
v 4.6608 1.9804 13.2958
v 5.029 2.3416 12.9913
v 4.4914 2.8148 12.992001
v 4.1743 2.4067 13.2972
v 4.4914 2.8148 12.992001
v 3.8971 3.211 12.9934
v 3.6367 2.7658 13.2979
v 3.8971 3.211 12.9934
v 3.258 3.5281 12.9955
v 3.0571 3.0535 13.3
v 3.258 3.5281 12.9955
v 2.5846 3.757 12.998301
v 2.4474 3.2614 13.3014
v 2.5846 3.757 12.998301
v 1.8895 3.897 13.0004
v 1.8174 3.3867 13.3042
v 1.8895 3.897 13.0004
v 1.1832 3.9446 13.003201
v 1.1776 3.4287 13.3063
v 1.1832 3.9446 13.003201
v 0.4776 3.8956 13.004601
v 0.5385 3.3853 13.3077
v 0.4776 3.8956 13.004601
v -0.2154 3.7542 13.006
v -0.0901 3.2579 13.3084
v -0.2154 3.7542 13.006
v -0.8846 3.5218 13.0074
v -0.6963 3.0472 13.3091
v -0.8846 3.5218 13.0074
v -1.5188 3.2026 13.0074
v -1.271 2.7595 13.3098
v -1.5188 3.2026 13.0074
v -2.1068 2.8022 13.008101
v -1.8051 2.3969 13.3098
v -2.1068 2.8022 13.008101
v -2.6402 2.329 13.008101
v -2.2881 1.9692 13.3098
v -2.6402 2.329 13.008101
v -3.1092 1.7907 13.008801
v -2.713 1.4806 13.3098
v -3.1092 1.7907 13.008801
v -3.5054 1.1964 13.008801
v -3.0721 0.9423 13.3098
v -3.5054 1.1964 13.008801
v -3.8218 0.5538 13.008801
v -3.3584 0.3613 13.3105
v -4.0528 -0.1231 13.008801
v -3.5677 -0.2519 13.3105
v -3.3584 0.3613 13.3105
v -4.1956 -0.8217 13.008801
v -3.6965 -0.8847 13.3105
v -3.5677 -0.2519 13.3105
v -4.2467 -1.5308 13.008101
v -3.7427 -1.5259 13.3098
v -3.6965 -0.8847 13.3105
v -4.2054 -2.2392 13.0074
v -3.7049 -2.1685 13.3091
v -3.7427 -1.5259 13.3098
v -4.0717 -2.935 13.006
v -3.5831 -2.7999 13.3084
v -3.7049 -2.1685 13.3091
v -3.8477 -3.6063 13.003901
v -3.3801 -3.4082 13.3063
v -3.5831 -2.7999 13.3084
v -3.5376 -4.2405 13.0018
v -3.0987 -3.9829 13.3042
v -3.3801 -3.4082 13.3063
v -3.1449 -4.8299 12.998301
v -2.7431 -4.517 13.3021
v -3.0987 -3.9829 13.3042
v -2.678 -5.3626 12.9948
v -2.3196 -4.9993 13.2986
v -2.7431 -4.517 13.3021
v -2.1439 -5.8288 12.9913
v -1.8352 -5.4207 13.2958
v -2.3196 -4.9993 13.2986
v -1.5524 -6.2215 12.9878
v -1.2997 -5.777 13.2923
v -1.8352 -5.4207 13.2958
v -0.9133 -6.5358 12.985
v -0.7208 -6.0598 13.2895
v -1.2997 -5.777 13.2923
v -0.2385 -6.7626 12.9822
v -0.1097 -6.267 13.2867
v -0.7208 -6.0598 13.2895
v 0.4594 -6.8991 12.9801
v 0.5224 -6.3902 13.2846
v -0.1097 -6.267 13.2867
v 1.1699 -6.946 12.978
v 1.1657 -6.4322 13.2832
v 0.5224 -6.3902 13.2846
v 1.8797 -6.8977 12.9766
v 1.809 -6.3895 13.2818
v 1.1657 -6.4322 13.2832
v 2.5783 -6.7577 12.9759
v 2.4418 -6.2628 13.2811
v 1.809 -6.3895 13.2818
v 3.2538 -6.5295 12.9766
v 3.0536 -6.0556 13.2818
v 2.4418 -6.2628 13.2811
v 3.8943 -6.2152 12.978
v 3.6339 -5.7707 13.2825
v 3.0536 -6.0556 13.2818
v 4.4893 -5.8183 12.9801
v 4.1722 -5.4109 13.2839
v 3.6339 -5.7707 13.2825
v 5.0276 -5.35 12.9822
v 4.6594 -4.9881 13.286
v 4.1722 -5.4109 13.2839
v 5.5001 -4.8159 12.9843
v 5.0871 -4.503 13.2881
v 4.6594 -4.9881 13.286
v 5.8984 -4.2251 12.9871
v 5.448299 -3.9689 13.2902
v 5.0871 -4.503 13.2881
v 6.2162 -3.5874 12.9892
v 5.7353 -3.3907 13.2923
v 5.448299 -3.9689 13.2902
v 6.4472 -2.9147 12.9906
v 5.9439 -2.7831 13.2937
v 5.7353 -3.3907 13.2923
v 6.5872 -2.2175 12.9913
v 6.070601 -2.1496 13.2944
v 5.9439 -2.7831 13.2937
v 6.6341 -1.507 12.992001
v 6.1133 -1.507 13.2951
v 6.070601 -2.1496 13.2944
v 6.6341 -1.507 12.992001
v 6.5879 -0.7972 12.9927
v 6.071301 -0.8644 13.2958
v 6.5879 -0.7972 12.9927
v 6.4479 -0.0993 12.9927
v 5.9446 -0.2316 13.2958
v 6.071301 -0.8644 13.2958
v 5.9446 -0.2316 13.2958
v 5.5267 -0.3429 13.5646
v 6.1133 -1.507 13.2951
v 6.071301 -0.8644 13.2958
v 5.6422 -0.9197 13.5639
v 6.1133 -1.507 13.2951
v 5.68 -1.507 13.5632
v 5.6408 -2.095 13.5625
v 6.070601 -2.1496 13.2944
v 5.6408 -2.095 13.5625
v 5.526 -2.6711 13.5618
v 5.9439 -2.7831 13.2937
v 5.526 -2.6711 13.5618
v 5.3349 -3.229 13.5604
v 5.7353 -3.3907 13.2923
v 5.3349 -3.229 13.5604
v 5.0724 -3.7554 13.559
v 5.448299 -3.9689 13.2902
v 5.0724 -3.7554 13.559
v 4.7434 -4.244 13.5569
v 5.0871 -4.503 13.2881
v 4.7434 -4.244 13.5569
v 4.3528 -4.6857 13.5555
v 4.6594 -4.9881 13.286
v 4.3528 -4.6857 13.5555
v 3.9083 -5.0735 13.5534
v 4.1722 -5.4109 13.2839
v 3.9083 -5.0735 13.5534
v 3.4162 -5.4004 13.5527
v 3.6339 -5.7707 13.2825
v 3.4162 -5.4004 13.5527
v 2.887 -5.6608 13.552
v 3.0536 -6.0556 13.2818
v 2.887 -5.6608 13.552
v 2.3284 -5.8512 13.5513
v 2.4418 -6.2628 13.2811
v 2.3284 -5.8512 13.5513
v 1.7502 -5.9653 13.552
v 1.809 -6.3895 13.2818
v 1.7502 -5.9653 13.552
v 1.1622 -6.0052 13.5527
v 1.1657 -6.4322 13.2832
v 1.1622 -6.0052 13.5527
v 0.5749 -5.9688 13.5548
v 0.5224 -6.3902 13.2846
v 0.5749 -5.9688 13.5548
v -0.0033 -5.854 13.5562
v -0.1097 -6.267 13.2867
v -0.0033 -5.854 13.5562
v -0.5612 -5.6671 13.559
v -0.7208 -6.0598 13.2895
v -0.5612 -5.6671 13.559
v -1.0904 -5.4081 13.5618
v -1.2997 -5.777 13.2923
v -1.0904 -5.4081 13.5618
v -1.5797 -5.0826 13.5646
v -1.8352 -5.4207 13.2958
v -1.5797 -5.0826 13.5646
v -2.0221 -4.6962 13.5674
v -2.3196 -4.9993 13.2986
v -2.0221 -4.6962 13.5674
v -2.4092 -4.2566 13.5695
v -2.7431 -4.517 13.3021
v -2.4092 -4.2566 13.5695
v -2.7347 -3.7694 13.5716
v -3.0987 -3.9829 13.3042
v -2.7347 -3.7694 13.5716
v -2.9923 -3.243 13.573
v -3.3801 -3.4082 13.3063
v -2.9923 -3.243 13.573
v -3.1792 -2.6872 13.5744
v -3.5831 -2.7999 13.3084
v -3.1792 -2.6872 13.5744
v -3.2905 -2.1104 13.5758
v -3.7049 -2.1685 13.3091
v -3.2905 -2.1104 13.5758
v -3.3262 -1.5231 13.5758
v -3.7427 -1.5259 13.3098
v -3.3262 -1.5231 13.5758
v -3.2842 -0.9351 13.5758
v -3.6965 -0.8847 13.3105
v -3.2842 -0.9351 13.5758
v -3.1673 -0.3583 13.5758
v -3.5677 -0.2519 13.3105
v -3.1673 -0.3583 13.5758
v -2.9762 0.2024 13.5758
v -3.0721 0.9423 13.3098
v -3.3584 0.3613 13.3105
v -2.9762 0.2024 13.5758
v -2.713 1.4806 13.3098
v -3.0721 0.9423 13.3098
v -2.7137 0.733 13.5758
v -2.2881 1.9692 13.3098
v -2.713 1.4806 13.3098
v -2.3854 1.2251 13.5758
v -1.8051 2.3969 13.3098
v -2.2881 1.9692 13.3098
v -1.9969 1.671 13.5758
v -1.271 2.7595 13.3098
v -1.8051 2.3969 13.3098
v -1.5552 2.0623 13.5758
v -0.6963 3.0472 13.3091
v -1.271 2.7595 13.3098
v -1.0673 2.3934 13.5758
v -0.0901 3.2579 13.3084
v -0.6963 3.0472 13.3091
v -0.5409 2.6559 13.5751
v 0.5385 3.3853 13.3077
v -0.0901 3.2579 13.3084
v 0.0135 2.8477 13.5744
v 1.1776 3.4287 13.3063
v 0.5385 3.3853 13.3077
v 0.5882 2.9639 13.5737
v 1.8174 3.3867 13.3042
v 1.1776 3.4287 13.3063
v 1.1727 3.0045 13.573
v 2.4474 3.2614 13.3014
v 1.8174 3.3867 13.3042
v 1.7579 2.9653 13.5716
v 3.0571 3.0535 13.3
v 2.4474 3.2614 13.3014
v 2.334 2.8491 13.5695
v 3.6367 2.7658 13.2979
v 3.0571 3.0535 13.3
v 2.8912 2.6594 13.5681
v 4.1743 2.4067 13.2972
v 3.6367 2.7658 13.2979
v 3.4197 2.3969 13.5667
v 4.6608 1.9804 13.2958
v 4.1743 2.4067 13.2972
v 3.9111 2.0686 13.5653
v 5.0885 1.4932 13.2958
v 4.6608 1.9804 13.2958
v 4.3556 1.6773 13.5653
v 5.449 0.9563 13.2958
v 5.0885 1.4932 13.2958
v 4.7455 1.2342 13.5646
v 5.736 0.3781 13.2958
v 5.449 0.9563 13.2958
v 5.0745 0.7442 13.5646
v 5.9446 -0.2316 13.2958
v 5.736 0.3781 13.2958
v 5.3363 0.215 13.5646
v 5.5267 -0.3429 13.5646
v 5.3363 0.215 13.5646
v 4.945 0.0547 13.8817
v 5.3363 0.215 13.5646
v 5.0745 0.7442 13.5646
v 4.7077 0.5349 13.8824
v 5.0745 0.7442 13.5646
v 4.7455 1.2342 13.5646
v 4.4095 0.978 13.8824
v 4.7455 1.2342 13.5646
v 4.3556 1.6773 13.5653
v 4.056 1.3819 13.8831
v 4.3556 1.6773 13.5653
v 3.9111 2.0686 13.5653
v 3.6528 1.7354 13.8838
v 3.9111 2.0686 13.5653
v 3.4197 2.3969 13.5667
v 3.2076 2.0343 13.8845
v 3.4197 2.3969 13.5667
v 2.8912 2.6594 13.5681
v 2.7281 2.273 13.8859
v 2.8912 2.6594 13.5681
v 2.334 2.8491 13.5695
v 2.222 2.4452 13.8866
v 2.334 2.8491 13.5695
v 1.7579 2.9653 13.5716
v 1.6998 2.5509 13.888
v 1.7579 2.9653 13.5716
v 1.1727 3.0045 13.573
v 1.1685 2.5866 13.8894
v 1.1727 3.0045 13.573
v 0.5882 2.9639 13.5737
v 0.6372 2.5495 13.8901
v 0.5882 2.9639 13.5737
v 0.0135 2.8477 13.5744
v 0.1157 2.4452 13.8908
v 0.0135 2.8477 13.5744
v -0.5409 2.6559 13.5751
v -0.3883 2.2709 13.8915
v -0.5409 2.6559 13.5751
v -1.0673 2.3934 13.5758
v -0.8664 2.0336 13.8915
v -1.0673 2.3934 13.5758
v -1.5552 2.0623 13.5758
v -1.3095 1.734 13.8915
v -1.5552 2.0623 13.5758
v -1.9969 1.671 13.5758
v -1.7106 1.3791 13.8922
v -1.9969 1.671 13.5758
v -2.3854 1.2251 13.5758
v -2.0634 0.9738 13.8922
v -2.3854 1.2251 13.5758
v -2.7137 0.733 13.5758
v -2.3616 0.5272 13.8922
v -2.7137 0.733 13.5758
v -2.9762 0.2024 13.5758
v -2.5996 0.0463 13.8922
v -3.1673 -0.3583 13.5758
v -2.7725 -0.4626 13.8922
v -2.5996 0.0463 13.8922
v -3.2842 -0.9351 13.5758
v -2.8789 -0.9869 13.8922
v -2.7725 -0.4626 13.8922
v -3.3262 -1.5231 13.5758
v -2.916 -1.5196 13.8922
v -2.8789 -0.9869 13.8922
v -3.2905 -2.1104 13.5758
v -2.8831 -2.0551 13.8915
v -2.916 -1.5196 13.8922
v -3.1792 -2.6872 13.5744
v -2.7816 -2.5773 13.8908
v -2.8831 -2.0551 13.8915
v -2.9923 -3.243 13.573
v -2.6115 -3.0813 13.8894
v -2.7816 -2.5773 13.8908
v -2.7347 -3.7694 13.5716
v -2.377 -3.5587 13.888
v -2.6115 -3.0813 13.8894
v -2.4092 -4.2566 13.5695
v -2.0816 -4.0018 13.8866
v -2.377 -3.5587 13.888
v -2.0221 -4.6962 13.5674
v -1.7302 -4.4008 13.8845
v -2.0816 -4.0018 13.8866
v -1.5797 -5.0826 13.5646
v -1.3284 -4.7515 13.8824
v -1.7302 -4.4008 13.8845
v -1.0904 -5.4081 13.5618
v -0.8839 -5.0462 13.8803
v -1.3284 -4.7515 13.8824
v -0.5612 -5.6671 13.559
v -0.4037 -5.2807 13.8775
v -0.8839 -5.0462 13.8803
v -0.0033 -5.854 13.5562
v 0.1024 -5.4508 13.8754
v -0.4037 -5.2807 13.8775
v 0.5749 -5.9688 13.5548
v 0.6267 -5.5537 13.874
v 0.1024 -5.4508 13.8754
v 1.1622 -6.0052 13.5527
v 1.1594 -5.5873 13.8719
v 0.6267 -5.5537 13.874
v 1.7502 -5.9653 13.552
v 1.6928 -5.5509 13.8712
v 1.1594 -5.5873 13.8719
v 2.3284 -5.8512 13.5513
v 2.2171 -5.4473 13.8712
v 1.6928 -5.5509 13.8712
v 2.887 -5.6608 13.552
v 2.7239 -5.2744 13.8712
v 2.2171 -5.4473 13.8712
v 3.4162 -5.4004 13.5527
v 3.2041 -5.0385 13.8712
v 2.7239 -5.2744 13.8712
v 3.9083 -5.0735 13.5534
v 3.6493 -4.7417 13.8726
v 3.2041 -5.0385 13.8712
v 4.3528 -4.6857 13.5555
v 4.0525 -4.3896 13.874
v 3.6493 -4.7417 13.8726
v 4.7434 -4.244 13.5569
v 4.4067 -3.9878 13.8754
v 4.0525 -4.3896 13.874
v 5.0724 -3.7554 13.559
v 4.7049 -3.5461 13.8768
v 4.4067 -3.9878 13.8754
v 5.3349 -3.229 13.5604
v 4.9429 -3.0673 13.8782
v 4.7049 -3.5461 13.8768
v 5.526 -2.6711 13.5618
v 5.1158 -2.5612 13.8796
v 4.9429 -3.0673 13.8782
v 5.6408 -2.095 13.5625
v 5.2208 -2.0397 13.8803
v 5.1158 -2.5612 13.8796
v 5.68 -1.507 13.5632
v 5.2558 -1.507 13.881
v 5.2208 -2.0397 13.8803
v 5.68 -1.507 13.5632
v 5.6422 -0.9197 13.5639
v 5.2215 -0.9743 13.8817
v 5.6422 -0.9197 13.5639
v 5.5267 -0.3429 13.5646
v 5.1172 -0.4514 13.8817
v 5.2215 -0.9743 13.8817
v 5.1172 -0.4514 13.8817
v 4.7 -0.5627 14.2072
v 5.2558 -1.507 13.881
v 5.2215 -0.9743 13.8817
v 4.7931 -1.031 14.2065
v 5.2208 -2.0397 13.8803
v 5.2558 -1.507 13.881
v 4.8239 -1.507 14.2058
v 5.2208 -2.0397 13.8803
v 4.7924 -1.9844 14.2051
v 4.6986 -2.4527 14.2044
v 5.1158 -2.5612 13.8796
v 4.6986 -2.4527 14.2044
v 4.5439 -2.9035 14.203
v 4.9429 -3.0673 13.8782
v 4.5439 -2.9035 14.203
v 4.3311 -3.3312 14.2023
v 4.7049 -3.5461 13.8768
v 4.3311 -3.3312 14.2023
v 4.0644 -3.7288 14.2009
v 4.4067 -3.9878 13.8754
v 4.0644 -3.7288 14.2009
v 3.748 -4.0886 14.1995
v 4.0525 -4.3896 13.874
v 3.748 -4.0886 14.1995
v 3.3868 -4.4022 14.1988
v 3.6493 -4.7417 13.8726
v 3.3868 -4.4022 14.1988
v 2.9885 -4.6682 14.1981
v 3.2041 -5.0385 13.8712
v 2.9885 -4.6682 14.1981
v 2.5587 -4.8803 14.1981
v 2.7239 -5.2744 13.8712
v 2.5587 -4.8803 14.1981
v 2.1051 -5.0336 14.1981
v 2.2171 -5.4473 13.8712
v 2.1051 -5.0336 14.1981
v 1.6354 -5.1281 14.1981
v 1.6928 -5.5509 13.8712
v 1.6354 -5.1281 14.1981
v 1.1587 -5.1582 14.1995
v 1.1594 -5.5873 13.8719
v 1.1587 -5.1582 14.1995
v 0.6813 -5.1302 14.2009
v 0.6267 -5.5537 13.874
v 0.6813 -5.1302 14.2009
v 0.2116 -5.0385 14.2023
v 0.1024 -5.4508 13.8754
v 0.2116 -5.0385 14.2023
v -0.2413 -4.8852 14.2044
v -0.4037 -5.2807 13.8775
v -0.2413 -4.8852 14.2044
v -0.6711 -4.6745 14.2065
v -0.8839 -5.0462 13.8803
v -0.6711 -4.6745 14.2065
v -1.0694 -4.4106 14.2086
v -1.3284 -4.7515 13.8824
v -1.0694 -4.4106 14.2086
v -1.4285 -4.0977 14.2107
v -1.7302 -4.4008 13.8845
v -1.4285 -4.0977 14.2107
v -1.7442 -3.7393 14.2121
v -2.0816 -4.0018 13.8866
v -1.7442 -3.7393 14.2121
v -2.0088 -3.3424 14.2142
v -2.377 -3.5587 13.888
v -2.0088 -3.3424 14.2142
v -2.2195 -2.9161 14.2149
v -2.6115 -3.0813 13.8894
v -2.2195 -2.9161 14.2149
v -2.3714 -2.4639 14.2163
v -2.7816 -2.5773 13.8908
v -2.3714 -2.4639 14.2163
v -2.4631 -1.9956 14.217
v -2.8831 -2.0551 13.8915
v -2.4631 -1.9956 14.217
v -2.4925 -1.5168 14.217
v -2.916 -1.5196 13.8922
v -2.4925 -1.5168 14.217
v -2.4596 -1.0408 14.2177
v -2.8789 -0.9869 13.8922
v -2.4596 -1.0408 14.2177
v -2.3651 -0.569 14.2177
v -2.7725 -0.4626 13.8922
v -2.3651 -0.569 14.2177
v -2.2104 -0.114 14.2177
v -2.5996 0.0463 13.8922
v -2.2104 -0.114 14.2177
v -1.9976 0.3165 14.2177
v -2.0634 0.9738 13.8922
v -2.3616 0.5272 13.8922
v -1.9976 0.3165 14.2177
v -1.7106 1.3791 13.8922
v -2.0634 0.9738 13.8922
v -1.7309 0.7155 14.2177
v -1.3095 1.734 13.8915
v -1.7106 1.3791 13.8922
v -1.4145 1.0788 14.2177
v -0.8664 2.0336 13.8915
v -1.3095 1.734 13.8915
v -1.0554 1.3959 14.217
v -0.3883 2.2709 13.8915
v -0.8664 2.0336 13.8915
v -0.6578 1.6633 14.217
v 0.1157 2.4452 13.8908
v -0.3883 2.2709 13.8915
v -0.2301 1.8768 14.217
v 0.6372 2.5495 13.8901
v 0.1157 2.4452 13.8908
v 0.2214 2.0322 14.2163
v 1.1685 2.5866 13.8894
v 0.6372 2.5495 13.8901
v 0.6897 2.1267 14.2156
v 1.6998 2.5509 13.888
v 1.1685 2.5866 13.8894
v 1.165 2.1568 14.2149
v 2.222 2.4452 13.8866
v 1.6998 2.5509 13.888
v 1.641 2.1267 14.2135
v 2.7281 2.273 13.8859
v 2.222 2.4452 13.8866
v 2.1093 2.0322 14.2128
v 3.2076 2.0343 13.8845
v 2.7281 2.273 13.8859
v 2.5622 1.8768 14.2121
v 3.6528 1.7354 13.8838
v 3.2076 2.0343 13.8845
v 2.992 1.6647 14.2107
v 4.056 1.3819 13.8831
v 3.6528 1.7354 13.8838
v 3.3903 1.3966 14.21
v 4.4095 0.978 13.8824
v 4.056 1.3819 13.8831
v 3.7508 1.0802 14.2086
v 4.7077 0.5349 13.8824
v 4.4095 0.978 13.8824
v 4.0672 0.719 14.2086
v 4.945 0.0547 13.8817
v 4.7077 0.5349 13.8824
v 4.3339 0.32 14.2079
v 5.1172 -0.4514 13.8817
v 4.945 0.0547 13.8817
v 4.546 -0.1077 14.2072
v 4.1589 -0.268 14.4851
v 4.2947 -0.6684 14.4844
v 4.7 -0.5627 14.2072
v 3.9706 0.1128 14.4851
v 4.1589 -0.268 14.4851
v 4.546 -0.1077 14.2072
v 3.7347 0.4649 14.4858
v 3.9706 0.1128 14.4851
v 4.3339 0.32 14.2079
v 3.4547 0.7848 14.4872
v 3.7347 0.4649 14.4858
v 4.0672 0.719 14.2086
v 3.1355 1.0648 14.4879
v 3.4547 0.7848 14.4872
v 3.7508 1.0802 14.2086
v 2.782 1.3021 14.4886
v 3.1355 1.0648 14.4879
v 3.3903 1.3966 14.21
v 2.4019 1.4904 14.49
v 2.782 1.3021 14.4886
v 2.992 1.6647 14.2107
v 2.0008 1.6269 14.4914
v 2.4019 1.4904 14.49
v 2.5622 1.8768 14.2121
v 1.585 1.7116 14.4914
v 2.0008 1.6269 14.4914
v 2.1093 2.0322 14.2128
v 1.1636 1.7389 14.4928
v 1.585 1.7116 14.4914
v 1.641 2.1267 14.2135
v 0.7415 1.7116 14.4935
v 1.1636 1.7389 14.4928
v 1.165 2.1568 14.2149
v 0.3271 1.6269 14.4942
v 0.7415 1.7116 14.4935
v 0.6897 2.1267 14.2156
v -0.0733 1.4904 14.4949
v 0.3271 1.6269 14.4942
v 0.2214 2.0322 14.2163
v -0.4527 1.3021 14.4949
v -0.0733 1.4904 14.4949
v -0.2301 1.8768 14.217
v -0.8048 1.0648 14.4956
v -0.4527 1.3021 14.4949
v -0.6578 1.6633 14.217
v -1.124 0.7834 14.4956
v -0.8048 1.0648 14.4956
v -1.0554 1.3959 14.217
v -1.404 0.4628 14.4956
v -1.124 0.7834 14.4956
v -1.4145 1.0788 14.2177
v -1.6399 0.1093 14.4956
v -1.404 0.4628 14.4956
v -1.7309 0.7155 14.2177
v -1.8282 -0.2722 14.4956
v -1.6399 0.1093 14.4956
v -1.9976 0.3165 14.2177
v -2.3651 -0.569 14.2177
v -1.9654 -0.6747 14.4956
v -1.8282 -0.2722 14.4956
v -2.4596 -1.0408 14.2177
v -2.0494 -1.0919 14.4956
v -1.9654 -0.6747 14.4956
v -2.4925 -1.5168 14.217
v -2.0781 -1.5147 14.4949
v -2.0494 -1.0919 14.4956
v -2.4631 -1.9956 14.217
v -2.0522 -1.9375 14.4942
v -2.0781 -1.5147 14.4949
v -2.3714 -2.4639 14.2163
v -1.9703 -2.3526 14.4935
v -2.0522 -1.9375 14.4942
v -2.2195 -2.9161 14.2149
v -1.8352 -2.753 14.4928
v -1.9703 -2.3526 14.4935
v -2.0088 -3.3424 14.2142
v -1.6483 -3.1331 14.4914
v -1.8352 -2.753 14.4928
v -1.7442 -3.7393 14.2121
v -1.4138 -3.4838 14.4907
v -1.6483 -3.1331 14.4914
v -1.4285 -4.0977 14.2107
v -1.1345 -3.8009 14.4886
v -1.4138 -3.4838 14.4907
v -0.8153 -4.0788 14.4872
v -1.1345 -3.8009 14.4886
v -1.4285 -4.0977 14.2107
v -0.6711 -4.6745 14.2065
v -0.4625 -4.3133 14.4851
v -0.8153 -4.0788 14.4872
v -0.2413 -4.8852 14.2044
v -0.0824 -4.5002 14.483
v -0.4625 -4.3133 14.4851
v 0.2116 -5.0385 14.2023
v 0.3194 -4.6353 14.4816
v -0.0824 -4.5002 14.483
v 0.7352 -4.7165 14.4795
v 0.3194 -4.6353 14.4816
v 0.2116 -5.0385 14.2023
v 1.158 -4.7438 14.4788
v 0.7352 -4.7165 14.4795
v 0.6813 -5.1302 14.2009
v 1.6354 -5.1281 14.1981
v 1.5808 -4.7137 14.4774
v 1.158 -4.7438 14.4788
v 2.1051 -5.0336 14.1981
v 1.9966 -4.6318 14.4767
v 1.5808 -4.7137 14.4774
v 2.5587 -4.8803 14.1981
v 2.3984 -4.4953 14.4767
v 1.9966 -4.6318 14.4767
v 2.9885 -4.6682 14.1981
v 2.7792 -4.307 14.4767
v 2.3984 -4.4953 14.4767
v 3.3868 -4.4022 14.1988
v 3.1327 -4.0725 14.4774
v 2.7792 -4.307 14.4767
v 3.748 -4.0886 14.1995
v 3.4519 -3.7932 14.4781
v 3.1327 -4.0725 14.4774
v 4.0644 -3.7288 14.2009
v 3.7319 -3.4754 14.4788
v 3.4519 -3.7932 14.4781
v 4.3311 -3.3312 14.2023
v 3.9685 -3.124 14.4795
v 3.7319 -3.4754 14.4788
v 4.5439 -2.9035 14.203
v 4.1568 -2.7439 14.4809
v 3.9685 -3.124 14.4795
v 4.6986 -2.4527 14.2044
v 4.2933 -2.3449 14.4816
v 4.1568 -2.7439 14.4809
v 4.7924 -1.9844 14.2051
v 4.3766 -1.9284 14.4816
v 4.2933 -2.3449 14.4816
v 4.4046 -1.507 14.483
v 4.3766 -1.9284 14.4816
v 4.7924 -1.9844 14.2051
v 4.3773 -1.0842 14.4837
v 4.4046 -1.507 14.483
v 4.8239 -1.507 14.2058
v 4.2947 -0.6684 14.4844
v 4.3773 -1.0842 14.4837
v 4.7931 -1.031 14.2065
v 4.3773 -1.0842 14.4837
v 4.2947 -0.6684 14.4844
v 3.9125 -0.772 14.7189
v 4.4046 -1.507 14.483
v 4.3773 -1.0842 14.4837
v 3.9846 -1.1346 14.7182
v 4.4046 -1.507 14.483
v 4.0084 -1.507 14.7175
v 3.9839 -1.878 14.7168
v 4.3766 -1.9284 14.4816
v 3.9839 -1.878 14.7168
v 3.9111 -2.242 14.7161
v 4.2933 -2.3449 14.4816
v 3.9111 -2.242 14.7161
v 3.7907 -2.5941 14.7154
v 4.1568 -2.7439 14.4809
v 3.7907 -2.5941 14.7154
v 3.6255 -2.9273 14.7147
v 3.9685 -3.124 14.4795
v 3.6255 -2.9273 14.7147
v 3.4183 -3.2367 14.714
v 3.7319 -3.4754 14.4788
v 3.4183 -3.2367 14.714
v 3.1719 -3.5153 14.7133
v 3.4519 -3.7932 14.4781
v 3.1719 -3.5153 14.7133
v 2.8919 -3.7603 14.7126
v 3.1327 -4.0725 14.4774
v 2.8919 -3.7603 14.7126
v 2.5818 -3.9675 14.7126
v 2.7792 -4.307 14.4767
v 2.5818 -3.9675 14.7126
v 2.2472 -4.132 14.7126
v 2.3984 -4.4953 14.4767
v 2.2472 -4.132 14.7126
v 1.8944 -4.2503 14.7126
v 1.9966 -4.6318 14.4767
v 1.8944 -4.2503 14.7126
v 1.5297 -4.3252 14.714
v 1.5808 -4.7137 14.4774
v 1.5297 -4.3252 14.714
v 1.158 -4.349 14.7147
v 1.158 -4.7438 14.4788
v 1.158 -4.349 14.7147
v 0.787 -4.3252 14.7154
v 0.3194 -4.6353 14.4816
v 0.7352 -4.7165 14.4795
v 0.787 -4.3252 14.7154
v 0.3194 -4.6353 14.4816
v 0.4216 -4.2545 14.7175
v 0.0688 -4.1355 14.7189
v -0.0824 -4.5002 14.483
v 0.0688 -4.1355 14.7189
v -0.2651 -3.9703 14.7203
v -0.8153 -4.0788 14.4872
v -0.4625 -4.3133 14.4851
v -0.2651 -3.9703 14.7203
v -1.1345 -3.8009 14.4886
v -0.8153 -4.0788 14.4872
v -0.5752 -3.7666 14.7224
v -1.1345 -3.8009 14.4886
v -0.8552 -3.5216 14.7238
v -1.1002 -3.243 14.7259
v -1.4138 -3.4838 14.4907
v -1.1002 -3.243 14.7259
v -1.3067 -2.9336 14.7266
v -1.6483 -3.1331 14.4914
v -1.3067 -2.9336 14.7266
v -1.4712 -2.6004 14.728
v -1.8352 -2.753 14.4928
v -1.4712 -2.6004 14.728
v -1.5895 -2.249 14.7287
v -1.9703 -2.3526 14.4935
v -1.5895 -2.249 14.7287
v -1.6616 -1.8843 14.7294
v -2.0522 -1.9375 14.4942
v -1.6616 -1.8843 14.7294
v -1.6847 -1.5119 14.7294
v -2.0781 -1.5147 14.4949
v -1.6847 -1.5119 14.7294
v -1.6595 -1.1395 14.7301
v -2.0494 -1.0919 14.4956
v -1.6595 -1.1395 14.7301
v -1.586 -0.7748 14.7308
v -1.9654 -0.6747 14.4956
v -1.586 -0.7748 14.7308
v -1.4663 -0.4227 14.7308
v -1.8282 -0.2722 14.4956
v -1.4663 -0.4227 14.7308
v -1.3004 -0.0867 14.7308
v -1.404 0.4628 14.4956
v -1.6399 0.1093 14.4956
v -1.3004 -0.0867 14.7308
v -1.124 0.7834 14.4956
v -1.404 0.4628 14.4956
v -1.0932 0.2241 14.7308
v -0.8048 1.0648 14.4956
v -1.124 0.7834 14.4956
v -0.8475 0.5055 14.7308
v -0.4527 1.3021 14.4949
v -0.8048 1.0648 14.4956
v -0.5675 0.7519 14.7301
v -0.0733 1.4904 14.4949
v -0.4527 1.3021 14.4949
v -0.2581 0.9591 14.7301
v 0.3271 1.6269 14.4942
v -0.0733 1.4904 14.4949
v 0.0751 1.1257 14.7294
v 0.7415 1.7116 14.4935
v 0.3271 1.6269 14.4942
v 0.4272 1.2454 14.7294
v 1.1636 1.7389 14.4928
v 0.7415 1.7116 14.4935
v 0.7912 1.3189 14.7287
v 1.585 1.7116 14.4914
v 1.1636 1.7389 14.4928
v 1.1622 1.3441 14.7273
v 2.0008 1.6269 14.4914
v 1.585 1.7116 14.4914
v 1.5325 1.3189 14.7266
v 2.4019 1.4904 14.49
v 2.0008 1.6269 14.4914
v 1.8972 1.2454 14.7259
v 2.782 1.3021 14.4886
v 2.4019 1.4904 14.49
v 2.25 1.1257 14.7252
v 3.1355 1.0648 14.4879
v 2.782 1.3021 14.4886
v 2.5839 0.9591 14.7238
v 3.4547 0.7848 14.4872
v 3.1355 1.0648 14.4879
v 2.894 0.7519 14.7231
v 3.7347 0.4649 14.4858
v 3.4547 0.7848 14.4872
v 3.1747 0.5055 14.7217
v 3.9706 0.1128 14.4851
v 3.7347 0.4649 14.4858
v 3.4204 0.2255 14.721
v 4.1589 -0.268 14.4851
v 3.9706 0.1128 14.4851
v 3.6276 -0.0839 14.7203
v 4.2947 -0.6684 14.4844
v 4.1589 -0.268 14.4851
v 3.7921 -0.4185 14.7196
v 3.4687 -0.5522 14.8813
v 3.5737 -0.8616 14.8799
v 3.9125 -0.772 14.7189
v 3.3245 -0.2596 14.8813
v 3.4687 -0.5522 14.8813
v 3.7921 -0.4185 14.7196
v 3.1425 0.012 14.8827
v 3.3245 -0.2596 14.8813
v 3.6276 -0.0839 14.7203
v 2.9269 0.2584 14.8834
v 3.1425 0.012 14.8827
v 3.4204 0.2255 14.721
v 2.6812 0.474 14.8848
v 2.9269 0.2584 14.8834
v 3.1747 0.5055 14.7217
v 2.4089 0.656 14.8855
v 2.6812 0.474 14.8848
v 2.894 0.7519 14.7231
v 2.4089 0.656 14.8855
v 2.5839 0.9591 14.7238
v 2.25 1.1257 14.7252
v 2.1156 0.8023 14.8862
v 2.25 1.1257 14.7252
v 1.8972 1.2454 14.7259
v 1.4863 0.9717 14.8883
v 1.8062 0.9073 14.8876
v 1.8972 1.2454 14.7259
v 1.1608 0.9927 14.889
v 1.4863 0.9717 14.8883
v 1.5325 1.3189 14.7266
v 0.836 0.9717 14.8904
v 1.1608 0.9927 14.889
v 1.1622 1.3441 14.7273
v 0.5161 0.9073 14.8904
v 0.836 0.9717 14.8904
v 0.7912 1.3189 14.7287
v 0.2074 0.8023 14.8911
v 0.5161 0.9073 14.8904
v 0.4272 1.2454 14.7294
v -0.0852 0.656 14.8918
v 0.2074 0.8023 14.8911
v 0.0751 1.1257 14.7294
v -0.3561 0.474 14.8918
v -0.0852 0.656 14.8918
v -0.2581 0.9591 14.7301
v -0.6018 0.2584 14.8918
v -0.3561 0.474 14.8918
v -0.5675 0.7519 14.7301
v -0.8174 0.0106 14.8925
v -0.6018 0.2584 14.8918
v -0.8475 0.5055 14.7308
v -0.9994 -0.2617 14.8925
v -0.8174 0.0106 14.8925
v -1.0932 0.2241 14.7308
v -0.9994 -0.2617 14.8925
v -1.3004 -0.0867 14.7308
v -1.4663 -0.4227 14.7308
v -1.1443 -0.5536 14.8918
v -1.4663 -0.4227 14.7308
v -1.586 -0.7748 14.7308
v -1.25 -0.8644 14.8918
v -1.586 -0.7748 14.7308
v -1.6595 -1.1395 14.7301
v -1.3144 -1.185 14.8918
v -1.6595 -1.1395 14.7301
v -1.6847 -1.5119 14.7294
v -1.3361 -1.5105 14.8911
v -1.6847 -1.5119 14.7294
v -1.6616 -1.8843 14.7294
v -1.3158 -1.8374 14.8904
v -1.6616 -1.8843 14.7294
v -1.5895 -2.249 14.7287
v -1.2528 -2.1573 14.8904
v -1.5895 -2.249 14.7287
v -1.4712 -2.6004 14.728
v -1.1485 -2.4653 14.889
v -1.4712 -2.6004 14.728
v -1.3067 -2.9336 14.7266
v -1.0043 -2.7579 14.8876
v -1.3067 -2.9336 14.7266
v -1.1002 -3.243 14.7259
v -0.823 -3.0281 14.8869
v -1.1002 -3.243 14.7259
v -0.8552 -3.5216 14.7238
v -0.6081 -3.2731 14.8855
v -0.8552 -3.5216 14.7238
v -0.5752 -3.7666 14.7224
v -0.0908 -3.6672 14.8827
v -0.3624 -3.488 14.8841
v -0.5752 -3.7666 14.7224
v -0.0908 -3.6672 14.8827
v -0.2651 -3.9703 14.7203
v 0.0688 -4.1355 14.7189
v 0.2025 -3.8121 14.8813
v 0.0688 -4.1355 14.7189
v 0.4216 -4.2545 14.7175
v 0.8325 -3.9801 14.8785
v 0.5119 -3.9171 14.8792
v 0.4216 -4.2545 14.7175
v 0.8325 -3.9801 14.8785
v 0.787 -4.3252 14.7154
v 1.158 -4.349 14.7147
v 1.4842 -3.9787 14.8757
v 1.158 -4.0018 14.8771
v 1.158 -4.349 14.7147
v 1.8048 -3.9143 14.8757
v 1.4842 -3.9787 14.8757
v 1.5297 -4.3252 14.714
v 1.8048 -3.9143 14.8757
v 1.8944 -4.2503 14.7126
v 2.2472 -4.132 14.7126
v 2.4075 -3.6644 14.875
v 2.1142 -3.81 14.875
v 2.2472 -4.132 14.7126
v 2.4075 -3.6644 14.875
v 2.5818 -3.9675 14.7126
v 2.8919 -3.7603 14.7126
v 2.6791 -3.4838 14.875
v 2.8919 -3.7603 14.7126
v 3.1719 -3.5153 14.7133
v 2.9248 -3.2682 14.875
v 3.1719 -3.5153 14.7133
v 3.4183 -3.2367 14.714
v 3.1411 -3.0246 14.8757
v 3.4183 -3.2367 14.714
v 3.6255 -2.9273 14.7147
v 3.3231 -2.753 14.8757
v 3.6255 -2.9273 14.7147
v 3.7907 -2.5941 14.7154
v 3.468 -2.4604 14.8764
v 3.7907 -2.5941 14.7154
v 3.9111 -2.242 14.7161
v 3.573 -2.151 14.8771
v 3.9111 -2.242 14.7161
v 3.9839 -1.878 14.7168
v 3.6367 -1.8325 14.8778
v 3.9839 -1.878 14.7168
v 4.0084 -1.507 14.7175
v 3.6374 -1.1801 14.8792
v 3.6584 -1.507 14.8792
v 4.0084 -1.507 14.7175
v 3.5737 -0.8616 14.8799
v 3.6374 -1.1801 14.8792
v 3.9846 -1.1346 14.7182
v 3.6374 -1.1801 14.8792
v 3.5737 -0.8616 14.8799
v 3.1033 -0.9855 15.0584
v 3.6584 -1.507 14.8792
v 3.6374 -1.1801 14.8792
v 3.1544 -1.2445 15.0577
v 3.6367 -1.8325 14.8778
v 3.6584 -1.507 14.8792
v 3.1719 -1.5056 15.0563
v 3.6367 -1.8325 14.8778
v 3.1544 -1.7681 15.0556
v 3.1026 -2.0257 15.0549
v 3.573 -2.151 14.8771
v 3.1026 -2.0257 15.0549
v 3.0179 -2.2756 15.0549
v 3.468 -2.4604 14.8764
v 3.0179 -2.2756 15.0549
v 2.901 -2.5108 15.0549
v 3.3231 -2.753 14.8757
v 2.901 -2.5108 15.0549
v 2.7547 -2.7292 15.0542
v 3.1411 -3.0246 14.8757
v 2.7547 -2.7292 15.0542
v 2.5811 -2.9259 15.0542
v 2.9248 -3.2682 14.875
v 2.5811 -2.9259 15.0542
v 2.383 -3.1002 15.0542
v 2.6791 -3.4838 14.875
v 2.383 -3.1002 15.0542
v 2.1639 -3.2465 15.0542
v 2.4075 -3.6644 14.875
v 2.1639 -3.2465 15.0542
v 1.928 -3.3613 15.0542
v 2.1142 -3.81 14.875
v 1.928 -3.3613 15.0542
v 1.6788 -3.446 15.0549
v 1.4842 -3.9787 14.8757
v 1.8048 -3.9143 14.8757
v 1.6788 -3.446 15.0549
v 1.158 -4.0018 14.8771
v 1.4842 -3.9787 14.8757
v 1.4205 -3.4978 15.0549
v 0.8325 -3.9801 14.8785
v 1.158 -4.0018 14.8771
v 1.158 -3.5153 15.0556
v 0.8325 -3.9801 14.8785
v 0.8955 -3.4992 15.057
v 0.6379 -3.4474 15.0584
v 0.5119 -3.9171 14.8792
v 0.6379 -3.4474 15.0584
v 0.3887 -3.3641 15.0598
v 0.2025 -3.8121 14.8813
v 0.3887 -3.3641 15.0598
v 0.1528 -3.2479 15.0612
v -0.3624 -3.488 14.8841
v -0.0908 -3.6672 14.8827
v 0.1528 -3.2479 15.0612
v -0.3624 -3.488 14.8841
v -0.0663 -3.103 15.0619
v -0.2644 -2.9287 15.0633
v -0.6081 -3.2731 14.8855
v -0.2644 -2.9287 15.0633
v -0.4373 -2.7327 15.064
v -0.823 -3.0281 14.8869
v -0.4373 -2.7327 15.064
v -0.5836 -2.5129 15.0654
v -1.0043 -2.7579 14.8876
v -0.5836 -2.5129 15.0654
v -0.6991 -2.2784 15.0668
v -1.1485 -2.4653 14.889
v -0.6991 -2.2784 15.0668
v -0.7838 -2.0285 15.0668
v -1.2528 -2.1573 14.8904
v -0.7838 -2.0285 15.0668
v -0.8342 -1.7709 15.0675
v -1.3158 -1.8374 14.8904
v -0.8342 -1.7709 15.0675
v -0.851 -1.5091 15.0682
v -1.3361 -1.5105 14.8911
v -0.851 -1.5091 15.0682
v -0.8335 -1.2466 15.0689
v -1.3144 -1.185 14.8918
v -0.8335 -1.2466 15.0689
v -0.7817 -0.989 15.0689
v -1.25 -0.8644 14.8918
v -0.7817 -0.989 15.0689
v -0.697 -0.7391 15.0696
v -1.1443 -0.5536 14.8918
v -0.697 -0.7391 15.0696
v -0.5801 -0.5032 15.0696
v -0.9994 -0.2617 14.8925
v -0.5801 -0.5032 15.0696
v -0.4338 -0.2834 15.0696
v -0.6018 0.2584 14.8918
v -0.8174 0.0106 14.8925
v -0.4338 -0.2834 15.0696
v -0.3561 0.474 14.8918
v -0.6018 0.2584 14.8918
v -0.2602 -0.0853 15.0689
v -0.0852 0.656 14.8918
v -0.3561 0.474 14.8918
v -0.0628 0.0876 15.0689
v 0.2074 0.8023 14.8911
v -0.0852 0.656 14.8918
v 0.1563 0.2353 15.0689
v 0.5161 0.9073 14.8904
v 0.2074 0.8023 14.8911
v 0.3915 0.3529 15.0682
v 0.836 0.9717 14.8904
v 0.5161 0.9073 14.8904
v 0.64 0.4376 15.0675
v 1.1608 0.9927 14.889
v 0.836 0.9717 14.8904
v 0.8976 0.4894 15.0668
v 1.4863 0.9717 14.8883
v 1.1608 0.9927 14.889
v 1.1601 0.5055 15.0668
v 1.8062 0.9073 14.8876
v 1.4863 0.9717 14.8883
v 1.4226 0.4894 15.0654
v 1.8062 0.9073 14.8876
v 1.6802 0.4376 15.0647
v 1.9294 0.3529 15.064
v 2.4089 0.656 14.8855
v 2.1156 0.8023 14.8862
v 1.9294 0.3529 15.064
v 2.6812 0.474 14.8848
v 2.4089 0.656 14.8855
v 2.1653 0.2367 15.0633
v 2.9269 0.2584 14.8834
v 2.6812 0.474 14.8848
v 2.3844 0.0904 15.0619
v 3.1425 0.012 14.8827
v 2.9269 0.2584 14.8834
v 2.5825 -0.0839 15.0612
v 3.3245 -0.2596 14.8813
v 3.1425 0.012 14.8827
v 2.7561 -0.282 15.0605
v 3.4687 -0.5522 14.8813
v 3.3245 -0.2596 14.8813
v 2.9024 -0.5004 15.0598
v 3.5737 -0.8616 14.8799
v 3.4687 -0.5522 14.8813
v 3.0186 -0.7377 15.0584
v 3.1033 -0.9855 15.0584
v 3.0186 -0.7377 15.0584
v 2.4719 -0.9631 15.2096
v 3.0186 -0.7377 15.0584
v 2.9024 -0.5004 15.0598
v 2.39 -0.7958 15.2103
v 2.9024 -0.5004 15.0598
v 2.7561 -0.282 15.0605
v 2.2864 -0.6411 15.2103
v 2.7561 -0.282 15.0605
v 2.5825 -0.0839 15.0612
v 2.1639 -0.5004 15.211
v 2.5825 -0.0839 15.0612
v 2.3844 0.0904 15.0619
v 2.0239 -0.3779 15.2124
v 2.3844 0.0904 15.0619
v 2.1653 0.2367 15.0633
v 1.8699 -0.2757 15.2131
v 2.1653 0.2367 15.0633
v 1.9294 0.3529 15.064
v 1.7026 -0.1938 15.2138
v 1.9294 0.3529 15.064
v 1.6802 0.4376 15.0647
v 1.5269 -0.1343 15.2138
v 1.4226 0.4894 15.0654
v 1.3449 -0.0965 15.2145
v 1.5269 -0.1343 15.2138
v 1.4226 0.4894 15.0654
v 1.1601 0.5055 15.0668
v 1.1594 -0.0853 15.2152
v 0.8976 0.4894 15.0668
v 0.9739 -0.0965 15.2159
v 1.1594 -0.0853 15.2152
v 0.8976 0.4894 15.0668
v 0.64 0.4376 15.0675
v 0.7919 -0.1343 15.2159
v 0.64 0.4376 15.0675
v 0.3915 0.3529 15.0682
v 0.6162 -0.1938 15.2166
v 0.3915 0.3529 15.0682
v 0.1563 0.2353 15.0689
v 0.4496 -0.2757 15.2166
v 0.1563 0.2353 15.0689
v -0.0628 0.0876 15.0689
v 0.2949 -0.3807 15.2173
v -0.0628 0.0876 15.0689
v -0.2602 -0.0853 15.0689
v 0.1556 -0.5032 15.2173
v -0.2602 -0.0853 15.0689
v -0.4338 -0.2834 15.0696
v 0.0324 -0.6432 15.2173
v -0.4338 -0.2834 15.0696
v -0.5801 -0.5032 15.0696
v -0.0705 -0.7972 15.2173
v -0.697 -0.7391 15.0696
v -0.1531 -0.9631 15.2173
v -0.0705 -0.7972 15.2173
v -0.7817 -0.989 15.0689
v -0.2126 -1.1395 15.2173
v -0.1531 -0.9631 15.2173
v -0.8335 -1.2466 15.0689
v -0.249 -1.3215 15.2166
v -0.2126 -1.1395 15.2173
v -0.851 -1.5091 15.0682
v -0.2616 -1.507 15.2166
v -0.249 -1.3215 15.2166
v -0.8342 -1.7709 15.0675
v -0.2497 -1.6925 15.2159
v -0.2616 -1.507 15.2166
v -0.7838 -2.0285 15.0668
v -0.2133 -1.8766 15.2159
v -0.2497 -1.6925 15.2159
v -0.6991 -2.2784 15.0668
v -0.1545 -2.0509 15.2152
v -0.2133 -1.8766 15.2159
v -0.5836 -2.5129 15.0654
v -0.0719 -2.2175 15.2145
v -0.1545 -2.0509 15.2152
v -0.4373 -2.7327 15.064
v 0.031 -2.3715 15.2138
v -0.0719 -2.2175 15.2145
v -0.2644 -2.9287 15.0633
v 0.1535 -2.5122 15.2131
v 0.031 -2.3715 15.2138
v -0.0663 -3.103 15.0619
v 0.2935 -2.6347 15.2124
v 0.1535 -2.5122 15.2131
v -0.0663 -3.103 15.0619
v 0.1528 -3.2479 15.0612
v 0.4475 -2.7355 15.211
v 0.3887 -3.3641 15.0598
v 0.6141 -2.8174 15.2103
v 0.4475 -2.7355 15.211
v 0.3887 -3.3641 15.0598
v 0.6379 -3.4474 15.0584
v 0.7905 -2.8769 15.2096
v 0.8955 -3.4992 15.057
v 0.9725 -2.9147 15.2082
v 0.7905 -2.8769 15.2096
v 0.8955 -3.4992 15.057
v 1.158 -3.5153 15.0556
v 1.158 -2.9259 15.2075
v 1.4205 -3.4978 15.0549
v 1.3435 -2.9147 15.2075
v 1.158 -2.9259 15.2075
v 1.4205 -3.4978 15.0549
v 1.6788 -3.446 15.0549
v 1.5255 -2.8769 15.2068
v 1.928 -3.3613 15.0542
v 1.7019 -2.8174 15.2061
v 1.5255 -2.8769 15.2068
v 2.1639 -3.2465 15.0542
v 1.8685 -2.7355 15.2061
v 1.7019 -2.8174 15.2061
v 2.383 -3.1002 15.0542
v 2.0232 -2.6319 15.2054
v 1.8685 -2.7355 15.2061
v 2.5811 -2.9259 15.0542
v 2.1632 -2.5108 15.2054
v 2.0232 -2.6319 15.2054
v 2.7547 -2.7292 15.0542
v 2.2857 -2.3708 15.2054
v 2.1632 -2.5108 15.2054
v 2.901 -2.5108 15.0549
v 2.3893 -2.2154 15.2061
v 2.2857 -2.3708 15.2054
v 3.0179 -2.2756 15.0549
v 2.4719 -2.0495 15.2061
v 2.3893 -2.2154 15.2061
v 3.1026 -2.0257 15.0549
v 2.5314 -1.8745 15.2068
v 2.4719 -2.0495 15.2061
v 3.1544 -1.7681 15.0556
v 2.5678 -1.6911 15.2075
v 2.5314 -1.8745 15.2068
v 3.1719 -1.5056 15.0563
v 2.5804 -1.5056 15.2075
v 2.5678 -1.6911 15.2075
v 3.1719 -1.5056 15.0563
v 3.1544 -1.2445 15.0577
v 2.5678 -1.3201 15.2075
v 3.1544 -1.2445 15.0577
v 3.1033 -0.9855 15.0584
v 2.5321 -1.1381 15.2082
v 2.5321 -1.1381 15.2082
v 2.0722 -1.2606 15.2852
v 2.096 -1.3831 15.2845
v 2.5678 -1.3201 15.2075
v 2.096 -1.3831 15.2845
v 2.1044 -1.5056 15.2845
v 2.5804 -1.5056 15.2075
v 2.1044 -1.5056 15.2845
v 2.096 -1.6295 15.2845
v 2.5678 -1.6911 15.2075
v 2.096 -1.6295 15.2845
v 2.0722 -1.7506 15.2845
v 2.4719 -2.0495 15.2061
v 2.5314 -1.8745 15.2068
v 2.0722 -1.7506 15.2845
v 2.4719 -2.0495 15.2061
v 2.0323 -1.8682 15.2838
v 1.977 -1.9788 15.2838
v 2.3893 -2.2154 15.2061
v 1.977 -1.9788 15.2838
v 1.9084 -2.0824 15.2838
v 2.2857 -2.3708 15.2054
v 1.9084 -2.0824 15.2838
v 1.8272 -2.1734 15.2838
v 2.0232 -2.6319 15.2054
v 2.1632 -2.5108 15.2054
v 1.8272 -2.1734 15.2838
v 2.0232 -2.6319 15.2054
v 1.7341 -2.2553 15.2838
v 1.6312 -2.3239 15.2838
v 1.8685 -2.7355 15.2061
v 1.6312 -2.3239 15.2838
v 1.5199 -2.3778 15.2845
v 1.5255 -2.8769 15.2068
v 1.7019 -2.8174 15.2061
v 1.5199 -2.3778 15.2845
v 1.3435 -2.9147 15.2075
v 1.5255 -2.8769 15.2068
v 1.403 -2.4184 15.2845
v 1.3435 -2.9147 15.2075
v 1.2819 -2.4422 15.2845
v 1.158 -2.4513 15.2852
v 0.9725 -2.9147 15.2082
v 1.158 -2.9259 15.2075
v 1.158 -2.4513 15.2852
v 0.9725 -2.9147 15.2082
v 1.0348 -2.4422 15.2859
v 0.9137 -2.4184 15.2866
v 0.6141 -2.8174 15.2103
v 0.7905 -2.8769 15.2096
v 0.9137 -2.4184 15.2866
v 0.6141 -2.8174 15.2103
v 0.7961 -2.3792 15.2873
v 0.6855 -2.3253 15.288
v 0.2935 -2.6347 15.2124
v 0.4475 -2.7355 15.211
v 0.6855 -2.3253 15.288
v 0.1535 -2.5122 15.2131
v 0.2935 -2.6347 15.2124
v 0.5826 -2.2553 15.288
v 0.1535 -2.5122 15.2131
v 0.4895 -2.1748 15.2887
v 0.4083 -2.0824 15.2894
v 0.031 -2.3715 15.2138
v 0.4083 -2.0824 15.2894
v 0.3397 -1.9788 15.2901
v -0.0719 -2.2175 15.2145
v 0.3397 -1.9788 15.2901
v 0.2851 -1.8682 15.2908
v -0.1545 -2.0509 15.2152
v 0.2851 -1.8682 15.2908
v 0.2452 -1.752 15.2908
v -0.2133 -1.8766 15.2159
v 0.2452 -1.752 15.2908
v 0.2214 -1.6295 15.2908
v -0.2497 -1.6925 15.2159
v 0.2214 -1.6295 15.2908
v 0.213 -1.507 15.2908
v -0.2616 -1.507 15.2166
v 0.213 -1.507 15.2908
v 0.2214 -1.3831 15.2915
v -0.249 -1.3215 15.2166
v 0.2214 -1.3831 15.2915
v 0.2459 -1.262 15.2915
v -0.1531 -0.9631 15.2173
v -0.2126 -1.1395 15.2173
v 0.2459 -1.262 15.2915
v -0.1531 -0.9631 15.2173
v 0.2851 -1.1444 15.2915
v 0.3404 -1.0345 15.2915
v -0.0705 -0.7972 15.2173
v 0.3404 -1.0345 15.2915
v 0.409 -0.9309 15.2915
v 0.1556 -0.5032 15.2173
v 0.0324 -0.6432 15.2173
v 0.409 -0.9309 15.2915
v 0.1556 -0.5032 15.2173
v 0.4902 -0.8378 15.2915
v 0.5833 -0.7573 15.2915
v 0.4496 -0.2757 15.2166
v 0.2949 -0.3807 15.2173
v 0.5833 -0.7573 15.2915
v 0.6162 -0.1938 15.2166
v 0.4496 -0.2757 15.2166
v 0.6862 -0.6873 15.2915
v 0.7919 -0.1343 15.2159
v 0.6162 -0.1938 15.2166
v 0.7968 -0.6334 15.2908
v 0.9739 -0.0965 15.2159
v 0.7919 -0.1343 15.2159
v 0.9144 -0.5928 15.2908
v 0.9739 -0.0965 15.2159
v 1.0355 -0.569 15.2908
v 1.1587 -0.5613 15.2908
v 1.3449 -0.0965 15.2145
v 1.1594 -0.0853 15.2152
v 1.1587 -0.5613 15.2908
v 1.3449 -0.0965 15.2145
v 1.2819 -0.569 15.2901
v 1.4037 -0.5928 15.2894
v 1.5269 -0.1343 15.2138
v 1.4037 -0.5928 15.2894
v 1.5206 -0.6334 15.2887
v 1.8699 -0.2757 15.2131
v 1.7026 -0.1938 15.2138
v 1.5206 -0.6334 15.2887
v 1.8699 -0.2757 15.2131
v 1.6312 -0.6873 15.288
v 1.7341 -0.7573 15.288
v 2.1639 -0.5004 15.211
v 2.0239 -0.3779 15.2124
v 1.7341 -0.7573 15.288
v 2.1639 -0.5004 15.211
v 1.8272 -0.8378 15.288
v 1.9091 -0.9309 15.2873
v 2.2864 -0.6411 15.2103
v 1.9091 -0.9309 15.2873
v 1.9777 -1.0345 15.2866
v 2.39 -0.7958 15.2103
v 1.9777 -1.0345 15.2866
v 2.0323 -1.1444 15.2859
v 2.5321 -1.1381 15.2082
v 2.4719 -0.9631 15.2096
v 2.0323 -1.1444 15.2859
v 2.0323 -1.1444 15.2859
v 1.6655 -1.297 15.3384
v 1.6886 -1.3642 15.3377
v 1.9777 -1.0345 15.2866
v 1.634 -1.2326 15.3384
v 1.6655 -1.297 15.3384
v 1.9091 -0.9309 15.2873
v 1.5941 -1.1724 15.3384
v 1.634 -1.2326 15.3384
v 1.8272 -0.8378 15.288
v 1.5465 -1.1178 15.3391
v 1.5941 -1.1724 15.3384
v 1.7341 -0.7573 15.288
v 1.4926 -1.0702 15.3391
v 1.5465 -1.1178 15.3391
v 1.6312 -0.6873 15.288
v 1.4331 -1.031 15.3398
v 1.4926 -1.0702 15.3391
v 1.5206 -0.6334 15.2887
v 1.3687 -0.9981 15.3398
v 1.4331 -1.031 15.3398
v 1.4037 -0.5928 15.2894
v 1.3008 -0.9764 15.3405
v 1.3687 -0.9981 15.3398
v 1.2819 -0.569 15.2901
v 1.2301 -0.9617 15.3405
v 1.3008 -0.9764 15.3405
v 1.1587 -0.5613 15.2908
v 1.1587 -0.9568 15.3412
v 1.2301 -0.9617 15.3405
v 1.0355 -0.569 15.2908
v 1.0873 -0.9617 15.3412
v 1.1587 -0.9568 15.3412
v 0.9144 -0.5928 15.2908
v 1.0166 -0.9764 15.3412
v 1.0873 -0.9617 15.3412
v 0.7968 -0.6334 15.2908
v 0.948 -0.9981 15.3412
v 1.0166 -0.9764 15.3412
v 0.6862 -0.6873 15.2915
v 0.8836 -1.031 15.3412
v 0.948 -0.9981 15.3412
v 0.5833 -0.7573 15.2915
v 0.8241 -1.0702 15.3412
v 0.8836 -1.031 15.3412
v 0.4902 -0.8378 15.2915
v 0.7702 -1.1178 15.3412
v 0.8241 -1.0702 15.3412
v 0.409 -0.9309 15.2915
v 0.7226 -1.1724 15.3412
v 0.7702 -1.1178 15.3412
v 0.3404 -1.0345 15.2915
v 0.6827 -1.2326 15.3412
v 0.7226 -1.1724 15.3412
v 0.2851 -1.1444 15.2915
v 0.6512 -1.297 15.3412
v 0.6827 -1.2326 15.3412
v 0.2459 -1.262 15.2915
v 0.6281 -1.3642 15.3412
v 0.6512 -1.297 15.3412
v 0.2214 -1.3831 15.2915
v 0.6141 -1.4349 15.3412
v 0.6281 -1.3642 15.3412
v 0.213 -1.507 15.2908
v 0.6092 -1.507 15.3412
v 0.6141 -1.4349 15.3412
v 0.2214 -1.6295 15.2908
v 0.6141 -1.5777 15.3412
v 0.6092 -1.507 15.3412
v 0.2452 -1.752 15.2908
v 0.6281 -1.6484 15.3412
v 0.6141 -1.5777 15.3412
v 0.2851 -1.8682 15.2908
v 0.6505 -1.7163 15.3405
v 0.6281 -1.6484 15.3412
v 0.3397 -1.9788 15.2901
v 0.6827 -1.7807 15.3405
v 0.6505 -1.7163 15.3405
v 0.4083 -2.0824 15.2894
v 0.7226 -1.8402 15.3398
v 0.6827 -1.7807 15.3405
v 0.4895 -2.1748 15.2887
v 0.7702 -1.8955 15.3398
v 0.7226 -1.8402 15.3398
v 0.5826 -2.2553 15.288
v 0.8241 -1.9424 15.3391
v 0.7702 -1.8955 15.3398
v 0.6855 -2.3253 15.288
v 0.8836 -1.9816 15.3391
v 0.8241 -1.9424 15.3391
v 0.7961 -2.3792 15.2873
v 0.948 -2.0131 15.3384
v 0.8836 -1.9816 15.3391
v 0.9137 -2.4184 15.2866
v 1.0159 -2.0369 15.3384
v 0.948 -2.0131 15.3384
v 1.0348 -2.4422 15.2859
v 1.0866 -2.0495 15.3384
v 1.0159 -2.0369 15.3384
v 1.158 -2.4513 15.2852
v 1.158 -2.0551 15.3377
v 1.0866 -2.0495 15.3384
v 1.2819 -2.4422 15.2845
v 1.2301 -2.0495 15.3377
v 1.158 -2.0551 15.3377
v 1.403 -2.4184 15.2845
v 1.3001 -2.0369 15.337
v 1.2301 -2.0495 15.3377
v 1.5199 -2.3778 15.2845
v 1.3687 -2.0131 15.337
v 1.3001 -2.0369 15.337
v 1.6312 -2.3239 15.2838
v 1.4331 -1.9816 15.337
v 1.3687 -2.0131 15.337
v 1.7341 -2.2553 15.2838
v 1.4926 -1.9424 15.337
v 1.4331 -1.9816 15.337
v 1.8272 -2.1734 15.2838
v 1.5465 -1.8934 15.3363
v 1.4926 -1.9424 15.337
v 1.9084 -2.0824 15.2838
v 1.5941 -1.8402 15.3363
v 1.5465 -1.8934 15.3363
v 1.977 -1.9788 15.2838
v 1.634 -1.7807 15.3363
v 1.5941 -1.8402 15.3363
v 2.0323 -1.8682 15.2838
v 1.6655 -1.7163 15.337
v 1.634 -1.7807 15.3363
v 2.0722 -1.7506 15.2845
v 1.6886 -1.6484 15.337
v 1.6655 -1.7163 15.337
v 2.096 -1.6295 15.2845
v 1.7026 -1.5777 15.337
v 1.6886 -1.6484 15.337
v 2.1044 -1.5056 15.2845
v 1.7075 -1.5056 15.3377
v 1.7026 -1.5777 15.337
v 2.096 -1.3831 15.2845
v 1.7026 -1.4349 15.3377
v 1.7075 -1.5056 15.3377
v 2.0722 -1.2606 15.2852
v 1.6886 -1.3642 15.3377
v 1.7026 -1.4349 15.3377
v 1.158 -1.5056 15.3629
v 1.7026 -1.4349 15.3377
v 1.6886 -1.3642 15.3377
v 1.158 -1.5056 15.3629
v 1.7075 -1.5056 15.3377
v 1.7026 -1.4349 15.3377
v 1.158 -1.5056 15.3629
v 1.7026 -1.5777 15.337
v 1.7075 -1.5056 15.3377
v 1.158 -1.5056 15.3629
v 1.6886 -1.6484 15.337
v 1.7026 -1.5777 15.337
v 1.158 -1.5056 15.3629
v 1.6655 -1.7163 15.337
v 1.6886 -1.6484 15.337
v 1.158 -1.5056 15.3629
v 1.634 -1.7807 15.3363
v 1.6655 -1.7163 15.337
v 1.158 -1.5056 15.3629
v 1.5941 -1.8402 15.3363
v 1.634 -1.7807 15.3363
v 1.158 -1.5056 15.3629
v 1.5465 -1.8934 15.3363
v 1.5941 -1.8402 15.3363
v 1.158 -1.5056 15.3629
v 1.4926 -1.9424 15.337
v 1.5465 -1.8934 15.3363
v 1.158 -1.5056 15.3629
v 1.4331 -1.9816 15.337
v 1.4926 -1.9424 15.337
v 1.158 -1.5056 15.3629
v 1.3687 -2.0131 15.337
v 1.4331 -1.9816 15.337
v 1.158 -1.5056 15.3629
v 1.3001 -2.0369 15.337
v 1.3687 -2.0131 15.337
v 1.158 -1.5056 15.3629
v 1.2301 -2.0495 15.3377
v 1.3001 -2.0369 15.337
v 1.158 -1.5056 15.3629
v 1.158 -2.0551 15.3377
v 1.2301 -2.0495 15.3377
v 1.158 -1.5056 15.3629
v 1.0866 -2.0495 15.3384
v 1.158 -2.0551 15.3377
v 1.158 -1.5056 15.3629
v 1.0159 -2.0369 15.3384
v 1.0866 -2.0495 15.3384
v 1.158 -1.5056 15.3629
v 0.948 -2.0131 15.3384
v 1.0159 -2.0369 15.3384
v 1.158 -1.5056 15.3629
v 0.8836 -1.9816 15.3391
v 0.948 -2.0131 15.3384
v 1.158 -1.5056 15.3629
v 0.8241 -1.9424 15.3391
v 0.8836 -1.9816 15.3391
v 1.158 -1.5056 15.3629
v 0.7702 -1.8955 15.3398
v 0.8241 -1.9424 15.3391
v 1.158 -1.5056 15.3629
v 0.7226 -1.8402 15.3398
v 0.7702 -1.8955 15.3398
v 1.158 -1.5056 15.3629
v 0.6827 -1.7807 15.3405
v 0.7226 -1.8402 15.3398
v 1.158 -1.5056 15.3629
v 0.6505 -1.7163 15.3405
v 0.6827 -1.7807 15.3405
v 1.158 -1.5056 15.3629
v 0.6281 -1.6484 15.3412
v 0.6505 -1.7163 15.3405
v 1.158 -1.5056 15.3629
v 0.6141 -1.5777 15.3412
v 0.6281 -1.6484 15.3412
v 1.158 -1.5056 15.3629
v 0.6092 -1.507 15.3412
v 0.6141 -1.5777 15.3412
v 1.158 -1.5056 15.3629
v 0.6141 -1.4349 15.3412
v 0.6092 -1.507 15.3412
v 1.158 -1.5056 15.3629
v 0.6281 -1.3642 15.3412
v 0.6141 -1.4349 15.3412
v 1.158 -1.5056 15.3629
v 0.6512 -1.297 15.3412
v 0.6281 -1.3642 15.3412
v 1.158 -1.5056 15.3629
v 0.6827 -1.2326 15.3412
v 0.6512 -1.297 15.3412
v 1.158 -1.5056 15.3629
v 0.7226 -1.1724 15.3412
v 0.6827 -1.2326 15.3412
v 1.158 -1.5056 15.3629
v 0.7702 -1.1178 15.3412
v 0.7226 -1.1724 15.3412
v 1.158 -1.5056 15.3629
v 0.8241 -1.0702 15.3412
v 0.7702 -1.1178 15.3412
v 1.158 -1.5056 15.3629
v 0.8836 -1.031 15.3412
v 0.8241 -1.0702 15.3412
v 1.158 -1.5056 15.3629
v 0.948 -0.9981 15.3412
v 0.8836 -1.031 15.3412
v 1.158 -1.5056 15.3629
v 1.0166 -0.9764 15.3412
v 0.948 -0.9981 15.3412
v 1.158 -1.5056 15.3629
v 1.0873 -0.9617 15.3412
v 1.0166 -0.9764 15.3412
v 1.158 -1.5056 15.3629
v 1.1587 -0.9568 15.3412
v 1.0873 -0.9617 15.3412
v 1.158 -1.5056 15.3629
v 1.2301 -0.9617 15.3405
v 1.1587 -0.9568 15.3412
v 1.158 -1.5056 15.3629
v 1.3008 -0.9764 15.3405
v 1.2301 -0.9617 15.3405
v 1.158 -1.5056 15.3629
v 1.3687 -0.9981 15.3398
v 1.3008 -0.9764 15.3405
v 1.158 -1.5056 15.3629
v 1.4331 -1.031 15.3398
v 1.3687 -0.9981 15.3398
v 1.158 -1.5056 15.3629
v 1.4926 -1.0702 15.3391
v 1.4331 -1.031 15.3398
v 1.158 -1.5056 15.3629
v 1.5465 -1.1178 15.3391
v 1.4926 -1.0702 15.3391
v 1.158 -1.5056 15.3629
v 1.5941 -1.1724 15.3384
v 1.5465 -1.1178 15.3391
v 1.158 -1.5056 15.3629
v 1.634 -1.2326 15.3384
v 1.5941 -1.1724 15.3384
v 1.158 -1.5056 15.3629
v 1.6655 -1.297 15.3384
v 1.634 -1.2326 15.3384
v 1.158 -1.5056 15.3629
v 1.6886 -1.3642 15.3377
v 1.6655 -1.297 15.3384
v 6.5879 -0.7972 12.9927
v 7.1087 -0.7314 12.656
v 6.4479 -0.0993 12.9927
v 6.6341 -1.507 12.992001
v 7.159801 -1.507 12.6553
v 6.5879 -0.7972 12.9927
v 7.108 -2.2847 12.6546
v 7.159801 -1.507 12.6553
v 6.5872 -2.2175 12.9913
v 6.9547 -3.0498 12.6539
v 7.108 -2.2847 12.6546
v 6.4472 -2.9147 12.9906
v 6.7013 -3.7869 12.6518
v 6.9547 -3.0498 12.6539
v 6.2162 -3.5874 12.9892
v 6.3534 -4.4841 12.6497
v 6.7013 -3.7869 12.6518
v 5.8984 -4.2251 12.9871
v 5.9166 -5.1316 12.6469
v 6.3534 -4.4841 12.6497
v 5.5001 -4.8159 12.9843
v 5.3986 -5.7175 12.6441
v 5.9166 -5.1316 12.6469
v 5.0276 -5.35 12.9822
v 4.8085 -6.2313 12.642
v 5.3986 -5.7175 12.6441
v 4.4893 -5.8183 12.9801
v 4.1575 -6.6646 12.6392
v 4.8085 -6.2313 12.642
v 3.8943 -6.2152 12.978
v 3.4554 -7.009 12.6378
v 4.1575 -6.6646 12.6392
v 3.2538 -6.5295 12.9766
v 2.7162 -7.2603 12.6371
v 3.4554 -7.009 12.6378
v 2.5783 -6.7577 12.9759
v 1.9511 -7.4129 12.6378
v 2.7162 -7.2603 12.6371
v 1.8797 -6.8977 12.9766
v 1.1734 -7.4647 12.6392
v 1.9511 -7.4129 12.6378
v 1.1699 -6.946 12.978
v 0.395 -7.4143 12.6406
v 1.1734 -7.4647 12.6392
v 0.4594 -6.8991 12.9801
v -0.3694 -7.2631 12.6434
v 0.395 -7.4143 12.6406
v -0.2385 -6.7626 12.9822
v -1.1086 -7.0153 12.6455
v -0.3694 -7.2631 12.6434
v -0.9133 -6.5358 12.985
v -1.8086 -6.6723 12.649
v -1.1086 -7.0153 12.6455
v -1.5524 -6.2215 12.9878
v -2.4568 -6.2425 12.6518
v -1.8086 -6.6723 12.649
v -2.1439 -5.8288 12.9913
v -3.042 -5.7301 12.656
v -2.4568 -6.2425 12.6518
v -2.678 -5.3626 12.9948
v -3.5537 -5.147 12.6602
v -3.042 -5.7301 12.656
v -3.1449 -4.8299 12.998301
v -3.9835 -4.503 12.6637
v -3.5537 -5.147 12.6602
v -3.5376 -4.2405 13.0018
v -4.3237 -3.8072 12.6665
v -3.9835 -4.503 12.6637
v -3.8477 -3.6063 13.003901
v -4.5687 -3.0736 12.6686
v -4.3237 -3.8072 12.6665
v -4.0717 -2.935 13.006
v -4.715 -2.3113 12.67
v -4.5687 -3.0736 12.6686
v -4.2054 -2.2392 13.0074
v -4.7598 -1.535 12.6707
v -4.715 -2.3113 12.67
v -4.2467 -1.5308 13.008101
v -4.7031 -0.7573 12.6714
v -4.7598 -1.535 12.6707
v -4.1956 -0.8217 13.008801
v -4.547 0.0092 12.6714
v -4.7031 -0.7573 12.6714
v -4.0528 -0.1231 13.008801
v -4.2936 0.7505 12.6714
v -4.547 0.0092 12.6714
v -3.8218 0.5538 13.008801
v -3.5054 1.1964 13.008801
v -3.9464 1.4512 12.6707
v -3.8218 0.5538 13.008801
v -3.1092 1.7907 13.008801
v -3.5124 2.1043 12.6707
v -3.5054 1.1964 13.008801
v -2.6402 2.329 13.008101
v -2.9986 2.6951 12.6707
v -3.1092 1.7907 13.008801
v -2.1068 2.8022 13.008101
v -2.4148 3.2152 12.6707
v -2.6402 2.329 13.008101
v -1.5188 3.2026 13.0074
v -1.7708 3.6534 12.67
v -2.1068 2.8022 13.008101
v -0.8846 3.5218 13.0074
v -1.0764 4.0027 12.6693
v -1.5188 3.2026 13.0074
v -0.2154 3.7542 13.006
v -0.3442 4.2568 12.6686
v -0.8846 3.5218 13.0074
v 0.4776 3.8956 13.004601
v 0.4153 4.4122 12.6672
v -0.2154 3.7542 13.006
v 1.1832 3.9446 13.003201
v 1.1874 4.464 12.6651
v 0.4776 3.8956 13.004601
v 1.8895 3.897 13.0004
v 1.9616 4.4143 12.6623
v 1.1832 3.9446 13.003201
v 2.5846 3.757 12.998301
v 2.7232 4.2617 12.6595
v 1.8895 3.897 13.0004
v 3.258 3.5281 12.9955
v 3.4603 4.009 12.6567
v 2.5846 3.757 12.998301
v 3.8971 3.211 12.9934
v 4.1603 3.6604 12.6546
v 3.258 3.5281 12.9955
v 4.4914 2.8148 12.992001
v 4.8106 3.2264 12.6532
v 3.8971 3.211 12.9934
v 5.029 2.3416 12.9913
v 5.400001 2.7091 12.6525
v 4.4914 2.8148 12.992001
v 5.5008 1.8061 12.9913
v 5.9166 2.1218 12.6532
v 5.029 2.3416 12.9913
v 5.8991 1.2139 12.992001
v 6.3541 1.4729 12.6539
v 5.5008 1.8061 12.9913
v 6.2169 0.5741 12.992001
v 6.702 0.7722 12.6546
v 5.8991 1.2139 12.992001
v 6.4479 -0.0993 12.9927
v 6.9547 0.0337 12.6553
v 6.2169 0.5741 12.992001
v 5.9446 -0.2316 13.2958
v 6.4479 -0.0993 12.9927
v 5.736 0.3781 13.2958
v 5.736 0.3781 13.2958
v 6.2169 0.5741 12.992001
v 5.449 0.9563 13.2958
v 5.449 0.9563 13.2958
v 5.8991 1.2139 12.992001
v 5.0885 1.4932 13.2958
v 5.0885 1.4932 13.2958
v 5.5008 1.8061 12.9913
v 4.6608 1.9804 13.2958
v 4.6608 1.9804 13.2958
v 5.029 2.3416 12.9913
v 4.1743 2.4067 13.2972
v 4.1743 2.4067 13.2972
v 4.4914 2.8148 12.992001
v 3.6367 2.7658 13.2979
v 3.6367 2.7658 13.2979
v 3.8971 3.211 12.9934
v 3.0571 3.0535 13.3
v 3.0571 3.0535 13.3
v 3.258 3.5281 12.9955
v 2.4474 3.2614 13.3014
v 2.4474 3.2614 13.3014
v 2.5846 3.757 12.998301
v 1.8174 3.3867 13.3042
v 1.8174 3.3867 13.3042
v 1.8895 3.897 13.0004
v 1.1776 3.4287 13.3063
v 1.1776 3.4287 13.3063
v 1.1832 3.9446 13.003201
v 0.5385 3.3853 13.3077
v 0.5385 3.3853 13.3077
v 0.4776 3.8956 13.004601
v -0.0901 3.2579 13.3084
v -0.0901 3.2579 13.3084
v -0.2154 3.7542 13.006
v -0.6963 3.0472 13.3091
v -0.6963 3.0472 13.3091
v -0.8846 3.5218 13.0074
v -1.271 2.7595 13.3098
v -1.271 2.7595 13.3098
v -1.5188 3.2026 13.0074
v -1.8051 2.3969 13.3098
v -1.8051 2.3969 13.3098
v -2.1068 2.8022 13.008101
v -2.2881 1.9692 13.3098
v -2.2881 1.9692 13.3098
v -2.6402 2.329 13.008101
v -2.713 1.4806 13.3098
v -2.713 1.4806 13.3098
v -3.1092 1.7907 13.008801
v -3.0721 0.9423 13.3098
v -3.0721 0.9423 13.3098
v -3.5054 1.1964 13.008801
v -3.3584 0.3613 13.3105
v -3.8218 0.5538 13.008801
v -4.0528 -0.1231 13.008801
v -3.3584 0.3613 13.3105
v -4.0528 -0.1231 13.008801
v -4.1956 -0.8217 13.008801
v -3.5677 -0.2519 13.3105
v -4.1956 -0.8217 13.008801
v -4.2467 -1.5308 13.008101
v -3.6965 -0.8847 13.3105
v -4.2467 -1.5308 13.008101
v -4.2054 -2.2392 13.0074
v -3.7427 -1.5259 13.3098
v -4.2054 -2.2392 13.0074
v -4.0717 -2.935 13.006
v -3.7049 -2.1685 13.3091
v -4.0717 -2.935 13.006
v -3.8477 -3.6063 13.003901
v -3.5831 -2.7999 13.3084
v -3.8477 -3.6063 13.003901
v -3.5376 -4.2405 13.0018
v -3.3801 -3.4082 13.3063
v -3.5376 -4.2405 13.0018
v -3.1449 -4.8299 12.998301
v -3.0987 -3.9829 13.3042
v -3.1449 -4.8299 12.998301
v -2.678 -5.3626 12.9948
v -2.7431 -4.517 13.3021
v -2.678 -5.3626 12.9948
v -2.1439 -5.8288 12.9913
v -2.3196 -4.9993 13.2986
v -2.1439 -5.8288 12.9913
v -1.5524 -6.2215 12.9878
v -1.8352 -5.4207 13.2958
v -1.5524 -6.2215 12.9878
v -0.9133 -6.5358 12.985
v -1.2997 -5.777 13.2923
v -0.9133 -6.5358 12.985
v -0.2385 -6.7626 12.9822
v -0.7208 -6.0598 13.2895
v -0.2385 -6.7626 12.9822
v 0.4594 -6.8991 12.9801
v -0.1097 -6.267 13.2867
v 0.4594 -6.8991 12.9801
v 1.1699 -6.946 12.978
v 0.5224 -6.3902 13.2846
v 1.1699 -6.946 12.978
v 1.8797 -6.8977 12.9766
v 1.1657 -6.4322 13.2832
v 1.8797 -6.8977 12.9766
v 2.5783 -6.7577 12.9759
v 1.809 -6.3895 13.2818
v 2.5783 -6.7577 12.9759
v 3.2538 -6.5295 12.9766
v 2.4418 -6.2628 13.2811
v 3.2538 -6.5295 12.9766
v 3.8943 -6.2152 12.978
v 3.0536 -6.0556 13.2818
v 3.8943 -6.2152 12.978
v 4.4893 -5.8183 12.9801
v 3.6339 -5.7707 13.2825
v 4.4893 -5.8183 12.9801
v 5.0276 -5.35 12.9822
v 4.1722 -5.4109 13.2839
v 5.0276 -5.35 12.9822
v 5.5001 -4.8159 12.9843
v 4.6594 -4.9881 13.286
v 5.5001 -4.8159 12.9843
v 5.8984 -4.2251 12.9871
v 5.0871 -4.503 13.2881
v 5.8984 -4.2251 12.9871
v 6.2162 -3.5874 12.9892
v 5.448299 -3.9689 13.2902
v 6.2162 -3.5874 12.9892
v 6.4472 -2.9147 12.9906
v 5.7353 -3.3907 13.2923
v 6.4472 -2.9147 12.9906
v 6.5872 -2.2175 12.9913
v 5.9439 -2.7831 13.2937
v 6.5872 -2.2175 12.9913
v 6.6341 -1.507 12.992001
v 6.070601 -2.1496 13.2944
v 6.1133 -1.507 13.2951
v 6.6341 -1.507 12.992001
v 6.071301 -0.8644 13.2958
v 6.071301 -0.8644 13.2958
v 6.5879 -0.7972 12.9927
v 5.9446 -0.2316 13.2958
v 5.6422 -0.9197 13.5639
v 6.071301 -0.8644 13.2958
v 5.5267 -0.3429 13.5646
v 5.68 -1.507 13.5632
v 6.1133 -1.507 13.2951
v 5.6422 -0.9197 13.5639
v 6.070601 -2.1496 13.2944
v 6.1133 -1.507 13.2951
v 5.6408 -2.095 13.5625
v 5.9439 -2.7831 13.2937
v 6.070601 -2.1496 13.2944
v 5.526 -2.6711 13.5618
v 5.7353 -3.3907 13.2923
v 5.9439 -2.7831 13.2937
v 5.3349 -3.229 13.5604
v 5.448299 -3.9689 13.2902
v 5.7353 -3.3907 13.2923
v 5.0724 -3.7554 13.559
v 5.0871 -4.503 13.2881
v 5.448299 -3.9689 13.2902
v 4.7434 -4.244 13.5569
v 4.6594 -4.9881 13.286
v 5.0871 -4.503 13.2881
v 4.3528 -4.6857 13.5555
v 4.1722 -5.4109 13.2839
v 4.6594 -4.9881 13.286
v 3.9083 -5.0735 13.5534
v 3.6339 -5.7707 13.2825
v 4.1722 -5.4109 13.2839
v 3.4162 -5.4004 13.5527
v 3.0536 -6.0556 13.2818
v 3.6339 -5.7707 13.2825
v 2.887 -5.6608 13.552
v 2.4418 -6.2628 13.2811
v 3.0536 -6.0556 13.2818
v 2.3284 -5.8512 13.5513
v 1.809 -6.3895 13.2818
v 2.4418 -6.2628 13.2811
v 1.7502 -5.9653 13.552
v 1.1657 -6.4322 13.2832
v 1.809 -6.3895 13.2818
v 1.1622 -6.0052 13.5527
v 0.5224 -6.3902 13.2846
v 1.1657 -6.4322 13.2832
v 0.5749 -5.9688 13.5548
v -0.1097 -6.267 13.2867
v 0.5224 -6.3902 13.2846
v -0.0033 -5.854 13.5562
v -0.7208 -6.0598 13.2895
v -0.1097 -6.267 13.2867
v -0.5612 -5.6671 13.559
v -1.2997 -5.777 13.2923
v -0.7208 -6.0598 13.2895
v -1.0904 -5.4081 13.5618
v -1.8352 -5.4207 13.2958
v -1.2997 -5.777 13.2923
v -1.5797 -5.0826 13.5646
v -2.3196 -4.9993 13.2986
v -1.8352 -5.4207 13.2958
v -2.0221 -4.6962 13.5674
v -2.7431 -4.517 13.3021
v -2.3196 -4.9993 13.2986
v -2.4092 -4.2566 13.5695
v -3.0987 -3.9829 13.3042
v -2.7431 -4.517 13.3021
v -2.7347 -3.7694 13.5716
v -3.3801 -3.4082 13.3063
v -3.0987 -3.9829 13.3042
v -2.9923 -3.243 13.573
v -3.5831 -2.7999 13.3084
v -3.3801 -3.4082 13.3063
v -3.1792 -2.6872 13.5744
v -3.7049 -2.1685 13.3091
v -3.5831 -2.7999 13.3084
v -3.2905 -2.1104 13.5758
v -3.7427 -1.5259 13.3098
v -3.7049 -2.1685 13.3091
v -3.3262 -1.5231 13.5758
v -3.6965 -0.8847 13.3105
v -3.7427 -1.5259 13.3098
v -3.2842 -0.9351 13.5758
v -3.5677 -0.2519 13.3105
v -3.6965 -0.8847 13.3105
v -3.1673 -0.3583 13.5758
v -3.3584 0.3613 13.3105
v -3.5677 -0.2519 13.3105
v -2.9762 0.2024 13.5758
v -2.7137 0.733 13.5758
v -3.0721 0.9423 13.3098
v -2.9762 0.2024 13.5758
v -2.3854 1.2251 13.5758
v -2.713 1.4806 13.3098
v -2.7137 0.733 13.5758
v -1.9969 1.671 13.5758
v -2.2881 1.9692 13.3098
v -2.3854 1.2251 13.5758
v -1.5552 2.0623 13.5758
v -1.8051 2.3969 13.3098
v -1.9969 1.671 13.5758
v -1.0673 2.3934 13.5758
v -1.271 2.7595 13.3098
v -1.5552 2.0623 13.5758
v -0.5409 2.6559 13.5751
v -0.6963 3.0472 13.3091
v -1.0673 2.3934 13.5758
v 0.0135 2.8477 13.5744
v -0.0901 3.2579 13.3084
v -0.5409 2.6559 13.5751
v 0.5882 2.9639 13.5737
v 0.5385 3.3853 13.3077
v 0.0135 2.8477 13.5744
v 1.1727 3.0045 13.573
v 1.1776 3.4287 13.3063
v 0.5882 2.9639 13.5737
v 1.7579 2.9653 13.5716
v 1.8174 3.3867 13.3042
v 1.1727 3.0045 13.573
v 2.334 2.8491 13.5695
v 2.4474 3.2614 13.3014
v 1.7579 2.9653 13.5716
v 2.8912 2.6594 13.5681
v 3.0571 3.0535 13.3
v 2.334 2.8491 13.5695
v 3.4197 2.3969 13.5667
v 3.6367 2.7658 13.2979
v 2.8912 2.6594 13.5681
v 3.9111 2.0686 13.5653
v 4.1743 2.4067 13.2972
v 3.4197 2.3969 13.5667
v 4.3556 1.6773 13.5653
v 4.6608 1.9804 13.2958
v 3.9111 2.0686 13.5653
v 4.7455 1.2342 13.5646
v 5.0885 1.4932 13.2958
v 4.3556 1.6773 13.5653
v 5.0745 0.7442 13.5646
v 5.449 0.9563 13.2958
v 4.7455 1.2342 13.5646
v 5.3363 0.215 13.5646
v 5.736 0.3781 13.2958
v 5.0745 0.7442 13.5646
v 5.5267 -0.3429 13.5646
v 5.9446 -0.2316 13.2958
v 5.3363 0.215 13.5646
v 5.1172 -0.4514 13.8817
v 5.5267 -0.3429 13.5646
v 4.945 0.0547 13.8817
v 4.945 0.0547 13.8817
v 5.3363 0.215 13.5646
v 4.7077 0.5349 13.8824
v 4.7077 0.5349 13.8824
v 5.0745 0.7442 13.5646
v 4.4095 0.978 13.8824
v 4.4095 0.978 13.8824
v 4.7455 1.2342 13.5646
v 4.056 1.3819 13.8831
v 4.056 1.3819 13.8831
v 4.3556 1.6773 13.5653
v 3.6528 1.7354 13.8838
v 3.6528 1.7354 13.8838
v 3.9111 2.0686 13.5653
v 3.2076 2.0343 13.8845
v 3.2076 2.0343 13.8845
v 3.4197 2.3969 13.5667
v 2.7281 2.273 13.8859
v 2.7281 2.273 13.8859
v 2.8912 2.6594 13.5681
v 2.222 2.4452 13.8866
v 2.222 2.4452 13.8866
v 2.334 2.8491 13.5695
v 1.6998 2.5509 13.888
v 1.6998 2.5509 13.888
v 1.7579 2.9653 13.5716
v 1.1685 2.5866 13.8894
v 1.1685 2.5866 13.8894
v 1.1727 3.0045 13.573
v 0.6372 2.5495 13.8901
v 0.6372 2.5495 13.8901
v 0.5882 2.9639 13.5737
v 0.1157 2.4452 13.8908
v 0.1157 2.4452 13.8908
v 0.0135 2.8477 13.5744
v -0.3883 2.2709 13.8915
v -0.3883 2.2709 13.8915
v -0.5409 2.6559 13.5751
v -0.8664 2.0336 13.8915
v -0.8664 2.0336 13.8915
v -1.0673 2.3934 13.5758
v -1.3095 1.734 13.8915
v -1.3095 1.734 13.8915
v -1.5552 2.0623 13.5758
v -1.7106 1.3791 13.8922
v -1.7106 1.3791 13.8922
v -1.9969 1.671 13.5758
v -2.0634 0.9738 13.8922
v -2.0634 0.9738 13.8922
v -2.3854 1.2251 13.5758
v -2.3616 0.5272 13.8922
v -2.3616 0.5272 13.8922
v -2.7137 0.733 13.5758
v -2.5996 0.0463 13.8922
v -2.9762 0.2024 13.5758
v -3.1673 -0.3583 13.5758
v -2.5996 0.0463 13.8922
v -3.1673 -0.3583 13.5758
v -3.2842 -0.9351 13.5758
v -2.7725 -0.4626 13.8922
v -3.2842 -0.9351 13.5758
v -3.3262 -1.5231 13.5758
v -2.8789 -0.9869 13.8922
v -3.3262 -1.5231 13.5758
v -3.2905 -2.1104 13.5758
v -2.916 -1.5196 13.8922
v -3.2905 -2.1104 13.5758
v -3.1792 -2.6872 13.5744
v -2.8831 -2.0551 13.8915
v -3.1792 -2.6872 13.5744
v -2.9923 -3.243 13.573
v -2.7816 -2.5773 13.8908
v -2.9923 -3.243 13.573
v -2.7347 -3.7694 13.5716
v -2.6115 -3.0813 13.8894
v -2.7347 -3.7694 13.5716
v -2.4092 -4.2566 13.5695
v -2.377 -3.5587 13.888
v -2.4092 -4.2566 13.5695
v -2.0221 -4.6962 13.5674
v -2.0816 -4.0018 13.8866
v -2.0221 -4.6962 13.5674
v -1.5797 -5.0826 13.5646
v -1.7302 -4.4008 13.8845
v -1.5797 -5.0826 13.5646
v -1.0904 -5.4081 13.5618
v -1.3284 -4.7515 13.8824
v -1.0904 -5.4081 13.5618
v -0.5612 -5.6671 13.559
v -0.8839 -5.0462 13.8803
v -0.5612 -5.6671 13.559
v -0.0033 -5.854 13.5562
v -0.4037 -5.2807 13.8775
v -0.0033 -5.854 13.5562
v 0.5749 -5.9688 13.5548
v 0.1024 -5.4508 13.8754
v 0.5749 -5.9688 13.5548
v 1.1622 -6.0052 13.5527
v 0.6267 -5.5537 13.874
v 1.1622 -6.0052 13.5527
v 1.7502 -5.9653 13.552
v 1.1594 -5.5873 13.8719
v 1.7502 -5.9653 13.552
v 2.3284 -5.8512 13.5513
v 1.6928 -5.5509 13.8712
v 2.3284 -5.8512 13.5513
v 2.887 -5.6608 13.552
v 2.2171 -5.4473 13.8712
v 2.887 -5.6608 13.552
v 3.4162 -5.4004 13.5527
v 2.7239 -5.2744 13.8712
v 3.4162 -5.4004 13.5527
v 3.9083 -5.0735 13.5534
v 3.2041 -5.0385 13.8712
v 3.9083 -5.0735 13.5534
v 4.3528 -4.6857 13.5555
v 3.6493 -4.7417 13.8726
v 4.3528 -4.6857 13.5555
v 4.7434 -4.244 13.5569
v 4.0525 -4.3896 13.874
v 4.7434 -4.244 13.5569
v 5.0724 -3.7554 13.559
v 4.4067 -3.9878 13.8754
v 5.0724 -3.7554 13.559
v 5.3349 -3.229 13.5604
v 4.7049 -3.5461 13.8768
v 5.3349 -3.229 13.5604
v 5.526 -2.6711 13.5618
v 4.9429 -3.0673 13.8782
v 5.526 -2.6711 13.5618
v 5.6408 -2.095 13.5625
v 5.1158 -2.5612 13.8796
v 5.6408 -2.095 13.5625
v 5.68 -1.507 13.5632
v 5.2208 -2.0397 13.8803
v 5.2558 -1.507 13.881
v 5.68 -1.507 13.5632
v 5.2215 -0.9743 13.8817
v 5.2215 -0.9743 13.8817
v 5.6422 -0.9197 13.5639
v 5.1172 -0.4514 13.8817
v 4.7931 -1.031 14.2065
v 5.2215 -0.9743 13.8817
v 4.7 -0.5627 14.2072
v 4.8239 -1.507 14.2058
v 5.2558 -1.507 13.881
v 4.7931 -1.031 14.2065
v 4.7924 -1.9844 14.2051
v 5.2208 -2.0397 13.8803
v 4.8239 -1.507 14.2058
v 5.1158 -2.5612 13.8796
v 5.2208 -2.0397 13.8803
v 4.6986 -2.4527 14.2044
v 4.9429 -3.0673 13.8782
v 5.1158 -2.5612 13.8796
v 4.5439 -2.9035 14.203
v 4.7049 -3.5461 13.8768
v 4.9429 -3.0673 13.8782
v 4.3311 -3.3312 14.2023
v 4.4067 -3.9878 13.8754
v 4.7049 -3.5461 13.8768
v 4.0644 -3.7288 14.2009
v 4.0525 -4.3896 13.874
v 4.4067 -3.9878 13.8754
v 3.748 -4.0886 14.1995
v 3.6493 -4.7417 13.8726
v 4.0525 -4.3896 13.874
v 3.3868 -4.4022 14.1988
v 3.2041 -5.0385 13.8712
v 3.6493 -4.7417 13.8726
v 2.9885 -4.6682 14.1981
v 2.7239 -5.2744 13.8712
v 3.2041 -5.0385 13.8712
v 2.5587 -4.8803 14.1981
v 2.2171 -5.4473 13.8712
v 2.7239 -5.2744 13.8712
v 2.1051 -5.0336 14.1981
v 1.6928 -5.5509 13.8712
v 2.2171 -5.4473 13.8712
v 1.6354 -5.1281 14.1981
v 1.1594 -5.5873 13.8719
v 1.6928 -5.5509 13.8712
v 1.1587 -5.1582 14.1995
v 0.6267 -5.5537 13.874
v 1.1594 -5.5873 13.8719
v 0.6813 -5.1302 14.2009
v 0.1024 -5.4508 13.8754
v 0.6267 -5.5537 13.874
v 0.2116 -5.0385 14.2023
v -0.4037 -5.2807 13.8775
v 0.1024 -5.4508 13.8754
v -0.2413 -4.8852 14.2044
v -0.8839 -5.0462 13.8803
v -0.4037 -5.2807 13.8775
v -0.6711 -4.6745 14.2065
v -1.3284 -4.7515 13.8824
v -0.8839 -5.0462 13.8803
v -1.0694 -4.4106 14.2086
v -1.7302 -4.4008 13.8845
v -1.3284 -4.7515 13.8824
v -1.4285 -4.0977 14.2107
v -2.0816 -4.0018 13.8866
v -1.7302 -4.4008 13.8845
v -1.7442 -3.7393 14.2121
v -2.377 -3.5587 13.888
v -2.0816 -4.0018 13.8866
v -2.0088 -3.3424 14.2142
v -2.6115 -3.0813 13.8894
v -2.377 -3.5587 13.888
v -2.2195 -2.9161 14.2149
v -2.7816 -2.5773 13.8908
v -2.6115 -3.0813 13.8894
v -2.3714 -2.4639 14.2163
v -2.8831 -2.0551 13.8915
v -2.7816 -2.5773 13.8908
v -2.4631 -1.9956 14.217
v -2.916 -1.5196 13.8922
v -2.8831 -2.0551 13.8915
v -2.4925 -1.5168 14.217
v -2.8789 -0.9869 13.8922
v -2.916 -1.5196 13.8922
v -2.4596 -1.0408 14.2177
v -2.7725 -0.4626 13.8922
v -2.8789 -0.9869 13.8922
v -2.3651 -0.569 14.2177
v -2.5996 0.0463 13.8922
v -2.7725 -0.4626 13.8922
v -2.2104 -0.114 14.2177
v -2.3616 0.5272 13.8922
v -2.5996 0.0463 13.8922
v -1.9976 0.3165 14.2177
v -1.7309 0.7155 14.2177
v -2.0634 0.9738 13.8922
v -1.9976 0.3165 14.2177
v -1.4145 1.0788 14.2177
v -1.7106 1.3791 13.8922
v -1.7309 0.7155 14.2177
v -1.0554 1.3959 14.217
v -1.3095 1.734 13.8915
v -1.4145 1.0788 14.2177
v -0.6578 1.6633 14.217
v -0.8664 2.0336 13.8915
v -1.0554 1.3959 14.217
v -0.2301 1.8768 14.217
v -0.3883 2.2709 13.8915
v -0.6578 1.6633 14.217
v 0.2214 2.0322 14.2163
v 0.1157 2.4452 13.8908
v -0.2301 1.8768 14.217
v 0.6897 2.1267 14.2156
v 0.6372 2.5495 13.8901
v 0.2214 2.0322 14.2163
v 1.165 2.1568 14.2149
v 1.1685 2.5866 13.8894
v 0.6897 2.1267 14.2156
v 1.641 2.1267 14.2135
v 1.6998 2.5509 13.888
v 1.165 2.1568 14.2149
v 2.1093 2.0322 14.2128
v 2.222 2.4452 13.8866
v 1.641 2.1267 14.2135
v 2.5622 1.8768 14.2121
v 2.7281 2.273 13.8859
v 2.1093 2.0322 14.2128
v 2.992 1.6647 14.2107
v 3.2076 2.0343 13.8845
v 2.5622 1.8768 14.2121
v 3.3903 1.3966 14.21
v 3.6528 1.7354 13.8838
v 2.992 1.6647 14.2107
v 3.7508 1.0802 14.2086
v 4.056 1.3819 13.8831
v 3.3903 1.3966 14.21
v 4.0672 0.719 14.2086
v 4.4095 0.978 13.8824
v 3.7508 1.0802 14.2086
v 4.3339 0.32 14.2079
v 4.7077 0.5349 13.8824
v 4.0672 0.719 14.2086
v 4.546 -0.1077 14.2072
v 4.945 0.0547 13.8817
v 4.3339 0.32 14.2079
v 4.7 -0.5627 14.2072
v 5.1172 -0.4514 13.8817
v 4.546 -0.1077 14.2072
v 4.546 -0.1077 14.2072
v 4.1589 -0.268 14.4851
v 4.7 -0.5627 14.2072
v 4.3339 0.32 14.2079
v 3.9706 0.1128 14.4851
v 4.546 -0.1077 14.2072
v 4.0672 0.719 14.2086
v 3.7347 0.4649 14.4858
v 4.3339 0.32 14.2079
v 3.7508 1.0802 14.2086
v 3.4547 0.7848 14.4872
v 4.0672 0.719 14.2086
v 3.3903 1.3966 14.21
v 3.1355 1.0648 14.4879
v 3.7508 1.0802 14.2086
v 2.992 1.6647 14.2107
v 2.782 1.3021 14.4886
v 3.3903 1.3966 14.21
v 2.5622 1.8768 14.2121
v 2.4019 1.4904 14.49
v 2.992 1.6647 14.2107
v 2.1093 2.0322 14.2128
v 2.0008 1.6269 14.4914
v 2.5622 1.8768 14.2121
v 1.641 2.1267 14.2135
v 1.585 1.7116 14.4914
v 2.1093 2.0322 14.2128
v 1.165 2.1568 14.2149
v 1.1636 1.7389 14.4928
v 1.641 2.1267 14.2135
v 0.6897 2.1267 14.2156
v 0.7415 1.7116 14.4935
v 1.165 2.1568 14.2149
v 0.2214 2.0322 14.2163
v 0.3271 1.6269 14.4942
v 0.6897 2.1267 14.2156
v -0.2301 1.8768 14.217
v -0.0733 1.4904 14.4949
v 0.2214 2.0322 14.2163
v -0.6578 1.6633 14.217
v -0.4527 1.3021 14.4949
v -0.2301 1.8768 14.217
v -1.0554 1.3959 14.217
v -0.8048 1.0648 14.4956
v -0.6578 1.6633 14.217
v -1.4145 1.0788 14.2177
v -1.124 0.7834 14.4956
v -1.0554 1.3959 14.217
v -1.7309 0.7155 14.2177
v -1.404 0.4628 14.4956
v -1.4145 1.0788 14.2177
v -1.9976 0.3165 14.2177
v -1.6399 0.1093 14.4956
v -1.7309 0.7155 14.2177
v -2.2104 -0.114 14.2177
v -1.8282 -0.2722 14.4956
v -1.9976 0.3165 14.2177
v -2.2104 -0.114 14.2177
v -2.3651 -0.569 14.2177
v -1.8282 -0.2722 14.4956
v -2.3651 -0.569 14.2177
v -2.4596 -1.0408 14.2177
v -1.9654 -0.6747 14.4956
v -2.4596 -1.0408 14.2177
v -2.4925 -1.5168 14.217
v -2.0494 -1.0919 14.4956
v -2.4925 -1.5168 14.217
v -2.4631 -1.9956 14.217
v -2.0781 -1.5147 14.4949
v -2.4631 -1.9956 14.217
v -2.3714 -2.4639 14.2163
v -2.0522 -1.9375 14.4942
v -2.3714 -2.4639 14.2163
v -2.2195 -2.9161 14.2149
v -1.9703 -2.3526 14.4935
v -2.2195 -2.9161 14.2149
v -2.0088 -3.3424 14.2142
v -1.8352 -2.753 14.4928
v -2.0088 -3.3424 14.2142
v -1.7442 -3.7393 14.2121
v -1.6483 -3.1331 14.4914
v -1.7442 -3.7393 14.2121
v -1.4285 -4.0977 14.2107
v -1.4138 -3.4838 14.4907
v -1.0694 -4.4106 14.2086
v -0.8153 -4.0788 14.4872
v -1.4285 -4.0977 14.2107
v -1.0694 -4.4106 14.2086
v -0.6711 -4.6745 14.2065
v -0.8153 -4.0788 14.4872
v -0.6711 -4.6745 14.2065
v -0.2413 -4.8852 14.2044
v -0.4625 -4.3133 14.4851
v -0.2413 -4.8852 14.2044
v 0.2116 -5.0385 14.2023
v -0.0824 -4.5002 14.483
v 0.6813 -5.1302 14.2009
v 0.7352 -4.7165 14.4795
v 0.2116 -5.0385 14.2023
v 1.1587 -5.1582 14.1995
v 1.158 -4.7438 14.4788
v 0.6813 -5.1302 14.2009
v 1.1587 -5.1582 14.1995
v 1.6354 -5.1281 14.1981
v 1.158 -4.7438 14.4788
v 1.6354 -5.1281 14.1981
v 2.1051 -5.0336 14.1981
v 1.5808 -4.7137 14.4774
v 2.1051 -5.0336 14.1981
v 2.5587 -4.8803 14.1981
v 1.9966 -4.6318 14.4767
v 2.5587 -4.8803 14.1981
v 2.9885 -4.6682 14.1981
v 2.3984 -4.4953 14.4767
v 2.9885 -4.6682 14.1981
v 3.3868 -4.4022 14.1988
v 2.7792 -4.307 14.4767
v 3.3868 -4.4022 14.1988
v 3.748 -4.0886 14.1995
v 3.1327 -4.0725 14.4774
v 3.748 -4.0886 14.1995
v 4.0644 -3.7288 14.2009
v 3.4519 -3.7932 14.4781
v 4.0644 -3.7288 14.2009
v 4.3311 -3.3312 14.2023
v 3.7319 -3.4754 14.4788
v 4.3311 -3.3312 14.2023
v 4.5439 -2.9035 14.203
v 3.9685 -3.124 14.4795
v 4.5439 -2.9035 14.203
v 4.6986 -2.4527 14.2044
v 4.1568 -2.7439 14.4809
v 4.6986 -2.4527 14.2044
v 4.7924 -1.9844 14.2051
v 4.2933 -2.3449 14.4816
v 4.8239 -1.507 14.2058
v 4.4046 -1.507 14.483
v 4.7924 -1.9844 14.2051
v 4.7931 -1.031 14.2065
v 4.3773 -1.0842 14.4837
v 4.8239 -1.507 14.2058
v 4.7 -0.5627 14.2072
v 4.2947 -0.6684 14.4844
v 4.7931 -1.031 14.2065
v 3.9846 -1.1346 14.7182
v 4.3773 -1.0842 14.4837
v 3.9125 -0.772 14.7189
v 4.0084 -1.507 14.7175
v 4.4046 -1.507 14.483
v 3.9846 -1.1346 14.7182
v 4.3766 -1.9284 14.4816
v 4.4046 -1.507 14.483
v 3.9839 -1.878 14.7168
v 4.2933 -2.3449 14.4816
v 4.3766 -1.9284 14.4816
v 3.9111 -2.242 14.7161
v 4.1568 -2.7439 14.4809
v 4.2933 -2.3449 14.4816
v 3.7907 -2.5941 14.7154
v 3.9685 -3.124 14.4795
v 4.1568 -2.7439 14.4809
v 3.6255 -2.9273 14.7147
v 3.7319 -3.4754 14.4788
v 3.9685 -3.124 14.4795
v 3.4183 -3.2367 14.714
v 3.4519 -3.7932 14.4781
v 3.7319 -3.4754 14.4788
v 3.1719 -3.5153 14.7133
v 3.1327 -4.0725 14.4774
v 3.4519 -3.7932 14.4781
v 2.8919 -3.7603 14.7126
v 2.7792 -4.307 14.4767
v 3.1327 -4.0725 14.4774
v 2.5818 -3.9675 14.7126
v 2.3984 -4.4953 14.4767
v 2.7792 -4.307 14.4767
v 2.2472 -4.132 14.7126
v 1.9966 -4.6318 14.4767
v 2.3984 -4.4953 14.4767
v 1.8944 -4.2503 14.7126
v 1.5808 -4.7137 14.4774
v 1.9966 -4.6318 14.4767
v 1.5297 -4.3252 14.714
v 1.158 -4.7438 14.4788
v 1.5808 -4.7137 14.4774
v 1.158 -4.349 14.7147
v 0.7352 -4.7165 14.4795
v 1.158 -4.7438 14.4788
v 0.787 -4.3252 14.7154
v 0.4216 -4.2545 14.7175
v 0.3194 -4.6353 14.4816
v 0.787 -4.3252 14.7154
v -0.0824 -4.5002 14.483
v 0.3194 -4.6353 14.4816
v 0.0688 -4.1355 14.7189
v -0.4625 -4.3133 14.4851
v -0.0824 -4.5002 14.483
v -0.2651 -3.9703 14.7203
v -0.5752 -3.7666 14.7224
v -0.8153 -4.0788 14.4872
v -0.2651 -3.9703 14.7203
v -0.8552 -3.5216 14.7238
v -1.1345 -3.8009 14.4886
v -0.5752 -3.7666 14.7224
v -1.4138 -3.4838 14.4907
v -1.1345 -3.8009 14.4886
v -1.1002 -3.243 14.7259
v -1.6483 -3.1331 14.4914
v -1.4138 -3.4838 14.4907
v -1.3067 -2.9336 14.7266
v -1.8352 -2.753 14.4928
v -1.6483 -3.1331 14.4914
v -1.4712 -2.6004 14.728
v -1.9703 -2.3526 14.4935
v -1.8352 -2.753 14.4928
v -1.5895 -2.249 14.7287
v -2.0522 -1.9375 14.4942
v -1.9703 -2.3526 14.4935
v -1.6616 -1.8843 14.7294
v -2.0781 -1.5147 14.4949
v -2.0522 -1.9375 14.4942
v -1.6847 -1.5119 14.7294
v -2.0494 -1.0919 14.4956
v -2.0781 -1.5147 14.4949
v -1.6595 -1.1395 14.7301
v -1.9654 -0.6747 14.4956
v -2.0494 -1.0919 14.4956
v -1.586 -0.7748 14.7308
v -1.8282 -0.2722 14.4956
v -1.9654 -0.6747 14.4956
v -1.4663 -0.4227 14.7308
v -1.6399 0.1093 14.4956
v -1.8282 -0.2722 14.4956
v -1.3004 -0.0867 14.7308
v -1.0932 0.2241 14.7308
v -1.404 0.4628 14.4956
v -1.3004 -0.0867 14.7308
v -0.8475 0.5055 14.7308
v -1.124 0.7834 14.4956
v -1.0932 0.2241 14.7308
v -0.5675 0.7519 14.7301
v -0.8048 1.0648 14.4956
v -0.8475 0.5055 14.7308
v -0.2581 0.9591 14.7301
v -0.4527 1.3021 14.4949
v -0.5675 0.7519 14.7301
v 0.0751 1.1257 14.7294
v -0.0733 1.4904 14.4949
v -0.2581 0.9591 14.7301
v 0.4272 1.2454 14.7294
v 0.3271 1.6269 14.4942
v 0.0751 1.1257 14.7294
v 0.7912 1.3189 14.7287
v 0.7415 1.7116 14.4935
v 0.4272 1.2454 14.7294
v 1.1622 1.3441 14.7273
v 1.1636 1.7389 14.4928
v 0.7912 1.3189 14.7287
v 1.5325 1.3189 14.7266
v 1.585 1.7116 14.4914
v 1.1622 1.3441 14.7273
v 1.8972 1.2454 14.7259
v 2.0008 1.6269 14.4914
v 1.5325 1.3189 14.7266
v 2.25 1.1257 14.7252
v 2.4019 1.4904 14.49
v 1.8972 1.2454 14.7259
v 2.5839 0.9591 14.7238
v 2.782 1.3021 14.4886
v 2.25 1.1257 14.7252
v 2.894 0.7519 14.7231
v 3.1355 1.0648 14.4879
v 2.5839 0.9591 14.7238
v 3.1747 0.5055 14.7217
v 3.4547 0.7848 14.4872
v 2.894 0.7519 14.7231
v 3.4204 0.2255 14.721
v 3.7347 0.4649 14.4858
v 3.1747 0.5055 14.7217
v 3.6276 -0.0839 14.7203
v 3.9706 0.1128 14.4851
v 3.4204 0.2255 14.721
v 3.7921 -0.4185 14.7196
v 4.1589 -0.268 14.4851
v 3.6276 -0.0839 14.7203
v 3.9125 -0.772 14.7189
v 4.2947 -0.6684 14.4844
v 3.7921 -0.4185 14.7196
v 3.7921 -0.4185 14.7196
v 3.4687 -0.5522 14.8813
v 3.9125 -0.772 14.7189
v 3.6276 -0.0839 14.7203
v 3.3245 -0.2596 14.8813
v 3.7921 -0.4185 14.7196
v 3.4204 0.2255 14.721
v 3.1425 0.012 14.8827
v 3.6276 -0.0839 14.7203
v 3.1747 0.5055 14.7217
v 2.9269 0.2584 14.8834
v 3.4204 0.2255 14.721
v 2.894 0.7519 14.7231
v 2.6812 0.474 14.8848
v 3.1747 0.5055 14.7217
v 2.5839 0.9591 14.7238
v 2.4089 0.656 14.8855
v 2.894 0.7519 14.7231
v 2.1156 0.8023 14.8862
v 2.4089 0.656 14.8855
v 2.25 1.1257 14.7252
v 1.8062 0.9073 14.8876
v 2.1156 0.8023 14.8862
v 1.8972 1.2454 14.7259
v 1.5325 1.3189 14.7266
v 1.4863 0.9717 14.8883
v 1.8972 1.2454 14.7259
v 1.1622 1.3441 14.7273
v 1.1608 0.9927 14.889
v 1.5325 1.3189 14.7266
v 0.7912 1.3189 14.7287
v 0.836 0.9717 14.8904
v 1.1622 1.3441 14.7273
v 0.4272 1.2454 14.7294
v 0.5161 0.9073 14.8904
v 0.7912 1.3189 14.7287
v 0.0751 1.1257 14.7294
v 0.2074 0.8023 14.8911
v 0.4272 1.2454 14.7294
v -0.2581 0.9591 14.7301
v -0.0852 0.656 14.8918
v 0.0751 1.1257 14.7294
v -0.5675 0.7519 14.7301
v -0.3561 0.474 14.8918
v -0.2581 0.9591 14.7301
v -0.8475 0.5055 14.7308
v -0.6018 0.2584 14.8918
v -0.5675 0.7519 14.7301
v -1.0932 0.2241 14.7308
v -0.8174 0.0106 14.8925
v -0.8475 0.5055 14.7308
v -1.3004 -0.0867 14.7308
v -0.9994 -0.2617 14.8925
v -1.0932 0.2241 14.7308
v -1.1443 -0.5536 14.8918
v -0.9994 -0.2617 14.8925
v -1.4663 -0.4227 14.7308
v -1.25 -0.8644 14.8918
v -1.1443 -0.5536 14.8918
v -1.586 -0.7748 14.7308
v -1.3144 -1.185 14.8918
v -1.25 -0.8644 14.8918
v -1.6595 -1.1395 14.7301
v -1.3361 -1.5105 14.8911
v -1.3144 -1.185 14.8918
v -1.6847 -1.5119 14.7294
v -1.3158 -1.8374 14.8904
v -1.3361 -1.5105 14.8911
v -1.6616 -1.8843 14.7294
v -1.2528 -2.1573 14.8904
v -1.3158 -1.8374 14.8904
v -1.5895 -2.249 14.7287
v -1.1485 -2.4653 14.889
v -1.2528 -2.1573 14.8904
v -1.4712 -2.6004 14.728
v -1.0043 -2.7579 14.8876
v -1.1485 -2.4653 14.889
v -1.3067 -2.9336 14.7266
v -0.823 -3.0281 14.8869
v -1.0043 -2.7579 14.8876
v -1.1002 -3.243 14.7259
v -0.6081 -3.2731 14.8855
v -0.823 -3.0281 14.8869
v -0.8552 -3.5216 14.7238
v -0.3624 -3.488 14.8841
v -0.6081 -3.2731 14.8855
v -0.5752 -3.7666 14.7224
v -0.2651 -3.9703 14.7203
v -0.0908 -3.6672 14.8827
v -0.5752 -3.7666 14.7224
v 0.2025 -3.8121 14.8813
v -0.0908 -3.6672 14.8827
v 0.0688 -4.1355 14.7189
v 0.5119 -3.9171 14.8792
v 0.2025 -3.8121 14.8813
v 0.4216 -4.2545 14.7175
v 0.787 -4.3252 14.7154
v 0.8325 -3.9801 14.8785
v 0.4216 -4.2545 14.7175
v 1.158 -4.0018 14.8771
v 0.8325 -3.9801 14.8785
v 1.158 -4.349 14.7147
v 1.5297 -4.3252 14.714
v 1.4842 -3.9787 14.8757
v 1.158 -4.349 14.7147
v 1.8944 -4.2503 14.7126
v 1.8048 -3.9143 14.8757
v 1.5297 -4.3252 14.714
v 2.1142 -3.81 14.875
v 1.8048 -3.9143 14.8757
v 2.2472 -4.132 14.7126
v 2.5818 -3.9675 14.7126
v 2.4075 -3.6644 14.875
v 2.2472 -4.132 14.7126
v 2.6791 -3.4838 14.875
v 2.4075 -3.6644 14.875
v 2.8919 -3.7603 14.7126
v 2.9248 -3.2682 14.875
v 2.6791 -3.4838 14.875
v 3.1719 -3.5153 14.7133
v 3.1411 -3.0246 14.8757
v 2.9248 -3.2682 14.875
v 3.4183 -3.2367 14.714
v 3.3231 -2.753 14.8757
v 3.1411 -3.0246 14.8757
v 3.6255 -2.9273 14.7147
v 3.468 -2.4604 14.8764
v 3.3231 -2.753 14.8757
v 3.7907 -2.5941 14.7154
v 3.573 -2.151 14.8771
v 3.468 -2.4604 14.8764
v 3.9111 -2.242 14.7161
v 3.6367 -1.8325 14.8778
v 3.573 -2.151 14.8771
v 3.9839 -1.878 14.7168
v 3.6584 -1.507 14.8792
v 3.6367 -1.8325 14.8778
v 4.0084 -1.507 14.7175
v 3.9846 -1.1346 14.7182
v 3.6374 -1.1801 14.8792
v 4.0084 -1.507 14.7175
v 3.9125 -0.772 14.7189
v 3.5737 -0.8616 14.8799
v 3.9846 -1.1346 14.7182
v 3.1544 -1.2445 15.0577
v 3.6374 -1.1801 14.8792
v 3.1033 -0.9855 15.0584
v 3.1719 -1.5056 15.0563
v 3.6584 -1.507 14.8792
v 3.1544 -1.2445 15.0577
v 3.1544 -1.7681 15.0556
v 3.6367 -1.8325 14.8778
v 3.1719 -1.5056 15.0563
v 3.573 -2.151 14.8771
v 3.6367 -1.8325 14.8778
v 3.1026 -2.0257 15.0549
v 3.468 -2.4604 14.8764
v 3.573 -2.151 14.8771
v 3.0179 -2.2756 15.0549
v 3.3231 -2.753 14.8757
v 3.468 -2.4604 14.8764
v 2.901 -2.5108 15.0549
v 3.1411 -3.0246 14.8757
v 3.3231 -2.753 14.8757
v 2.7547 -2.7292 15.0542
v 2.9248 -3.2682 14.875
v 3.1411 -3.0246 14.8757
v 2.5811 -2.9259 15.0542
v 2.6791 -3.4838 14.875
v 2.9248 -3.2682 14.875
v 2.383 -3.1002 15.0542
v 2.4075 -3.6644 14.875
v 2.6791 -3.4838 14.875
v 2.1639 -3.2465 15.0542
v 2.1142 -3.81 14.875
v 2.4075 -3.6644 14.875
v 1.928 -3.3613 15.0542
v 1.8048 -3.9143 14.8757
v 2.1142 -3.81 14.875
v 1.6788 -3.446 15.0549
v 1.4205 -3.4978 15.0549
v 1.4842 -3.9787 14.8757
v 1.6788 -3.446 15.0549
v 1.158 -3.5153 15.0556
v 1.158 -4.0018 14.8771
v 1.4205 -3.4978 15.0549
v 0.8955 -3.4992 15.057
v 0.8325 -3.9801 14.8785
v 1.158 -3.5153 15.0556
v 0.5119 -3.9171 14.8792
v 0.8325 -3.9801 14.8785
v 0.6379 -3.4474 15.0584
v 0.2025 -3.8121 14.8813
v 0.5119 -3.9171 14.8792
v 0.3887 -3.3641 15.0598
v -0.0908 -3.6672 14.8827
v 0.2025 -3.8121 14.8813
v 0.1528 -3.2479 15.0612
v -0.0663 -3.103 15.0619
v -0.3624 -3.488 14.8841
v 0.1528 -3.2479 15.0612
v -0.6081 -3.2731 14.8855
v -0.3624 -3.488 14.8841
v -0.2644 -2.9287 15.0633
v -0.823 -3.0281 14.8869
v -0.6081 -3.2731 14.8855
v -0.4373 -2.7327 15.064
v -1.0043 -2.7579 14.8876
v -0.823 -3.0281 14.8869
v -0.5836 -2.5129 15.0654
v -1.1485 -2.4653 14.889
v -1.0043 -2.7579 14.8876
v -0.6991 -2.2784 15.0668
v -1.2528 -2.1573 14.8904
v -1.1485 -2.4653 14.889
v -0.7838 -2.0285 15.0668
v -1.3158 -1.8374 14.8904
v -1.2528 -2.1573 14.8904
v -0.8342 -1.7709 15.0675
v -1.3361 -1.5105 14.8911
v -1.3158 -1.8374 14.8904
v -0.851 -1.5091 15.0682
v -1.3144 -1.185 14.8918
v -1.3361 -1.5105 14.8911
v -0.8335 -1.2466 15.0689
v -1.25 -0.8644 14.8918
v -1.3144 -1.185 14.8918
v -0.7817 -0.989 15.0689
v -1.1443 -0.5536 14.8918
v -1.25 -0.8644 14.8918
v -0.697 -0.7391 15.0696
v -0.9994 -0.2617 14.8925
v -1.1443 -0.5536 14.8918
v -0.5801 -0.5032 15.0696
v -0.8174 0.0106 14.8925
v -0.9994 -0.2617 14.8925
v -0.4338 -0.2834 15.0696
v -0.2602 -0.0853 15.0689
v -0.6018 0.2584 14.8918
v -0.4338 -0.2834 15.0696
v -0.0628 0.0876 15.0689
v -0.3561 0.474 14.8918
v -0.2602 -0.0853 15.0689
v 0.1563 0.2353 15.0689
v -0.0852 0.656 14.8918
v -0.0628 0.0876 15.0689
v 0.3915 0.3529 15.0682
v 0.2074 0.8023 14.8911
v 0.1563 0.2353 15.0689
v 0.64 0.4376 15.0675
v 0.5161 0.9073 14.8904
v 0.3915 0.3529 15.0682
v 0.8976 0.4894 15.0668
v 0.836 0.9717 14.8904
v 0.64 0.4376 15.0675
v 1.1601 0.5055 15.0668
v 1.1608 0.9927 14.889
v 0.8976 0.4894 15.0668
v 1.4226 0.4894 15.0654
v 1.4863 0.9717 14.8883
v 1.1601 0.5055 15.0668
v 1.6802 0.4376 15.0647
v 1.8062 0.9073 14.8876
v 1.4226 0.4894 15.0654
v 2.1156 0.8023 14.8862
v 1.8062 0.9073 14.8876
v 1.9294 0.3529 15.064
v 2.1653 0.2367 15.0633
v 2.4089 0.656 14.8855
v 1.9294 0.3529 15.064
v 2.3844 0.0904 15.0619
v 2.6812 0.474 14.8848
v 2.1653 0.2367 15.0633
v 2.5825 -0.0839 15.0612
v 2.9269 0.2584 14.8834
v 2.3844 0.0904 15.0619
v 2.7561 -0.282 15.0605
v 3.1425 0.012 14.8827
v 2.5825 -0.0839 15.0612
v 2.9024 -0.5004 15.0598
v 3.3245 -0.2596 14.8813
v 2.7561 -0.282 15.0605
v 3.0186 -0.7377 15.0584
v 3.4687 -0.5522 14.8813
v 2.9024 -0.5004 15.0598
v 3.1033 -0.9855 15.0584
v 3.5737 -0.8616 14.8799
v 3.0186 -0.7377 15.0584
v 2.5321 -1.1381 15.2082
v 3.1033 -0.9855 15.0584
v 2.4719 -0.9631 15.2096
v 2.4719 -0.9631 15.2096
v 3.0186 -0.7377 15.0584
v 2.39 -0.7958 15.2103
v 2.39 -0.7958 15.2103
v 2.9024 -0.5004 15.0598
v 2.2864 -0.6411 15.2103
v 2.2864 -0.6411 15.2103
v 2.7561 -0.282 15.0605
v 2.1639 -0.5004 15.211
v 2.1639 -0.5004 15.211
v 2.5825 -0.0839 15.0612
v 2.0239 -0.3779 15.2124
v 2.0239 -0.3779 15.2124
v 2.3844 0.0904 15.0619
v 1.8699 -0.2757 15.2131
v 1.8699 -0.2757 15.2131
v 2.1653 0.2367 15.0633
v 1.7026 -0.1938 15.2138
v 1.7026 -0.1938 15.2138
v 1.9294 0.3529 15.064
v 1.5269 -0.1343 15.2138
v 1.6802 0.4376 15.0647
v 1.4226 0.4894 15.0654
v 1.5269 -0.1343 15.2138
v 1.3449 -0.0965 15.2145
v 1.4226 0.4894 15.0654
v 1.1594 -0.0853 15.2152
v 1.1601 0.5055 15.0668
v 0.8976 0.4894 15.0668
v 1.1594 -0.0853 15.2152
v 0.9739 -0.0965 15.2159
v 0.8976 0.4894 15.0668
v 0.7919 -0.1343 15.2159
v 0.7919 -0.1343 15.2159
v 0.64 0.4376 15.0675
v 0.6162 -0.1938 15.2166
v 0.6162 -0.1938 15.2166
v 0.3915 0.3529 15.0682
v 0.4496 -0.2757 15.2166
v 0.4496 -0.2757 15.2166
v 0.1563 0.2353 15.0689
v 0.2949 -0.3807 15.2173
v 0.2949 -0.3807 15.2173
v -0.0628 0.0876 15.0689
v 0.1556 -0.5032 15.2173
v 0.1556 -0.5032 15.2173
v -0.2602 -0.0853 15.0689
v 0.0324 -0.6432 15.2173
v 0.0324 -0.6432 15.2173
v -0.4338 -0.2834 15.0696
v -0.0705 -0.7972 15.2173
v -0.5801 -0.5032 15.0696
v -0.697 -0.7391 15.0696
v -0.0705 -0.7972 15.2173
v -0.697 -0.7391 15.0696
v -0.7817 -0.989 15.0689
v -0.1531 -0.9631 15.2173
v -0.7817 -0.989 15.0689
v -0.8335 -1.2466 15.0689
v -0.2126 -1.1395 15.2173
v -0.8335 -1.2466 15.0689
v -0.851 -1.5091 15.0682
v -0.249 -1.3215 15.2166
v -0.851 -1.5091 15.0682
v -0.8342 -1.7709 15.0675
v -0.2616 -1.507 15.2166
v -0.8342 -1.7709 15.0675
v -0.7838 -2.0285 15.0668
v -0.2497 -1.6925 15.2159
v -0.7838 -2.0285 15.0668
v -0.6991 -2.2784 15.0668
v -0.2133 -1.8766 15.2159
v -0.6991 -2.2784 15.0668
v -0.5836 -2.5129 15.0654
v -0.1545 -2.0509 15.2152
v -0.5836 -2.5129 15.0654
v -0.4373 -2.7327 15.064
v -0.0719 -2.2175 15.2145
v -0.4373 -2.7327 15.064
v -0.2644 -2.9287 15.0633
v 0.031 -2.3715 15.2138
v -0.2644 -2.9287 15.0633
v -0.0663 -3.103 15.0619
v 0.1535 -2.5122 15.2131
v 0.2935 -2.6347 15.2124
v -0.0663 -3.103 15.0619
v 0.4475 -2.7355 15.211
v 0.1528 -3.2479 15.0612
v 0.3887 -3.3641 15.0598
v 0.4475 -2.7355 15.211
v 0.6141 -2.8174 15.2103
v 0.3887 -3.3641 15.0598
v 0.7905 -2.8769 15.2096
v 0.6379 -3.4474 15.0584
v 0.8955 -3.4992 15.057
v 0.7905 -2.8769 15.2096
v 0.9725 -2.9147 15.2082
v 0.8955 -3.4992 15.057
v 1.158 -2.9259 15.2075
v 1.158 -3.5153 15.0556
v 1.4205 -3.4978 15.0549
v 1.158 -2.9259 15.2075
v 1.3435 -2.9147 15.2075
v 1.4205 -3.4978 15.0549
v 1.5255 -2.8769 15.2068
v 1.6788 -3.446 15.0549
v 1.928 -3.3613 15.0542
v 1.5255 -2.8769 15.2068
v 1.928 -3.3613 15.0542
v 2.1639 -3.2465 15.0542
v 1.7019 -2.8174 15.2061
v 2.1639 -3.2465 15.0542
v 2.383 -3.1002 15.0542
v 1.8685 -2.7355 15.2061
v 2.383 -3.1002 15.0542
v 2.5811 -2.9259 15.0542
v 2.0232 -2.6319 15.2054
v 2.5811 -2.9259 15.0542
v 2.7547 -2.7292 15.0542
v 2.1632 -2.5108 15.2054
v 2.7547 -2.7292 15.0542
v 2.901 -2.5108 15.0549
v 2.2857 -2.3708 15.2054
v 2.901 -2.5108 15.0549
v 3.0179 -2.2756 15.0549
v 2.3893 -2.2154 15.2061
v 3.0179 -2.2756 15.0549
v 3.1026 -2.0257 15.0549
v 2.4719 -2.0495 15.2061
v 3.1026 -2.0257 15.0549
v 3.1544 -1.7681 15.0556
v 2.5314 -1.8745 15.2068
v 3.1544 -1.7681 15.0556
v 3.1719 -1.5056 15.0563
v 2.5678 -1.6911 15.2075
v 2.5804 -1.5056 15.2075
v 3.1719 -1.5056 15.0563
v 2.5678 -1.3201 15.2075
v 2.5678 -1.3201 15.2075
v 3.1544 -1.2445 15.0577
v 2.5321 -1.1381 15.2082
v 2.5678 -1.3201 15.2075
v 2.5321 -1.1381 15.2082
v 2.096 -1.3831 15.2845
v 2.5804 -1.5056 15.2075
v 2.5678 -1.3201 15.2075
v 2.1044 -1.5056 15.2845
v 2.5678 -1.6911 15.2075
v 2.5804 -1.5056 15.2075
v 2.096 -1.6295 15.2845
v 2.5314 -1.8745 15.2068
v 2.5678 -1.6911 15.2075
v 2.0722 -1.7506 15.2845
v 2.0323 -1.8682 15.2838
v 2.4719 -2.0495 15.2061
v 2.0722 -1.7506 15.2845
v 2.3893 -2.2154 15.2061
v 2.4719 -2.0495 15.2061
v 1.977 -1.9788 15.2838
v 2.2857 -2.3708 15.2054
v 2.3893 -2.2154 15.2061
v 1.9084 -2.0824 15.2838
v 2.1632 -2.5108 15.2054
v 2.2857 -2.3708 15.2054
v 1.8272 -2.1734 15.2838
v 1.7341 -2.2553 15.2838
v 2.0232 -2.6319 15.2054
v 1.8272 -2.1734 15.2838
v 1.8685 -2.7355 15.2061
v 2.0232 -2.6319 15.2054
v 1.6312 -2.3239 15.2838
v 1.7019 -2.8174 15.2061
v 1.8685 -2.7355 15.2061
v 1.5199 -2.3778 15.2845
v 1.403 -2.4184 15.2845
v 1.5255 -2.8769 15.2068
v 1.5199 -2.3778 15.2845
v 1.2819 -2.4422 15.2845
v 1.3435 -2.9147 15.2075
v 1.403 -2.4184 15.2845
v 1.158 -2.9259 15.2075
v 1.3435 -2.9147 15.2075
v 1.158 -2.4513 15.2852
v 1.0348 -2.4422 15.2859
v 0.9725 -2.9147 15.2082
v 1.158 -2.4513 15.2852
v 0.7905 -2.8769 15.2096
v 0.9725 -2.9147 15.2082
v 0.9137 -2.4184 15.2866
v 0.7961 -2.3792 15.2873
v 0.6141 -2.8174 15.2103
v 0.9137 -2.4184 15.2866
v 0.4475 -2.7355 15.211
v 0.6141 -2.8174 15.2103
v 0.6855 -2.3253 15.288
v 0.5826 -2.2553 15.288
v 0.2935 -2.6347 15.2124
v 0.6855 -2.3253 15.288
v 0.4895 -2.1748 15.2887
v 0.1535 -2.5122 15.2131
v 0.5826 -2.2553 15.288
v 0.031 -2.3715 15.2138
v 0.1535 -2.5122 15.2131
v 0.4083 -2.0824 15.2894
v -0.0719 -2.2175 15.2145
v 0.031 -2.3715 15.2138
v 0.3397 -1.9788 15.2901
v -0.1545 -2.0509 15.2152
v -0.0719 -2.2175 15.2145
v 0.2851 -1.8682 15.2908
v -0.2133 -1.8766 15.2159
v -0.1545 -2.0509 15.2152
v 0.2452 -1.752 15.2908
v -0.2497 -1.6925 15.2159
v -0.2133 -1.8766 15.2159
v 0.2214 -1.6295 15.2908
v -0.2616 -1.507 15.2166
v -0.2497 -1.6925 15.2159
v 0.213 -1.507 15.2908
v -0.249 -1.3215 15.2166
v -0.2616 -1.507 15.2166
v 0.2214 -1.3831 15.2915
v -0.2126 -1.1395 15.2173
v -0.249 -1.3215 15.2166
v 0.2459 -1.262 15.2915
v 0.2851 -1.1444 15.2915
v -0.1531 -0.9631 15.2173
v 0.2459 -1.262 15.2915
v -0.0705 -0.7972 15.2173
v -0.1531 -0.9631 15.2173
v 0.3404 -1.0345 15.2915
v 0.0324 -0.6432 15.2173
v -0.0705 -0.7972 15.2173
v 0.409 -0.9309 15.2915
v 0.4902 -0.8378 15.2915
v 0.1556 -0.5032 15.2173
v 0.409 -0.9309 15.2915
v 0.2949 -0.3807 15.2173
v 0.1556 -0.5032 15.2173
v 0.5833 -0.7573 15.2915
v 0.6862 -0.6873 15.2915
v 0.4496 -0.2757 15.2166
v 0.5833 -0.7573 15.2915
v 0.7968 -0.6334 15.2908
v 0.6162 -0.1938 15.2166
v 0.6862 -0.6873 15.2915
v 0.9144 -0.5928 15.2908
v 0.7919 -0.1343 15.2159
v 0.7968 -0.6334 15.2908
v 1.0355 -0.569 15.2908
v 0.9739 -0.0965 15.2159
v 0.9144 -0.5928 15.2908
v 1.1594 -0.0853 15.2152
v 0.9739 -0.0965 15.2159
v 1.1587 -0.5613 15.2908
v 1.2819 -0.569 15.2901
v 1.3449 -0.0965 15.2145
v 1.1587 -0.5613 15.2908
v 1.5269 -0.1343 15.2138
v 1.3449 -0.0965 15.2145
v 1.4037 -0.5928 15.2894
v 1.7026 -0.1938 15.2138
v 1.5269 -0.1343 15.2138
v 1.5206 -0.6334 15.2887
v 1.6312 -0.6873 15.288
v 1.8699 -0.2757 15.2131
v 1.5206 -0.6334 15.2887
v 2.0239 -0.3779 15.2124
v 1.8699 -0.2757 15.2131
v 1.7341 -0.7573 15.288
v 1.8272 -0.8378 15.288
v 2.1639 -0.5004 15.211
v 1.7341 -0.7573 15.288
v 2.2864 -0.6411 15.2103
v 2.1639 -0.5004 15.211
v 1.9091 -0.9309 15.2873
v 2.39 -0.7958 15.2103
v 2.2864 -0.6411 15.2103
v 1.9777 -1.0345 15.2866
v 2.4719 -0.9631 15.2096
v 2.39 -0.7958 15.2103
v 2.0323 -1.1444 15.2859
v 2.0722 -1.2606 15.2852
v 2.5321 -1.1381 15.2082
v 2.0323 -1.1444 15.2859
v 2.0722 -1.2606 15.2852
v 2.0323 -1.1444 15.2859
v 1.6886 -1.3642 15.3377
v 2.0323 -1.1444 15.2859
v 1.9777 -1.0345 15.2866
v 1.6655 -1.297 15.3384
v 1.9777 -1.0345 15.2866
v 1.9091 -0.9309 15.2873
v 1.634 -1.2326 15.3384
v 1.9091 -0.9309 15.2873
v 1.8272 -0.8378 15.288
v 1.5941 -1.1724 15.3384
v 1.8272 -0.8378 15.288
v 1.7341 -0.7573 15.288
v 1.5465 -1.1178 15.3391
v 1.7341 -0.7573 15.288
v 1.6312 -0.6873 15.288
v 1.4926 -1.0702 15.3391
v 1.6312 -0.6873 15.288
v 1.5206 -0.6334 15.2887
v 1.4331 -1.031 15.3398
v 1.5206 -0.6334 15.2887
v 1.4037 -0.5928 15.2894
v 1.3687 -0.9981 15.3398
v 1.4037 -0.5928 15.2894
v 1.2819 -0.569 15.2901
v 1.3008 -0.9764 15.3405
v 1.2819 -0.569 15.2901
v 1.1587 -0.5613 15.2908
v 1.2301 -0.9617 15.3405
v 1.1587 -0.5613 15.2908
v 1.0355 -0.569 15.2908
v 1.1587 -0.9568 15.3412
v 1.0355 -0.569 15.2908
v 0.9144 -0.5928 15.2908
v 1.0873 -0.9617 15.3412
v 0.9144 -0.5928 15.2908
v 0.7968 -0.6334 15.2908
v 1.0166 -0.9764 15.3412
v 0.7968 -0.6334 15.2908
v 0.6862 -0.6873 15.2915
v 0.948 -0.9981 15.3412
v 0.6862 -0.6873 15.2915
v 0.5833 -0.7573 15.2915
v 0.8836 -1.031 15.3412
v 0.5833 -0.7573 15.2915
v 0.4902 -0.8378 15.2915
v 0.8241 -1.0702 15.3412
v 0.4902 -0.8378 15.2915
v 0.409 -0.9309 15.2915
v 0.7702 -1.1178 15.3412
v 0.409 -0.9309 15.2915
v 0.3404 -1.0345 15.2915
v 0.7226 -1.1724 15.3412
v 0.3404 -1.0345 15.2915
v 0.2851 -1.1444 15.2915
v 0.6827 -1.2326 15.3412
v 0.2851 -1.1444 15.2915
v 0.2459 -1.262 15.2915
v 0.6512 -1.297 15.3412
v 0.2459 -1.262 15.2915
v 0.2214 -1.3831 15.2915
v 0.6281 -1.3642 15.3412
v 0.2214 -1.3831 15.2915
v 0.213 -1.507 15.2908
v 0.6141 -1.4349 15.3412
v 0.213 -1.507 15.2908
v 0.2214 -1.6295 15.2908
v 0.6092 -1.507 15.3412
v 0.2214 -1.6295 15.2908
v 0.2452 -1.752 15.2908
v 0.6141 -1.5777 15.3412
v 0.2452 -1.752 15.2908
v 0.2851 -1.8682 15.2908
v 0.6281 -1.6484 15.3412
v 0.2851 -1.8682 15.2908
v 0.3397 -1.9788 15.2901
v 0.6505 -1.7163 15.3405
v 0.3397 -1.9788 15.2901
v 0.4083 -2.0824 15.2894
v 0.6827 -1.7807 15.3405
v 0.4083 -2.0824 15.2894
v 0.4895 -2.1748 15.2887
v 0.7226 -1.8402 15.3398
v 0.4895 -2.1748 15.2887
v 0.5826 -2.2553 15.288
v 0.7702 -1.8955 15.3398
v 0.5826 -2.2553 15.288
v 0.6855 -2.3253 15.288
v 0.8241 -1.9424 15.3391
v 0.6855 -2.3253 15.288
v 0.7961 -2.3792 15.2873
v 0.8836 -1.9816 15.3391
v 0.7961 -2.3792 15.2873
v 0.9137 -2.4184 15.2866
v 0.948 -2.0131 15.3384
v 0.9137 -2.4184 15.2866
v 1.0348 -2.4422 15.2859
v 1.0159 -2.0369 15.3384
v 1.0348 -2.4422 15.2859
v 1.158 -2.4513 15.2852
v 1.0866 -2.0495 15.3384
v 1.158 -2.4513 15.2852
v 1.2819 -2.4422 15.2845
v 1.158 -2.0551 15.3377
v 1.2819 -2.4422 15.2845
v 1.403 -2.4184 15.2845
v 1.2301 -2.0495 15.3377
v 1.403 -2.4184 15.2845
v 1.5199 -2.3778 15.2845
v 1.3001 -2.0369 15.337
v 1.5199 -2.3778 15.2845
v 1.6312 -2.3239 15.2838
v 1.3687 -2.0131 15.337
v 1.6312 -2.3239 15.2838
v 1.7341 -2.2553 15.2838
v 1.4331 -1.9816 15.337
v 1.7341 -2.2553 15.2838
v 1.8272 -2.1734 15.2838
v 1.4926 -1.9424 15.337
v 1.8272 -2.1734 15.2838
v 1.9084 -2.0824 15.2838
v 1.5465 -1.8934 15.3363
v 1.9084 -2.0824 15.2838
v 1.977 -1.9788 15.2838
v 1.5941 -1.8402 15.3363
v 1.977 -1.9788 15.2838
v 2.0323 -1.8682 15.2838
v 1.634 -1.7807 15.3363
v 2.0323 -1.8682 15.2838
v 2.0722 -1.7506 15.2845
v 1.6655 -1.7163 15.337
v 2.0722 -1.7506 15.2845
v 2.096 -1.6295 15.2845
v 1.6886 -1.6484 15.337
v 2.096 -1.6295 15.2845
v 2.1044 -1.5056 15.2845
v 1.7026 -1.5777 15.337
v 2.1044 -1.5056 15.2845
v 2.096 -1.3831 15.2845
v 1.7075 -1.5056 15.3377
v 2.096 -1.3831 15.2845
v 2.0722 -1.2606 15.2852
v 1.7026 -1.4349 15.3377
vt 0.844365292481 0.687766541489
vt 0.840366186784 0.714807917104
vt 0.830499072116 0.712206348363
vt 0.845682879036 0.660346295952
vt 0.844365292481 0.687766541489
vt 0.834164465234 0.68728999622
vt 0.845682879036 0.660346295952
vt 0.83536710127 0.661945438493
vt 0.834132282223 0.636576931846
vt 0.844333008435 0.632852945643
vt 0.834132282223 0.636576931846
vt 0.830460189498 0.611684287592
vt 0.840352212465 0.605806098465
vt 0.830460189498 0.611684287592
vt 0.824399215438 0.587665481856
vt 0.833763213288 0.579746788094
vt 0.824399215438 0.587665481856
vt 0.81605997769 0.564896707463
vt 0.824725769282 0.555100865456
vt 0.81605997769 0.564896707463
vt 0.805608321553 0.543803894002
vt 0.813379032934 0.532213746576
vt 0.805608321553 0.543803894002
vt 0.793222462187 0.524738716999
vt 0.799929958861 0.511507145386
vt 0.793222462187 0.524738716999
vt 0.779116051076 0.508024219162
vt 0.784620701633 0.493351396698
vt 0.779116051076 0.508024219162
vt 0.76352755601 0.493859805614
vt 0.767729879304 0.478042613336
vt 0.76352755601 0.493859805614
vt 0.746755452798 0.482644303378
vt 0.749528172676 0.465875694054
vt 0.746755452798 0.482644303378
vt 0.72907361361 0.474501542963
vt 0.730371501582 0.456998024553
vt 0.72907361361 0.474501542963
vt 0.710796767705 0.469505131785
vt 0.710553240825 0.451605709613
vt 0.710796767705 0.469505131785
vt 0.692230050429 0.467780216764
vt 0.690411613544 0.44977352913
vt 0.692230050429 0.467780216764
vt 0.67364707318 0.4694520075
vt 0.670250195209 0.451552270596
vt 0.67364707318 0.4694520075
vt 0.655391567624 0.474321901301
vt 0.650456067884 0.456891140548
vt 0.655391567624 0.474321901301
vt 0.637741286225 0.482415115402
vt 0.631309063602 0.465645357946
vt 0.637741286225 0.482415115402
vt 0.621022617117 0.493633134195
vt 0.613180272608 0.477764169649
vt 0.621022617117 0.493633134195
vt 0.605549519484 0.507652026738
vt 0.596388447149 0.492953622099
vt 0.605549519484 0.507652026738
vt 0.591576118066 0.524298078671
vt 0.581230271254 0.511065759647
vt 0.591576118066 0.524298078671
vt 0.579359501805 0.543322153778
vt 0.567973924419 0.531681866499
vt 0.579359501805 0.543322153778
vt 0.56908352925 0.564375015109
vt 0.556836748035 0.554455240997
vt 0.56908352925 0.564375015109
vt 0.560966289618 0.587028678831
vt 0.54801974842 0.579063366494
vt 0.560966289618 0.587028678831
vt 0.555103141312 0.61101021906
vt 0.541669262198 0.605010105205
vt 0.555103141312 0.61101021906
vt 0.551603452101 0.635867023873
vt 0.537876903791 0.631972294683
vt 0.551603452101 0.635867023873
vt 0.55052273962 0.661172611099
vt 0.536715837379 0.659428539249
vt 0.55052273962 0.661172611099
vt 0.551862294525 0.686504247441
vt 0.538187080934 0.686935423105
vt 0.551862294525 0.686504247441
vt 0.555602779418 0.711457491615
vt 0.542235465475 0.714042940891
vt 0.555602779418 0.711457491615
vt 0.561653563803 0.735635635019
vt 0.557810573788 0.765034288827
vt 0.548807282533 0.740259252612
vt 0.561653563803 0.735635635019
vt 0.569065940891 0.788130904945
vt 0.557810573788 0.765034288827
vt 0.56994130484 0.758588619139
vt 0.582390843235 0.809024306877
vt 0.569065940891 0.788130904945
vt 0.580319316846 0.779816378963
vt 0.59753112737 0.827417432038
vt 0.582390843235 0.809024306877
vt 0.592602321751 0.799037675416
vt 0.614230293729 0.842907154187
vt 0.59753112737 0.827417432038
vt 0.606573843139 0.815939522257
vt 0.632235795366 0.855252456853
vt 0.614230293729 0.842907154187
vt 0.621972986457 0.830234224857
vt 0.651220803206 0.864230750555
vt 0.632235795366 0.855252456853
vt 0.638584450273 0.841635233817
vt 0.67090946207 0.869710884149
vt 0.651220803206 0.864230750555
vt 0.656106185193 0.849921451286
vt 0.690919304787 0.871519693002
vt 0.67090946207 0.869710884149
vt 0.674249808102 0.854956973817
vt 0.71097679922 0.869731991499
vt 0.690919304787 0.871519693002
vt 0.692721909152 0.856692186756
vt 0.730704337755 0.864306762391
vt 0.71097679922 0.869731991499
vt 0.711202042765 0.854962788423
vt 0.749793513495 0.855343882025
vt 0.730704337755 0.864306762391
vt 0.729390605991 0.849941620888
vt 0.76792337599 0.842999721204
vt 0.749793513495 0.855343882025
vt 0.747003575787 0.841739743359
vt 0.784768617958 0.827645282093
vt 0.76792337599 0.842999721204
vt 0.763721077605 0.830397180169
vt 0.800040154849 0.809354215896
vt 0.784768617958 0.827645282093
vt 0.779269421094 0.816238691364
vt 0.813436930165 0.788601599386
vt 0.800040154849 0.809354215896
vt 0.793338148505 0.79933868935
vt 0.824783910682 0.765670745157
vt 0.813436930165 0.788601599386
vt 0.805690011095 0.780221117648
vt 0.833808765543 0.740907928438
vt 0.824783910682 0.765670745157
vt 0.816124185823 0.759084711883
vt 0.840366186784 0.714807917104
vt 0.833808765543 0.740907928438
vt 0.824444455931 0.736243112737
vt 0.830499072116 0.712206348363
vt 0.824444455931 0.736243112737
vt 0.814685791722 0.731327285153
vt 0.824444455931 0.736243112737
vt 0.816124185823 0.759084711883
vt 0.807103663616 0.752157130522
vt 0.816124185823 0.759084711883
vt 0.805690011095 0.780221117648
vt 0.797579770994 0.771499129793
vt 0.805690011095 0.780221117648
vt 0.793338148505 0.79933868935
vt 0.786280550816 0.7890506702
vt 0.793338148505 0.79933868935
vt 0.779269421094 0.816238691364
vt 0.773439360938 0.804421006378
vt 0.779269421094 0.816238691364
vt 0.763721077605 0.830397180169
vt 0.759241570293 0.817364883713
vt 0.763721077605 0.830397180169
vt 0.747003575787 0.841739743359
vt 0.743943721449 0.827750594613
vt 0.747003575787 0.841739743359
vt 0.729390605991 0.849941620888
vt 0.727843835394 0.835255231206
vt 0.729390605991 0.849941620888
vt 0.711202042765 0.854962788423
vt 0.711215032602 0.83979840272
vt 0.711202042765 0.854962788423
vt 0.692721909152 0.856692186756
vt 0.69432038998 0.841333276244
vt 0.692721909152 0.856692186756
vt 0.674249808102 0.854956973817
vt 0.67743841188 0.83978350863
vt 0.674249808102 0.854956973817
vt 0.656106185193 0.849921451286
vt 0.66082915939 0.835199264281
vt 0.656106185193 0.849921451286
vt 0.638584450273 0.841635233817
vt 0.644811222809 0.827612724703
vt 0.638584450273 0.841635233817
vt 0.621972986457 0.830234224857
vt 0.629625148847 0.817250755956
vt 0.621972986457 0.830234224857
vt 0.606573843139 0.815939522257
vt 0.615509086587 0.804182503237
vt 0.606573843139 0.815939522257
vt 0.592602321751 0.799037675416
vt 0.60274357812 0.788768019819
vt 0.592602321751 0.799037675416
vt 0.580319316846 0.779816378963
vt 0.591513630817 0.771158675422
vt 0.580319316846 0.779816378963
vt 0.56994130484 0.758588619139
vt 0.582022752784 0.751758122641
vt 0.56994130484 0.758588619139
vt 0.561653563803 0.735635635019
vt 0.574457509856 0.730823475706
vt 0.555602779418 0.711457491615
vt 0.568925673734 0.708723033622
vt 0.574457509856 0.730823475706
vt 0.551862294525 0.686504247441
vt 0.56552146689 0.685916184713
vt 0.568925673734 0.708723033622
vt 0.55052273962 0.661172611099
vt 0.564299046826 0.662803182322
vt 0.56552146689 0.685916184713
vt 0.551603452101 0.635867023873
vt 0.565296719896 0.639640691948
vt 0.564299046826 0.662803182322
vt 0.555103141312 0.61101021906
vt 0.568514346698 0.616882806857
vt 0.565296719896 0.639640691948
vt 0.560966289618 0.587028678831
vt 0.5738746972 0.594954380871
vt 0.568514346698 0.616882806857
vt 0.56908352925 0.564375015109
vt 0.581306110256 0.574239463365
vt 0.5738746972 0.594954380871
vt 0.579359501805 0.543322153778
vt 0.590697216944 0.554990050593
vt 0.581306110256 0.574239463365
vt 0.591576118066 0.524298078671
vt 0.601876926835 0.537607827033
vt 0.590697216944 0.554990050593
vt 0.605549519484 0.507652026738
vt 0.614665553677 0.522423605934
vt 0.601876926835 0.537607827033
vt 0.621022617117 0.493633134195
vt 0.628799221322 0.509586778242
vt 0.614665553677 0.522423605934
vt 0.637741286225 0.482415115402
vt 0.644079272212 0.499399931008
vt 0.628799221322 0.509586778242
vt 0.655391567624 0.474321901301
vt 0.660207212735 0.491937562688
vt 0.644079272212 0.499399931008
vt 0.67364707318 0.4694520075
vt 0.676890746994 0.487501233262
vt 0.660207212735 0.491937562688
vt 0.692230050429 0.467780216764
vt 0.693872012718 0.485989261845
vt 0.676890746994 0.487501233262
vt 0.710796767705 0.469505131785
vt 0.710851857893 0.487527486014
vt 0.693872012718 0.485989261845
vt 0.72907361361 0.474501542963
vt 0.727557774213 0.4920901515
vt 0.710851857893 0.487527486014
vt 0.746755452798 0.482644303378
vt 0.743718650762 0.499551312148
vt 0.727557774213 0.4920901515
vt 0.76352755601 0.493859805614
vt 0.759048349174 0.509810840674
vt 0.743718650762 0.499551312148
vt 0.779116051076 0.508024219162
vt 0.773275242164 0.522768555896
vt 0.759048349174 0.509810840674
vt 0.793222462187 0.524738716999
vt 0.786159745504 0.537997033618
vt 0.773275242164 0.522768555896
vt 0.805608321553 0.543803894002
vt 0.797474322979 0.555471284181
vt 0.786159745504 0.537997033618
vt 0.81605997769 0.564896707463
vt 0.807033753603 0.574712673696
vt 0.797474322979 0.555471284181
vt 0.824399215438 0.587665481856
vt 0.814634384493 0.595545029233
vt 0.807033753603 0.574712673696
vt 0.830460189498 0.611684287592
vt 0.820158116104 0.617436643245
vt 0.814634384493 0.595545029233
vt 0.834132282223 0.636576931846
vt 0.823511932764 0.640260191317
vt 0.820158116104 0.617436643245
vt 0.83536710127 0.661945438493
vt 0.824646723906 0.663412518045
vt 0.823511932764 0.640260191317
vt 0.83536710127 0.661945438493
vt 0.834164465234 0.68728999622
vt 0.823543962929 0.686565813568
vt 0.834164465234 0.68728999622
vt 0.830499072116 0.712206348363
vt 0.820196704346 0.709362641913
vt 0.823543962929 0.686565813568
vt 0.820196704346 0.709362641913
vt 0.811660305145 0.707016217731
vt 0.824646723906 0.663412518045
vt 0.823543962929 0.686565813568
vt 0.814729724653 0.686064586839
vt 0.824646723906 0.663412518045
vt 0.815729754082 0.664732526196
vt 0.814679165958 0.643375944988
vt 0.823511932764 0.640260191317
vt 0.814679165958 0.643375944988
vt 0.811615372425 0.622452401694
vt 0.820158116104 0.617436643245
vt 0.811615372425 0.622452401694
vt 0.806513395851 0.602188487457
vt 0.814634384493 0.595545029233
vt 0.806513395851 0.602188487457
vt 0.799510607515 0.583070078358
vt 0.807033753603 0.574712673696
vt 0.799510607515 0.583070078358
vt 0.79073158909 0.565324401473
vt 0.797474322979 0.555471284181
vt 0.79073158909 0.565324401473
vt 0.780319512172 0.549284778282
vt 0.786159745504 0.537997033618
vt 0.780319512172 0.549284778282
vt 0.768467613197 0.535202638509
vt 0.773275242164 0.522768555896
vt 0.768467613197 0.535202638509
vt 0.755360780331 0.523334089789
vt 0.759048349174 0.509810840674
vt 0.755360780331 0.523334089789
vt 0.741266808109 0.513880212513
vt 0.743718650762 0.499551312148
vt 0.741266808109 0.513880212513
vt 0.726390747332 0.506967912906
vt 0.727557774213 0.4920901515
vt 0.726390747332 0.506967912906
vt 0.71100243328 0.502825850662
vt 0.710851857893 0.487527486014
vt 0.71100243328 0.502825850662
vt 0.695352565047 0.501377377115
vt 0.693872012718 0.485989261845
vt 0.695352565047 0.501377377115
vt 0.679728252336 0.502699016652
vt 0.676890746994 0.487501233262
vt 0.679728252336 0.502699016652
vt 0.664340797254 0.506867279235
vt 0.660207212735 0.491937562688
vt 0.664340797254 0.506867279235
vt 0.649498875722 0.513654380422
vt 0.644079272212 0.499399931008
vt 0.649498875722 0.513654380422
vt 0.635418739322 0.523060869139
vt 0.628799221322 0.509586778242
vt 0.635418739322 0.523060869139
vt 0.622398865243 0.534884032563
vt 0.614665553677 0.522423605934
vt 0.622398865243 0.534884032563
vt 0.610625965326 0.548921089456
vt 0.601876926835 0.537607827033
vt 0.610625965326 0.548921089456
vt 0.60032198996 0.56489154244
vt 0.590697216944 0.554990050593
vt 0.60032198996 0.56489154244
vt 0.591657620543 0.582593075823
vt 0.581306110256 0.574239463365
vt 0.591657620543 0.582593075823
vt 0.584799210335 0.601718724936
vt 0.5738746972 0.594954380871
vt 0.584799210335 0.601718724936
vt 0.57982369765 0.621914026369
vt 0.568514346698 0.616882806857
vt 0.57982369765 0.621914026369
vt 0.57686186432 0.642873948862
vt 0.565296719896 0.639640691948
vt 0.57686186432 0.642873948862
vt 0.57591076189 0.664210185218
vt 0.564299046826 0.662803182322
vt 0.57591076189 0.664210185218
vt 0.577029705926 0.68557185213
vt 0.56552146689 0.685916184713
vt 0.577029705926 0.68557185213
vt 0.580144100159 0.706526630149
vt 0.568925673734 0.708723033622
vt 0.580144100159 0.706526630149
vt 0.585235295523 0.726896505383
vt 0.582022752784 0.751758122641
vt 0.574457509856 0.730823475706
vt 0.585235295523 0.726896505383
vt 0.591513630817 0.771158675422
vt 0.582022752784 0.751758122641
vt 0.592228695747 0.746172866715
vt 0.60274357812 0.788768019819
vt 0.591513630817 0.771158675422
vt 0.600975108295 0.764050547476
vt 0.615509086587 0.804182503237
vt 0.60274357812 0.788768019819
vt 0.611325340627 0.780249811551
vt 0.629625148847 0.817250755956
vt 0.615509086587 0.804182503237
vt 0.623092902072 0.794465492269
vt 0.644811222809 0.827612724703
vt 0.629625148847 0.817250755956
vt 0.636091301956 0.806494145185
vt 0.66082915939 0.835199264281
vt 0.644811222809 0.827612724703
vt 0.650112233354 0.816023935907
vt 0.67743841188 0.83978350863
vt 0.66082915939 0.835199264281
vt 0.664878504343 0.822984946751
vt 0.69432038998 0.841333276244
vt 0.67743841188 0.83978350863
vt 0.68018494099 0.827199337677
vt 0.711215032602 0.83979840272
vt 0.69432038998 0.841333276244
vt 0.695751796707 0.82866728252
vt 0.727843835394 0.835255231206
vt 0.711215032602 0.83979840272
vt 0.711332184328 0.827229484448
vt 0.743943721449 0.827750594613
vt 0.727843835394 0.835255231206
vt 0.726664078773 0.822988105136
vt 0.759241570293 0.817364883713
vt 0.743943721449 0.827750594613
vt 0.741495729416 0.816084397447
vt 0.773439360938 0.804421006378
vt 0.759241570293 0.817364883713
vt 0.755561726588 0.806537219652
vt 0.786280550816 0.7890506702
vt 0.773439360938 0.804421006378
vt 0.768638449182 0.794601131388
vt 0.797579770994 0.771499129793
vt 0.786280550816 0.7890506702
vt 0.780476860254 0.78038994825
vt 0.807103663616 0.752157130522
vt 0.797579770994 0.771499129793
vt 0.790854969553 0.764291924891
vt 0.814685791722 0.731327285153
vt 0.807103663616 0.752157130522
vt 0.799617073252 0.746496543172
vt 0.820196704346 0.709362641913
vt 0.814685791722 0.731327285153
vt 0.806589470664 0.727277530916
vt 0.811660305145 0.707016217731
vt 0.806589470664 0.727277530916
vt 0.799025203464 0.723592216007
vt 0.806589470664 0.727277530916
vt 0.799617073252 0.746496543172
vt 0.792650569029 0.741205059839
vt 0.799617073252 0.746496543172
vt 0.790854969553 0.764291924891
vt 0.784631964304 0.757452750947
vt 0.790854969553 0.764291924891
vt 0.780476860254 0.78038994825
vt 0.775132200433 0.772268845705
vt 0.780476860254 0.78038994825
vt 0.768638449182 0.794601131388
vt 0.764295540894 0.785237414199
vt 0.768638449182 0.794601131388
vt 0.755561726588 0.806537219652
vt 0.752328966677 0.796204322
vt 0.755561726588 0.806537219652
vt 0.741495729416 0.816084397447
vt 0.739444575945 0.804970576736
vt 0.741495729416 0.816084397447
vt 0.726664078773 0.822988105136
vt 0.725838896198 0.811292147573
vt 0.726664078773 0.822988105136
vt 0.711332184328 0.827229484448
vt 0.711804154139 0.815181900072
vt 0.711332184328 0.827229484448
vt 0.695751796707 0.82866728252
vt 0.697523464987 0.816504661407
vt 0.695751796707 0.82866728252
vt 0.68018494099 0.827199337677
vt 0.683237655912 0.815150693191
vt 0.68018494099 0.827199337677
vt 0.664878504343 0.822984946751
vt 0.669214827813 0.811331932624
vt 0.664878504343 0.822984946751
vt 0.650112233354 0.816023935907
vt 0.655662108006 0.804945522731
vt 0.650112233354 0.816023935907
vt 0.636091301956 0.806494145185
vt 0.642802428117 0.796241743035
vt 0.636091301956 0.806494145185
vt 0.623092902072 0.794465492269
vt 0.630884159641 0.785252900233
vt 0.623092902072 0.794465492269
vt 0.611325340627 0.780249811551
vt 0.620098143127 0.772241542136
vt 0.611325340627 0.780249811551
vt 0.600975108295 0.764050547476
vt 0.610608513951 0.757375477845
vt 0.600975108295 0.764050547476
vt 0.592228695747 0.746172866715
vt 0.602587517861 0.740994564169
vt 0.592228695747 0.746172866715
vt 0.585235295523 0.726896505383
vt 0.596185783893 0.723355555243
vt 0.580144100159 0.706526630149
vt 0.591535112451 0.704689529785
vt 0.596185783893 0.723355555243
vt 0.577029705926 0.68557185213
vt 0.588673160795 0.685458645235
vt 0.591535112451 0.704689529785
vt 0.57591076189 0.664210185218
vt 0.587675243441 0.665919655726
vt 0.588673160795 0.685458645235
vt 0.57686186432 0.642873948862
vt 0.588558302556 0.646274848626
vt 0.587675243441 0.665919655726
vt 0.57982369765 0.621914026369
vt 0.591286451114 0.627118690506
vt 0.588558302556 0.646274848626
vt 0.584799210335 0.601718724936
vt 0.595857529392 0.608628552696
vt 0.591286451114 0.627118690506
vt 0.591657620543 0.582593075823
vt 0.602160230754 0.591115531207
vt 0.595857529392 0.608628552696
vt 0.60032198996 0.56489154244
vt 0.610100206811 0.574861882597
vt 0.602160230754 0.591115531207
vt 0.610625965326 0.548921089456
vt 0.619542930056 0.560225542523
vt 0.610100206811 0.574861882597
vt 0.622398865243 0.534884032563
vt 0.630339703908 0.547362147918
vt 0.619542930056 0.560225542523
vt 0.635418739322 0.523060869139
vt 0.64228322892 0.536553686309
vt 0.630339703908 0.547362147918
vt 0.649498875722 0.513654380422
vt 0.655181774958 0.527953155568
vt 0.64228322892 0.536553686309
vt 0.664340797254 0.506867279235
vt 0.668778005916 0.521715432785
vt 0.655181774958 0.527953155568
vt 0.679728252336 0.502699016652
vt 0.682865656231 0.517942311615
vt 0.668778005916 0.521715432785
vt 0.695352565047 0.501377377115
vt 0.697173718075 0.516709506732
vt 0.682865656231 0.517942311615
vt 0.71100243328 0.502825850662
vt 0.711507773142 0.51804341983
vt 0.697173718075 0.516709506732
vt 0.726390747332 0.506967912906
vt 0.72560140985 0.521840954151
vt 0.711507773142 0.51804341983
vt 0.741266808109 0.513880212513
vt 0.739224631448 0.528178731026
vt 0.72560140985 0.521840954151
vt 0.755360780331 0.523334089789
vt 0.752132822078 0.536825819312
vt 0.739224631448 0.528178731026
vt 0.768467613197 0.535202638509
vt 0.764111427469 0.547707273179
vt 0.752132822078 0.536825819312
vt 0.780319512172 0.549284778282
vt 0.774961960554 0.560616888581
vt 0.764111427469 0.547707273179
vt 0.79073158909 0.565324401473
vt 0.784496087144 0.575349626261
vt 0.774961960554 0.560616888581
vt 0.799510607515 0.583070078358
vt 0.79252544097 0.591546431717
vt 0.784496087144 0.575349626261
vt 0.806513395851 0.602188487457
vt 0.798936906121 0.609104834077
vt 0.79252544097 0.591546431717
vt 0.811615372425 0.622452401694
vt 0.803598526003 0.627665689292
vt 0.798936906121 0.609104834077
vt 0.814679165958 0.643375944988
vt 0.806428262895 0.646789666294
vt 0.803598526003 0.627665689292
vt 0.815729754082 0.664732526196
vt 0.807375898892 0.666325124419
vt 0.806428262895 0.646789666294
vt 0.815729754082 0.664732526196
vt 0.814729724653 0.686064586839
vt 0.806460136369 0.685861414564
vt 0.814729724653 0.686064586839
vt 0.811660305145 0.707016217731
vt 0.803655566742 0.705034821828
vt 0.806460136369 0.685861414564
vt 0.803655566742 0.705034821828
vt 0.795362032406 0.702963527632
vt 0.807375898892 0.666325124419
vt 0.806460136369 0.685861414564
vt 0.797884070528 0.685616435186
vt 0.806428262895 0.646789666294
vt 0.807375898892 0.666325124419
vt 0.79871410596 0.667984938099
vt 0.806428262895 0.646789666294
vt 0.797852247872 0.650302354915
vt 0.79529860542 0.632957514228
vt 0.803598526003 0.627665689292
vt 0.79529860542 0.632957514228
vt 0.791085045383 0.616258947553
vt 0.798936906121 0.609104834077
vt 0.791085045383 0.616258947553
vt 0.785300352661 0.60041931878
vt 0.79252544097 0.591546431717
vt 0.785300352661 0.60041931878
vt 0.778046344737 0.585693065113
vt 0.784496087144 0.575349626261
vt 0.778046344737 0.585693065113
vt 0.769443508596 0.572367638455
vt 0.774961960554 0.560616888581
vt 0.769443508596 0.572367638455
vt 0.759630639714 0.560755164487
vt 0.764111427469 0.547707273179
vt 0.759630639714 0.560755164487
vt 0.748810898626 0.550905523474
vt 0.752132822078 0.536825819312
vt 0.748810898626 0.550905523474
vt 0.737141490349 0.543052772424
vt 0.739224631448 0.528178731026
vt 0.737141490349 0.543052772424
vt 0.72482589334 0.537377021665
vt 0.72560140985 0.521840954151
vt 0.72482589334 0.537377021665
vt 0.712073168659 0.533878271197
vt 0.711507773142 0.51804341983
vt 0.712073168659 0.533878271197
vt 0.699138952278 0.532765263425
vt 0.697173718075 0.516709506732
vt 0.699138952278 0.532765263425
vt 0.686184616164 0.533803428564
vt 0.682865656231 0.517942311615
vt 0.686184616164 0.533803428564
vt 0.673438253761 0.537200404293
vt 0.668778005916 0.521715432785
vt 0.673438253761 0.537200404293
vt 0.661150472242 0.542879653754
vt 0.655181774958 0.527953155568
vt 0.661150472242 0.542879653754
vt 0.649488450088 0.550685351537
vt 0.64228322892 0.536553686309
vt 0.649488450088 0.550685351537
vt 0.638680448628 0.560462359093
vt 0.630339703908 0.547362147918
vt 0.638680448628 0.560462359093
vt 0.6289357752 0.572055497826
vt 0.619542930056 0.560225542523
vt 0.6289357752 0.572055497826
vt 0.620366131198 0.58533364178
vt 0.610100206811 0.574861882597
vt 0.620366131198 0.58533364178
vt 0.613186246516 0.600041171883
vt 0.602160230754 0.591115531207
vt 0.613186246516 0.600041171883
vt 0.607465057003 0.615834725356
vt 0.595857529392 0.608628552696
vt 0.607465057003 0.615834725356
vt 0.603343169537 0.632591243446
vt 0.591286451114 0.627118690506
vt 0.603343169537 0.632591243446
vt 0.600854219482 0.649942420093
vt 0.588558302556 0.646274848626
vt 0.600854219482 0.649942420093
vt 0.600055522654 0.66767971997
vt 0.587675243441 0.665919655726
vt 0.600055522654 0.66767971997
vt 0.600951474367 0.68531727997
vt 0.588673160795 0.685458645235
vt 0.600951474367 0.68531727997
vt 0.603518769406 0.702795638636
vt 0.591535112451 0.704689529785
vt 0.603518769406 0.702795638636
vt 0.60772152647 0.719651622513
vt 0.596185783893 0.723355555243
vt 0.60772152647 0.719651622513
vt 0.613502694558 0.735599976489
vt 0.610608513951 0.757375477845
vt 0.602587517861 0.740994564169
vt 0.613502694558 0.735599976489
vt 0.620098143127 0.772241542136
vt 0.610608513951 0.757375477845
vt 0.620748171668 0.750381377735
vt 0.630884159641 0.785252900233
vt 0.620098143127 0.772241542136
vt 0.629343855799 0.763840232553
vt 0.642802428117 0.796241743035
vt 0.630884159641 0.785252900233
vt 0.639096584278 0.775581627549
vt 0.655662108006 0.804945522731
vt 0.642802428117 0.796241743035
vt 0.64989800805 0.785487546486
vt 0.669214827813 0.811331932624
vt 0.655662108006 0.804945522731
vt 0.661517145241 0.7933967226
vt 0.683237655912 0.815150693191
vt 0.669214827813 0.811331932624
vt 0.673779107745 0.799147129516
vt 0.697523464987 0.816504661407
vt 0.683237655912 0.815150693191
vt 0.6864969212 0.802641326008
vt 0.711804154139 0.815181900072
vt 0.697523464987 0.816504661407
vt 0.699404341091 0.803749807433
vt 0.725838896198 0.811292147573
vt 0.711804154139 0.815181900072
vt 0.712325652885 0.802621794501
vt 0.739444575945 0.804970576736
vt 0.725838896198 0.811292147573
vt 0.725041542801 0.799114953538
vt 0.752328966677 0.796204322
vt 0.739444575945 0.804970576736
vt 0.737338583638 0.793352543093
vt 0.764295540894 0.785237414199
vt 0.752328966677 0.796204322
vt 0.749002299659 0.785484131282
vt 0.775132200433 0.772268845705
vt 0.764295540894 0.785237414199
vt 0.759815056521 0.775548276206
vt 0.784631964304 0.757452750947
vt 0.775132200433 0.772268845705
vt 0.769594896425 0.763818308293
vt 0.792650569029 0.741205059839
vt 0.784631964304 0.757452750947
vt 0.778188177053 0.7504409919
vt 0.799025203464 0.723592216007
vt 0.792650569029 0.741205059839
vt 0.785425488976 0.735658655002
vt 0.803655566742 0.705034821828
vt 0.799025203464 0.723592216007
vt 0.791179642107 0.719814073404
vt 0.783083806669 0.715719464264
vt 0.786797455812 0.700758922184
vt 0.795362032406 0.702963527632
vt 0.777925841574 0.729943530173
vt 0.783083806669 0.715719464264
vt 0.791179642107 0.719814073404
vt 0.771469893351 0.743100835371
vt 0.777925841574 0.729943530173
vt 0.785425488976 0.735658655002
vt 0.763811336537 0.755061422355
vt 0.771469893351 0.743100835371
vt 0.778188177053 0.7504409919
vt 0.755072687511 0.765526735591
vt 0.763811336537 0.755061422355
vt 0.769594896425 0.763818308293
vt 0.745394002402 0.774397351933
vt 0.755072687511 0.765526735591
vt 0.759815056521 0.775548276206
vt 0.734991266396 0.781443918582
vt 0.745394002402 0.774397351933
vt 0.749002299659 0.785484131282
vt 0.724012277458 0.786555827645
vt 0.734991266396 0.781443918582
vt 0.737338583638 0.793352543093
vt 0.712620345987 0.789720254245
vt 0.724012277458 0.786555827645
vt 0.725041542801 0.799114953538
vt 0.701083713887 0.79075281066
vt 0.712620345987 0.789720254245
vt 0.712325652885 0.802621794501
vt 0.68952278789 0.789739114155
vt 0.701083713887 0.79075281066
vt 0.699404341091 0.803749807433
vt 0.678172340167 0.786580700071
vt 0.68952278789 0.789739114155
vt 0.6864969212 0.802641326008
vt 0.667205008169 0.781486669776
vt 0.678172340167 0.786580700071
vt 0.673779107745 0.799147129516
vt 0.656809222343 0.774450941564
vt 0.667205008169 0.781486669776
vt 0.661517145241 0.7933967226
vt 0.647164666229 0.765590117996
vt 0.656809222343 0.774450941564
vt 0.64989800805 0.785487546486
vt 0.638418206438 0.755075530196
vt 0.647164666229 0.765590117996
vt 0.639096584278 0.775581627549
vt 0.630745873287 0.743096223698
vt 0.638418206438 0.755075530196
vt 0.629343855799 0.763840232553
vt 0.624281932608 0.729887599721
vt 0.630745873287 0.743096223698
vt 0.620748171668 0.750381377735
vt 0.619122288564 0.715632748102
vt 0.624281932608 0.729887599721
vt 0.613502694558 0.735599976489
vt 0.603518769406 0.702795638636
vt 0.615362845321 0.700593225752
vt 0.619122288564 0.715632748102
vt 0.600951474367 0.68531727997
vt 0.613061145376 0.68500443389
vt 0.615362845321 0.700593225752
vt 0.600055522654 0.66767971997
vt 0.612272294874 0.669202724733
vt 0.613061145376 0.68500443389
vt 0.600854219482 0.649942420093
vt 0.612979518642 0.653401701352
vt 0.612272294874 0.669202724733
vt 0.603343169537 0.632591243446
vt 0.61522107846 0.637889057577
vt 0.612979518642 0.653401701352
vt 0.607465057003 0.615834725356
vt 0.618920157775 0.622926308842
vt 0.61522107846 0.637889057577
vt 0.613186246516 0.600041171883
vt 0.624035612878 0.608720283164
vt 0.618920157775 0.622926308842
vt 0.620366131198 0.58533364178
vt 0.630457524762 0.595615913268
vt 0.624035612878 0.608720283164
vt 0.6289357752 0.572055497826
vt 0.638100525576 0.583763732485
vt 0.630457524762 0.595615913268
vt 0.646838716227 0.573378991964
vt 0.638100525576 0.583763732485
vt 0.6289357752 0.572055497826
vt 0.649488450088 0.550685351537
vt 0.656493154042 0.564614911164
vt 0.646838716227 0.573378991964
vt 0.661150472242 0.542879653754
vt 0.666894095717 0.557629863557
vt 0.656493154042 0.564614911164
vt 0.673438253761 0.537200404293
vt 0.677891877325 0.552581505032
vt 0.666894095717 0.557629863557
vt 0.689268033134 0.549545537031
vt 0.677891877325 0.552581505032
vt 0.673438253761 0.537200404293
vt 0.700843120581 0.548524921469
vt 0.689268033134 0.549545537031
vt 0.686184616164 0.533803428564
vt 0.712073168659 0.533878271197
vt 0.712413098983 0.549646877144
vt 0.700843120581 0.548524921469
vt 0.72482589334 0.537377021665
vt 0.723795235345 0.552704224306
vt 0.712413098983 0.549646877144
vt 0.737141490349 0.543052772424
vt 0.734798586433 0.557801597453
vt 0.723795235345 0.552704224306
vt 0.748810898626 0.550905523474
vt 0.745226849485 0.564833358359
vt 0.734798586433 0.557801597453
vt 0.759630639714 0.560755164487
vt 0.754913026567 0.573591980063
vt 0.745226849485 0.564833358359
vt 0.769443508596 0.572367638455
vt 0.763660272604 0.584024038269
vt 0.754913026567 0.573591980063
vt 0.778046344737 0.585693065113
vt 0.771334330565 0.595894363178
vt 0.763660272604 0.584024038269
vt 0.785300352661 0.60041931878
vt 0.777820103032 0.609020049877
vt 0.771334330565 0.595894363178
vt 0.791085045383 0.616258947553
vt 0.782989448977 0.623220850247
vt 0.777820103032 0.609020049877
vt 0.79529860542 0.632957514228
vt 0.786734227108 0.638125799216
vt 0.782989448977 0.623220850247
vt 0.797852247872 0.650302354915
vt 0.789015756019 0.653681684008
vt 0.786734227108 0.638125799216
vt 0.789795228382 0.669427929328
vt 0.789015756019 0.653681684008
vt 0.797852247872 0.650302354915
vt 0.789053738114 0.685223816162
vt 0.789795228382 0.669427929328
vt 0.79871410596 0.667984938099
vt 0.786797455812 0.700758922184
vt 0.789053738114 0.685223816162
vt 0.797884070528 0.685616435186
vt 0.789053738114 0.685223816162
vt 0.786797455812 0.700758922184
vt 0.77835116489 0.698330513405
vt 0.789795228382 0.669427929328
vt 0.789053738114 0.685223816162
vt 0.780334436361 0.684683386487
vt 0.789795228382 0.669427929328
vt 0.780984976391 0.670668139885
vt 0.780302872344 0.656706178331
vt 0.789015756019 0.653681684008
vt 0.780302872344 0.656706178331
vt 0.778288211571 0.643008184029
vt 0.786734227108 0.638125799216
vt 0.778288211571 0.643008184029
vt 0.774960393847 0.629758485634
vt 0.782989448977 0.623220850247
vt 0.774960393847 0.629758485634
vt 0.770396753261 0.617220399375
vt 0.777820103032 0.609020049877
vt 0.770396753261 0.617220399375
vt 0.764674617144 0.605578216511
vt 0.771334330565 0.595894363178
vt 0.764674617144 0.605578216511
vt 0.757871306072 0.595095212428
vt 0.763660272604 0.584024038269
vt 0.757871306072 0.595095212428
vt 0.750141376815 0.585876642491
vt 0.754913026567 0.573591980063
vt 0.750141376815 0.585876642491
vt 0.741586719607 0.578082123242
vt 0.745226849485 0.564833358359
vt 0.741586719607 0.578082123242
vt 0.732356186548 0.571893906945
vt 0.734798586433 0.557801597453
vt 0.732356186548 0.571893906945
vt 0.722623574285 0.567443657779
vt 0.723795235345 0.552704224306
vt 0.722623574285 0.567443657779
vt 0.712571967742 0.564628868343
vt 0.712413098983 0.549646877144
vt 0.712571967742 0.564628868343
vt 0.702321937866 0.563734905322
vt 0.700843120581 0.548524921469
vt 0.702321937866 0.563734905322
vt 0.692090772505 0.564631692532
vt 0.677891877325 0.552581505032
vt 0.689268033134 0.549545537031
vt 0.692090772505 0.564631692532
vt 0.677891877325 0.552581505032
vt 0.68202161709 0.567295952445
vt 0.672295045715 0.571776355891
vt 0.666894095717 0.557629863557
vt 0.672295045715 0.571776355891
vt 0.663089139408 0.577995535872
vt 0.646838716227 0.573378991964
vt 0.656493154042 0.564614911164
vt 0.663089139408 0.577995535872
vt 0.638100525576 0.583763732485
vt 0.646838716227 0.573378991964
vt 0.654542557323 0.585665849004
vt 0.638100525576 0.583763732485
vt 0.646822315901 0.594889308641
vt 0.6400703777 0.60538035117
vt 0.630457524762 0.595615913268
vt 0.6400703777 0.60538035117
vt 0.634374281083 0.617026855568
vt 0.624035612878 0.608720283164
vt 0.634374281083 0.617026855568
vt 0.629839949567 0.629572428562
vt 0.618920157775 0.622926308842
vt 0.629839949567 0.629572428562
vt 0.626577632121 0.642800989915
vt 0.61522107846 0.637889057577
vt 0.626577632121 0.642800989915
vt 0.624590349427 0.656530715937
vt 0.612979518642 0.653401701352
vt 0.624590349427 0.656530715937
vt 0.623952760741 0.670547133644
vt 0.612272294874 0.669202724733
vt 0.623952760741 0.670547133644
vt 0.624651036761 0.684567585782
vt 0.613061145376 0.68500443389
vt 0.624651036761 0.684567585782
vt 0.626682541572 0.69829882507
vt 0.615362845321 0.700593225752
vt 0.626682541572 0.69829882507
vt 0.62998655466 0.71155176932
vt 0.619122288564 0.715632748102
vt 0.62998655466 0.71155176932
vt 0.634565800869 0.72419871413
vt 0.630745873287 0.743096223698
vt 0.624281932608 0.729887599721
vt 0.634565800869 0.72419871413
vt 0.638418206438 0.755075530196
vt 0.630745873287 0.743096223698
vt 0.640285028202 0.73589713808
vt 0.647164666229 0.765590117996
vt 0.638418206438 0.755075530196
vt 0.647066949803 0.746488954359
vt 0.656809222343 0.774450941564
vt 0.647164666229 0.765590117996
vt 0.654792251662 0.755757789742
vt 0.667205008169 0.781486669776
vt 0.656809222343 0.774450941564
vt 0.663332262551 0.763556568563
vt 0.678172340167 0.786580700071
vt 0.667205008169 0.781486669776
vt 0.672525426067 0.769821310182
vt 0.68952278789 0.789739114155
vt 0.678172340167 0.786580700071
vt 0.682243823306 0.774326587302
vt 0.701083713887 0.79075281066
vt 0.68952278789 0.789739114155
vt 0.692286472165 0.777086928737
vt 0.712620345987 0.789720254245
vt 0.701083713887 0.79075281066
vt 0.702517455646 0.778023233137
vt 0.724012277458 0.786555827645
vt 0.712620345987 0.789720254245
vt 0.712732875502 0.777068759935
vt 0.734991266396 0.781443918582
vt 0.724012277458 0.786555827645
vt 0.72279329875 0.774296608284
vt 0.745394002402 0.774397351933
vt 0.734991266396 0.781443918582
vt 0.732524870532 0.769785926949
vt 0.755072687511 0.765526735591
vt 0.745394002402 0.774397351933
vt 0.741729150167 0.763504728277
vt 0.763811336537 0.755061422355
vt 0.755072687511 0.765526735591
vt 0.750281328867 0.755701895071
vt 0.771469893351 0.743100835371
vt 0.763811336537 0.755061422355
vt 0.7580161959 0.746418927706
vt 0.777925841574 0.729943530173
vt 0.771469893351 0.743100835371
vt 0.764790404162 0.735877646387
vt 0.783083806669 0.715719464264
vt 0.777925841574 0.729943530173
vt 0.770501970429 0.724230580841
vt 0.786797455812 0.700758922184
vt 0.783083806669 0.715719464264
vt 0.775035074611 0.711635835097
vt 0.767461669029 0.70765336662
vt 0.770361735915 0.695944039549
vt 0.77835116489 0.698330513405
vt 0.763462600914 0.718718753434
vt 0.767461669029 0.70765336662
vt 0.775035074611 0.711635835097
vt 0.758426585043 0.729000032791
vt 0.763462600914 0.718718753434
vt 0.770501970429 0.724230580841
vt 0.752452678034 0.738323897136
vt 0.758426585043 0.729000032791
vt 0.764790404162 0.735877646387
vt 0.745649073981 0.746488705292
vt 0.752452678034 0.738323897136
vt 0.7580161959 0.746418927706
vt 0.738101836281 0.753377803245
vt 0.745649073981 0.746488705292
vt 0.750281328867 0.755701895071
vt 0.738101836281 0.753377803245
vt 0.741729150167 0.763504728277
vt 0.732524870532 0.769785926949
vt 0.729971788899 0.758916913181
vt 0.732524870532 0.769785926949
vt 0.72279329875 0.774296608284
vt 0.712530867107 0.765341660611
vt 0.72139967143 0.762899906266
vt 0.72279329875 0.774296608284
vt 0.703506331973 0.76614184815
vt 0.712530867107 0.765341660611
vt 0.712732875502 0.777068759935
vt 0.694505091437 0.76535914871
vt 0.703506331973 0.76614184815
vt 0.702517455646 0.778023233137
vt 0.685630838598 0.762923009157
vt 0.694505091437 0.76535914871
vt 0.692286472165 0.777086928737
vt 0.677071171827 0.75895673159
vt 0.685630838598 0.762923009157
vt 0.682243823306 0.774326587302
vt 0.668957773982 0.753427904207
vt 0.677071171827 0.75895673159
vt 0.672525426067 0.769821310182
vt 0.661442485678 0.746542859475
vt 0.668957773982 0.753427904207
vt 0.663332262551 0.763556568563
vt 0.65462629396 0.738386729562
vt 0.661442485678 0.746542859475
vt 0.654792251662 0.755757789742
vt 0.648648400118 0.729017507922
vt 0.65462629396 0.738386729562
vt 0.647066949803 0.746488954359
vt 0.643599258285 0.718716195443
vt 0.648648400118 0.729017507922
vt 0.640285028202 0.73589713808
vt 0.643599258285 0.718716195443
vt 0.634565800869 0.72419871413
vt 0.62998655466 0.71155176932
vt 0.639576298002 0.707668837681
vt 0.62998655466 0.71155176932
vt 0.626682541572 0.69829882507
vt 0.636643976208 0.695911299754
vt 0.626682541572 0.69829882507
vt 0.624651036761 0.684567585782
vt 0.634857396043 0.683783028649
vt 0.624651036761 0.684567585782
vt 0.623952760741 0.670547133644
vt 0.634252446645 0.671465623813
vt 0.623952760741 0.670547133644
vt 0.624590349427 0.656530715937
vt 0.634812633609 0.65909580063
vt 0.624590349427 0.656530715937
vt 0.626577632121 0.642800989915
vt 0.636560298282 0.646994542202
vt 0.626577632121 0.642800989915
vt 0.629839949567 0.629572428562
vt 0.639447527116 0.63533749346
vt 0.629839949567 0.629572428562
vt 0.634374281083 0.617026855568
vt 0.643441259285 0.624263972937
vt 0.634374281083 0.617026855568
vt 0.6400703777 0.60538035117
vt 0.648466946488 0.614041171676
vt 0.6400703777 0.60538035117
vt 0.646822315901 0.594889308641
vt 0.654420985805 0.60476966448
vt 0.646822315901 0.594889308641
vt 0.654542557323 0.585665849004
vt 0.668754220745 0.589855946833
vt 0.661228746938 0.596637377228
vt 0.654542557323 0.585665849004
vt 0.668754220745 0.589855946833
vt 0.663089139408 0.577995535872
vt 0.672295045715 0.571776355891
vt 0.676880834937 0.584372250846
vt 0.672295045715 0.571776355891
vt 0.68202161709 0.567295952445
vt 0.694335418984 0.578012065185
vt 0.685449140662 0.580396121035
vt 0.68202161709 0.567295952445
vt 0.694335418984 0.578012065185
vt 0.692090772505 0.564631692532
vt 0.702321937866 0.563734905322
vt 0.712388632521 0.578058148003
vt 0.703352717006 0.57718810827
vt 0.702321937866 0.563734905322
vt 0.721278202609 0.580493164148
vt 0.712388632521 0.578058148003
vt 0.712571967742 0.564628868343
vt 0.721278202609 0.580493164148
vt 0.722623574285 0.567443657779
vt 0.732356186548 0.571893906945
vt 0.737984592053 0.589940110487
vt 0.729852172671 0.584434977481
vt 0.732356186548 0.571893906945
vt 0.737984592053 0.589940110487
vt 0.741586719607 0.578082123242
vt 0.750141376815 0.585876642491
vt 0.745515328855 0.596768592773
vt 0.750141376815 0.585876642491
vt 0.757871306072 0.595095212428
vt 0.752327928384 0.60492042434
vt 0.757871306072 0.595095212428
vt 0.764674617144 0.605578216511
vt 0.75833101767 0.61413344155
vt 0.764674617144 0.605578216511
vt 0.770396753261 0.617220399375
vt 0.763377498506 0.624402857468
vt 0.770396753261 0.617220399375
vt 0.774960393847 0.629758485634
vt 0.767401145536 0.63546927518
vt 0.774960393847 0.629758485634
vt 0.778288211571 0.643008184029
vt 0.770318576819 0.647171428434
vt 0.778288211571 0.643008184029
vt 0.780302872344 0.656706178331
vt 0.772090897835 0.659218196698
vt 0.780302872344 0.656706178331
vt 0.780984976391 0.670668139885
vt 0.772122260591 0.68389567103
vt 0.772704610781 0.671533960072
vt 0.780984976391 0.670668139885
vt 0.770361735915 0.695944039549
vt 0.772122260591 0.68389567103
vt 0.780334436361 0.684683386487
vt 0.772122260591 0.68389567103
vt 0.770361735915 0.695944039549
vt 0.758765977949 0.692335805328
vt 0.772704610781 0.671533960072
vt 0.772122260591 0.68389567103
vt 0.760185295633 0.682482324818
vt 0.772090897835 0.659218196698
vt 0.772704610781 0.671533960072
vt 0.760661806934 0.672545612024
vt 0.772090897835 0.659218196698
vt 0.760168058006 0.662560132441
vt 0.758717886651 0.652761414259
vt 0.770318576819 0.647171428434
vt 0.758717886651 0.652761414259
vt 0.756356054969 0.643259075102
vt 0.767401145536 0.63546927518
vt 0.756356054969 0.643259075102
vt 0.753096336863 0.634315697072
vt 0.763377498506 0.624402857468
vt 0.753096336863 0.634315697072
vt 0.749011310423 0.626008349079
vt 0.75833101767 0.61413344155
vt 0.749011310423 0.626008349079
vt 0.744170638337 0.618529082024
vt 0.752327928384 0.60492042434
vt 0.744170638337 0.618529082024
vt 0.738646806884 0.611901546448
vt 0.745515328855 0.596768592773
vt 0.738646806884 0.611901546448
vt 0.732537410259 0.606338675223
vt 0.737984592053 0.589940110487
vt 0.732537410259 0.606338675223
vt 0.725959561497 0.60197355139
vt 0.729852172671 0.584434977481
vt 0.725959561497 0.60197355139
vt 0.719015691274 0.598755122523
vt 0.712388632521 0.578058148003
vt 0.721278202609 0.580493164148
vt 0.719015691274 0.598755122523
vt 0.703352717006 0.57718810827
vt 0.712388632521 0.578058148003
vt 0.711813080609 0.596785449981
vt 0.694335418984 0.578012065185
vt 0.703352717006 0.57718810827
vt 0.704497870309 0.596122142761
vt 0.694335418984 0.578012065185
vt 0.697186691632 0.596738624511
vt 0.690011517043 0.598712787648
vt 0.685449140662 0.580396121035
vt 0.690011517043 0.598712787648
vt 0.683069976004 0.601885084225
vt 0.676880834937 0.584372250846
vt 0.683069976004 0.601885084225
vt 0.676498761532 0.606308917999
vt 0.661228746938 0.596637377228
vt 0.668754220745 0.589855946833
vt 0.676498761532 0.606308917999
vt 0.661228746938 0.596637377228
vt 0.670391779043 0.611822242853
vt 0.664873888991 0.618456621701
vt 0.654420985805 0.60476966448
vt 0.664873888991 0.618456621701
vt 0.660054886783 0.62591419358
vt 0.648466946488 0.614041171676
vt 0.660054886783 0.62591419358
vt 0.655981078965 0.634280325764
vt 0.643441259285 0.624263972937
vt 0.655981078965 0.634280325764
vt 0.65276608159 0.643206368281
vt 0.639447527116 0.63533749346
vt 0.65276608159 0.643206368281
vt 0.650403362906 0.652712276108
vt 0.636560298282 0.646994542202
vt 0.650403362906 0.652712276108
vt 0.649000739319 0.662514673263
vt 0.634812633609 0.65909580063
vt 0.649000739319 0.662514673263
vt 0.648535372004 0.672477273755
vt 0.634252446645 0.671465623813
vt 0.648535372004 0.672477273755
vt 0.649026850976 0.682466943412
vt 0.634857396043 0.683783028649
vt 0.649026850976 0.682466943412
vt 0.650471915199 0.692266399817
vt 0.636643976208 0.695911299754
vt 0.650471915199 0.692266399817
vt 0.652838167144 0.701777395566
vt 0.639576298002 0.707668837681
vt 0.652838167144 0.701777395566
vt 0.656099397643 0.710751552551
vt 0.643599258285 0.718716195443
vt 0.656099397643 0.710751552551
vt 0.660180817848 0.719113229979
vt 0.65462629396 0.738386729562
vt 0.648648400118 0.729017507922
vt 0.660180817848 0.719113229979
vt 0.661442485678 0.746542859475
vt 0.65462629396 0.738386729562
vt 0.665020196901 0.726644384106
vt 0.668957773982 0.753427904207
vt 0.661442485678 0.746542859475
vt 0.670527063263 0.733221736638
vt 0.677071171827 0.75895673159
vt 0.668957773982 0.753427904207
vt 0.676639294368 0.738840446696
vt 0.685630838598 0.762923009157
vt 0.677071171827 0.75895673159
vt 0.683196619682 0.743308736144
vt 0.694505091437 0.76535914871
vt 0.685630838598 0.762923009157
vt 0.690124668876 0.746525322455
vt 0.703506331973 0.76614184815
vt 0.694505091437 0.76535914871
vt 0.697306257776 0.748490288585
vt 0.712530867107 0.765341660611
vt 0.703506331973 0.76614184815
vt 0.704628733037 0.74910271402
vt 0.72139967143 0.762899906266
vt 0.712530867107 0.765341660611
vt 0.711941844034 0.74847930998
vt 0.72139967143 0.762899906266
vt 0.719122475063 0.746503539354
vt 0.726068490353 0.743276488534
vt 0.738101836281 0.753377803245
vt 0.729971788899 0.758916913181
vt 0.726068490353 0.743276488534
vt 0.745649073981 0.746488705292
vt 0.738101836281 0.753377803245
vt 0.732643234342 0.738851488943
vt 0.752452678034 0.738323897136
vt 0.745649073981 0.746488705292
vt 0.738743838039 0.73327671452
vt 0.758426585043 0.729000032791
vt 0.752452678034 0.738323897136
vt 0.744263616279 0.726642562533
vt 0.763462600914 0.718718753434
vt 0.758426585043 0.729000032791
vt 0.749099855519 0.719103559016
vt 0.767461669029 0.70765336662
vt 0.763462600914 0.718718753434
vt 0.753174511896 0.710792870482
vt 0.770361735915 0.695944039549
vt 0.767461669029 0.70765336662
vt 0.756403885453 0.701759333408
vt 0.758765977949 0.692335805328
vt 0.756403885453 0.701759333408
vt 0.742313613654 0.694113672544
vt 0.756403885453 0.701759333408
vt 0.753174511896 0.710792870482
vt 0.740023985252 0.700510831198
vt 0.753174511896 0.710792870482
vt 0.749099855519 0.719103559016
vt 0.737120900932 0.706422212124
vt 0.749099855519 0.719103559016
vt 0.744263616279 0.726642562533
vt 0.733693386022 0.711803326809
vt 0.744263616279 0.726642562533
vt 0.738743838039 0.73327671452
vt 0.729780410881 0.71649399756
vt 0.738743838039 0.73327671452
vt 0.732643234342 0.738851488943
vt 0.725469731925 0.720404405313
vt 0.732643234342 0.738851488943
vt 0.726068490353 0.743276488534
vt 0.720786127006 0.723539198993
vt 0.726068490353 0.743276488534
vt 0.719122475063 0.746503539354
vt 0.71586210655 0.72581305935
vt 0.711941844034 0.74847930998
vt 0.710766205454 0.727262673453
vt 0.71586210655 0.72581305935
vt 0.711941844034 0.74847930998
vt 0.704628733037 0.74910271402
vt 0.705571985734 0.727695757444
vt 0.697306257776 0.748490288585
vt 0.700377535431 0.727272762112
vt 0.705571985734 0.727695757444
vt 0.697306257776 0.748490288585
vt 0.690124668876 0.746525322455
vt 0.695276616835 0.725828095812
vt 0.690124668876 0.746525322455
vt 0.683196619682 0.743308736144
vt 0.690356493657 0.723559046167
vt 0.683196619682 0.743308736144
vt 0.676639294368 0.738840446696
vt 0.685687087607 0.720428866372
vt 0.676639294368 0.738840446696
vt 0.670527063263 0.733221736638
vt 0.681355236017 0.716420619139
vt 0.670527063263 0.733221736638
vt 0.665020196901 0.726644384106
vt 0.677450898078 0.711738622359
vt 0.665020196901 0.726644384106
vt 0.660180817848 0.719113229979
vt 0.673997815277 0.706387768897
vt 0.660180817848 0.719113229979
vt 0.656099397643 0.710751552551
vt 0.671113706347 0.700501830088
vt 0.652838167144 0.701777395566
vt 0.668798571287 0.694161068735
vt 0.671113706347 0.700501830088
vt 0.650471915199 0.692266399817
vt 0.667130889253 0.687418993373
vt 0.668798571287 0.694161068735
vt 0.649026850976 0.682466943412
vt 0.666106973164 0.680458878223
vt 0.667130889253 0.687418993373
vt 0.648535372004 0.672477273755
vt 0.665753824807 0.673369154756
vt 0.666106973164 0.680458878223
vt 0.649000739319 0.662514673263
vt 0.666083667331 0.666275740545
vt 0.665753824807 0.673369154756
vt 0.650403362906 0.652712276108
vt 0.66710385105 0.659239680601
vt 0.666083667331 0.666275740545
vt 0.65276608159 0.643206368281
vt 0.668748094597 0.652574777218
vt 0.66710385105 0.659239680601
vt 0.655981078965 0.634280325764
vt 0.671059278746 0.646204440502
vt 0.668748094597 0.652574777218
vt 0.660054886783 0.62591419358
vt 0.673939271034 0.64031590993
vt 0.671059278746 0.646204440502
vt 0.664873888991 0.618456621701
vt 0.677368416413 0.634935904126
vt 0.673939271034 0.64031590993
vt 0.670391779043 0.611822242853
vt 0.681287828096 0.630251640009
vt 0.677368416413 0.634935904126
vt 0.670391779043 0.611822242853
vt 0.676498761532 0.606308917999
vt 0.685595272987 0.62639401377
vt 0.683069976004 0.601885084225
vt 0.690259627674 0.623261654215
vt 0.685595272987 0.62639401377
vt 0.683069976004 0.601885084225
vt 0.690011517043 0.598712787648
vt 0.695198385333 0.620985361249
vt 0.697186691632 0.596738624511
vt 0.700289395667 0.619535678108
vt 0.695198385333 0.620985361249
vt 0.697186691632 0.596738624511
vt 0.704497870309 0.596122142761
vt 0.705482580005 0.619105090304
vt 0.711813080609 0.596785449981
vt 0.710680208788 0.619533025596
vt 0.705482580005 0.619105090304
vt 0.711813080609 0.596785449981
vt 0.719015691274 0.598755122523
vt 0.715774981031 0.620974622767
vt 0.725959561497 0.60197355139
vt 0.720712624592 0.623245243796
vt 0.715774981031 0.620974622767
vt 0.732537410259 0.606338675223
vt 0.725380476491 0.626374381751
vt 0.720712624592 0.623245243796
vt 0.738646806884 0.611901546448
vt 0.729709813333 0.630329715637
vt 0.725380476491 0.626374381751
vt 0.744170638337 0.618529082024
vt 0.733632290917 0.634956457984
vt 0.729709813333 0.630329715637
vt 0.749011310423 0.626008349079
vt 0.737064458803 0.640305293067
vt 0.733632290917 0.634956457984
vt 0.753096336863 0.634315697072
vt 0.739972416878 0.646245745004
vt 0.737064458803 0.640305293067
vt 0.756356054969 0.643259075102
vt 0.742286730004 0.652584255221
vt 0.739972416878 0.646245745004
vt 0.758717886651 0.652761414259
vt 0.743959233213 0.659273981584
vt 0.742286730004 0.652584255221
vt 0.760168058006 0.662560132441
vt 0.744984558761 0.666284956309
vt 0.743959233213 0.659273981584
vt 0.760661806934 0.672545612024
vt 0.745337605245 0.673372634592
vt 0.744984558761 0.666284956309
vt 0.760661806934 0.672545612024
vt 0.760185295633 0.682482324818
vt 0.744984558761 0.680460312876
vt 0.760185295633 0.682482324818
vt 0.758765977949 0.692335805328
vt 0.743989674552 0.687418420217
vt 0.743989674552 0.687418420217
vt 0.731668687713 0.68318492255
vt 0.732332031701 0.678488852691
vt 0.744984558761 0.680460312876
vt 0.732332031701 0.678488852691
vt 0.732567971933 0.673796857675
vt 0.745337605245 0.673372634592
vt 0.732567971933 0.673796857675
vt 0.732332031701 0.669051239859
vt 0.744984558761 0.666284956309
vt 0.732332031701 0.669051239859
vt 0.731663534377 0.664412867643
vt 0.742286730004 0.652584255221
vt 0.743959233213 0.659273981584
vt 0.731663534377 0.664412867643
vt 0.742286730004 0.652584255221
vt 0.730537690099 0.659904995434
vt 0.728984451456 0.655668888449
vt 0.739972416878 0.646245745004
vt 0.728984451456 0.655668888449
vt 0.727057649089 0.651700889502
vt 0.737064458803 0.640305293067
vt 0.727057649089 0.651700889502
vt 0.724776944246 0.64821548502
vt 0.729709813333 0.630329715637
vt 0.733632290917 0.634956457984
vt 0.724776944246 0.64821548502
vt 0.729709813333 0.630329715637
vt 0.722161998176 0.645078620987
vt 0.719271794626 0.642451162225
vt 0.725380476491 0.626374381751
vt 0.719271794626 0.642451162225
vt 0.716150464126 0.640389853161
vt 0.715774981031 0.620974622767
vt 0.720712624592 0.623245243796
vt 0.716150464126 0.640389853161
vt 0.710680208788 0.619533025596
vt 0.715774981031 0.620974622767
vt 0.712866962564 0.638834791956
vt 0.710680208788 0.619533025596
vt 0.709465490887 0.637923204352
vt 0.705989954592 0.637577716488
vt 0.700289395667 0.619535678108
vt 0.705482580005 0.619105090304
vt 0.705989954592 0.637577716488
vt 0.700289395667 0.619535678108
vt 0.702533926229 0.637929340668
vt 0.699136733095 0.638844057472
vt 0.690259627674 0.623261654215
vt 0.695198385333 0.620985361249
vt 0.699136733095 0.638844057472
vt 0.690259627674 0.623261654215
vt 0.695837705989 0.640348718263
vt 0.692735170827 0.642416548034
vt 0.681287828096 0.630251640009
vt 0.685595272987 0.62639401377
vt 0.692735170827 0.642416548034
vt 0.677368416413 0.634935904126
vt 0.681287828096 0.630251640009
vt 0.689844581488 0.645097986279
vt 0.677368416413 0.634935904126
vt 0.687233451734 0.648184936914
vt 0.684956506513 0.651727889691
vt 0.673939271034 0.64031590993
vt 0.684956506513 0.651727889691
vt 0.683033433314 0.655700058872
vt 0.671059278746 0.646204440502
vt 0.683033433314 0.655700058872
vt 0.681503587003 0.659940572493
vt 0.668748094597 0.652574777218
vt 0.681503587003 0.659940572493
vt 0.680382646489 0.664392156115
vt 0.66710385105 0.659239680601
vt 0.680382646489 0.664392156115
vt 0.679714015306 0.669085090655
vt 0.666083667331 0.666275740545
vt 0.679714015306 0.669085090655
vt 0.679478027829 0.673778025196
vt 0.665753824807 0.673369154756
vt 0.679478027829 0.673778025196
vt 0.679718013829 0.678528565333
vt 0.666106973164 0.680458878223
vt 0.679718013829 0.678528565333
vt 0.68040632595 0.683167969557
vt 0.668798571287 0.694161068735
vt 0.667130889253 0.687418993373
vt 0.68040632595 0.683167969557
vt 0.668798571287 0.694161068735
vt 0.681507625343 0.687673286955
vt 0.683061244131 0.691883613332
vt 0.671113706347 0.700501830088
vt 0.683061244131 0.691883613332
vt 0.684988518069 0.695852583419
vt 0.677450898078 0.711738622359
vt 0.673997815277 0.706387768897
vt 0.684988518069 0.695852583419
vt 0.677450898078 0.711738622359
vt 0.687269781099 0.699419293026
vt 0.689885367158 0.702503290053
vt 0.685687087607 0.720428866372
vt 0.681355236017 0.716420619139
vt 0.689885367158 0.702503290053
vt 0.690356493657 0.723559046167
vt 0.685687087607 0.720428866372
vt 0.692776278066 0.705185026599
vt 0.695276616835 0.725828095812
vt 0.690356493657 0.723559046167
vt 0.695879157453 0.707245352661
vt 0.700377535431 0.727272762112
vt 0.695276616835 0.725828095812
vt 0.699182982125 0.708800725252
vt 0.700377535431 0.727272762112
vt 0.702585134913 0.709712495391
vt 0.70604628457 0.710007479848
vt 0.710766205454 0.727262673453
vt 0.705571985734 0.727695757444
vt 0.70604628457 0.710007479848
vt 0.710766205454 0.727262673453
vt 0.709502773026 0.709707829628
vt 0.712919778187 0.708791434504
vt 0.71586210655 0.72581305935
vt 0.712919778187 0.708791434504
vt 0.716198981136 0.707231520658
vt 0.725469731925 0.720404405313
vt 0.720786127006 0.723539198993
vt 0.716198981136 0.707231520658
vt 0.725469731925 0.720404405313
vt 0.719301063323 0.705162202952
vt 0.722191652662 0.702480764708
vt 0.733693386022 0.711803326809
vt 0.729780410881 0.71649399756
vt 0.722191652662 0.702480764708
vt 0.733693386022 0.711803326809
vt 0.724806947778 0.699397110727
vt 0.727102568599 0.695826441332
vt 0.737120900932 0.706422212124
vt 0.727102568599 0.695826441332
vt 0.729024490318 0.691853732961
vt 0.740023985252 0.700510831198
vt 0.729024490318 0.691853732961
vt 0.730553075314 0.687639888003
vt 0.743989674552 0.687418420217
vt 0.742313613654 0.694113672544
vt 0.730553075314 0.687639888003
vt 0.730553075314 0.687639888003
vt 0.720617973744 0.682098556997
vt 0.721262992317 0.67951624632
vt 0.729024490318 0.691853732961
vt 0.719731679812 0.684569437981
vt 0.720617973744 0.682098556997
vt 0.727102568599 0.695826441332
vt 0.718609040832 0.686879174552
vt 0.719731679812 0.684569437981
vt 0.724806947778 0.699397110727
vt 0.717274593663 0.688978262832
vt 0.718609040832 0.686879174552
vt 0.722191652662 0.702480764708
vt 0.715758012475 0.690804606863
vt 0.717274593663 0.688978262832
vt 0.719301063323 0.705162202952
vt 0.714088634964 0.692312940214
vt 0.715758012475 0.690804606863
vt 0.716198981136 0.707231520658
vt 0.712276575504 0.693575294364
vt 0.714088634964 0.692312940214
vt 0.712919778187 0.708791434504
vt 0.710370722364 0.694412243132
vt 0.712276575504 0.693575294364
vt 0.709502773026 0.709707829628
vt 0.708381351887 0.694976286279
vt 0.710370722364 0.694412243132
vt 0.70604628457 0.710007479848
vt 0.70637688359 0.695168649814
vt 0.708381351887 0.694976286279
vt 0.702585134913 0.709712495391
vt 0.704367771605 0.694980631242
vt 0.70637688359 0.695168649814
vt 0.699182982125 0.708800725252
vt 0.702378356796 0.694416575526
vt 0.704367771605 0.694980631242
vt 0.695879157453 0.707245352661
vt 0.700448033516 0.693583921849
vt 0.702378356796 0.694416575526
vt 0.692776278066 0.705185026599
vt 0.698635893293 0.692321511436
vt 0.700448033516 0.693583921849
vt 0.689885367158 0.702503290053
vt 0.696961633306 0.690817362859
vt 0.698635893293 0.692321511436
vt 0.687269781099 0.699419293026
vt 0.695444950728 0.68899089673
vt 0.696961633306 0.690817362859
vt 0.684988518069 0.695852583419
vt 0.694105542738 0.686895832641
vt 0.695444950728 0.68899089673
vt 0.683061244131 0.691883613332
vt 0.692982803687 0.684585890184
vt 0.694105542738 0.686895832641
vt 0.681507625343 0.687673286955
vt 0.692096430753 0.68211478895
vt 0.692982803687 0.684585890184
vt 0.68040632595 0.683167969557
vt 0.691446423934 0.679536248533
vt 0.692096430753 0.68211478895
vt 0.679718013829 0.678528565333
vt 0.691052480407 0.676823409135
vt 0.691446423934 0.679536248533
vt 0.679478027829 0.673778025196
vt 0.690914600173 0.674056850145
vt 0.691052480407 0.676823409135
vt 0.679714015306 0.669085090655
vt 0.691052480407 0.671344010748
vt 0.690914600173 0.674056850145
vt 0.680382646489 0.664392156115
vt 0.691446423934 0.66863117135
vt 0.691052480407 0.671344010748
vt 0.681503587003 0.659940572493
vt 0.692072453324 0.666022071406
vt 0.691446423934 0.66863117135
vt 0.683033433314 0.655700058872
vt 0.692978503244 0.663551025238
vt 0.692072453324 0.666022071406
vt 0.684956506513 0.651727889691
vt 0.694096892006 0.661264399826
vt 0.692978503244 0.663551025238
vt 0.687233451734 0.648184936914
vt 0.695436240303 0.659142570508
vt 0.694096892006 0.661264399826
vt 0.689844581488 0.645097986279
vt 0.696948466569 0.657339538291
vt 0.695436240303 0.659142570508
vt 0.692735170827 0.642416548034
vt 0.698622614634 0.655835490265
vt 0.696948466569 0.657339538291
vt 0.695837705989 0.640348718263
vt 0.700430167514 0.654623434758
vt 0.698622614634 0.655835490265
vt 0.699136733095 0.638844057472
vt 0.702340623324 0.65371028309
vt 0.700430167514 0.654623434758
vt 0.702533926229 0.637929340668
vt 0.704329860815 0.653226849854
vt 0.702340623324 0.65371028309
vt 0.705989954592 0.637577716488
vt 0.706334196069 0.653008581211
vt 0.704329860815 0.653226849854
vt 0.709465490887 0.637923204352
vt 0.7083627792 0.65322343564
vt 0.706334196069 0.653008581211
vt 0.712866962564 0.638834791956
vt 0.710327590848 0.65370343327
vt 0.7083627792 0.65322343564
vt 0.716150464126 0.640389853161
vt 0.712257656064 0.654616544245
vt 0.710327590848 0.65370343327
vt 0.719271794626 0.642451162225
vt 0.714069554022 0.655825073477
vt 0.712257656064 0.654616544245
vt 0.722161998176 0.645078620987
vt 0.715743590179 0.657329020965
vt 0.714069554022 0.655825073477
vt 0.724776944246 0.64821548502
vt 0.717255229199 0.659205407975
vt 0.715743590179 0.657329020965
vt 0.727057649089 0.651700889502
vt 0.718594428285 0.661246434088
vt 0.717255229199 0.659205407975
vt 0.728984451456 0.655668888449
vt 0.719716992225 0.663529160662
vt 0.718594428285 0.661246434088
vt 0.730537690099 0.659904995434
vt 0.720608142305 0.666003575226
vt 0.719716992225 0.663529160662
vt 0.731663534377 0.664412867643
vt 0.721258062225 0.668608627124
vt 0.720608142305 0.666003575226
vt 0.732332031701 0.669051239859
vt 0.721651953085 0.671321103844
vt 0.721258062225 0.668608627124
vt 0.732567971933 0.673796857675
vt 0.721794756827 0.674091172002
vt 0.721651953085 0.671321103844
vt 0.732332031701 0.678488852691
vt 0.721656891954 0.676803709161
vt 0.721794756827 0.674091172002
vt 0.731668687713 0.68318492255
vt 0.721262992317 0.67951624632
vt 0.721656891954 0.676803709161
vt 0.706499840986 0.674230932246
vt 0.721656891954 0.676803709161
vt 0.721262992317 0.67951624632
vt 0.706499840986 0.674230932246
vt 0.721794756827 0.674091172002
vt 0.721656891954 0.676803709161
vt 0.706499840986 0.674230932246
vt 0.721651953085 0.671321103844
vt 0.721794756827 0.674091172002
vt 0.706499840986 0.674230932246
vt 0.721258062225 0.668608627124
vt 0.721651953085 0.671321103844
vt 0.706499840986 0.674230932246
vt 0.720608142305 0.666003575226
vt 0.721258062225 0.668608627124
vt 0.706499840986 0.674230932246
vt 0.719716992225 0.663529160662
vt 0.720608142305 0.666003575226
vt 0.706499840986 0.674230932246
vt 0.718594428285 0.661246434088
vt 0.719716992225 0.663529160662
vt 0.706499840986 0.674230932246
vt 0.717255229199 0.659205407975
vt 0.718594428285 0.661246434088
vt 0.706499840986 0.674230932246
vt 0.715743590179 0.657329020965
vt 0.717255229199 0.659205407975
vt 0.706499840986 0.674230932246
vt 0.714069554022 0.655825073477
vt 0.715743590179 0.657329020965
vt 0.706499840986 0.674230932246
vt 0.712257656064 0.654616544245
vt 0.714069554022 0.655825073477
vt 0.706499840986 0.674230932246
vt 0.710327590848 0.65370343327
vt 0.712257656064 0.654616544245
vt 0.706499840986 0.674230932246
vt 0.7083627792 0.65322343564
vt 0.710327590848 0.65370343327
vt 0.706499840986 0.674230932246
vt 0.706334196069 0.653008581211
vt 0.7083627792 0.65322343564
vt 0.706499840986 0.674230932246
vt 0.704329860815 0.653226849854
vt 0.706334196069 0.653008581211
vt 0.706499840986 0.674230932246
vt 0.702340623324 0.65371028309
vt 0.704329860815 0.653226849854
vt 0.706499840986 0.674230932246
vt 0.700430167514 0.654623434758
vt 0.702340623324 0.65371028309
vt 0.706499840986 0.674230932246
vt 0.698622614634 0.655835490265
vt 0.700430167514 0.654623434758
vt 0.706499840986 0.674230932246
vt 0.696948466569 0.657339538291
vt 0.698622614634 0.655835490265
vt 0.706499840986 0.674230932246
vt 0.695436240303 0.659142570508
vt 0.696948466569 0.657339538291
vt 0.706499840986 0.674230932246
vt 0.694096892006 0.661264399826
vt 0.695436240303 0.659142570508
vt 0.706499840986 0.674230932246
vt 0.692978503244 0.663551025238
vt 0.694096892006 0.661264399826
vt 0.706499840986 0.674230932246
vt 0.692072453324 0.666022071406
vt 0.692978503244 0.663551025238
vt 0.706499840986 0.674230932246
vt 0.691446423934 0.66863117135
vt 0.692072453324 0.666022071406
vt 0.706499840986 0.674230932246
vt 0.691052480407 0.671344010748
vt 0.691446423934 0.66863117135
vt 0.706499840986 0.674230932246
vt 0.690914600173 0.674056850145
vt 0.691052480407 0.671344010748
vt 0.706499840986 0.674230932246
vt 0.691052480407 0.676823409135
vt 0.690914600173 0.674056850145
vt 0.706499840986 0.674230932246
vt 0.691446423934 0.679536248533
vt 0.691052480407 0.676823409135
vt 0.706499840986 0.674230932246
vt 0.692096430753 0.68211478895
vt 0.691446423934 0.679536248533
vt 0.706499840986 0.674230932246
vt 0.692982803687 0.684585890184
vt 0.692096430753 0.68211478895
vt 0.706499840986 0.674230932246
vt 0.694105542738 0.686895832641
vt 0.692982803687 0.684585890184
vt 0.706499840986 0.674230932246
vt 0.695444950728 0.68899089673
vt 0.694105542738 0.686895832641
vt 0.706499840986 0.674230932246
vt 0.696961633306 0.690817362859
vt 0.695444950728 0.68899089673
vt 0.706499840986 0.674230932246
vt 0.698635893293 0.692321511436
vt 0.696961633306 0.690817362859
vt 0.706499840986 0.674230932246
vt 0.700448033516 0.693583921849
vt 0.698635893293 0.692321511436
vt 0.706499840986 0.674230932246
vt 0.702378356796 0.694416575526
vt 0.700448033516 0.693583921849
vt 0.706499840986 0.674230932246
vt 0.704367771605 0.694980631242
vt 0.702378356796 0.694416575526
vt 0.706499840986 0.674230932246
vt 0.70637688359 0.695168649814
vt 0.704367771605 0.694980631242
vt 0.706499840986 0.674230932246
vt 0.708381351887 0.694976286279
vt 0.70637688359 0.695168649814
vt 0.706499840986 0.674230932246
vt 0.710370722364 0.694412243132
vt 0.708381351887 0.694976286279
vt 0.706499840986 0.674230932246
vt 0.712276575504 0.693575294364
vt 0.710370722364 0.694412243132
vt 0.706499840986 0.674230932246
vt 0.714088634964 0.692312940214
vt 0.712276575504 0.693575294364
vt 0.706499840986 0.674230932246
vt 0.715758012475 0.690804606863
vt 0.714088634964 0.692312940214
vt 0.706499840986 0.674230932246
vt 0.717274593663 0.688978262832
vt 0.715758012475 0.690804606863
vt 0.706499840986 0.674230932246
vt 0.718609040832 0.686879174552
vt 0.717274593663 0.688978262832
vt 0.706499840986 0.674230932246
vt 0.719731679812 0.684569437981
vt 0.718609040832 0.686879174552
vt 0.706499840986 0.674230932246
vt 0.720617973744 0.682098556997
vt 0.719731679812 0.684569437981
vt 0.706499840986 0.674230932246
vt 0.721262992317 0.67951624632
vt 0.720617973744 0.682098556997
vt 0.834164465234 0.68728999622
vt 0.844365292481 0.687766541489
vt 0.830499072116 0.712206348363
vt 0.83536710127 0.661945438493
vt 0.845682879036 0.660346295952
vt 0.834164465234 0.68728999622
vt 0.844333008435 0.632852945643
vt 0.845682879036 0.660346295952
vt 0.834132282223 0.636576931846
vt 0.840352212465 0.605806098465
vt 0.844333008435 0.632852945643
vt 0.830460189498 0.611684287592
vt 0.833763213288 0.579746788094
vt 0.840352212465 0.605806098465
vt 0.824399215438 0.587665481856
vt 0.824725769282 0.555100865456
vt 0.833763213288 0.579746788094
vt 0.81605997769 0.564896707463
vt 0.813379032934 0.532213746576
vt 0.824725769282 0.555100865456
vt 0.805608321553 0.543803894002
vt 0.799929958861 0.511507145386
vt 0.813379032934 0.532213746576
vt 0.793222462187 0.524738716999
vt 0.784620701633 0.493351396698
vt 0.799929958861 0.511507145386
vt 0.779116051076 0.508024219162
vt 0.767729879304 0.478042613336
vt 0.784620701633 0.493351396698
vt 0.76352755601 0.493859805614
vt 0.749528172676 0.465875694054
vt 0.767729879304 0.478042613336
vt 0.746755452798 0.482644303378
vt 0.730371501582 0.456998024553
vt 0.749528172676 0.465875694054
vt 0.72907361361 0.474501542963
vt 0.710553240825 0.451605709613
vt 0.730371501582 0.456998024553
vt 0.710796767705 0.469505131785
vt 0.690411613544 0.44977352913
vt 0.710553240825 0.451605709613
vt 0.692230050429 0.467780216764
vt 0.670250195209 0.451552270596
vt 0.690411613544 0.44977352913
vt 0.67364707318 0.4694520075
vt 0.650456067884 0.456891140548
vt 0.670250195209 0.451552270596
vt 0.655391567624 0.474321901301
vt 0.631309063602 0.465645357946
vt 0.650456067884 0.456891140548
vt 0.637741286225 0.482415115402
vt 0.613180272608 0.477764169649
vt 0.631309063602 0.465645357946
vt 0.621022617117 0.493633134195
vt 0.596388447149 0.492953622099
vt 0.613180272608 0.477764169649
vt 0.605549519484 0.507652026738
vt 0.581230271254 0.511065759647
vt 0.596388447149 0.492953622099
vt 0.591576118066 0.524298078671
vt 0.567973924419 0.531681866499
vt 0.581230271254 0.511065759647
vt 0.579359501805 0.543322153778
vt 0.556836748035 0.554455240997
vt 0.567973924419 0.531681866499
vt 0.56908352925 0.564375015109
vt 0.54801974842 0.579063366494
vt 0.556836748035 0.554455240997
vt 0.560966289618 0.587028678831
vt 0.541669262198 0.605010105205
vt 0.54801974842 0.579063366494
vt 0.555103141312 0.61101021906
vt 0.537876903791 0.631972294683
vt 0.541669262198 0.605010105205
vt 0.551603452101 0.635867023873
vt 0.536715837379 0.659428539249
vt 0.537876903791 0.631972294683
vt 0.55052273962 0.661172611099
vt 0.538187080934 0.686935423105
vt 0.536715837379 0.659428539249
vt 0.551862294525 0.686504247441
vt 0.542235465475 0.714042940891
vt 0.538187080934 0.686935423105
vt 0.555602779418 0.711457491615
vt 0.548807282533 0.740259252612
vt 0.542235465475 0.714042940891
vt 0.561653563803 0.735635635019
vt 0.56994130484 0.758588619139
vt 0.557810573788 0.765034288827
vt 0.561653563803 0.735635635019
vt 0.580319316846 0.779816378963
vt 0.569065940891 0.788130904945
vt 0.56994130484 0.758588619139
vt 0.592602321751 0.799037675416
vt 0.582390843235 0.809024306877
vt 0.580319316846 0.779816378963
vt 0.606573843139 0.815939522257
vt 0.59753112737 0.827417432038
vt 0.592602321751 0.799037675416
vt 0.621972986457 0.830234224857
vt 0.614230293729 0.842907154187
vt 0.606573843139 0.815939522257
vt 0.638584450273 0.841635233817
vt 0.632235795366 0.855252456853
vt 0.621972986457 0.830234224857
vt 0.656106185193 0.849921451286
vt 0.651220803206 0.864230750555
vt 0.638584450273 0.841635233817
vt 0.674249808102 0.854956973817
vt 0.67090946207 0.869710884149
vt 0.656106185193 0.849921451286
vt 0.692721909152 0.856692186756
vt 0.690919304787 0.871519693002
vt 0.674249808102 0.854956973817
vt 0.711202042765 0.854962788423
vt 0.71097679922 0.869731991499
vt 0.692721909152 0.856692186756
vt 0.729390605991 0.849941620888
vt 0.730704337755 0.864306762391
vt 0.711202042765 0.854962788423
vt 0.747003575787 0.841739743359
vt 0.749793513495 0.855343882025
vt 0.729390605991 0.849941620888
vt 0.763721077605 0.830397180169
vt 0.76792337599 0.842999721204
vt 0.747003575787 0.841739743359
vt 0.779269421094 0.816238691364
vt 0.784768617958 0.827645282093
vt 0.763721077605 0.830397180169
vt 0.793338148505 0.79933868935
vt 0.800040154849 0.809354215896
vt 0.779269421094 0.816238691364
vt 0.805690011095 0.780221117648
vt 0.813436930165 0.788601599386
vt 0.793338148505 0.79933868935
vt 0.816124185823 0.759084711883
vt 0.824783910682 0.765670745157
vt 0.805690011095 0.780221117648
vt 0.824444455931 0.736243112737
vt 0.833808765543 0.740907928438
vt 0.816124185823 0.759084711883
vt 0.830499072116 0.712206348363
vt 0.840366186784 0.714807917104
vt 0.824444455931 0.736243112737
vt 0.820196704346 0.709362641913
vt 0.830499072116 0.712206348363
vt 0.814685791722 0.731327285153
vt 0.814685791722 0.731327285153
vt 0.824444455931 0.736243112737
vt 0.807103663616 0.752157130522
vt 0.807103663616 0.752157130522
vt 0.816124185823 0.759084711883
vt 0.797579770994 0.771499129793
vt 0.797579770994 0.771499129793
vt 0.805690011095 0.780221117648
vt 0.786280550816 0.7890506702
vt 0.786280550816 0.7890506702
vt 0.793338148505 0.79933868935
vt 0.773439360938 0.804421006378
vt 0.773439360938 0.804421006378
vt 0.779269421094 0.816238691364
vt 0.759241570293 0.817364883713
vt 0.759241570293 0.817364883713
vt 0.763721077605 0.830397180169
vt 0.743943721449 0.827750594613
vt 0.743943721449 0.827750594613
vt 0.747003575787 0.841739743359
vt 0.727843835394 0.835255231206
vt 0.727843835394 0.835255231206
vt 0.729390605991 0.849941620888
vt 0.711215032602 0.83979840272
vt 0.711215032602 0.83979840272
vt 0.711202042765 0.854962788423
vt 0.69432038998 0.841333276244
vt 0.69432038998 0.841333276244
vt 0.692721909152 0.856692186756
vt 0.67743841188 0.83978350863
vt 0.67743841188 0.83978350863
vt 0.674249808102 0.854956973817
vt 0.66082915939 0.835199264281
vt 0.66082915939 0.835199264281
vt 0.656106185193 0.849921451286
vt 0.644811222809 0.827612724703
vt 0.644811222809 0.827612724703
vt 0.638584450273 0.841635233817
vt 0.629625148847 0.817250755956
vt 0.629625148847 0.817250755956
vt 0.621972986457 0.830234224857
vt 0.615509086587 0.804182503237
vt 0.615509086587 0.804182503237
vt 0.606573843139 0.815939522257
vt 0.60274357812 0.788768019819
vt 0.60274357812 0.788768019819
vt 0.592602321751 0.799037675416
vt 0.591513630817 0.771158675422
vt 0.591513630817 0.771158675422
vt 0.580319316846 0.779816378963
vt 0.582022752784 0.751758122641
vt 0.582022752784 0.751758122641
vt 0.56994130484 0.758588619139
vt 0.574457509856 0.730823475706
vt 0.561653563803 0.735635635019
vt 0.555602779418 0.711457491615
vt 0.574457509856 0.730823475706
vt 0.555602779418 0.711457491615
vt 0.551862294525 0.686504247441
vt 0.568925673734 0.708723033622
vt 0.551862294525 0.686504247441
vt 0.55052273962 0.661172611099
vt 0.56552146689 0.685916184713
vt 0.55052273962 0.661172611099
vt 0.551603452101 0.635867023873
vt 0.564299046826 0.662803182322
vt 0.551603452101 0.635867023873
vt 0.555103141312 0.61101021906
vt 0.565296719896 0.639640691948
vt 0.555103141312 0.61101021906
vt 0.560966289618 0.587028678831
vt 0.568514346698 0.616882806857
vt 0.560966289618 0.587028678831
vt 0.56908352925 0.564375015109
vt 0.5738746972 0.594954380871
vt 0.56908352925 0.564375015109
vt 0.579359501805 0.543322153778
vt 0.581306110256 0.574239463365
vt 0.579359501805 0.543322153778
vt 0.591576118066 0.524298078671
vt 0.590697216944 0.554990050593
vt 0.591576118066 0.524298078671
vt 0.605549519484 0.507652026738
vt 0.601876926835 0.537607827033
vt 0.605549519484 0.507652026738
vt 0.621022617117 0.493633134195
vt 0.614665553677 0.522423605934
vt 0.621022617117 0.493633134195
vt 0.637741286225 0.482415115402
vt 0.628799221322 0.509586778242
vt 0.637741286225 0.482415115402
vt 0.655391567624 0.474321901301
vt 0.644079272212 0.499399931008
vt 0.655391567624 0.474321901301
vt 0.67364707318 0.4694520075
vt 0.660207212735 0.491937562688
vt 0.67364707318 0.4694520075
vt 0.692230050429 0.467780216764
vt 0.676890746994 0.487501233262
vt 0.692230050429 0.467780216764
vt 0.710796767705 0.469505131785
vt 0.693872012718 0.485989261845
vt 0.710796767705 0.469505131785
vt 0.72907361361 0.474501542963
vt 0.710851857893 0.487527486014
vt 0.72907361361 0.474501542963
vt 0.746755452798 0.482644303378
vt 0.727557774213 0.4920901515
vt 0.746755452798 0.482644303378
vt 0.76352755601 0.493859805614
vt 0.743718650762 0.499551312148
vt 0.76352755601 0.493859805614
vt 0.779116051076 0.508024219162
vt 0.759048349174 0.509810840674
vt 0.779116051076 0.508024219162
vt 0.793222462187 0.524738716999
vt 0.773275242164 0.522768555896
vt 0.793222462187 0.524738716999
vt 0.805608321553 0.543803894002
vt 0.786159745504 0.537997033618
vt 0.805608321553 0.543803894002
vt 0.81605997769 0.564896707463
vt 0.797474322979 0.555471284181
vt 0.81605997769 0.564896707463
vt 0.824399215438 0.587665481856
vt 0.807033753603 0.574712673696
vt 0.824399215438 0.587665481856
vt 0.830460189498 0.611684287592
vt 0.814634384493 0.595545029233
vt 0.830460189498 0.611684287592
vt 0.834132282223 0.636576931846
vt 0.820158116104 0.617436643245
vt 0.834132282223 0.636576931846
vt 0.83536710127 0.661945438493
vt 0.823511932764 0.640260191317
vt 0.824646723906 0.663412518045
vt 0.83536710127 0.661945438493
vt 0.823543962929 0.686565813568
vt 0.823543962929 0.686565813568
vt 0.834164465234 0.68728999622
vt 0.820196704346 0.709362641913
vt 0.814729724653 0.686064586839
vt 0.823543962929 0.686565813568
vt 0.811660305145 0.707016217731
vt 0.815729754082 0.664732526196
vt 0.824646723906 0.663412518045
vt 0.814729724653 0.686064586839
vt 0.823511932764 0.640260191317
vt 0.824646723906 0.663412518045
vt 0.814679165958 0.643375944988
vt 0.820158116104 0.617436643245
vt 0.823511932764 0.640260191317
vt 0.811615372425 0.622452401694
vt 0.814634384493 0.595545029233
vt 0.820158116104 0.617436643245
vt 0.806513395851 0.602188487457
vt 0.807033753603 0.574712673696
vt 0.814634384493 0.595545029233
vt 0.799510607515 0.583070078358
vt 0.797474322979 0.555471284181
vt 0.807033753603 0.574712673696
vt 0.79073158909 0.565324401473
vt 0.786159745504 0.537997033618
vt 0.797474322979 0.555471284181
vt 0.780319512172 0.549284778282
vt 0.773275242164 0.522768555896
vt 0.786159745504 0.537997033618
vt 0.768467613197 0.535202638509
vt 0.759048349174 0.509810840674
vt 0.773275242164 0.522768555896
vt 0.755360780331 0.523334089789
vt 0.743718650762 0.499551312148
vt 0.759048349174 0.509810840674
vt 0.741266808109 0.513880212513
vt 0.727557774213 0.4920901515
vt 0.743718650762 0.499551312148
vt 0.726390747332 0.506967912906
vt 0.710851857893 0.487527486014
vt 0.727557774213 0.4920901515
vt 0.71100243328 0.502825850662
vt 0.693872012718 0.485989261845
vt 0.710851857893 0.487527486014
vt 0.695352565047 0.501377377115
vt 0.676890746994 0.487501233262
vt 0.693872012718 0.485989261845
vt 0.679728252336 0.502699016652
vt 0.660207212735 0.491937562688
vt 0.676890746994 0.487501233262
vt 0.664340797254 0.506867279235
vt 0.644079272212 0.499399931008
vt 0.660207212735 0.491937562688
vt 0.649498875722 0.513654380422
vt 0.628799221322 0.509586778242
vt 0.644079272212 0.499399931008
vt 0.635418739322 0.523060869139
vt 0.614665553677 0.522423605934
vt 0.628799221322 0.509586778242
vt 0.622398865243 0.534884032563
vt 0.601876926835 0.537607827033
vt 0.614665553677 0.522423605934
vt 0.610625965326 0.548921089456
vt 0.590697216944 0.554990050593
vt 0.601876926835 0.537607827033
vt 0.60032198996 0.56489154244
vt 0.581306110256 0.574239463365
vt 0.590697216944 0.554990050593
vt 0.591657620543 0.582593075823
vt 0.5738746972 0.594954380871
vt 0.581306110256 0.574239463365
vt 0.584799210335 0.601718724936
vt 0.568514346698 0.616882806857
vt 0.5738746972 0.594954380871
vt 0.57982369765 0.621914026369
vt 0.565296719896 0.639640691948
vt 0.568514346698 0.616882806857
vt 0.57686186432 0.642873948862
vt 0.564299046826 0.662803182322
vt 0.565296719896 0.639640691948
vt 0.57591076189 0.664210185218
vt 0.56552146689 0.685916184713
vt 0.564299046826 0.662803182322
vt 0.577029705926 0.68557185213
vt 0.568925673734 0.708723033622
vt 0.56552146689 0.685916184713
vt 0.580144100159 0.706526630149
vt 0.574457509856 0.730823475706
vt 0.568925673734 0.708723033622
vt 0.585235295523 0.726896505383
vt 0.592228695747 0.746172866715
vt 0.582022752784 0.751758122641
vt 0.585235295523 0.726896505383
vt 0.600975108295 0.764050547476
vt 0.591513630817 0.771158675422
vt 0.592228695747 0.746172866715
vt 0.611325340627 0.780249811551
vt 0.60274357812 0.788768019819
vt 0.600975108295 0.764050547476
vt 0.623092902072 0.794465492269
vt 0.615509086587 0.804182503237
vt 0.611325340627 0.780249811551
vt 0.636091301956 0.806494145185
vt 0.629625148847 0.817250755956
vt 0.623092902072 0.794465492269
vt 0.650112233354 0.816023935907
vt 0.644811222809 0.827612724703
vt 0.636091301956 0.806494145185
vt 0.664878504343 0.822984946751
vt 0.66082915939 0.835199264281
vt 0.650112233354 0.816023935907
vt 0.68018494099 0.827199337677
vt 0.67743841188 0.83978350863
vt 0.664878504343 0.822984946751
vt 0.695751796707 0.82866728252
vt 0.69432038998 0.841333276244
vt 0.68018494099 0.827199337677
vt 0.711332184328 0.827229484448
vt 0.711215032602 0.83979840272
vt 0.695751796707 0.82866728252
vt 0.726664078773 0.822988105136
vt 0.727843835394 0.835255231206
vt 0.711332184328 0.827229484448
vt 0.741495729416 0.816084397447
vt 0.743943721449 0.827750594613
vt 0.726664078773 0.822988105136
vt 0.755561726588 0.806537219652
vt 0.759241570293 0.817364883713
vt 0.741495729416 0.816084397447
vt 0.768638449182 0.794601131388
vt 0.773439360938 0.804421006378
vt 0.755561726588 0.806537219652
vt 0.780476860254 0.78038994825
vt 0.786280550816 0.7890506702
vt 0.768638449182 0.794601131388
vt 0.790854969553 0.764291924891
vt 0.797579770994 0.771499129793
vt 0.780476860254 0.78038994825
vt 0.799617073252 0.746496543172
vt 0.807103663616 0.752157130522
vt 0.790854969553 0.764291924891
vt 0.806589470664 0.727277530916
vt 0.814685791722 0.731327285153
vt 0.799617073252 0.746496543172
vt 0.811660305145 0.707016217731
vt 0.820196704346 0.709362641913
vt 0.806589470664 0.727277530916
vt 0.803655566742 0.705034821828
vt 0.811660305145 0.707016217731
vt 0.799025203464 0.723592216007
vt 0.799025203464 0.723592216007
vt 0.806589470664 0.727277530916
vt 0.792650569029 0.741205059839
vt 0.792650569029 0.741205059839
vt 0.799617073252 0.746496543172
vt 0.784631964304 0.757452750947
vt 0.784631964304 0.757452750947
vt 0.790854969553 0.764291924891
vt 0.775132200433 0.772268845705
vt 0.775132200433 0.772268845705
vt 0.780476860254 0.78038994825
vt 0.764295540894 0.785237414199
vt 0.764295540894 0.785237414199
vt 0.768638449182 0.794601131388
vt 0.752328966677 0.796204322
vt 0.752328966677 0.796204322
vt 0.755561726588 0.806537219652
vt 0.739444575945 0.804970576736
vt 0.739444575945 0.804970576736
vt 0.741495729416 0.816084397447
vt 0.725838896198 0.811292147573
vt 0.725838896198 0.811292147573
vt 0.726664078773 0.822988105136
vt 0.711804154139 0.815181900072
vt 0.711804154139 0.815181900072
vt 0.711332184328 0.827229484448
vt 0.697523464987 0.816504661407
vt 0.697523464987 0.816504661407
vt 0.695751796707 0.82866728252
vt 0.683237655912 0.815150693191
vt 0.683237655912 0.815150693191
vt 0.68018494099 0.827199337677
vt 0.669214827813 0.811331932624
vt 0.669214827813 0.811331932624
vt 0.664878504343 0.822984946751
vt 0.655662108006 0.804945522731
vt 0.655662108006 0.804945522731
vt 0.650112233354 0.816023935907
vt 0.642802428117 0.796241743035
vt 0.642802428117 0.796241743035
vt 0.636091301956 0.806494145185
vt 0.630884159641 0.785252900233
vt 0.630884159641 0.785252900233
vt 0.623092902072 0.794465492269
vt 0.620098143127 0.772241542136
vt 0.620098143127 0.772241542136
vt 0.611325340627 0.780249811551
vt 0.610608513951 0.757375477845
vt 0.610608513951 0.757375477845
vt 0.600975108295 0.764050547476
vt 0.602587517861 0.740994564169
vt 0.602587517861 0.740994564169
vt 0.592228695747 0.746172866715
vt 0.596185783893 0.723355555243
vt 0.585235295523 0.726896505383
vt 0.580144100159 0.706526630149
vt 0.596185783893 0.723355555243
vt 0.580144100159 0.706526630149
vt 0.577029705926 0.68557185213
vt 0.591535112451 0.704689529785
vt 0.577029705926 0.68557185213
vt 0.57591076189 0.664210185218
vt 0.588673160795 0.685458645235
vt 0.57591076189 0.664210185218
vt 0.57686186432 0.642873948862
vt 0.587675243441 0.665919655726
vt 0.57686186432 0.642873948862
vt 0.57982369765 0.621914026369
vt 0.588558302556 0.646274848626
vt 0.57982369765 0.621914026369
vt 0.584799210335 0.601718724936
vt 0.591286451114 0.627118690506
vt 0.584799210335 0.601718724936
vt 0.591657620543 0.582593075823
vt 0.595857529392 0.608628552696
vt 0.591657620543 0.582593075823
vt 0.60032198996 0.56489154244
vt 0.602160230754 0.591115531207
vt 0.60032198996 0.56489154244
vt 0.610625965326 0.548921089456
vt 0.610100206811 0.574861882597
vt 0.610625965326 0.548921089456
vt 0.622398865243 0.534884032563
vt 0.619542930056 0.560225542523
vt 0.622398865243 0.534884032563
vt 0.635418739322 0.523060869139
vt 0.630339703908 0.547362147918
vt 0.635418739322 0.523060869139
vt 0.649498875722 0.513654380422
vt 0.64228322892 0.536553686309
vt 0.649498875722 0.513654380422
vt 0.664340797254 0.506867279235
vt 0.655181774958 0.527953155568
vt 0.664340797254 0.506867279235
vt 0.679728252336 0.502699016652
vt 0.668778005916 0.521715432785
vt 0.679728252336 0.502699016652
vt 0.695352565047 0.501377377115
vt 0.682865656231 0.517942311615
vt 0.695352565047 0.501377377115
vt 0.71100243328 0.502825850662
vt 0.697173718075 0.516709506732
vt 0.71100243328 0.502825850662
vt 0.726390747332 0.506967912906
vt 0.711507773142 0.51804341983
vt 0.726390747332 0.506967912906
vt 0.741266808109 0.513880212513
vt 0.72560140985 0.521840954151
vt 0.741266808109 0.513880212513
vt 0.755360780331 0.523334089789
vt 0.739224631448 0.528178731026
vt 0.755360780331 0.523334089789
vt 0.768467613197 0.535202638509
vt 0.752132822078 0.536825819312
vt 0.768467613197 0.535202638509
vt 0.780319512172 0.549284778282
vt 0.764111427469 0.547707273179
vt 0.780319512172 0.549284778282
vt 0.79073158909 0.565324401473
vt 0.774961960554 0.560616888581
vt 0.79073158909 0.565324401473
vt 0.799510607515 0.583070078358
vt 0.784496087144 0.575349626261
vt 0.799510607515 0.583070078358
vt 0.806513395851 0.602188487457
vt 0.79252544097 0.591546431717
vt 0.806513395851 0.602188487457
vt 0.811615372425 0.622452401694
vt 0.798936906121 0.609104834077
vt 0.811615372425 0.622452401694
vt 0.814679165958 0.643375944988
vt 0.803598526003 0.627665689292
vt 0.814679165958 0.643375944988
vt 0.815729754082 0.664732526196
vt 0.806428262895 0.646789666294
vt 0.807375898892 0.666325124419
vt 0.815729754082 0.664732526196
vt 0.806460136369 0.685861414564
vt 0.806460136369 0.685861414564
vt 0.814729724653 0.686064586839
vt 0.803655566742 0.705034821828
vt 0.797884070528 0.685616435186
vt 0.806460136369 0.685861414564
vt 0.795362032406 0.702963527632
vt 0.79871410596 0.667984938099
vt 0.807375898892 0.666325124419
vt 0.797884070528 0.685616435186
vt 0.797852247872 0.650302354915
vt 0.806428262895 0.646789666294
vt 0.79871410596 0.667984938099
vt 0.803598526003 0.627665689292
vt 0.806428262895 0.646789666294
vt 0.79529860542 0.632957514228
vt 0.798936906121 0.609104834077
vt 0.803598526003 0.627665689292
vt 0.791085045383 0.616258947553
vt 0.79252544097 0.591546431717
vt 0.798936906121 0.609104834077
vt 0.785300352661 0.60041931878
vt 0.784496087144 0.575349626261
vt 0.79252544097 0.591546431717
vt 0.778046344737 0.585693065113
vt 0.774961960554 0.560616888581
vt 0.784496087144 0.575349626261
vt 0.769443508596 0.572367638455
vt 0.764111427469 0.547707273179
vt 0.774961960554 0.560616888581
vt 0.759630639714 0.560755164487
vt 0.752132822078 0.536825819312
vt 0.764111427469 0.547707273179
vt 0.748810898626 0.550905523474
vt 0.739224631448 0.528178731026
vt 0.752132822078 0.536825819312
vt 0.737141490349 0.543052772424
vt 0.72560140985 0.521840954151
vt 0.739224631448 0.528178731026
vt 0.72482589334 0.537377021665
vt 0.711507773142 0.51804341983
vt 0.72560140985 0.521840954151
vt 0.712073168659 0.533878271197
vt 0.697173718075 0.516709506732
vt 0.711507773142 0.51804341983
vt 0.699138952278 0.532765263425
vt 0.682865656231 0.517942311615
vt 0.697173718075 0.516709506732
vt 0.686184616164 0.533803428564
vt 0.668778005916 0.521715432785
vt 0.682865656231 0.517942311615
vt 0.673438253761 0.537200404293
vt 0.655181774958 0.527953155568
vt 0.668778005916 0.521715432785
vt 0.661150472242 0.542879653754
vt 0.64228322892 0.536553686309
vt 0.655181774958 0.527953155568
vt 0.649488450088 0.550685351537
vt 0.630339703908 0.547362147918
vt 0.64228322892 0.536553686309
vt 0.638680448628 0.560462359093
vt 0.619542930056 0.560225542523
vt 0.630339703908 0.547362147918
vt 0.6289357752 0.572055497826
vt 0.610100206811 0.574861882597
vt 0.619542930056 0.560225542523
vt 0.620366131198 0.58533364178
vt 0.602160230754 0.591115531207
vt 0.610100206811 0.574861882597
vt 0.613186246516 0.600041171883
vt 0.595857529392 0.608628552696
vt 0.602160230754 0.591115531207
vt 0.607465057003 0.615834725356
vt 0.591286451114 0.627118690506
vt 0.595857529392 0.608628552696
vt 0.603343169537 0.632591243446
vt 0.588558302556 0.646274848626
vt 0.591286451114 0.627118690506
vt 0.600854219482 0.649942420093
vt 0.587675243441 0.665919655726
vt 0.588558302556 0.646274848626
vt 0.600055522654 0.66767971997
vt 0.588673160795 0.685458645235
vt 0.587675243441 0.665919655726
vt 0.600951474367 0.68531727997
vt 0.591535112451 0.704689529785
vt 0.588673160795 0.685458645235
vt 0.603518769406 0.702795638636
vt 0.596185783893 0.723355555243
vt 0.591535112451 0.704689529785
vt 0.60772152647 0.719651622513
vt 0.602587517861 0.740994564169
vt 0.596185783893 0.723355555243
vt 0.613502694558 0.735599976489
vt 0.620748171668 0.750381377735
vt 0.610608513951 0.757375477845
vt 0.613502694558 0.735599976489
vt 0.629343855799 0.763840232553
vt 0.620098143127 0.772241542136
vt 0.620748171668 0.750381377735
vt 0.639096584278 0.775581627549
vt 0.630884159641 0.785252900233
vt 0.629343855799 0.763840232553
vt 0.64989800805 0.785487546486
vt 0.642802428117 0.796241743035
vt 0.639096584278 0.775581627549
vt 0.661517145241 0.7933967226
vt 0.655662108006 0.804945522731
vt 0.64989800805 0.785487546486
vt 0.673779107745 0.799147129516
vt 0.669214827813 0.811331932624
vt 0.661517145241 0.7933967226
vt 0.6864969212 0.802641326008
vt 0.683237655912 0.815150693191
vt 0.673779107745 0.799147129516
vt 0.699404341091 0.803749807433
vt 0.697523464987 0.816504661407
vt 0.6864969212 0.802641326008
vt 0.712325652885 0.802621794501
vt 0.711804154139 0.815181900072
vt 0.699404341091 0.803749807433
vt 0.725041542801 0.799114953538
vt 0.725838896198 0.811292147573
vt 0.712325652885 0.802621794501
vt 0.737338583638 0.793352543093
vt 0.739444575945 0.804970576736
vt 0.725041542801 0.799114953538
vt 0.749002299659 0.785484131282
vt 0.752328966677 0.796204322
vt 0.737338583638 0.793352543093
vt 0.759815056521 0.775548276206
vt 0.764295540894 0.785237414199
vt 0.749002299659 0.785484131282
vt 0.769594896425 0.763818308293
vt 0.775132200433 0.772268845705
vt 0.759815056521 0.775548276206
vt 0.778188177053 0.7504409919
vt 0.784631964304 0.757452750947
vt 0.769594896425 0.763818308293
vt 0.785425488976 0.735658655002
vt 0.792650569029 0.741205059839
vt 0.778188177053 0.7504409919
vt 0.791179642107 0.719814073404
vt 0.799025203464 0.723592216007
vt 0.785425488976 0.735658655002
vt 0.795362032406 0.702963527632
vt 0.803655566742 0.705034821828
vt 0.791179642107 0.719814073404
vt 0.791179642107 0.719814073404
vt 0.783083806669 0.715719464264
vt 0.795362032406 0.702963527632
vt 0.785425488976 0.735658655002
vt 0.777925841574 0.729943530173
vt 0.791179642107 0.719814073404
vt 0.778188177053 0.7504409919
vt 0.771469893351 0.743100835371
vt 0.785425488976 0.735658655002
vt 0.769594896425 0.763818308293
vt 0.763811336537 0.755061422355
vt 0.778188177053 0.7504409919
vt 0.759815056521 0.775548276206
vt 0.755072687511 0.765526735591
vt 0.769594896425 0.763818308293
vt 0.749002299659 0.785484131282
vt 0.745394002402 0.774397351933
vt 0.759815056521 0.775548276206
vt 0.737338583638 0.793352543093
vt 0.734991266396 0.781443918582
vt 0.749002299659 0.785484131282
vt 0.725041542801 0.799114953538
vt 0.724012277458 0.786555827645
vt 0.737338583638 0.793352543093
vt 0.712325652885 0.802621794501
vt 0.712620345987 0.789720254245
vt 0.725041542801 0.799114953538
vt 0.699404341091 0.803749807433
vt 0.701083713887 0.79075281066
vt 0.712325652885 0.802621794501
vt 0.6864969212 0.802641326008
vt 0.68952278789 0.789739114155
vt 0.699404341091 0.803749807433
vt 0.673779107745 0.799147129516
vt 0.678172340167 0.786580700071
vt 0.6864969212 0.802641326008
vt 0.661517145241 0.7933967226
vt 0.667205008169 0.781486669776
vt 0.673779107745 0.799147129516
vt 0.64989800805 0.785487546486
vt 0.656809222343 0.774450941564
vt 0.661517145241 0.7933967226
vt 0.639096584278 0.775581627549
vt 0.647164666229 0.765590117996
vt 0.64989800805 0.785487546486
vt 0.629343855799 0.763840232553
vt 0.638418206438 0.755075530196
vt 0.639096584278 0.775581627549
vt 0.620748171668 0.750381377735
vt 0.630745873287 0.743096223698
vt 0.629343855799 0.763840232553
vt 0.613502694558 0.735599976489
vt 0.624281932608 0.729887599721
vt 0.620748171668 0.750381377735
vt 0.60772152647 0.719651622513
vt 0.619122288564 0.715632748102
vt 0.613502694558 0.735599976489
vt 0.60772152647 0.719651622513
vt 0.603518769406 0.702795638636
vt 0.619122288564 0.715632748102
vt 0.603518769406 0.702795638636
vt 0.600951474367 0.68531727997
vt 0.615362845321 0.700593225752
vt 0.600951474367 0.68531727997
vt 0.600055522654 0.66767971997
vt 0.613061145376 0.68500443389
vt 0.600055522654 0.66767971997
vt 0.600854219482 0.649942420093
vt 0.612272294874 0.669202724733
vt 0.600854219482 0.649942420093
vt 0.603343169537 0.632591243446
vt 0.612979518642 0.653401701352
vt 0.603343169537 0.632591243446
vt 0.607465057003 0.615834725356
vt 0.61522107846 0.637889057577
vt 0.607465057003 0.615834725356
vt 0.613186246516 0.600041171883
vt 0.618920157775 0.622926308842
vt 0.613186246516 0.600041171883
vt 0.620366131198 0.58533364178
vt 0.624035612878 0.608720283164
vt 0.620366131198 0.58533364178
vt 0.6289357752 0.572055497826
vt 0.630457524762 0.595615913268
vt 0.638680448628 0.560462359093
vt 0.646838716227 0.573378991964
vt 0.6289357752 0.572055497826
vt 0.638680448628 0.560462359093
vt 0.649488450088 0.550685351537
vt 0.646838716227 0.573378991964
vt 0.649488450088 0.550685351537
vt 0.661150472242 0.542879653754
vt 0.656493154042 0.564614911164
vt 0.661150472242 0.542879653754
vt 0.673438253761 0.537200404293
vt 0.666894095717 0.557629863557
vt 0.686184616164 0.533803428564
vt 0.689268033134 0.549545537031
vt 0.673438253761 0.537200404293
vt 0.699138952278 0.532765263425
vt 0.700843120581 0.548524921469
vt 0.686184616164 0.533803428564
vt 0.699138952278 0.532765263425
vt 0.712073168659 0.533878271197
vt 0.700843120581 0.548524921469
vt 0.712073168659 0.533878271197
vt 0.72482589334 0.537377021665
vt 0.712413098983 0.549646877144
vt 0.72482589334 0.537377021665
vt 0.737141490349 0.543052772424
vt 0.723795235345 0.552704224306
vt 0.737141490349 0.543052772424
vt 0.748810898626 0.550905523474
vt 0.734798586433 0.557801597453
vt 0.748810898626 0.550905523474
vt 0.759630639714 0.560755164487
vt 0.745226849485 0.564833358359
vt 0.759630639714 0.560755164487
vt 0.769443508596 0.572367638455
vt 0.754913026567 0.573591980063
vt 0.769443508596 0.572367638455
vt 0.778046344737 0.585693065113
vt 0.763660272604 0.584024038269
vt 0.778046344737 0.585693065113
vt 0.785300352661 0.60041931878
vt 0.771334330565 0.595894363178
vt 0.785300352661 0.60041931878
vt 0.791085045383 0.616258947553
vt 0.777820103032 0.609020049877
vt 0.791085045383 0.616258947553
vt 0.79529860542 0.632957514228
vt 0.782989448977 0.623220850247
vt 0.79529860542 0.632957514228
vt 0.797852247872 0.650302354915
vt 0.786734227108 0.638125799216
vt 0.79871410596 0.667984938099
vt 0.789795228382 0.669427929328
vt 0.797852247872 0.650302354915
vt 0.797884070528 0.685616435186
vt 0.789053738114 0.685223816162
vt 0.79871410596 0.667984938099
vt 0.795362032406 0.702963527632
vt 0.786797455812 0.700758922184
vt 0.797884070528 0.685616435186
vt 0.780334436361 0.684683386487
vt 0.789053738114 0.685223816162
vt 0.77835116489 0.698330513405
vt 0.780984976391 0.670668139885
vt 0.789795228382 0.669427929328
vt 0.780334436361 0.684683386487
vt 0.789015756019 0.653681684008
vt 0.789795228382 0.669427929328
vt 0.780302872344 0.656706178331
vt 0.786734227108 0.638125799216
vt 0.789015756019 0.653681684008
vt 0.778288211571 0.643008184029
vt 0.782989448977 0.623220850247
vt 0.786734227108 0.638125799216
vt 0.774960393847 0.629758485634
vt 0.777820103032 0.609020049877
vt 0.782989448977 0.623220850247
vt 0.770396753261 0.617220399375
vt 0.771334330565 0.595894363178
vt 0.777820103032 0.609020049877
vt 0.764674617144 0.605578216511
vt 0.763660272604 0.584024038269
vt 0.771334330565 0.595894363178
vt 0.757871306072 0.595095212428
vt 0.754913026567 0.573591980063
vt 0.763660272604 0.584024038269
vt 0.750141376815 0.585876642491
vt 0.745226849485 0.564833358359
vt 0.754913026567 0.573591980063
vt 0.741586719607 0.578082123242
vt 0.734798586433 0.557801597453
vt 0.745226849485 0.564833358359
vt 0.732356186548 0.571893906945
vt 0.723795235345 0.552704224306
vt 0.734798586433 0.557801597453
vt 0.722623574285 0.567443657779
vt 0.712413098983 0.549646877144
vt 0.723795235345 0.552704224306
vt 0.712571967742 0.564628868343
vt 0.700843120581 0.548524921469
vt 0.712413098983 0.549646877144
vt 0.702321937866 0.563734905322
vt 0.689268033134 0.549545537031
vt 0.700843120581 0.548524921469
vt 0.692090772505 0.564631692532
vt 0.68202161709 0.567295952445
vt 0.677891877325 0.552581505032
vt 0.692090772505 0.564631692532
vt 0.666894095717 0.557629863557
vt 0.677891877325 0.552581505032
vt 0.672295045715 0.571776355891
vt 0.656493154042 0.564614911164
vt 0.666894095717 0.557629863557
vt 0.663089139408 0.577995535872
vt 0.654542557323 0.585665849004
vt 0.646838716227 0.573378991964
vt 0.663089139408 0.577995535872
vt 0.646822315901 0.594889308641
vt 0.638100525576 0.583763732485
vt 0.654542557323 0.585665849004
vt 0.630457524762 0.595615913268
vt 0.638100525576 0.583763732485
vt 0.6400703777 0.60538035117
vt 0.624035612878 0.608720283164
vt 0.630457524762 0.595615913268
vt 0.634374281083 0.617026855568
vt 0.618920157775 0.622926308842
vt 0.624035612878 0.608720283164
vt 0.629839949567 0.629572428562
vt 0.61522107846 0.637889057577
vt 0.618920157775 0.622926308842
vt 0.626577632121 0.642800989915
vt 0.612979518642 0.653401701352
vt 0.61522107846 0.637889057577
vt 0.624590349427 0.656530715937
vt 0.612272294874 0.669202724733
vt 0.612979518642 0.653401701352
vt 0.623952760741 0.670547133644
vt 0.613061145376 0.68500443389
vt 0.612272294874 0.669202724733
vt 0.624651036761 0.684567585782
vt 0.615362845321 0.700593225752
vt 0.613061145376 0.68500443389
vt 0.626682541572 0.69829882507
vt 0.619122288564 0.715632748102
vt 0.615362845321 0.700593225752
vt 0.62998655466 0.71155176932
vt 0.624281932608 0.729887599721
vt 0.619122288564 0.715632748102
vt 0.634565800869 0.72419871413
vt 0.640285028202 0.73589713808
vt 0.630745873287 0.743096223698
vt 0.634565800869 0.72419871413
vt 0.647066949803 0.746488954359
vt 0.638418206438 0.755075530196
vt 0.640285028202 0.73589713808
vt 0.654792251662 0.755757789742
vt 0.647164666229 0.765590117996
vt 0.647066949803 0.746488954359
vt 0.663332262551 0.763556568563
vt 0.656809222343 0.774450941564
vt 0.654792251662 0.755757789742
vt 0.672525426067 0.769821310182
vt 0.667205008169 0.781486669776
vt 0.663332262551 0.763556568563
vt 0.682243823306 0.774326587302
vt 0.678172340167 0.786580700071
vt 0.672525426067 0.769821310182
vt 0.692286472165 0.777086928737
vt 0.68952278789 0.789739114155
vt 0.682243823306 0.774326587302
vt 0.702517455646 0.778023233137
vt 0.701083713887 0.79075281066
vt 0.692286472165 0.777086928737
vt 0.712732875502 0.777068759935
vt 0.712620345987 0.789720254245
vt 0.702517455646 0.778023233137
vt 0.72279329875 0.774296608284
vt 0.724012277458 0.786555827645
vt 0.712732875502 0.777068759935
vt 0.732524870532 0.769785926949
vt 0.734991266396 0.781443918582
vt 0.72279329875 0.774296608284
vt 0.741729150167 0.763504728277
vt 0.745394002402 0.774397351933
vt 0.732524870532 0.769785926949
vt 0.750281328867 0.755701895071
vt 0.755072687511 0.765526735591
vt 0.741729150167 0.763504728277
vt 0.7580161959 0.746418927706
vt 0.763811336537 0.755061422355
vt 0.750281328867 0.755701895071
vt 0.764790404162 0.735877646387
vt 0.771469893351 0.743100835371
vt 0.7580161959 0.746418927706
vt 0.770501970429 0.724230580841
vt 0.777925841574 0.729943530173
vt 0.764790404162 0.735877646387
vt 0.775035074611 0.711635835097
vt 0.783083806669 0.715719464264
vt 0.770501970429 0.724230580841
vt 0.77835116489 0.698330513405
vt 0.786797455812 0.700758922184
vt 0.775035074611 0.711635835097
vt 0.775035074611 0.711635835097
vt 0.767461669029 0.70765336662
vt 0.77835116489 0.698330513405
vt 0.770501970429 0.724230580841
vt 0.763462600914 0.718718753434
vt 0.775035074611 0.711635835097
vt 0.764790404162 0.735877646387
vt 0.758426585043 0.729000032791
vt 0.770501970429 0.724230580841
vt 0.7580161959 0.746418927706
vt 0.752452678034 0.738323897136
vt 0.764790404162 0.735877646387
vt 0.750281328867 0.755701895071
vt 0.745649073981 0.746488705292
vt 0.7580161959 0.746418927706
vt 0.741729150167 0.763504728277
vt 0.738101836281 0.753377803245
vt 0.750281328867 0.755701895071
vt 0.729971788899 0.758916913181
vt 0.738101836281 0.753377803245
vt 0.732524870532 0.769785926949
vt 0.72139967143 0.762899906266
vt 0.729971788899 0.758916913181
vt 0.72279329875 0.774296608284
vt 0.712732875502 0.777068759935
vt 0.712530867107 0.765341660611
vt 0.72279329875 0.774296608284
vt 0.702517455646 0.778023233137
vt 0.703506331973 0.76614184815
vt 0.712732875502 0.777068759935
vt 0.692286472165 0.777086928737
vt 0.694505091437 0.76535914871
vt 0.702517455646 0.778023233137
vt 0.682243823306 0.774326587302
vt 0.685630838598 0.762923009157
vt 0.692286472165 0.777086928737
vt 0.672525426067 0.769821310182
vt 0.677071171827 0.75895673159
vt 0.682243823306 0.774326587302
vt 0.663332262551 0.763556568563
vt 0.668957773982 0.753427904207
vt 0.672525426067 0.769821310182
vt 0.654792251662 0.755757789742
vt 0.661442485678 0.746542859475
vt 0.663332262551 0.763556568563
vt 0.647066949803 0.746488954359
vt 0.65462629396 0.738386729562
vt 0.654792251662 0.755757789742
vt 0.640285028202 0.73589713808
vt 0.648648400118 0.729017507922
vt 0.647066949803 0.746488954359
vt 0.634565800869 0.72419871413
vt 0.643599258285 0.718716195443
vt 0.640285028202 0.73589713808
vt 0.639576298002 0.707668837681
vt 0.643599258285 0.718716195443
vt 0.62998655466 0.71155176932
vt 0.636643976208 0.695911299754
vt 0.639576298002 0.707668837681
vt 0.626682541572 0.69829882507
vt 0.634857396043 0.683783028649
vt 0.636643976208 0.695911299754
vt 0.624651036761 0.684567585782
vt 0.634252446645 0.671465623813
vt 0.634857396043 0.683783028649
vt 0.623952760741 0.670547133644
vt 0.634812633609 0.65909580063
vt 0.634252446645 0.671465623813
vt 0.624590349427 0.656530715937
vt 0.636560298282 0.646994542202
vt 0.634812633609 0.65909580063
vt 0.626577632121 0.642800989915
vt 0.639447527116 0.63533749346
vt 0.636560298282 0.646994542202
vt 0.629839949567 0.629572428562
vt 0.643441259285 0.624263972937
vt 0.639447527116 0.63533749346
vt 0.634374281083 0.617026855568
vt 0.648466946488 0.614041171676
vt 0.643441259285 0.624263972937
vt 0.6400703777 0.60538035117
vt 0.654420985805 0.60476966448
vt 0.648466946488 0.614041171676
vt 0.646822315901 0.594889308641
vt 0.661228746938 0.596637377228
vt 0.654420985805 0.60476966448
vt 0.654542557323 0.585665849004
vt 0.663089139408 0.577995535872
vt 0.668754220745 0.589855946833
vt 0.654542557323 0.585665849004
vt 0.676880834937 0.584372250846
vt 0.668754220745 0.589855946833
vt 0.672295045715 0.571776355891
vt 0.685449140662 0.580396121035
vt 0.676880834937 0.584372250846
vt 0.68202161709 0.567295952445
vt 0.692090772505 0.564631692532
vt 0.694335418984 0.578012065185
vt 0.68202161709 0.567295952445
vt 0.703352717006 0.57718810827
vt 0.694335418984 0.578012065185
vt 0.702321937866 0.563734905322
vt 0.712571967742 0.564628868343
vt 0.712388632521 0.578058148003
vt 0.702321937866 0.563734905322
vt 0.722623574285 0.567443657779
vt 0.721278202609 0.580493164148
vt 0.712571967742 0.564628868343
vt 0.729852172671 0.584434977481
vt 0.721278202609 0.580493164148
vt 0.732356186548 0.571893906945
vt 0.741586719607 0.578082123242
vt 0.737984592053 0.589940110487
vt 0.732356186548 0.571893906945
vt 0.745515328855 0.596768592773
vt 0.737984592053 0.589940110487
vt 0.750141376815 0.585876642491
vt 0.752327928384 0.60492042434
vt 0.745515328855 0.596768592773
vt 0.757871306072 0.595095212428
vt 0.75833101767 0.61413344155
vt 0.752327928384 0.60492042434
vt 0.764674617144 0.605578216511
vt 0.763377498506 0.624402857468
vt 0.75833101767 0.61413344155
vt 0.770396753261 0.617220399375
vt 0.767401145536 0.63546927518
vt 0.763377498506 0.624402857468
vt 0.774960393847 0.629758485634
vt 0.770318576819 0.647171428434
vt 0.767401145536 0.63546927518
vt 0.778288211571 0.643008184029
vt 0.772090897835 0.659218196698
vt 0.770318576819 0.647171428434
vt 0.780302872344 0.656706178331
vt 0.772704610781 0.671533960072
vt 0.772090897835 0.659218196698
vt 0.780984976391 0.670668139885
vt 0.780334436361 0.684683386487
vt 0.772122260591 0.68389567103
vt 0.780984976391 0.670668139885
vt 0.77835116489 0.698330513405
vt 0.770361735915 0.695944039549
vt 0.780334436361 0.684683386487
vt 0.760185295633 0.682482324818
vt 0.772122260591 0.68389567103
vt 0.758765977949 0.692335805328
vt 0.760661806934 0.672545612024
vt 0.772704610781 0.671533960072
vt 0.760185295633 0.682482324818
vt 0.760168058006 0.662560132441
vt 0.772090897835 0.659218196698
vt 0.760661806934 0.672545612024
vt 0.770318576819 0.647171428434
vt 0.772090897835 0.659218196698
vt 0.758717886651 0.652761414259
vt 0.767401145536 0.63546927518
vt 0.770318576819 0.647171428434
vt 0.756356054969 0.643259075102
vt 0.763377498506 0.624402857468
vt 0.767401145536 0.63546927518
vt 0.753096336863 0.634315697072
vt 0.75833101767 0.61413344155
vt 0.763377498506 0.624402857468
vt 0.749011310423 0.626008349079
vt 0.752327928384 0.60492042434
vt 0.75833101767 0.61413344155
vt 0.744170638337 0.618529082024
vt 0.745515328855 0.596768592773
vt 0.752327928384 0.60492042434
vt 0.738646806884 0.611901546448
vt 0.737984592053 0.589940110487
vt 0.745515328855 0.596768592773
vt 0.732537410259 0.606338675223
vt 0.729852172671 0.584434977481
vt 0.737984592053 0.589940110487
vt 0.725959561497 0.60197355139
vt 0.721278202609 0.580493164148
vt 0.729852172671 0.584434977481
vt 0.719015691274 0.598755122523
vt 0.711813080609 0.596785449981
vt 0.712388632521 0.578058148003
vt 0.719015691274 0.598755122523
vt 0.704497870309 0.596122142761
vt 0.703352717006 0.57718810827
vt 0.711813080609 0.596785449981
vt 0.697186691632 0.596738624511
vt 0.694335418984 0.578012065185
vt 0.704497870309 0.596122142761
vt 0.685449140662 0.580396121035
vt 0.694335418984 0.578012065185
vt 0.690011517043 0.598712787648
vt 0.676880834937 0.584372250846
vt 0.685449140662 0.580396121035
vt 0.683069976004 0.601885084225
vt 0.668754220745 0.589855946833
vt 0.676880834937 0.584372250846
vt 0.676498761532 0.606308917999
vt 0.670391779043 0.611822242853
vt 0.661228746938 0.596637377228
vt 0.676498761532 0.606308917999
vt 0.654420985805 0.60476966448
vt 0.661228746938 0.596637377228
vt 0.664873888991 0.618456621701
vt 0.648466946488 0.614041171676
vt 0.654420985805 0.60476966448
vt 0.660054886783 0.62591419358
vt 0.643441259285 0.624263972937
vt 0.648466946488 0.614041171676
vt 0.655981078965 0.634280325764
vt 0.639447527116 0.63533749346
vt 0.643441259285 0.624263972937
vt 0.65276608159 0.643206368281
vt 0.636560298282 0.646994542202
vt 0.639447527116 0.63533749346
vt 0.650403362906 0.652712276108
vt 0.634812633609 0.65909580063
vt 0.636560298282 0.646994542202
vt 0.649000739319 0.662514673263
vt 0.634252446645 0.671465623813
vt 0.634812633609 0.65909580063
vt 0.648535372004 0.672477273755
vt 0.634857396043 0.683783028649
vt 0.634252446645 0.671465623813
vt 0.649026850976 0.682466943412
vt 0.636643976208 0.695911299754
vt 0.634857396043 0.683783028649
vt 0.650471915199 0.692266399817
vt 0.639576298002 0.707668837681
vt 0.636643976208 0.695911299754
vt 0.652838167144 0.701777395566
vt 0.643599258285 0.718716195443
vt 0.639576298002 0.707668837681
vt 0.656099397643 0.710751552551
vt 0.648648400118 0.729017507922
vt 0.643599258285 0.718716195443
vt 0.660180817848 0.719113229979
vt 0.665020196901 0.726644384106
vt 0.65462629396 0.738386729562
vt 0.660180817848 0.719113229979
vt 0.670527063263 0.733221736638
vt 0.661442485678 0.746542859475
vt 0.665020196901 0.726644384106
vt 0.676639294368 0.738840446696
vt 0.668957773982 0.753427904207
vt 0.670527063263 0.733221736638
vt 0.683196619682 0.743308736144
vt 0.677071171827 0.75895673159
vt 0.676639294368 0.738840446696
vt 0.690124668876 0.746525322455
vt 0.685630838598 0.762923009157
vt 0.683196619682 0.743308736144
vt 0.697306257776 0.748490288585
vt 0.694505091437 0.76535914871
vt 0.690124668876 0.746525322455
vt 0.704628733037 0.74910271402
vt 0.703506331973 0.76614184815
vt 0.697306257776 0.748490288585
vt 0.711941844034 0.74847930998
vt 0.712530867107 0.765341660611
vt 0.704628733037 0.74910271402
vt 0.719122475063 0.746503539354
vt 0.72139967143 0.762899906266
vt 0.711941844034 0.74847930998
vt 0.729971788899 0.758916913181
vt 0.72139967143 0.762899906266
vt 0.726068490353 0.743276488534
vt 0.732643234342 0.738851488943
vt 0.738101836281 0.753377803245
vt 0.726068490353 0.743276488534
vt 0.738743838039 0.73327671452
vt 0.745649073981 0.746488705292
vt 0.732643234342 0.738851488943
vt 0.744263616279 0.726642562533
vt 0.752452678034 0.738323897136
vt 0.738743838039 0.73327671452
vt 0.749099855519 0.719103559016
vt 0.758426585043 0.729000032791
vt 0.744263616279 0.726642562533
vt 0.753174511896 0.710792870482
vt 0.763462600914 0.718718753434
vt 0.749099855519 0.719103559016
vt 0.756403885453 0.701759333408
vt 0.767461669029 0.70765336662
vt 0.753174511896 0.710792870482
vt 0.758765977949 0.692335805328
vt 0.770361735915 0.695944039549
vt 0.756403885453 0.701759333408
vt 0.743989674552 0.687418420217
vt 0.758765977949 0.692335805328
vt 0.742313613654 0.694113672544
vt 0.742313613654 0.694113672544
vt 0.756403885453 0.701759333408
vt 0.740023985252 0.700510831198
vt 0.740023985252 0.700510831198
vt 0.753174511896 0.710792870482
vt 0.737120900932 0.706422212124
vt 0.737120900932 0.706422212124
vt 0.749099855519 0.719103559016
vt 0.733693386022 0.711803326809
vt 0.733693386022 0.711803326809
vt 0.744263616279 0.726642562533
vt 0.729780410881 0.71649399756
vt 0.729780410881 0.71649399756
vt 0.738743838039 0.73327671452
vt 0.725469731925 0.720404405313
vt 0.725469731925 0.720404405313
vt 0.732643234342 0.738851488943
vt 0.720786127006 0.723539198993
vt 0.720786127006 0.723539198993
vt 0.726068490353 0.743276488534
vt 0.71586210655 0.72581305935
vt 0.719122475063 0.746503539354
vt 0.711941844034 0.74847930998
vt 0.71586210655 0.72581305935
vt 0.710766205454 0.727262673453
vt 0.711941844034 0.74847930998
vt 0.705571985734 0.727695757444
vt 0.704628733037 0.74910271402
vt 0.697306257776 0.748490288585
vt 0.705571985734 0.727695757444
vt 0.700377535431 0.727272762112
vt 0.697306257776 0.748490288585
vt 0.695276616835 0.725828095812
vt 0.695276616835 0.725828095812
vt 0.690124668876 0.746525322455
vt 0.690356493657 0.723559046167
vt 0.690356493657 0.723559046167
vt 0.683196619682 0.743308736144
vt 0.685687087607 0.720428866372
vt 0.685687087607 0.720428866372
vt 0.676639294368 0.738840446696
vt 0.681355236017 0.716420619139
vt 0.681355236017 0.716420619139
vt 0.670527063263 0.733221736638
vt 0.677450898078 0.711738622359
vt 0.677450898078 0.711738622359
vt 0.665020196901 0.726644384106
vt 0.673997815277 0.706387768897
vt 0.673997815277 0.706387768897
vt 0.660180817848 0.719113229979
vt 0.671113706347 0.700501830088
vt 0.656099397643 0.710751552551
vt 0.652838167144 0.701777395566
vt 0.671113706347 0.700501830088
vt 0.652838167144 0.701777395566
vt 0.650471915199 0.692266399817
vt 0.668798571287 0.694161068735
vt 0.650471915199 0.692266399817
vt 0.649026850976 0.682466943412
vt 0.667130889253 0.687418993373
vt 0.649026850976 0.682466943412
vt 0.648535372004 0.672477273755
vt 0.666106973164 0.680458878223
vt 0.648535372004 0.672477273755
vt 0.649000739319 0.662514673263
vt 0.665753824807 0.673369154756
vt 0.649000739319 0.662514673263
vt 0.650403362906 0.652712276108
vt 0.666083667331 0.666275740545
vt 0.650403362906 0.652712276108
vt 0.65276608159 0.643206368281
vt 0.66710385105 0.659239680601
vt 0.65276608159 0.643206368281
vt 0.655981078965 0.634280325764
vt 0.668748094597 0.652574777218
vt 0.655981078965 0.634280325764
vt 0.660054886783 0.62591419358
vt 0.671059278746 0.646204440502
vt 0.660054886783 0.62591419358
vt 0.664873888991 0.618456621701
vt 0.673939271034 0.64031590993
vt 0.664873888991 0.618456621701
vt 0.670391779043 0.611822242853
vt 0.677368416413 0.634935904126
vt 0.681287828096 0.630251640009
vt 0.670391779043 0.611822242853
vt 0.685595272987 0.62639401377
vt 0.676498761532 0.606308917999
vt 0.683069976004 0.601885084225
vt 0.685595272987 0.62639401377
vt 0.690259627674 0.623261654215
vt 0.683069976004 0.601885084225
vt 0.695198385333 0.620985361249
vt 0.690011517043 0.598712787648
vt 0.697186691632 0.596738624511
vt 0.695198385333 0.620985361249
vt 0.700289395667 0.619535678108
vt 0.697186691632 0.596738624511
vt 0.705482580005 0.619105090304
vt 0.704497870309 0.596122142761
vt 0.711813080609 0.596785449981
vt 0.705482580005 0.619105090304
vt 0.710680208788 0.619533025596
vt 0.711813080609 0.596785449981
vt 0.715774981031 0.620974622767
vt 0.719015691274 0.598755122523
vt 0.725959561497 0.60197355139
vt 0.715774981031 0.620974622767
vt 0.725959561497 0.60197355139
vt 0.732537410259 0.606338675223
vt 0.720712624592 0.623245243796
vt 0.732537410259 0.606338675223
vt 0.738646806884 0.611901546448
vt 0.725380476491 0.626374381751
vt 0.738646806884 0.611901546448
vt 0.744170638337 0.618529082024
vt 0.729709813333 0.630329715637
vt 0.744170638337 0.618529082024
vt 0.749011310423 0.626008349079
vt 0.733632290917 0.634956457984
vt 0.749011310423 0.626008349079
vt 0.753096336863 0.634315697072
vt 0.737064458803 0.640305293067
vt 0.753096336863 0.634315697072
vt 0.756356054969 0.643259075102
vt 0.739972416878 0.646245745004
vt 0.756356054969 0.643259075102
vt 0.758717886651 0.652761414259
vt 0.742286730004 0.652584255221
vt 0.758717886651 0.652761414259
vt 0.760168058006 0.662560132441
vt 0.743959233213 0.659273981584
vt 0.760168058006 0.662560132441
vt 0.760661806934 0.672545612024
vt 0.744984558761 0.666284956309
vt 0.745337605245 0.673372634592
vt 0.760661806934 0.672545612024
vt 0.744984558761 0.680460312876
vt 0.744984558761 0.680460312876
vt 0.760185295633 0.682482324818
vt 0.743989674552 0.687418420217
vt 0.744984558761 0.680460312876
vt 0.743989674552 0.687418420217
vt 0.732332031701 0.678488852691
vt 0.745337605245 0.673372634592
vt 0.744984558761 0.680460312876
vt 0.732567971933 0.673796857675
vt 0.744984558761 0.666284956309
vt 0.745337605245 0.673372634592
vt 0.732332031701 0.669051239859
vt 0.743959233213 0.659273981584
vt 0.744984558761 0.666284956309
vt 0.731663534377 0.664412867643
vt 0.730537690099 0.659904995434
vt 0.742286730004 0.652584255221
vt 0.731663534377 0.664412867643
vt 0.739972416878 0.646245745004
vt 0.742286730004 0.652584255221
vt 0.728984451456 0.655668888449
vt 0.737064458803 0.640305293067
vt 0.739972416878 0.646245745004
vt 0.727057649089 0.651700889502
vt 0.733632290917 0.634956457984
vt 0.737064458803 0.640305293067
vt 0.724776944246 0.64821548502
vt 0.722161998176 0.645078620987
vt 0.729709813333 0.630329715637
vt 0.724776944246 0.64821548502
vt 0.725380476491 0.626374381751
vt 0.729709813333 0.630329715637
vt 0.719271794626 0.642451162225
vt 0.720712624592 0.623245243796
vt 0.725380476491 0.626374381751
vt 0.716150464126 0.640389853161
vt 0.712866962564 0.638834791956
vt 0.715774981031 0.620974622767
vt 0.716150464126 0.640389853161
vt 0.709465490887 0.637923204352
vt 0.710680208788 0.619533025596
vt 0.712866962564 0.638834791956
vt 0.705482580005 0.619105090304
vt 0.710680208788 0.619533025596
vt 0.705989954592 0.637577716488
vt 0.702533926229 0.637929340668
vt 0.700289395667 0.619535678108
vt 0.705989954592 0.637577716488
vt 0.695198385333 0.620985361249
vt 0.700289395667 0.619535678108
vt 0.699136733095 0.638844057472
vt 0.695837705989 0.640348718263
vt 0.690259627674 0.623261654215
vt 0.699136733095 0.638844057472
vt 0.685595272987 0.62639401377
vt 0.690259627674 0.623261654215
vt 0.692735170827 0.642416548034
vt 0.689844581488 0.645097986279
vt 0.681287828096 0.630251640009
vt 0.692735170827 0.642416548034
vt 0.687233451734 0.648184936914
vt 0.677368416413 0.634935904126
vt 0.689844581488 0.645097986279
vt 0.673939271034 0.64031590993
vt 0.677368416413 0.634935904126
vt 0.684956506513 0.651727889691
vt 0.671059278746 0.646204440502
vt 0.673939271034 0.64031590993
vt 0.683033433314 0.655700058872
vt 0.668748094597 0.652574777218
vt 0.671059278746 0.646204440502
vt 0.681503587003 0.659940572493
vt 0.66710385105 0.659239680601
vt 0.668748094597 0.652574777218
vt 0.680382646489 0.664392156115
vt 0.666083667331 0.666275740545
vt 0.66710385105 0.659239680601
vt 0.679714015306 0.669085090655
vt 0.665753824807 0.673369154756
vt 0.666083667331 0.666275740545
vt 0.679478027829 0.673778025196
vt 0.666106973164 0.680458878223
vt 0.665753824807 0.673369154756
vt 0.679718013829 0.678528565333
vt 0.667130889253 0.687418993373
vt 0.666106973164 0.680458878223
vt 0.68040632595 0.683167969557
vt 0.681507625343 0.687673286955
vt 0.668798571287 0.694161068735
vt 0.68040632595 0.683167969557
vt 0.671113706347 0.700501830088
vt 0.668798571287 0.694161068735
vt 0.683061244131 0.691883613332
vt 0.673997815277 0.706387768897
vt 0.671113706347 0.700501830088
vt 0.684988518069 0.695852583419
vt 0.687269781099 0.699419293026
vt 0.677450898078 0.711738622359
vt 0.684988518069 0.695852583419
vt 0.681355236017 0.716420619139
vt 0.677450898078 0.711738622359
vt 0.689885367158 0.702503290053
vt 0.692776278066 0.705185026599
vt 0.685687087607 0.720428866372
vt 0.689885367158 0.702503290053
vt 0.695879157453 0.707245352661
vt 0.690356493657 0.723559046167
vt 0.692776278066 0.705185026599
vt 0.699182982125 0.708800725252
vt 0.695276616835 0.725828095812
vt 0.695879157453 0.707245352661
vt 0.702585134913 0.709712495391
vt 0.700377535431 0.727272762112
vt 0.699182982125 0.708800725252
vt 0.705571985734 0.727695757444
vt 0.700377535431 0.727272762112
vt 0.70604628457 0.710007479848
vt 0.709502773026 0.709707829628
vt 0.710766205454 0.727262673453
vt 0.70604628457 0.710007479848
vt 0.71586210655 0.72581305935
vt 0.710766205454 0.727262673453
vt 0.712919778187 0.708791434504
vt 0.720786127006 0.723539198993
vt 0.71586210655 0.72581305935
vt 0.716198981136 0.707231520658
vt 0.719301063323 0.705162202952
vt 0.725469731925 0.720404405313
vt 0.716198981136 0.707231520658
vt 0.729780410881 0.71649399756
vt 0.725469731925 0.720404405313
vt 0.722191652662 0.702480764708
vt 0.724806947778 0.699397110727
vt 0.733693386022 0.711803326809
vt 0.722191652662 0.702480764708
vt 0.737120900932 0.706422212124
vt 0.733693386022 0.711803326809
vt 0.727102568599 0.695826441332
vt 0.740023985252 0.700510831198
vt 0.737120900932 0.706422212124
vt 0.729024490318 0.691853732961
vt 0.742313613654 0.694113672544
vt 0.740023985252 0.700510831198
vt 0.730553075314 0.687639888003
vt 0.731668687713 0.68318492255
vt 0.743989674552 0.687418420217
vt 0.730553075314 0.687639888003
vt 0.731668687713 0.68318492255
vt 0.730553075314 0.687639888003
vt 0.721262992317 0.67951624632
vt 0.730553075314 0.687639888003
vt 0.729024490318 0.691853732961
vt 0.720617973744 0.682098556997
vt 0.729024490318 0.691853732961
vt 0.727102568599 0.695826441332
vt 0.719731679812 0.684569437981
vt 0.727102568599 0.695826441332
vt 0.724806947778 0.699397110727
vt 0.718609040832 0.686879174552
vt 0.724806947778 0.699397110727
vt 0.722191652662 0.702480764708
vt 0.717274593663 0.688978262832
vt 0.722191652662 0.702480764708
vt 0.719301063323 0.705162202952
vt 0.715758012475 0.690804606863
vt 0.719301063323 0.705162202952
vt 0.716198981136 0.707231520658
vt 0.714088634964 0.692312940214
vt 0.716198981136 0.707231520658
vt 0.712919778187 0.708791434504
vt 0.712276575504 0.693575294364
vt 0.712919778187 0.708791434504
vt 0.709502773026 0.709707829628
vt 0.710370722364 0.694412243132
vt 0.709502773026 0.709707829628
vt 0.70604628457 0.710007479848
vt 0.708381351887 0.694976286279
vt 0.70604628457 0.710007479848
vt 0.702585134913 0.709712495391
vt 0.70637688359 0.695168649814
vt 0.702585134913 0.709712495391
vt 0.699182982125 0.708800725252
vt 0.704367771605 0.694980631242
vt 0.699182982125 0.708800725252
vt 0.695879157453 0.707245352661
vt 0.702378356796 0.694416575526
vt 0.695879157453 0.707245352661
vt 0.692776278066 0.705185026599
vt 0.700448033516 0.693583921849
vt 0.692776278066 0.705185026599
vt 0.689885367158 0.702503290053
vt 0.698635893293 0.692321511436
vt 0.689885367158 0.702503290053
vt 0.687269781099 0.699419293026
vt 0.696961633306 0.690817362859
vt 0.687269781099 0.699419293026
vt 0.684988518069 0.695852583419
vt 0.695444950728 0.68899089673
vt 0.684988518069 0.695852583419
vt 0.683061244131 0.691883613332
vt 0.694105542738 0.686895832641
vt 0.683061244131 0.691883613332
vt 0.681507625343 0.687673286955
vt 0.692982803687 0.684585890184
vt 0.681507625343 0.687673286955
vt 0.68040632595 0.683167969557
vt 0.692096430753 0.68211478895
vt 0.68040632595 0.683167969557
vt 0.679718013829 0.678528565333
vt 0.691446423934 0.679536248533
vt 0.679718013829 0.678528565333
vt 0.679478027829 0.673778025196
vt 0.691052480407 0.676823409135
vt 0.679478027829 0.673778025196
vt 0.679714015306 0.669085090655
vt 0.690914600173 0.674056850145
vt 0.679714015306 0.669085090655
vt 0.680382646489 0.664392156115
vt 0.691052480407 0.671344010748
vt 0.680382646489 0.664392156115
vt 0.681503587003 0.659940572493
vt 0.691446423934 0.66863117135
vt 0.681503587003 0.659940572493
vt 0.683033433314 0.655700058872
vt 0.692072453324 0.666022071406
vt 0.683033433314 0.655700058872
vt 0.684956506513 0.651727889691
vt 0.692978503244 0.663551025238
vt 0.684956506513 0.651727889691
vt 0.687233451734 0.648184936914
vt 0.694096892006 0.661264399826
vt 0.687233451734 0.648184936914
vt 0.689844581488 0.645097986279
vt 0.695436240303 0.659142570508
vt 0.689844581488 0.645097986279
vt 0.692735170827 0.642416548034
vt 0.696948466569 0.657339538291
vt 0.692735170827 0.642416548034
vt 0.695837705989 0.640348718263
vt 0.698622614634 0.655835490265
vt 0.695837705989 0.640348718263
vt 0.699136733095 0.638844057472
vt 0.700430167514 0.654623434758
vt 0.699136733095 0.638844057472
vt 0.702533926229 0.637929340668
vt 0.702340623324 0.65371028309
vt 0.702533926229 0.637929340668
vt 0.705989954592 0.637577716488
vt 0.704329860815 0.653226849854
vt 0.705989954592 0.637577716488
vt 0.709465490887 0.637923204352
vt 0.706334196069 0.653008581211
vt 0.709465490887 0.637923204352
vt 0.712866962564 0.638834791956
vt 0.7083627792 0.65322343564
vt 0.712866962564 0.638834791956
vt 0.716150464126 0.640389853161
vt 0.710327590848 0.65370343327
vt 0.716150464126 0.640389853161
vt 0.719271794626 0.642451162225
vt 0.712257656064 0.654616544245
vt 0.719271794626 0.642451162225
vt 0.722161998176 0.645078620987
vt 0.714069554022 0.655825073477
vt 0.722161998176 0.645078620987
vt 0.724776944246 0.64821548502
vt 0.715743590179 0.657329020965
vt 0.724776944246 0.64821548502
vt 0.727057649089 0.651700889502
vt 0.717255229199 0.659205407975
vt 0.727057649089 0.651700889502
vt 0.728984451456 0.655668888449
vt 0.718594428285 0.661246434088
vt 0.728984451456 0.655668888449
vt 0.730537690099 0.659904995434
vt 0.719716992225 0.663529160662
vt 0.730537690099 0.659904995434
vt 0.731663534377 0.664412867643
vt 0.720608142305 0.666003575226
vt 0.731663534377 0.664412867643
vt 0.732332031701 0.669051239859
vt 0.721258062225 0.668608627124
vt 0.732332031701 0.669051239859
vt 0.732567971933 0.673796857675
vt 0.721651953085 0.671321103844
vt 0.732567971933 0.673796857675
vt 0.732332031701 0.678488852691
vt 0.721794756827 0.674091172002
vt 0.732332031701 0.678488852691
vt 0.731668687713 0.68318492255
vt 0.721656891954 0.676803709161
n 0.53409 0.082351 0.841407
n 0.519359 0.152943 0.840758
n 0.505572 0.13546 0.852084
n 0.539527 -0.001044 0.841968
n 0.53409 0.082351 0.841407
n 0.518086 0.066458 0.852742
n 0.539527 -0.001044 0.841968
n 0.515854 -0.001132 0.856676
n 0.517873 -0.067915 0.852757
n 0.53338 -0.082962 0.841797
n 0.517873 -0.067915 0.852757
n 0.50462 -0.136126 0.852542
n 0.517869 -0.153483 0.841579
n 0.50462 -0.136126 0.852542
n 0.482639 -0.202625 0.852058
n 0.493769 -0.221578 0.84089
n 0.482639 -0.202625 0.852058
n 0.452439 -0.265197 0.851452
n 0.460891 -0.285038 0.840436
n 0.452439 -0.265197 0.851452
n 0.41465 -0.322425 0.850945
n 0.420458 -0.343203 0.839897
n 0.41465 -0.322425 0.850945
n 0.369819 -0.374338 0.850356
n 0.372992 -0.395382 0.839375
n 0.369819 -0.374338 0.850356
n 0.319158 -0.419023 0.850034
n 0.319337 -0.440649 0.838959
n 0.319158 -0.419023 0.850034
n 0.263019 -0.457894 0.849208
n 0.260243 -0.479402 0.838121
n 0.263019 -0.457894 0.849208
n 0.202097 -0.488971 0.848566
n 0.196923 -0.508787 0.838068
n 0.202097 -0.488971 0.848566
n 0.138747 -0.510698 0.848491
n 0.130969 -0.529379 0.838216
n 0.138747 -0.510698 0.848491
n 0.072827 -0.524269 0.848433
n 0.062175 -0.542665 0.837645
n 0.072827 -0.524269 0.848433
n 0.004128 -0.529569 0.848257
n -0.009191 -0.546965 0.837105
n 0.004128 -0.529569 0.848257
n -0.064273 -0.526124 0.847975
n -0.079385 -0.541777 0.836765
n -0.064273 -0.526124 0.847975
n -0.13145 -0.513726 0.847825
n -0.148631 -0.527595 0.836392
n -0.13145 -0.513726 0.847825
n -0.197173 -0.492468 0.847702
n -0.21595 -0.503654 0.836479
n -0.197173 -0.492468 0.847702
n -0.259391 -0.462849 0.847636
n -0.278794 -0.470979 0.83693
n -0.259391 -0.462849 0.847636
n -0.317165 -0.425241 0.847689
n -0.33836 -0.430881 0.836573
n -0.317165 -0.425241 0.847689
n -0.370706 -0.38 0.847453
n -0.39197 -0.382593 0.83665
n -0.370706 -0.38 0.847453
n -0.417631 -0.327301 0.847619
n -0.438462 -0.327197 0.837074
n -0.417631 -0.327301 0.847619
n -0.457036 -0.268538 0.847942
n -0.478311 -0.26529 0.837162
n -0.457036 -0.268538 0.847942
n -0.48921 -0.20493 0.847749
n -0.509443 -0.199024 0.837172
n -0.48921 -0.20493 0.847749
n -0.512513 -0.137998 0.847518
n -0.532106 -0.129328 0.836742
n -0.512513 -0.137998 0.847518
n -0.527028 -0.068725 0.847065
n -0.545608 -0.057471 0.836068
n -0.527028 -0.068725 0.847065
n -0.532568 0.001156 0.846386
n -0.549631 0.014527 0.835281
n -0.532568 0.001156 0.846386
n -0.528821 0.070681 0.845785
n -0.543867 0.08597 0.834756
n -0.528821 0.070681 0.845785
n -0.515795 0.138321 0.845472
n -0.528506 0.154945 0.834669
n -0.515795 0.138321 0.845472
n -0.498755 0.20737 0.841571
n -0.48396 0.266387 0.833559
n -0.50839 0.212152 0.834584
n -0.498755 0.20737 0.841571
n -0.445916 0.326032 0.833584
n -0.48396 0.266387 0.833559
n -0.462471 0.268509 0.844999
n -0.399104 0.379446 0.834708
n -0.445916 0.326032 0.833584
n -0.422888 0.325499 0.845705
n -0.3458 0.425854 0.836104
n -0.399104 0.379446 0.834708
n -0.377188 0.376218 0.846279
n -0.28656 0.466187 0.83699
n -0.3458 0.425854 0.836104
n -0.324868 0.42065 0.847062
n -0.222938 0.499284 0.837266
n -0.28656 0.466187 0.83699
n -0.267218 0.458386 0.84763
n -0.15415 0.523434 0.838006
n -0.222938 0.499284 0.837266
n -0.203667 0.488329 0.84856
n -0.082479 0.538114 0.838827
n -0.15415 0.523434 0.838006
n -0.136555 0.509834 0.849366
n -0.010008 0.544953 0.838407
n -0.082479 0.538114 0.838827
n -0.067427 0.523085 0.849609
n 0.063376 0.540463 0.838978
n -0.010008 0.544953 0.838407
n 0.003587 0.526931 0.8499
n 0.133884 0.526731 0.839422
n 0.063376 0.540463 0.838978
n 0.074249 0.521176 0.850214
n 0.201898 0.505492 0.838877
n 0.133884 0.526731 0.839422
n 0.141797 0.507422 0.849951
n 0.265559 0.476146 0.83831
n 0.201898 0.505492 0.838877
n 0.206933 0.485397 0.849452
n 0.323917 0.438692 0.838228
n 0.265559 0.476146 0.83831
n 0.26759 0.455131 0.849265
n 0.377381 0.392749 0.838649
n 0.323917 0.438692 0.838228
n 0.323651 0.41682 0.849418
n 0.423341 0.341397 0.839184
n 0.377381 0.392749 0.838649
n 0.374115 0.371587 0.849683
n 0.463125 0.283223 0.839822
n 0.423341 0.341397 0.839184
n 0.417537 0.32055 0.850242
n 0.495348 0.219404 0.840531
n 0.463125 0.283223 0.839822
n 0.454637 0.26272 0.851048
n 0.519359 0.152943 0.840758
n 0.495348 0.219404 0.840531
n 0.484285 0.200895 0.851533
n 0.505572 0.13546 0.852084
n 0.484285 0.200895 0.851533
n 0.476207 0.196949 0.856993
n 0.484285 0.200895 0.851533
n 0.454637 0.26272 0.851048
n 0.447303 0.257711 0.856449
n 0.454637 0.26272 0.851048
n 0.417537 0.32055 0.850242
n 0.410809 0.314226 0.855861
n 0.417537 0.32055 0.850242
n 0.374115 0.371587 0.849683
n 0.367903 0.364839 0.855301
n 0.374115 0.371587 0.849683
n 0.323651 0.41682 0.849418
n 0.31817 0.409299 0.855127
n 0.323651 0.41682 0.849418
n 0.26759 0.455131 0.849265
n 0.262993 0.447174 0.854909
n 0.26759 0.455131 0.849265
n 0.206933 0.485397 0.849452
n 0.203229 0.477114 0.855021
n 0.206933 0.485397 0.849452
n 0.141797 0.507422 0.849951
n 0.13927 0.499418 0.855094
n 0.141797 0.507422 0.849951
n 0.074249 0.521176 0.850214
n 0.072767 0.513406 0.855055
n 0.074249 0.521176 0.850214
n 0.003587 0.526931 0.8499
n 0.003714 0.517915 0.855424
n 0.003587 0.526931 0.8499
n -0.067427 0.523085 0.849609
n -0.066098 0.513913 0.855292
n -0.067427 0.523085 0.849609
n -0.136555 0.509834 0.849366
n -0.134313 0.501617 0.8546
n -0.136555 0.509834 0.849366
n -0.203667 0.488329 0.84856
n -0.199538 0.480535 0.853973
n -0.203667 0.488329 0.84856
n -0.267218 0.458386 0.84763
n -0.262516 0.451414 0.852825
n -0.267218 0.458386 0.84763
n -0.324868 0.42065 0.847062
n -0.319863 0.41455 0.85196
n -0.324868 0.42065 0.847062
n -0.377188 0.376218 0.846279
n -0.371457 0.370566 0.851293
n -0.377188 0.376218 0.846279
n -0.422888 0.325499 0.845705
n -0.416141 0.320245 0.85104
n -0.422888 0.325499 0.845705
n -0.462471 0.268509 0.844999
n -0.45398 0.264303 0.850909
n -0.462471 0.268509 0.844999
n -0.498755 0.20737 0.841571
n -0.482106 0.200346 0.852898
n -0.515795 0.138321 0.845472
n -0.507922 0.136026 0.850595
n -0.482106 0.200346 0.852898
n -0.528821 0.070681 0.845785
n -0.520448 0.069112 0.851092
n -0.507922 0.136026 0.850595
n -0.532568 0.001156 0.846386
n -0.524379 0.000865 0.851485
n -0.520448 0.069112 0.851092
n -0.527028 -0.068725 0.847065
n -0.519275 -0.067913 0.851904
n -0.524379 0.000865 0.851485
n -0.512513 -0.137998 0.847518
n -0.50475 -0.136197 0.852454
n -0.519275 -0.067913 0.851904
n -0.48921 -0.20493 0.847749
n -0.481173 -0.201984 0.853039
n -0.50475 -0.136197 0.852454
n -0.457036 -0.268538 0.847942
n -0.45006 -0.264112 0.853048
n -0.481173 -0.201984 0.853039
n -0.417631 -0.327301 0.847619
n -0.410801 -0.32194 0.852993
n -0.45006 -0.264112 0.853048
n -0.370706 -0.38 0.847453
n -0.363868 -0.373842 0.853137
n -0.410801 -0.32194 0.852993
n -0.317165 -0.425241 0.847689
n -0.31186 -0.41868 0.852907
n -0.363868 -0.373842 0.853137
n -0.259391 -0.462849 0.847636
n -0.254965 -0.455747 0.852812
n -0.31186 -0.41868 0.852907
n -0.197173 -0.492468 0.847702
n -0.193545 -0.484793 0.852946
n -0.254965 -0.455747 0.852812
n -0.13145 -0.513726 0.847825
n -0.1289 -0.505445 0.853176
n -0.193545 -0.484793 0.852946
n -0.064273 -0.526124 0.847975
n -0.063353 -0.51804 0.853007
n -0.1289 -0.505445 0.853176
n 0.004128 -0.529569 0.848257
n 0.004462 -0.521468 0.853259
n -0.063353 -0.51804 0.853007
n 0.072827 -0.524269 0.848433
n 0.071699 -0.516216 0.853452
n 0.004462 -0.521468 0.853259
n 0.138747 -0.510698 0.848491
n 0.13647 -0.503137 0.853364
n 0.071699 -0.516216 0.853452
n 0.202097 -0.488971 0.848566
n 0.199332 -0.480832 0.853855
n 0.13647 -0.503137 0.853364
n 0.263019 -0.457894 0.849208
n 0.259429 -0.449746 0.854649
n 0.199332 -0.480832 0.853855
n 0.319158 -0.419023 0.850034
n 0.314122 -0.412567 0.855053
n 0.259429 -0.449746 0.854649
n 0.369819 -0.374338 0.850356
n 0.363922 -0.3681 0.855607
n 0.314122 -0.412567 0.855053
n 0.41465 -0.322425 0.850945
n 0.407805 -0.316981 0.856282
n 0.363922 -0.3681 0.855607
n 0.452439 -0.265197 0.851452
n 0.444762 -0.260345 0.856976
n 0.407805 -0.316981 0.856282
n 0.482639 -0.202625 0.852058
n 0.474407 -0.198863 0.85755
n 0.444762 -0.260345 0.856976
n 0.50462 -0.136126 0.852542
n 0.496049 -0.13366 0.857946
n 0.474407 -0.198863 0.85755
n 0.517873 -0.067915 0.852757
n 0.508989 -0.066603 0.858193
n 0.496049 -0.13366 0.857946
n 0.515854 -0.001132 0.856676
n 0.517429 -0.001337 0.855725
n 0.508989 -0.066603 0.858193
n 0.515854 -0.001132 0.856676
n 0.518086 0.066458 0.852742
n 0.509528 0.064959 0.857999
n 0.518086 0.066458 0.852742
n 0.505572 0.13546 0.852084
n 0.496939 0.132278 0.857645
n 0.509528 0.064959 0.857999
n 0.496939 0.132278 0.857645
n 0.544292 0.14616 0.826065
n 0.517429 -0.001337 0.855725
n 0.509528 0.064959 0.857999
n 0.558392 0.072603 0.826394
n 0.517429 -0.001337 0.855725
n 0.575552 -0.001586 0.817764
n 0.558101 -0.074878 0.826388
n 0.508989 -0.066603 0.858193
n 0.558101 -0.074878 0.826388
n 0.543303 -0.147924 0.826402
n 0.496049 -0.13366 0.857946
n 0.543303 -0.147924 0.826402
n 0.519421 -0.219288 0.825903
n 0.474407 -0.198863 0.85755
n 0.519421 -0.219288 0.825903
n 0.486642 -0.286215 0.825385
n 0.444762 -0.260345 0.856976
n 0.486642 -0.286215 0.825385
n 0.44603 -0.348029 0.82458
n 0.407805 -0.316981 0.856282
n 0.44603 -0.348029 0.82458
n 0.397981 -0.403718 0.823786
n 0.363922 -0.3681 0.855607
n 0.397981 -0.403718 0.823786
n 0.343136 -0.453098 0.822776
n 0.314122 -0.412567 0.855053
n 0.343136 -0.453098 0.822776
n 0.283036 -0.493487 0.822412
n 0.259429 -0.449746 0.854649
n 0.283036 -0.493487 0.822412
n 0.217421 -0.526607 0.821835
n 0.199332 -0.480832 0.853855
n 0.217421 -0.526607 0.821835
n 0.147481 -0.551332 0.821147
n 0.13647 -0.503137 0.853364
n 0.147481 -0.551332 0.821147
n 0.076083 -0.565421 0.821285
n 0.071699 -0.516216 0.853452
n 0.076083 -0.565421 0.821285
n 0.003692 -0.570445 0.821328
n 0.004462 -0.521468 0.853259
n 0.003692 -0.570445 0.821328
n -0.071263 -0.567148 0.820527
n -0.063353 -0.51804 0.853007
n -0.071263 -0.567148 0.820527
n -0.143503 -0.553219 0.820582
n -0.1289 -0.505445 0.853176
n -0.143503 -0.553219 0.820582
n -0.213398 -0.530201 0.820578
n -0.193545 -0.484793 0.852946
n -0.213398 -0.530201 0.820578
n -0.28116 -0.498142 0.820246
n -0.254965 -0.455747 0.852812
n -0.28116 -0.498142 0.820246
n -0.343841 -0.456725 0.820473
n -0.31186 -0.41868 0.852907
n -0.343841 -0.456725 0.820473
n -0.400324 -0.407335 0.820865
n -0.363868 -0.373842 0.853137
n -0.400324 -0.407335 0.820865
n -0.450538 -0.350231 0.82119
n -0.410801 -0.32194 0.852993
n -0.450538 -0.350231 0.82119
n -0.493544 -0.286878 0.821045
n -0.45006 -0.264112 0.853048
n -0.493544 -0.286878 0.821045
n -0.527821 -0.21934 0.820545
n -0.481173 -0.201984 0.853039
n -0.527821 -0.21934 0.820545
n -0.552916 -0.147637 0.820053
n -0.50475 -0.136197 0.852454
n -0.552916 -0.147637 0.820053
n -0.568854 -0.072929 0.819198
n -0.519275 -0.067913 0.851904
n -0.568854 -0.072929 0.819198
n -0.574911 0.002826 0.818211
n -0.524379 0.000865 0.851485
n -0.574911 0.002826 0.818211
n -0.570403 0.077682 0.817683
n -0.520448 0.069112 0.851092
n -0.570403 0.077682 0.817683
n -0.556235 0.150511 0.817282
n -0.507922 0.136026 0.850595
n -0.556235 0.150511 0.817282
n -0.521357 0.216779 0.825345
n -0.45398 0.264303 0.850909
n -0.482106 0.200346 0.852898
n -0.521357 0.216779 0.825345
n -0.416141 0.320245 0.85104
n -0.45398 0.264303 0.850909
n -0.499208 0.288501 0.817043
n -0.371457 0.370566 0.851293
n -0.416141 0.320245 0.85104
n -0.457674 0.349786 0.817425
n -0.319863 0.41455 0.85196
n -0.371457 0.370566 0.851293
n -0.408456 0.405109 0.817955
n -0.262516 0.451414 0.852825
n -0.319863 0.41455 0.85196
n -0.352051 0.45349 0.818784
n -0.199538 0.480535 0.853973
n -0.262516 0.451414 0.852825
n -0.288586 0.49429 0.819997
n -0.134313 0.501617 0.8546
n -0.199538 0.480535 0.853973
n -0.220302 0.526563 0.821096
n -0.066098 0.513913 0.855292
n -0.134313 0.501617 0.8546
n -0.148863 0.549593 0.822063
n 0.003714 0.517915 0.855424
n -0.066098 0.513913 0.855292
n -0.07462 0.563497 0.822741
n 0.072767 0.513406 0.855055
n 0.003714 0.517915 0.855424
n 0.000901 0.568135 0.822935
n 0.13927 0.499418 0.855094
n 0.072767 0.513406 0.855055
n 0.077767 0.562281 0.823281
n 0.203229 0.477114 0.855021
n 0.13927 0.499418 0.855094
n 0.150296 0.547104 0.823461
n 0.262993 0.447174 0.854909
n 0.203229 0.477114 0.855021
n 0.220171 0.523257 0.823241
n 0.31817 0.409299 0.855127
n 0.262993 0.447174 0.854909
n 0.286226 0.490199 0.823274
n 0.367903 0.364839 0.855301
n 0.31817 0.409299 0.855127
n 0.346585 0.448696 0.823742
n 0.410809 0.314226 0.855861
n 0.367903 0.364839 0.855301
n 0.401225 0.400448 0.823808
n 0.447303 0.257711 0.856449
n 0.410809 0.314226 0.855861
n 0.448918 0.344793 0.824373
n 0.476207 0.196949 0.856993
n 0.447303 0.257711 0.856449
n 0.489129 0.283639 0.824804
n 0.496939 0.132278 0.857645
n 0.476207 0.196949 0.856993
n 0.521287 0.216575 0.825442
n 0.544292 0.14616 0.826065
n 0.521287 0.216575 0.825442
n 0.555834 0.229133 0.799091
n 0.521287 0.216575 0.825442
n 0.489129 0.283639 0.824804
n 0.521763 0.300373 0.798461
n 0.489129 0.283639 0.824804
n 0.448918 0.344793 0.824373
n 0.478877 0.366421 0.797755
n 0.448918 0.344793 0.824373
n 0.401225 0.400448 0.823808
n 0.428418 0.424962 0.797412
n 0.401225 0.400448 0.823808
n 0.346585 0.448696 0.823742
n 0.370262 0.477586 0.796754
n 0.346585 0.448696 0.823742
n 0.286226 0.490199 0.823274
n 0.305849 0.521369 0.796637
n 0.286226 0.490199 0.823274
n 0.220171 0.523257 0.823241
n 0.235276 0.556766 0.796653
n 0.220171 0.523257 0.823241
n 0.150296 0.547104 0.823461
n 0.160352 0.582998 0.796493
n 0.150296 0.547104 0.823461
n 0.077767 0.562281 0.823281
n 0.083349 0.598102 0.797074
n 0.077767 0.562281 0.823281
n 0.000901 0.568135 0.822935
n 0.00258 0.604088 0.796913
n 0.000901 0.568135 0.822935
n -0.07462 0.563497 0.822741
n -0.078572 0.600395 0.795834
n -0.07462 0.563497 0.822741
n -0.148863 0.549593 0.822063
n -0.156874 0.58574 0.795172
n -0.148863 0.549593 0.822063
n -0.220302 0.526563 0.821096
n -0.233503 0.560874 0.79429
n -0.220302 0.526563 0.821096
n -0.288586 0.49429 0.819997
n -0.305075 0.526229 0.793733
n -0.288586 0.49429 0.819997
n -0.352051 0.45349 0.818784
n -0.372449 0.483009 0.792454
n -0.352051 0.45349 0.818784
n -0.408456 0.405109 0.817955
n -0.433039 0.431509 0.791377
n -0.408456 0.405109 0.817955
n -0.457674 0.349786 0.817425
n -0.485578 0.372654 0.790786
n -0.457674 0.349786 0.817425
n -0.499208 0.288501 0.817043
n -0.526069 0.313837 0.790416
n -0.499208 0.288501 0.817043
n -0.521357 0.216779 0.825345
n -0.563678 0.239672 0.790459
n -0.556235 0.150511 0.817282
n -0.591173 0.158603 0.790797
n -0.563678 0.239672 0.790459
n -0.570403 0.077682 0.817683
n -0.60582 0.081023 0.791465
n -0.591173 0.158603 0.790797
n -0.574911 0.002826 0.818211
n -0.609645 0.000746 0.792674
n -0.60582 0.081023 0.791465
n -0.568854 -0.072929 0.819198
n -0.603691 -0.078831 0.793311
n -0.609645 0.000746 0.792674
n -0.552916 -0.147637 0.820053
n -0.58711 -0.158255 0.793887
n -0.603691 -0.078831 0.793311
n -0.527821 -0.21934 0.820545
n -0.560359 -0.234233 0.794439
n -0.58711 -0.158255 0.793887
n -0.493544 -0.286878 0.821045
n -0.524119 -0.305898 0.794812
n -0.560359 -0.234233 0.794439
n -0.450538 -0.350231 0.82119
n -0.47863 -0.372656 0.79501
n -0.524119 -0.305898 0.794812
n -0.400324 -0.407335 0.820865
n -0.424911 -0.432976 0.794973
n -0.47863 -0.372656 0.79501
n -0.343841 -0.456725 0.820473
n -0.364413 -0.485182 0.79486
n -0.424911 -0.432976 0.794973
n -0.28116 -0.498142 0.820246
n -0.297105 -0.528794 0.795051
n -0.364413 -0.485182 0.79486
n -0.213398 -0.530201 0.820578
n -0.22592 -0.56345 0.79466
n -0.297105 -0.528794 0.795051
n -0.143503 -0.553219 0.820582
n -0.152395 -0.588393 0.794084
n -0.22592 -0.56345 0.79466
n -0.071263 -0.567148 0.820527
n -0.073795 -0.602879 0.794412
n -0.152395 -0.588393 0.794084
n 0.003692 -0.570445 0.821328
n 0.005081 -0.607051 0.794647
n -0.073795 -0.602879 0.794412
n 0.076083 -0.565421 0.821285
n 0.081241 -0.601794 0.794508
n 0.005081 -0.607051 0.794647
n 0.147481 -0.551332 0.821147
n 0.158453 -0.585689 0.794897
n 0.081241 -0.601794 0.794508
n 0.217421 -0.526607 0.821835
n 0.232758 -0.55983 0.795245
n 0.158453 -0.585689 0.794897
n 0.283036 -0.493487 0.822412
n 0.302505 -0.524821 0.795647
n 0.232758 -0.55983 0.795245
n 0.343136 -0.453098 0.822776
n 0.366674 -0.480841 0.796456
n 0.302505 -0.524821 0.795647
n 0.397981 -0.403718 0.823786
n 0.42509 -0.428674 0.797206
n 0.366674 -0.480841 0.796456
n 0.44603 -0.348029 0.82458
n 0.476391 -0.369484 0.79783
n 0.42509 -0.428674 0.797206
n 0.486642 -0.286215 0.825385
n 0.519534 -0.303533 0.798719
n 0.476391 -0.369484 0.79783
n 0.519421 -0.219288 0.825903
n 0.554047 -0.232028 0.799497
n 0.519534 -0.303533 0.798719
n 0.543303 -0.147924 0.826402
n 0.579646 -0.156996 0.799602
n 0.554047 -0.232028 0.799497
n 0.558101 -0.074878 0.826388
n 0.596061 -0.073894 0.799532
n 0.579646 -0.156996 0.799602
n 0.575552 -0.001586 0.817764
n 0.600427 0.005763 0.799658
n 0.596061 -0.073894 0.799532
n 0.575552 -0.001586 0.817764
n 0.558392 0.072603 0.826394
n 0.595483 0.076193 0.799747
n 0.558392 0.072603 0.826394
n 0.544292 0.14616 0.826065
n 0.580543 0.15452 0.799433
n 0.595483 0.076193 0.799747
n 0.580543 0.15452 0.799433
n 0.560063 0.146857 0.81533
n 0.600427 0.005763 0.799658
n 0.595483 0.076193 0.799747
n 0.573919 0.071563 0.815779
n 0.596061 -0.073894 0.799532
n 0.600427 0.005763 0.799658
n 0.57835 -0.004019 0.815779
n 0.596061 -0.073894 0.799532
n 0.564214 -0.076072 0.822116
n 0.558971 -0.150274 0.815457
n 0.579646 -0.156996 0.799602
n 0.558971 -0.150274 0.815457
n 0.534844 -0.222885 0.815024
n 0.554047 -0.232028 0.799497
n 0.534844 -0.222885 0.815024
n 0.501631 -0.290813 0.814736
n 0.519534 -0.303533 0.798719
n 0.501631 -0.290813 0.814736
n 0.460177 -0.354502 0.813981
n 0.476391 -0.369484 0.79783
n 0.460177 -0.354502 0.813981
n 0.410942 -0.412231 0.813137
n 0.42509 -0.428674 0.797206
n 0.410942 -0.412231 0.813137
n 0.354339 -0.46254 0.812712
n 0.366674 -0.480841 0.796456
n 0.354339 -0.46254 0.812712
n 0.292839 -0.503961 0.812569
n 0.302505 -0.524821 0.795647
n 0.292839 -0.503961 0.812569
n 0.22534 -0.538453 0.811967
n 0.232758 -0.55983 0.795245
n 0.22534 -0.538453 0.811967
n 0.153827 -0.563019 0.812002
n 0.158453 -0.585689 0.794897
n 0.153827 -0.563019 0.812002
n 0.080184 -0.578804 0.811515
n 0.081241 -0.601794 0.794508
n 0.080184 -0.578804 0.811515
n 0.012386 -0.589422 0.80773
n 0.005081 -0.607051 0.794647
n 0.012386 -0.589422 0.80773
n -0.058757 -0.581272 0.811585
n -0.073795 -0.602879 0.794412
n -0.058757 -0.581272 0.811585
n -0.139559 -0.563742 0.814075
n -0.152395 -0.588393 0.794084
n -0.139559 -0.563742 0.814075
n -0.216915 -0.542214 0.811758
n -0.22592 -0.56345 0.79466
n -0.216915 -0.542214 0.811758
n -0.284435 -0.508897 0.812478
n -0.297105 -0.528794 0.795051
n -0.284435 -0.508897 0.812478
n -0.345759 -0.474466 0.809527
n -0.364413 -0.485182 0.79486
n -0.345759 -0.474466 0.809527
n -0.401348 -0.417389 0.815295
n -0.424911 -0.432976 0.794973
n -0.401348 -0.417389 0.815295
n -0.458525 -0.359127 0.812885
n -0.47863 -0.372656 0.79501
n -0.458525 -0.359127 0.812885
n -0.502098 -0.295235 0.812855
n -0.524119 -0.305898 0.794812
n -0.502098 -0.295235 0.812855
n -0.537325 -0.226321 0.812441
n -0.560359 -0.234233 0.794439
n -0.537325 -0.226321 0.812441
n -0.562745 -0.153613 0.812232
n -0.58711 -0.158255 0.793887
n -0.562745 -0.153613 0.812232
n -0.579251 -0.07721 0.811485
n -0.603691 -0.078831 0.793311
n -0.579251 -0.07721 0.811485
n -0.585179 -0.001209 0.810903
n -0.609645 0.000746 0.792674
n -0.585179 -0.001209 0.810903
n -0.581053 0.075378 0.810367
n -0.60582 0.081023 0.791465
n -0.581053 0.075378 0.810367
n -0.567105 0.150327 0.809811
n -0.591173 0.158603 0.790797
n -0.567105 0.150327 0.809811
n -0.550006 0.218466 0.80608
n -0.563678 0.239672 0.790459
n -0.550006 0.218466 0.80608
n -0.514 0.292064 0.806538
n -0.485578 0.372654 0.790786
n -0.526069 0.313837 0.790416
n -0.514 0.292064 0.806538
n -0.433039 0.431509 0.791377
n -0.485578 0.372654 0.790786
n -0.464851 0.358496 0.809564
n -0.372449 0.483009 0.792454
n -0.433039 0.431509 0.791377
n -0.413867 0.415241 0.810117
n -0.305075 0.526229 0.793733
n -0.372449 0.483009 0.792454
n -0.355774 0.464901 0.810735
n -0.233503 0.560874 0.79429
n -0.305075 0.526229 0.793733
n -0.291844 0.506423 0.811395
n -0.156874 0.58574 0.795172
n -0.233503 0.560874 0.79429
n -0.222984 0.539421 0.811975
n -0.078572 0.600395 0.795834
n -0.156874 0.58574 0.795172
n -0.148743 0.563082 0.812905
n 0.00258 0.604088 0.796913
n -0.078572 0.600395 0.795834
n -0.073371 0.577119 0.813357
n 0.083349 0.598102 0.797074
n 0.00258 0.604088 0.796913
n 0.004504 0.581027 0.813872
n 0.160352 0.582998 0.796493
n 0.083349 0.598102 0.797074
n 0.080764 0.575837 0.813566
n 0.235276 0.556766 0.796653
n 0.160352 0.582998 0.796493
n 0.15545 0.560408 0.813498
n 0.305849 0.521369 0.796637
n 0.235276 0.556766 0.796653
n 0.227749 0.535066 0.813532
n 0.370262 0.477586 0.796754
n 0.305849 0.521369 0.796637
n 0.295545 0.501097 0.81336
n 0.428418 0.424962 0.797412
n 0.370262 0.477586 0.796754
n 0.357811 0.458245 0.813623
n 0.478877 0.366421 0.797755
n 0.428418 0.424962 0.797412
n 0.413994 0.408334 0.813555
n 0.521763 0.300373 0.798461
n 0.478877 0.366421 0.797755
n 0.46256 0.351196 0.814064
n 0.555834 0.229133 0.799091
n 0.521763 0.300373 0.798461
n 0.503518 0.287291 0.814821
n 0.580543 0.15452 0.799433
n 0.555834 0.229133 0.799091
n 0.536539 0.219523 0.814823
n 0.493731 0.201157 0.846029
n 0.515387 0.134115 0.846398
n 0.560063 0.146857 0.81533
n 0.463647 0.264643 0.845574
n 0.493731 0.201157 0.846029
n 0.536539 0.219523 0.814823
n 0.425896 0.321547 0.845707
n 0.463647 0.264643 0.845574
n 0.503518 0.287291 0.814821
n 0.380867 0.374429 0.845425
n 0.425896 0.321547 0.845707
n 0.46256 0.351196 0.814064
n 0.328861 0.421217 0.845238
n 0.380867 0.374429 0.845425
n 0.413994 0.408334 0.813555
n 0.272084 0.459362 0.845551
n 0.328861 0.421217 0.845238
n 0.357811 0.458245 0.813623
n 0.209448 0.491293 0.845436
n 0.272084 0.459362 0.845551
n 0.295545 0.501097 0.81336
n 0.143257 0.514194 0.845625
n 0.209448 0.491293 0.845436
n 0.227749 0.535066 0.813532
n 0.074695 0.528481 0.845652
n 0.143257 0.514194 0.845625
n 0.15545 0.560408 0.813498
n 0.004323 0.534055 0.845438
n 0.074695 0.528481 0.845652
n 0.080764 0.575837 0.813566
n -0.066704 0.530102 0.845307
n 0.004323 0.534055 0.845438
n 0.004504 0.581027 0.813872
n -0.136297 0.516821 0.845174
n -0.066704 0.530102 0.845307
n -0.073371 0.577119 0.813357
n -0.203039 0.494866 0.844916
n -0.136297 0.516821 0.845174
n -0.148743 0.563082 0.812905
n -0.267045 0.464763 0.844205
n -0.203039 0.494866 0.844916
n -0.222984 0.539421 0.811975
n -0.325809 0.427022 0.843505
n -0.267045 0.464763 0.844205
n -0.291844 0.506423 0.811395
n -0.379365 0.381229 0.843058
n -0.325809 0.427022 0.843505
n -0.355774 0.464901 0.810735
n -0.426055 0.328893 0.842797
n -0.379365 0.381229 0.843058
n -0.413867 0.415241 0.810117
n -0.465302 0.278196 0.840298
n -0.426055 0.328893 0.842797
n -0.464851 0.358496 0.809564
n -0.498515 0.211202 0.840759
n -0.465302 0.278196 0.840298
n -0.514 0.292064 0.806538
n -0.567105 0.150327 0.809811
n -0.520253 0.137675 0.842842
n -0.498515 0.211202 0.840759
n -0.581053 0.075378 0.810367
n -0.533063 0.068264 0.843317
n -0.520253 0.137675 0.842842
n -0.585179 -0.001209 0.810903
n -0.53643 -0.001814 0.843943
n -0.533063 0.068264 0.843317
n -0.579251 -0.07721 0.811485
n -0.530773 -0.071845 0.844464
n -0.53643 -0.001814 0.843943
n -0.562745 -0.153613 0.812232
n -0.516112 -0.141409 0.844768
n -0.530773 -0.071845 0.844464
n -0.537325 -0.226321 0.812441
n -0.492744 -0.208073 0.844931
n -0.516112 -0.141409 0.844768
n -0.502098 -0.295235 0.812855
n -0.460692 -0.271439 0.845035
n -0.492744 -0.208073 0.844931
n -0.458525 -0.359127 0.812885
n -0.42086 -0.330061 0.844948
n -0.460692 -0.271439 0.845035
n -0.401348 -0.417389 0.815295
n -0.369428 -0.376448 0.849594
n -0.42086 -0.330061 0.844948
n -0.320111 -0.433047 0.842614
n -0.369428 -0.376448 0.849594
n -0.401348 -0.417389 0.815295
n -0.284435 -0.508897 0.812478
n -0.257964 -0.473586 0.842123
n -0.320111 -0.433047 0.842614
n -0.216915 -0.542214 0.811758
n -0.199014 -0.497885 0.844099
n -0.257964 -0.473586 0.842123
n -0.139559 -0.563742 0.814075
n -0.131743 -0.512475 0.848536
n -0.199014 -0.497885 0.844099
n -0.07469 -0.534968 0.841565
n -0.131743 -0.512475 0.848536
n -0.139559 -0.563742 0.814075
n -0.000297 -0.540451 0.841376
n -0.07469 -0.534968 0.841565
n -0.058757 -0.581272 0.811585
n 0.080184 -0.578804 0.811515
n 0.07499 -0.532416 0.843155
n -0.000297 -0.540451 0.841376
n 0.153827 -0.563019 0.812002
n 0.142248 -0.517897 0.843533
n 0.07499 -0.532416 0.843155
n 0.22534 -0.538453 0.811967
n 0.20757 -0.494703 0.84391
n 0.142248 -0.517897 0.843533
n 0.292839 -0.503961 0.812569
n 0.269561 -0.464492 0.843554
n 0.20757 -0.494703 0.84391
n 0.354339 -0.46254 0.812712
n 0.326468 -0.42559 0.843974
n 0.269561 -0.464492 0.843554
n 0.410942 -0.412231 0.813137
n 0.378381 -0.378435 0.844757
n 0.326468 -0.42559 0.843974
n 0.460177 -0.354502 0.813981
n 0.423858 -0.326165 0.844962
n 0.378381 -0.378435 0.844757
n 0.501631 -0.290813 0.814736
n 0.462265 -0.267848 0.845321
n 0.423858 -0.326165 0.844962
n 0.534844 -0.222885 0.815024
n 0.492392 -0.205071 0.84587
n 0.462265 -0.267848 0.845321
n 0.558971 -0.150274 0.815457
n 0.514312 -0.137144 0.846566
n 0.492392 -0.205071 0.84587
n 0.564214 -0.076072 0.822116
n 0.522182 -0.07664 0.849384
n 0.514312 -0.137144 0.846566
n 0.529516 -0.008462 0.848258
n 0.522182 -0.07664 0.849384
n 0.564214 -0.076072 0.822116
n 0.528516 0.06541 0.8464
n 0.529516 -0.008462 0.848258
n 0.57835 -0.004019 0.815779
n 0.515387 0.134115 0.846398
n 0.528516 0.06541 0.8464
n 0.573919 0.071563 0.815779
n 0.528516 0.06541 0.8464
n 0.515387 0.134115 0.846398
n 0.455704 0.117026 0.882405
n 0.529516 -0.008462 0.848258
n 0.528516 0.06541 0.8464
n 0.466907 0.056111 0.882525
n 0.529516 -0.008462 0.848258
n 0.454402 -0.002185 0.890794
n 0.466855 -0.060538 0.882259
n 0.522182 -0.07664 0.849384
n 0.466855 -0.060538 0.882259
n 0.45505 -0.120616 0.882259
n 0.514312 -0.137144 0.846566
n 0.45505 -0.120616 0.882259
n 0.43525 -0.179699 0.882194
n 0.492392 -0.205071 0.84587
n 0.43525 -0.179699 0.882194
n 0.40898 -0.235235 0.881703
n 0.462265 -0.267848 0.845321
n 0.40898 -0.235235 0.881703
n 0.375158 -0.287763 0.881163
n 0.423858 -0.326165 0.844962
n 0.375158 -0.287763 0.881163
n 0.335065 -0.333974 0.881018
n 0.378381 -0.378435 0.844757
n 0.335065 -0.333974 0.881018
n 0.28985 -0.374531 0.880746
n 0.326468 -0.42559 0.843974
n 0.28985 -0.374531 0.880746
n 0.247206 -0.414189 0.875977
n 0.269561 -0.464492 0.843554
n 0.247206 -0.414189 0.875977
n 0.184893 -0.4312 0.883109
n 0.20757 -0.494703 0.84391
n 0.184893 -0.4312 0.883109
n 0.134404 -0.464051 0.875552
n 0.142248 -0.517897 0.843533
n 0.134404 -0.464051 0.875552
n 0.075091 -0.469311 0.879834
n 0.07499 -0.532416 0.843155
n 0.075091 -0.469311 0.879834
n 0.009229 -0.469113 0.88309
n -0.000297 -0.540451 0.841376
n 0.009229 -0.469113 0.88309
n -0.059306 -0.485127 0.872431
n -0.131743 -0.512475 0.848536
n -0.07469 -0.534968 0.841565
n -0.059306 -0.485127 0.872431
n -0.131743 -0.512475 0.848536
n -0.113217 -0.443529 0.88908
n -0.174896 -0.440225 0.880689
n -0.199014 -0.497885 0.844099
n -0.174896 -0.440225 0.880689
n -0.238655 -0.424452 0.873432
n -0.320111 -0.433047 0.842614
n -0.257964 -0.473586 0.842123
n -0.238655 -0.424452 0.873432
n -0.369428 -0.376448 0.849594
n -0.320111 -0.433047 0.842614
n -0.284219 -0.369857 0.884548
n -0.369428 -0.376448 0.849594
n -0.326139 -0.326256 0.887237
n -0.369491 -0.292381 0.882037
n -0.42086 -0.330061 0.844948
n -0.369491 -0.292381 0.882037
n -0.405355 -0.240628 0.881922
n -0.460692 -0.271439 0.845035
n -0.405355 -0.240628 0.881922
n -0.433907 -0.185739 0.881604
n -0.492744 -0.208073 0.844931
n -0.433907 -0.185739 0.881604
n -0.455538 -0.125941 0.881262
n -0.516112 -0.141409 0.844768
n -0.455538 -0.125941 0.881262
n -0.468105 -0.064853 0.88129
n -0.530773 -0.071845 0.844464
n -0.468105 -0.064853 0.88129
n -0.473197 -0.002947 0.880952
n -0.53643 -0.001814 0.843943
n -0.473197 -0.002947 0.880952
n -0.469701 0.058217 0.880904
n -0.533063 0.068264 0.843317
n -0.469701 0.058217 0.880904
n -0.458362 0.119641 0.880676
n -0.520253 0.137675 0.842842
n -0.458362 0.119641 0.880676
n -0.439423 0.178734 0.880319
n -0.498515 0.211202 0.840759
n -0.439423 0.178734 0.880319
n -0.423348 0.244256 0.872419
n -0.426055 0.328893 0.842797
n -0.465302 0.278196 0.840298
n -0.423348 0.244256 0.872419
n -0.379365 0.381229 0.843058
n -0.426055 0.328893 0.842797
n -0.374847 0.290844 0.880284
n -0.325809 0.427022 0.843505
n -0.379365 0.381229 0.843058
n -0.332829 0.336956 0.88073
n -0.267045 0.464763 0.844205
n -0.325809 0.427022 0.843505
n -0.285359 0.377189 0.881078
n -0.203039 0.494866 0.844916
n -0.267045 0.464763 0.844205
n -0.234399 0.410688 0.881131
n -0.136297 0.516821 0.845174
n -0.203039 0.494866 0.844916
n -0.178132 0.437715 0.881292
n -0.066704 0.530102 0.845307
n -0.136297 0.516821 0.845174
n -0.11907 0.456793 0.881568
n 0.004323 0.534055 0.845438
n -0.066704 0.530102 0.845307
n -0.057245 0.468 0.881872
n 0.074695 0.528481 0.845652
n 0.004323 0.534055 0.845438
n 0.005954 0.471102 0.882059
n 0.143257 0.514194 0.845625
n 0.074695 0.528481 0.845652
n 0.067271 0.466383 0.882021
n 0.209448 0.491293 0.845436
n 0.143257 0.514194 0.845625
n 0.128866 0.44712 0.885143
n 0.272084 0.459362 0.845551
n 0.209448 0.491293 0.845436
n 0.193434 0.429945 0.88189
n 0.328861 0.421217 0.845238
n 0.272084 0.459362 0.845551
n 0.249536 0.409681 0.877435
n 0.380867 0.374429 0.845425
n 0.328861 0.421217 0.845238
n 0.291543 0.370892 0.881727
n 0.425896 0.321547 0.845707
n 0.380867 0.374429 0.845425
n 0.33778 0.329145 0.881798
n 0.463647 0.264643 0.845574
n 0.425896 0.321547 0.845707
n 0.377199 0.283647 0.881627
n 0.493731 0.201157 0.846029
n 0.463647 0.264643 0.845574
n 0.410238 0.231435 0.882124
n 0.515387 0.134115 0.846398
n 0.493731 0.201157 0.846029
n 0.436529 0.175735 0.88236
n 0.350244 0.141265 0.925945
n 0.365429 0.094782 0.926001
n 0.455704 0.117026 0.882405
n 0.329109 0.186654 0.925661
n 0.350244 0.141265 0.925945
n 0.436529 0.175735 0.88236
n 0.302155 0.227329 0.925756
n 0.329109 0.186654 0.925661
n 0.410238 0.231435 0.882124
n 0.270331 0.26472 0.925659
n 0.302155 0.227329 0.925756
n 0.377199 0.283647 0.881627
n 0.233819 0.297437 0.925667
n 0.270331 0.26472 0.925659
n 0.33778 0.329145 0.881798
n 0.19211 0.332813 0.923217
n 0.233819 0.297437 0.925667
n 0.291543 0.370892 0.881727
n 0.19211 0.332813 0.923217
n 0.249536 0.409681 0.877435
n 0.193434 0.429945 0.88189
n 0.145157 0.355546 0.923318
n 0.193434 0.429945 0.88189
n 0.128866 0.44712 0.885143
n 0.052793 0.373886 0.925971
n 0.09767 0.351841 0.93095
n 0.128866 0.44712 0.885143
n 0.003737 0.377205 0.926122
n 0.052793 0.373886 0.925971
n 0.067271 0.466383 0.882021
n -0.046379 0.37415 0.926208
n 0.003737 0.377205 0.926122
n 0.005954 0.471102 0.882059
n -0.096023 0.365082 0.92601
n -0.046379 0.37415 0.926208
n -0.057245 0.468 0.881872
n -0.143127 0.349749 0.925846
n -0.096023 0.365082 0.92601
n -0.11907 0.456793 0.881568
n -0.188886 0.327886 0.925642
n -0.143127 0.349749 0.925846
n -0.178132 0.437715 0.881292
n -0.229942 0.300696 0.925586
n -0.188886 0.327886 0.925642
n -0.234399 0.410688 0.881131
n -0.26648 0.268819 0.925594
n -0.229942 0.300696 0.925586
n -0.285359 0.377189 0.881078
n -0.302503 0.23899 0.9227
n -0.26648 0.268819 0.925594
n -0.332829 0.336956 0.88073
n -0.332237 0.194916 0.922836
n -0.302503 0.23899 0.9227
n -0.374847 0.290844 0.880284
n -0.332237 0.194916 0.922836
n -0.423348 0.244256 0.872419
n -0.439423 0.178734 0.880319
n -0.350724 0.143979 0.925345
n -0.439423 0.178734 0.880319
n -0.458362 0.119641 0.880676
n -0.366309 0.096939 0.92543
n -0.458362 0.119641 0.880676
n -0.469701 0.058217 0.880904
n -0.375845 0.048133 0.925431
n -0.469701 0.058217 0.880904
n -0.473197 -0.002947 0.880952
n -0.378439 -0.001906 0.925624
n -0.473197 -0.002947 0.880952
n -0.468105 -0.064853 0.88129
n -0.374357 -0.050803 0.925892
n -0.468105 -0.064853 0.88129
n -0.455538 -0.125941 0.881262
n -0.363743 -0.099875 0.92613
n -0.455538 -0.125941 0.881262
n -0.433907 -0.185739 0.881604
n -0.346738 -0.148144 0.926189
n -0.433907 -0.185739 0.881604
n -0.405355 -0.240628 0.881922
n -0.32473 -0.192376 0.926035
n -0.405355 -0.240628 0.881922
n -0.369491 -0.292381 0.882037
n -0.296171 -0.233445 0.926167
n -0.369491 -0.292381 0.882037
n -0.326139 -0.326256 0.887237
n -0.263573 -0.270832 0.92584
n -0.326139 -0.326256 0.887237
n -0.284219 -0.369857 0.884548
n -0.191461 -0.342113 0.919946
n -0.218939 -0.293479 0.930557
n -0.284219 -0.369857 0.884548
n -0.191461 -0.342113 0.919946
n -0.238655 -0.424452 0.873432
n -0.174896 -0.440225 0.880689
n -0.14006 -0.353223 0.924996
n -0.174896 -0.440225 0.880689
n -0.113217 -0.443529 0.88908
n -0.045799 -0.379299 0.92414
n -0.095671 -0.359339 0.92829
n -0.113217 -0.443529 0.88908
n -0.045799 -0.379299 0.92414
n -0.059306 -0.485127 0.872431
n 0.009229 -0.469113 0.88309
n 0.051212 -0.37735 0.924654
n 0.008696 -0.372439 0.928016
n 0.009229 -0.469113 0.88309
n 0.103259 -0.380073 0.919175
n 0.051212 -0.37735 0.924654
n 0.075091 -0.469311 0.879834
n 0.103259 -0.380073 0.919175
n 0.134404 -0.464051 0.875552
n 0.184893 -0.4312 0.883109
n 0.190658 -0.336923 0.922026
n 0.140095 -0.345676 0.927837
n 0.184893 -0.4312 0.883109
n 0.190658 -0.336923 0.922026
n 0.247206 -0.414189 0.875977
n 0.28985 -0.374531 0.880746
n 0.232287 -0.302109 0.924539
n 0.28985 -0.374531 0.880746
n 0.335065 -0.333974 0.881018
n 0.268277 -0.269642 0.924835
n 0.335065 -0.333974 0.881018
n 0.375158 -0.287763 0.881163
n 0.300265 -0.231848 0.92525
n 0.375158 -0.287763 0.881163
n 0.40898 -0.235235 0.881703
n 0.327634 -0.190281 0.925445
n 0.40898 -0.235235 0.881703
n 0.43525 -0.179699 0.882194
n 0.349187 -0.145916 0.925623
n 0.43525 -0.179699 0.882194
n 0.45505 -0.120616 0.882259
n 0.36442 -0.098573 0.926003
n 0.45505 -0.120616 0.882259
n 0.466855 -0.060538 0.882259
n 0.369775 -0.047813 0.92789
n 0.466855 -0.060538 0.882259
n 0.454402 -0.002185 0.890794
n 0.375228 0.046736 0.925754
n 0.369651 0.001435 0.92917
n 0.454402 -0.002185 0.890794
n 0.365429 0.094782 0.926001
n 0.375228 0.046736 0.925754
n 0.466907 0.056111 0.882525
n 0.375228 0.046736 0.925754
n 0.365429 0.094782 0.926001
n 0.287081 0.072529 0.955156
n 0.369651 0.001435 0.92917
n 0.375228 0.046736 0.925754
n 0.2935 0.033142 0.955384
n 0.369775 -0.047813 0.92789
n 0.369651 0.001435 0.92917
n 0.29007 -0.006929 0.95698
n 0.369775 -0.047813 0.92789
n 0.28218 -0.042921 0.958401
n 0.286604 -0.076547 0.954986
n 0.36442 -0.098573 0.926003
n 0.286604 -0.076547 0.954986
n 0.274734 -0.112157 0.954957
n 0.349187 -0.145916 0.925623
n 0.274734 -0.112157 0.954957
n 0.257533 -0.14866 0.954765
n 0.327634 -0.190281 0.925445
n 0.257533 -0.14866 0.954765
n 0.236576 -0.18033 0.954732
n 0.300265 -0.231848 0.92525
n 0.236576 -0.18033 0.954732
n 0.211487 -0.209987 0.954557
n 0.268277 -0.269642 0.924835
n 0.211487 -0.209987 0.954557
n 0.183957 -0.234921 0.954449
n 0.232287 -0.302109 0.924539
n 0.183957 -0.234921 0.954449
n 0.15087 -0.258197 0.954239
n 0.190658 -0.336923 0.922026
n 0.15087 -0.258197 0.954239
n 0.117402 -0.275004 0.954248
n 0.140095 -0.345676 0.927837
n 0.117402 -0.275004 0.954248
n 0.082409 -0.302411 0.949609
n 0.051212 -0.37735 0.924654
n 0.103259 -0.380073 0.919175
n 0.082409 -0.302411 0.949609
n 0.008696 -0.372439 0.928016
n 0.051212 -0.37735 0.924654
n 0.036952 -0.29112 0.955973
n -0.045799 -0.379299 0.92414
n 0.008696 -0.372439 0.928016
n -0.00063 -0.305219 0.952282
n -0.045799 -0.379299 0.92414
n -0.031405 -0.279335 0.95968
n -0.069333 -0.297046 0.952343
n -0.095671 -0.359339 0.92829
n -0.069333 -0.297046 0.952343
n -0.102718 -0.27246 0.956668
n -0.14006 -0.353223 0.924996
n -0.102718 -0.27246 0.956668
n -0.151459 -0.271813 0.950357
n -0.218939 -0.293479 0.930557
n -0.191461 -0.342113 0.919946
n -0.151459 -0.271813 0.950357
n -0.218939 -0.293479 0.930557
n -0.166003 -0.224401 0.960254
n -0.204461 -0.213308 0.955351
n -0.263573 -0.270832 0.92584
n -0.204461 -0.213308 0.955351
n -0.230108 -0.184347 0.955545
n -0.296171 -0.233445 0.926167
n -0.230108 -0.184347 0.955545
n -0.251677 -0.152942 0.95565
n -0.32473 -0.192376 0.926035
n -0.251677 -0.152942 0.95565
n -0.270158 -0.117367 0.955636
n -0.346738 -0.148144 0.926189
n -0.270158 -0.117367 0.955636
n -0.282931 -0.079415 0.955847
n -0.363743 -0.099875 0.92613
n -0.282931 -0.079415 0.955847
n -0.290812 -0.042167 0.955851
n -0.374357 -0.050803 0.925892
n -0.290812 -0.042167 0.955851
n -0.294137 -0.003848 0.955755
n -0.378439 -0.001906 0.925624
n -0.294137 -0.003848 0.955755
n -0.292063 0.034836 0.955765
n -0.375845 0.048133 0.925431
n -0.292063 0.034836 0.955765
n -0.285288 0.073441 0.955624
n -0.366309 0.096939 0.92543
n -0.285288 0.073441 0.955624
n -0.273426 0.110131 0.955568
n -0.350724 0.143979 0.925345
n -0.273426 0.110131 0.955568
n -0.26423 0.146535 0.953263
n -0.332237 0.194916 0.922836
n -0.26423 0.146535 0.953263
n -0.240618 0.183287 0.953157
n -0.26648 0.268819 0.925594
n -0.302503 0.23899 0.9227
n -0.240618 0.183287 0.953157
n -0.229942 0.300696 0.925586
n -0.26648 0.268819 0.925594
n -0.205882 0.21038 0.955695
n -0.188886 0.327886 0.925642
n -0.229942 0.300696 0.925586
n -0.177824 0.234644 0.955678
n -0.143127 0.349749 0.925846
n -0.188886 0.327886 0.925642
n -0.144895 0.255797 0.95581
n -0.096023 0.365082 0.92601
n -0.143127 0.349749 0.925846
n -0.108977 0.27283 0.95587
n -0.046379 0.37415 0.926208
n -0.096023 0.365082 0.92601
n -0.072091 0.284534 0.955951
n 0.003737 0.377205 0.926122
n -0.046379 0.37415 0.926208
n -0.031764 0.286179 0.95765
n 0.052793 0.373886 0.925971
n 0.003737 0.377205 0.926122
n 0.007327 0.301286 0.953506
n 0.09767 0.351841 0.93095
n 0.052793 0.373886 0.925971
n 0.044919 0.284798 0.957534
n 0.09767 0.351841 0.93095
n 0.077764 0.278906 0.957165
n 0.11675 0.279431 0.953041
n 0.19211 0.332813 0.923217
n 0.145157 0.355546 0.923318
n 0.11675 0.279431 0.953041
n 0.233819 0.297437 0.925667
n 0.19211 0.332813 0.923217
n 0.152489 0.253009 0.955371
n 0.270331 0.26472 0.925659
n 0.233819 0.297437 0.925667
n 0.184846 0.230756 0.955292
n 0.302155 0.227329 0.925756
n 0.270331 0.26472 0.925659
n 0.213099 0.205271 0.955224
n 0.329109 0.186654 0.925661
n 0.302155 0.227329 0.925756
n 0.237758 0.175907 0.955263
n 0.350244 0.141265 0.925945
n 0.329109 0.186654 0.925661
n 0.258625 0.143539 0.955254
n 0.365429 0.094782 0.926001
n 0.350244 0.141265 0.925945
n 0.275404 0.108288 0.95521
n 0.287081 0.072529 0.955156
n 0.275404 0.108288 0.95521
n 0.205557 0.0762 0.975674
n 0.275404 0.108288 0.95521
n 0.258625 0.143539 0.955254
n 0.188867 0.09928 0.976971
n 0.258625 0.143539 0.955254
n 0.237758 0.175907 0.955263
n 0.173618 0.123567 0.97703
n 0.237758 0.175907 0.955263
n 0.213099 0.205271 0.955224
n 0.152882 0.141261 0.978096
n 0.213099 0.205271 0.955224
n 0.184846 0.230756 0.955292
n 0.139944 0.167412 0.975904
n 0.184846 0.230756 0.955292
n 0.152489 0.253009 0.955371
n 0.109752 0.175456 0.97835
n 0.152489 0.253009 0.955371
n 0.11675 0.279431 0.953041
n 0.088933 0.198157 0.976127
n 0.11675 0.279431 0.953041
n 0.077764 0.278906 0.957165
n 0.06016 0.209736 0.975906
n 0.044919 0.284798 0.957534
n 0.029671 0.192646 0.98082
n 0.06016 0.209736 0.975906
n 0.044919 0.284798 0.957534
n 0.007327 0.301286 0.953506
n 0.003196 0.222734 0.974874
n -0.031764 0.286179 0.95765
n -0.024102 0.192823 0.980937
n 0.003196 0.222734 0.974874
n -0.031764 0.286179 0.95765
n -0.072091 0.284534 0.955951
n -0.050282 0.204221 0.977633
n -0.072091 0.284534 0.955951
n -0.108977 0.27283 0.95587
n -0.075082 0.195991 0.977727
n -0.108977 0.27283 0.95587
n -0.144895 0.255797 0.95581
n -0.101428 0.183838 0.97771
n -0.144895 0.255797 0.95581
n -0.177824 0.234644 0.955678
n -0.127429 0.174227 0.976425
n -0.177824 0.234644 0.955678
n -0.205882 0.21038 0.955695
n -0.142602 0.148025 0.978649
n -0.205882 0.21038 0.955695
n -0.240618 0.183287 0.953157
n -0.167772 0.13555 0.976462
n -0.240618 0.183287 0.953157
n -0.26423 0.146535 0.953263
n -0.187177 0.109151 0.976243
n -0.273426 0.110131 0.955568
n -0.191159 0.074558 0.978723
n -0.187177 0.109151 0.976243
n -0.285288 0.073441 0.955624
n -0.209932 0.050303 0.976421
n -0.191159 0.074558 0.978723
n -0.292063 0.034836 0.955765
n -0.208931 0.022804 0.977665
n -0.209932 0.050303 0.976421
n -0.294137 -0.003848 0.955755
n -0.210206 -0.005133 0.977644
n -0.208931 0.022804 0.977665
n -0.290812 -0.042167 0.955851
n -0.208143 -0.032164 0.977569
n -0.210206 -0.005133 0.977644
n -0.282931 -0.079415 0.955847
n -0.202577 -0.058356 0.977526
n -0.208143 -0.032164 0.977569
n -0.270158 -0.117367 0.955636
n -0.192059 -0.087086 0.977512
n -0.202577 -0.058356 0.977526
n -0.251677 -0.152942 0.95565
n -0.179516 -0.112223 0.977333
n -0.192059 -0.087086 0.977512
n -0.230108 -0.184347 0.955545
n -0.164154 -0.134305 0.977249
n -0.179516 -0.112223 0.977333
n -0.204461 -0.213308 0.955351
n -0.141081 -0.152395 0.978198
n -0.164154 -0.134305 0.977249
n -0.166003 -0.224401 0.960254
n -0.116979 -0.163818 0.97953
n -0.141081 -0.152395 0.978198
n -0.166003 -0.224401 0.960254
n -0.151459 -0.271813 0.950357
n -0.107683 -0.198005 0.974268
n -0.102718 -0.27246 0.956668
n -0.071456 -0.184477 0.980236
n -0.107683 -0.198005 0.974268
n -0.102718 -0.27246 0.956668
n -0.069333 -0.297046 0.952343
n -0.05363 -0.21995 0.974036
n -0.031405 -0.279335 0.95968
n -0.020823 -0.197833 0.980014
n -0.05363 -0.21995 0.974036
n -0.031405 -0.279335 0.95968
n -0.00063 -0.305219 0.952282
n 0.003054 -0.228222 0.973604
n 0.036952 -0.29112 0.955973
n 0.028474 -0.197737 0.979842
n 0.003054 -0.228222 0.973604
n 0.036952 -0.29112 0.955973
n 0.082409 -0.302411 0.949609
n 0.061448 -0.214791 0.974725
n 0.117402 -0.275004 0.954248
n 0.089942 -0.203231 0.974991
n 0.061448 -0.214791 0.974725
n 0.15087 -0.258197 0.954239
n 0.112016 -0.184512 0.976426
n 0.089942 -0.203231 0.974991
n 0.183957 -0.234921 0.954449
n 0.132225 -0.164689 0.977443
n 0.112016 -0.184512 0.976426
n 0.211487 -0.209987 0.954557
n 0.159359 -0.153724 0.975179
n 0.132225 -0.164689 0.977443
n 0.236576 -0.18033 0.954732
n 0.172018 -0.130391 0.976426
n 0.159359 -0.153724 0.975179
n 0.257533 -0.14866 0.954765
n 0.187184 -0.106234 0.976564
n 0.172018 -0.130391 0.976426
n 0.274734 -0.112157 0.954957
n 0.195419 -0.078843 0.977546
n 0.187184 -0.106234 0.976564
n 0.286604 -0.076547 0.954986
n 0.214199 -0.056198 0.975172
n 0.195419 -0.078843 0.977546
n 0.28218 -0.042921 0.958401
n 0.213274 -0.026956 0.97662
n 0.214199 -0.056198 0.975172
n 0.29007 -0.006929 0.95698
n 0.202732 -0.001392 0.979233
n 0.213274 -0.026956 0.97662
n 0.29007 -0.006929 0.95698
n 0.2935 0.033142 0.955384
n 0.212531 0.020358 0.976942
n 0.2935 0.033142 0.955384
n 0.287081 0.072529 0.955156
n 0.203354 0.045496 0.978048
n 0.203354 0.045496 0.978048
n 0.141714 0.031644 0.989402
n 0.148516 0.018697 0.988733
n 0.212531 0.020358 0.976942
n 0.148516 0.018697 0.988733
n 0.149248 0.001303 0.988799
n 0.202732 -0.001392 0.979233
n 0.149248 0.001303 0.988799
n 0.147885 -0.017474 0.98885
n 0.213274 -0.026956 0.97662
n 0.147885 -0.017474 0.98885
n 0.145928 -0.042725 0.988372
n 0.195419 -0.078843 0.977546
n 0.214199 -0.056198 0.975172
n 0.145928 -0.042725 0.988372
n 0.195419 -0.078843 0.977546
n 0.133266 -0.060472 0.989234
n 0.130776 -0.07341 0.98869
n 0.187184 -0.106234 0.976564
n 0.130776 -0.07341 0.98869
n 0.120022 -0.090957 0.988596
n 0.172018 -0.130391 0.976426
n 0.120022 -0.090957 0.988596
n 0.108361 -0.108751 0.988145
n 0.132225 -0.164689 0.977443
n 0.159359 -0.153724 0.975179
n 0.108361 -0.108751 0.988145
n 0.132225 -0.164689 0.977443
n 0.089052 -0.117803 0.989036
n 0.079381 -0.128433 0.988536
n 0.112016 -0.184512 0.976426
n 0.079381 -0.128433 0.988536
n 0.060001 -0.140774 0.988222
n 0.061448 -0.214791 0.974725
n 0.089942 -0.203231 0.974991
n 0.060001 -0.140774 0.988222
n 0.028474 -0.197737 0.979842
n 0.061448 -0.214791 0.974725
n 0.037561 -0.145345 0.988668
n 0.028474 -0.197737 0.979842
n 0.020993 -0.144203 0.989325
n 0.003582 -0.152178 0.988347
n -0.020823 -0.197833 0.980014
n 0.003054 -0.228222 0.973604
n 0.003582 -0.152178 0.988347
n -0.020823 -0.197833 0.980014
n -0.015142 -0.144834 0.98934
n -0.034637 -0.147144 0.988508
n -0.071456 -0.184477 0.980236
n -0.05363 -0.21995 0.974036
n -0.034637 -0.147144 0.988508
n -0.071456 -0.184477 0.980236
n -0.049558 -0.134918 0.989617
n -0.071895 -0.131567 0.988697
n -0.116979 -0.163818 0.97953
n -0.107683 -0.198005 0.974268
n -0.071895 -0.131567 0.988697
n -0.141081 -0.152395 0.978198
n -0.116979 -0.163818 0.97953
n -0.088781 -0.116076 0.989265
n -0.141081 -0.152395 0.978198
n -0.097065 -0.103241 0.989909
n -0.110875 -0.094122 0.989367
n -0.164154 -0.134305 0.977249
n -0.110875 -0.094122 0.989367
n -0.122341 -0.078213 0.989402
n -0.179516 -0.112223 0.977333
n -0.122341 -0.078213 0.989402
n -0.13149 -0.06082 0.98945
n -0.192059 -0.087086 0.977512
n -0.13149 -0.06082 0.98945
n -0.138972 -0.040149 0.989482
n -0.202577 -0.058356 0.977526
n -0.138972 -0.040149 0.989482
n -0.143087 -0.020869 0.98949
n -0.208143 -0.032164 0.977569
n -0.143087 -0.020869 0.98949
n -0.143791 -0.004741 0.989597
n -0.210206 -0.005133 0.977644
n -0.143791 -0.004741 0.989597
n -0.14287 0.015294 0.989623
n -0.208931 0.022804 0.977665
n -0.14287 0.015294 0.989623
n -0.14089 0.037425 0.989318
n -0.191159 0.074558 0.978723
n -0.209932 0.050303 0.976421
n -0.14089 0.037425 0.989318
n -0.191159 0.074558 0.978723
n -0.128011 0.054136 0.990294
n -0.124867 0.070167 0.989689
n -0.187177 0.109151 0.976243
n -0.124867 0.070167 0.989689
n -0.115346 0.088934 0.989336
n -0.142602 0.148025 0.978649
n -0.167772 0.13555 0.976462
n -0.115346 0.088934 0.989336
n -0.142602 0.148025 0.978649
n -0.097635 0.099271 0.990259
n -0.087957 0.116447 0.989294
n -0.101428 0.183838 0.97771
n -0.127429 0.174227 0.976425
n -0.087957 0.116447 0.989294
n -0.075082 0.195991 0.977727
n -0.101428 0.183838 0.97771
n -0.067595 0.126905 0.989609
n -0.050282 0.204221 0.977633
n -0.075082 0.195991 0.977727
n -0.049111 0.135522 0.989556
n -0.024102 0.192823 0.980937
n -0.050282 0.204221 0.977633
n -0.034662 0.140252 0.989509
n -0.024102 0.192823 0.980937
n -0.017075 0.139283 0.990105
n 0.004245 0.147339 0.989077
n 0.029671 0.192646 0.98082
n 0.003196 0.222734 0.974874
n 0.004245 0.147339 0.989077
n 0.029671 0.192646 0.98082
n 0.024044 0.139127 0.989983
n 0.041391 0.140061 0.989277
n 0.06016 0.209736 0.975906
n 0.041391 0.140061 0.989277
n 0.060494 0.134814 0.989023
n 0.109752 0.175456 0.97835
n 0.088933 0.198157 0.976127
n 0.060494 0.134814 0.989023
n 0.109752 0.175456 0.97835
n 0.075011 0.120416 0.989886
n 0.092569 0.115895 0.988939
n 0.152882 0.141261 0.978096
n 0.139944 0.167412 0.975904
n 0.092569 0.115895 0.988939
n 0.152882 0.141261 0.978096
n 0.103993 0.098181 0.98972
n 0.119028 0.087718 0.989009
n 0.173618 0.123567 0.97703
n 0.119028 0.087718 0.989009
n 0.128834 0.072541 0.989009
n 0.188867 0.09928 0.976971
n 0.128834 0.072541 0.989009
n 0.141211 0.051834 0.988622
n 0.203354 0.045496 0.978048
n 0.205557 0.0762 0.975674
n 0.141211 0.051834 0.988622
n 0.141211 0.051834 0.988622
n 0.088049 0.033552 0.995551
n 0.092545 0.022093 0.995463
n 0.128834 0.072541 0.989009
n 0.080578 0.047005 0.995639
n 0.088049 0.033552 0.995551
n 0.119028 0.087718 0.989009
n 0.0753 0.054071 0.995694
n 0.080578 0.047005 0.995639
n 0.103993 0.098181 0.98972
n 0.06595 0.064093 0.995762
n 0.0753 0.054071 0.995694
n 0.092569 0.115895 0.988939
n 0.057607 0.072586 0.995697
n 0.06595 0.064093 0.995762
n 0.075011 0.120416 0.989886
n 0.048603 0.078424 0.995735
n 0.057607 0.072586 0.995697
n 0.060494 0.134814 0.989023
n 0.037867 0.083595 0.99578
n 0.048603 0.078424 0.995735
n 0.041391 0.140061 0.989277
n 0.025845 0.086987 0.995874
n 0.037867 0.083595 0.99578
n 0.024044 0.139127 0.989983
n 0.014851 0.089013 0.99592
n 0.025845 0.086987 0.995874
n 0.004245 0.147339 0.989077
n 0.00148 0.089521 0.995984
n 0.014851 0.089013 0.99592
n -0.017075 0.139283 0.990105
n -0.014113 0.088314 0.995993
n 0.00148 0.089521 0.995984
n -0.034662 0.140252 0.989509
n -0.025139 0.085958 0.995982
n -0.014113 0.088314 0.995993
n -0.049111 0.135522 0.989556
n -0.034437 0.082242 0.996017
n -0.025139 0.085958 0.995982
n -0.067595 0.126905 0.989609
n -0.046585 0.075386 0.996066
n -0.034437 0.082242 0.996017
n -0.087957 0.116447 0.989294
n -0.055404 0.069124 0.996068
n -0.046585 0.075386 0.996066
n -0.097635 0.099271 0.990259
n -0.064259 0.060802 0.996079
n -0.055404 0.069124 0.996068
n -0.115346 0.088934 0.989336
n -0.07173 0.051904 0.996073
n -0.064259 0.060802 0.996079
n -0.124867 0.070167 0.989689
n -0.077652 0.042434 0.996077
n -0.07173 0.051904 0.996073
n -0.128011 0.054136 0.990294
n -0.082708 0.031728 0.996069
n -0.077652 0.042434 0.996077
n -0.14089 0.037425 0.989318
n -0.08605 0.020972 0.99607
n -0.082708 0.031728 0.996069
n -0.14287 0.015294 0.989623
n -0.088444 0.008045 0.996049
n -0.08605 0.020972 0.99607
n -0.143791 -0.004741 0.989597
n -0.0894 -0.002298 0.995993
n -0.088444 0.008045 0.996049
n -0.143087 -0.020869 0.98949
n -0.088532 -0.013858 0.995977
n -0.0894 -0.002298 0.995993
n -0.138972 -0.040149 0.989482
n -0.084421 -0.028399 0.996025
n -0.088532 -0.013858 0.995977
n -0.13149 -0.06082 0.98945
n -0.079667 -0.040804 0.995986
n -0.084421 -0.028399 0.996025
n -0.122341 -0.078213 0.989402
n -0.074099 -0.051226 0.995934
n -0.079667 -0.040804 0.995986
n -0.110875 -0.094122 0.989367
n -0.067556 -0.060788 0.995862
n -0.074099 -0.051226 0.995934
n -0.097065 -0.103241 0.989909
n -0.059319 -0.069645 0.995807
n -0.067556 -0.060788 0.995862
n -0.088781 -0.116076 0.989265
n -0.051474 -0.076685 0.995726
n -0.059319 -0.069645 0.995807
n -0.071895 -0.131567 0.988697
n -0.039146 -0.083332 0.995753
n -0.051474 -0.076685 0.995726
n -0.049558 -0.134918 0.989617
n -0.028784 -0.08862 0.99565
n -0.039146 -0.083332 0.995753
n -0.034637 -0.147144 0.988508
n -0.020279 -0.091718 0.995578
n -0.028784 -0.08862 0.99565
n -0.015142 -0.144834 0.98934
n -0.005115 -0.094584 0.995504
n -0.020279 -0.091718 0.995578
n 0.003582 -0.152178 0.988347
n 0.007653 -0.095349 0.995414
n -0.005115 -0.094584 0.995504
n 0.020993 -0.144203 0.989325
n 0.018026 -0.094195 0.995391
n 0.007653 -0.095349 0.995414
n 0.037561 -0.145345 0.988668
n 0.030392 -0.090955 0.995391
n 0.018026 -0.094195 0.995391
n 0.060001 -0.140774 0.988222
n 0.040089 -0.087313 0.995374
n 0.030392 -0.090955 0.995391
n 0.079381 -0.128433 0.988536
n 0.050099 -0.082802 0.995306
n 0.040089 -0.087313 0.995374
n 0.089052 -0.117803 0.989036
n 0.063532 -0.072433 0.995348
n 0.050099 -0.082802 0.995306
n 0.108361 -0.108751 0.988145
n 0.071931 -0.063805 0.995367
n 0.063532 -0.072433 0.995348
n 0.120022 -0.090957 0.988596
n 0.077577 -0.056873 0.995363
n 0.071931 -0.063805 0.995367
n 0.130776 -0.07341 0.98869
n 0.082947 -0.049504 0.995324
n 0.077577 -0.056873 0.995363
n 0.133266 -0.060472 0.989234
n 0.087934 -0.039317 0.99535
n 0.082947 -0.049504 0.995324
n 0.145928 -0.042725 0.988372
n 0.092842 -0.022413 0.995429
n 0.087934 -0.039317 0.99535
n 0.147885 -0.017474 0.98885
n 0.094996 -0.013875 0.995381
n 0.092842 -0.022413 0.995429
n 0.149248 0.001303 0.988799
n 0.095938 -0.001168 0.995387
n 0.094996 -0.013875 0.995381
n 0.148516 0.018697 0.988733
n 0.094945 0.013293 0.995394
n 0.095938 -0.001168 0.995387
n 0.141714 0.031644 0.989402
n 0.092545 0.022093 0.995463
n 0.094945 0.013293 0.995394
n 0.003454 -0.002693 0.99999
n 0.094945 0.013293 0.995394
n 0.092545 0.022093 0.995463
n 0.003454 -0.002693 0.99999
n 0.095938 -0.001168 0.995387
n 0.094945 0.013293 0.995394
n 0.003454 -0.002693 0.99999
n 0.094996 -0.013875 0.995381
n 0.095938 -0.001168 0.995387
n 0.003454 -0.002693 0.99999
n 0.092842 -0.022413 0.995429
n 0.094996 -0.013875 0.995381
n 0.003454 -0.002693 0.99999
n 0.087934 -0.039317 0.99535
n 0.092842 -0.022413 0.995429
n 0.003454 -0.002693 0.99999
n 0.082947 -0.049504 0.995324
n 0.087934 -0.039317 0.99535
n 0.003454 -0.002693 0.99999
n 0.077577 -0.056873 0.995363
n 0.082947 -0.049504 0.995324
n 0.003454 -0.002693 0.99999
n 0.071931 -0.063805 0.995367
n 0.077577 -0.056873 0.995363
n 0.003454 -0.002693 0.99999
n 0.063532 -0.072433 0.995348
n 0.071931 -0.063805 0.995367
n 0.003454 -0.002693 0.99999
n 0.050099 -0.082802 0.995306
n 0.063532 -0.072433 0.995348
n 0.003454 -0.002693 0.99999
n 0.040089 -0.087313 0.995374
n 0.050099 -0.082802 0.995306
n 0.003454 -0.002693 0.99999
n 0.030392 -0.090955 0.995391
n 0.040089 -0.087313 0.995374
n 0.003454 -0.002693 0.99999
n 0.018026 -0.094195 0.995391
n 0.030392 -0.090955 0.995391
n 0.003454 -0.002693 0.99999
n 0.007653 -0.095349 0.995414
n 0.018026 -0.094195 0.995391
n 0.003454 -0.002693 0.99999
n -0.005115 -0.094584 0.995504
n 0.007653 -0.095349 0.995414
n 0.003454 -0.002693 0.99999
n -0.020279 -0.091718 0.995578
n -0.005115 -0.094584 0.995504
n 0.003454 -0.002693 0.99999
n -0.028784 -0.08862 0.99565
n -0.020279 -0.091718 0.995578
n 0.003454 -0.002693 0.99999
n -0.039146 -0.083332 0.995753
n -0.028784 -0.08862 0.99565
n 0.003454 -0.002693 0.99999
n -0.051474 -0.076685 0.995726
n -0.039146 -0.083332 0.995753
n 0.003454 -0.002693 0.99999
n -0.059319 -0.069645 0.995807
n -0.051474 -0.076685 0.995726
n 0.003454 -0.002693 0.99999
n -0.067556 -0.060788 0.995862
n -0.059319 -0.069645 0.995807
n 0.003454 -0.002693 0.99999
n -0.074099 -0.051226 0.995934
n -0.067556 -0.060788 0.995862
n 0.003454 -0.002693 0.99999
n -0.079667 -0.040804 0.995986
n -0.074099 -0.051226 0.995934
n 0.003454 -0.002693 0.99999
n -0.084421 -0.028399 0.996025
n -0.079667 -0.040804 0.995986
n 0.003454 -0.002693 0.99999
n -0.088532 -0.013858 0.995977
n -0.084421 -0.028399 0.996025
n 0.003454 -0.002693 0.99999
n -0.0894 -0.002298 0.995993
n -0.088532 -0.013858 0.995977
n 0.003454 -0.002693 0.99999
n -0.088444 0.008045 0.996049
n -0.0894 -0.002298 0.995993
n 0.003454 -0.002693 0.99999
n -0.08605 0.020972 0.99607
n -0.088444 0.008045 0.996049
n 0.003454 -0.002693 0.99999
n -0.082708 0.031728 0.996069
n -0.08605 0.020972 0.99607
n 0.003454 -0.002693 0.99999
n -0.077652 0.042434 0.996077
n -0.082708 0.031728 0.996069
n 0.003454 -0.002693 0.99999
n -0.07173 0.051904 0.996073
n -0.077652 0.042434 0.996077
n 0.003454 -0.002693 0.99999
n -0.064259 0.060802 0.996079
n -0.07173 0.051904 0.996073
n 0.003454 -0.002693 0.99999
n -0.055404 0.069124 0.996068
n -0.064259 0.060802 0.996079
n 0.003454 -0.002693 0.99999
n -0.046585 0.075386 0.996066
n -0.055404 0.069124 0.996068
n 0.003454 -0.002693 0.99999
n -0.034437 0.082242 0.996017
n -0.046585 0.075386 0.996066
n 0.003454 -0.002693 0.99999
n -0.025139 0.085958 0.995982
n -0.034437 0.082242 0.996017
n 0.003454 -0.002693 0.99999
n -0.014113 0.088314 0.995993
n -0.025139 0.085958 0.995982
n 0.003454 -0.002693 0.99999
n 0.00148 0.089521 0.995984
n -0.014113 0.088314 0.995993
n 0.003454 -0.002693 0.99999
n 0.014851 0.089013 0.99592
n 0.00148 0.089521 0.995984
n 0.003454 -0.002693 0.99999
n 0.025845 0.086987 0.995874
n 0.014851 0.089013 0.99592
n 0.003454 -0.002693 0.99999
n 0.037867 0.083595 0.99578
n 0.025845 0.086987 0.995874
n 0.003454 -0.002693 0.99999
n 0.048603 0.078424 0.995735
n 0.037867 0.083595 0.99578
n 0.003454 -0.002693 0.99999
n 0.057607 0.072586 0.995697
n 0.048603 0.078424 0.995735
n 0.003454 -0.002693 0.99999
n 0.06595 0.064093 0.995762
n 0.057607 0.072586 0.995697
n 0.003454 -0.002693 0.99999
n 0.0753 0.054071 0.995694
n 0.06595 0.064093 0.995762
n 0.003454 -0.002693 0.99999
n 0.080578 0.047005 0.995639
n 0.0753 0.054071 0.995694
n 0.003454 -0.002693 0.99999
n 0.088049 0.033552 0.995551
n 0.080578 0.047005 0.995639
n 0.003454 -0.002693 0.99999
n 0.092545 0.022093 0.995463
n 0.088049 0.033552 0.995551
n 0.518086 0.066458 0.852742
n 0.53409 0.082351 0.841407
n 0.505572 0.13546 0.852084
n 0.515854 -0.001132 0.856676
n 0.539527 -0.001044 0.841968
n 0.518086 0.066458 0.852742
n 0.53338 -0.082962 0.841797
n 0.539527 -0.001044 0.841968
n 0.517873 -0.067915 0.852757
n 0.517869 -0.153483 0.841579
n 0.53338 -0.082962 0.841797
n 0.50462 -0.136126 0.852542
n 0.493769 -0.221578 0.84089
n 0.517869 -0.153483 0.841579
n 0.482639 -0.202625 0.852058
n 0.460891 -0.285038 0.840436
n 0.493769 -0.221578 0.84089
n 0.452439 -0.265197 0.851452
n 0.420458 -0.343203 0.839897
n 0.460891 -0.285038 0.840436
n 0.41465 -0.322425 0.850945
n 0.372992 -0.395382 0.839375
n 0.420458 -0.343203 0.839897
n 0.369819 -0.374338 0.850356
n 0.319337 -0.440649 0.838959
n 0.372992 -0.395382 0.839375
n 0.319158 -0.419023 0.850034
n 0.260243 -0.479402 0.838121
n 0.319337 -0.440649 0.838959
n 0.263019 -0.457894 0.849208
n 0.196923 -0.508787 0.838068
n 0.260243 -0.479402 0.838121
n 0.202097 -0.488971 0.848566
n 0.130969 -0.529379 0.838216
n 0.196923 -0.508787 0.838068
n 0.138747 -0.510698 0.848491
n 0.062175 -0.542665 0.837645
n 0.130969 -0.529379 0.838216
n 0.072827 -0.524269 0.848433
n -0.009191 -0.546965 0.837105
n 0.062175 -0.542665 0.837645
n 0.004128 -0.529569 0.848257
n -0.079385 -0.541777 0.836765
n -0.009191 -0.546965 0.837105
n -0.064273 -0.526124 0.847975
n -0.148631 -0.527595 0.836392
n -0.079385 -0.541777 0.836765
n -0.13145 -0.513726 0.847825
n -0.21595 -0.503654 0.836479
n -0.148631 -0.527595 0.836392
n -0.197173 -0.492468 0.847702
n -0.278794 -0.470979 0.83693
n -0.21595 -0.503654 0.836479
n -0.259391 -0.462849 0.847636
n -0.33836 -0.430881 0.836573
n -0.278794 -0.470979 0.83693
n -0.317165 -0.425241 0.847689
n -0.39197 -0.382593 0.83665
n -0.33836 -0.430881 0.836573
n -0.370706 -0.38 0.847453
n -0.438462 -0.327197 0.837074
n -0.39197 -0.382593 0.83665
n -0.417631 -0.327301 0.847619
n -0.478311 -0.26529 0.837162
n -0.438462 -0.327197 0.837074
n -0.457036 -0.268538 0.847942
n -0.509443 -0.199024 0.837172
n -0.478311 -0.26529 0.837162
n -0.48921 -0.20493 0.847749
n -0.532106 -0.129328 0.836742
n -0.509443 -0.199024 0.837172
n -0.512513 -0.137998 0.847518
n -0.545608 -0.057471 0.836068
n -0.532106 -0.129328 0.836742
n -0.527028 -0.068725 0.847065
n -0.549631 0.014527 0.835281
n -0.545608 -0.057471 0.836068
n -0.532568 0.001156 0.846386
n -0.543867 0.08597 0.834756
n -0.549631 0.014527 0.835281
n -0.528821 0.070681 0.845785
n -0.528506 0.154945 0.834669
n -0.543867 0.08597 0.834756
n -0.515795 0.138321 0.845472
n -0.50839 0.212152 0.834584
n -0.528506 0.154945 0.834669
n -0.498755 0.20737 0.841571
n -0.462471 0.268509 0.844999
n -0.48396 0.266387 0.833559
n -0.498755 0.20737 0.841571
n -0.422888 0.325499 0.845705
n -0.445916 0.326032 0.833584
n -0.462471 0.268509 0.844999
n -0.377188 0.376218 0.846279
n -0.399104 0.379446 0.834708
n -0.422888 0.325499 0.845705
n -0.324868 0.42065 0.847062
n -0.3458 0.425854 0.836104
n -0.377188 0.376218 0.846279
n -0.267218 0.458386 0.84763
n -0.28656 0.466187 0.83699
n -0.324868 0.42065 0.847062
n -0.203667 0.488329 0.84856
n -0.222938 0.499284 0.837266
n -0.267218 0.458386 0.84763
n -0.136555 0.509834 0.849366
n -0.15415 0.523434 0.838006
n -0.203667 0.488329 0.84856
n -0.067427 0.523085 0.849609
n -0.082479 0.538114 0.838827
n -0.136555 0.509834 0.849366
n 0.003587 0.526931 0.8499
n -0.010008 0.544953 0.838407
n -0.067427 0.523085 0.849609
n 0.074249 0.521176 0.850214
n 0.063376 0.540463 0.838978
n 0.003587 0.526931 0.8499
n 0.141797 0.507422 0.849951
n 0.133884 0.526731 0.839422
n 0.074249 0.521176 0.850214
n 0.206933 0.485397 0.849452
n 0.201898 0.505492 0.838877
n 0.141797 0.507422 0.849951
n 0.26759 0.455131 0.849265
n 0.265559 0.476146 0.83831
n 0.206933 0.485397 0.849452
n 0.323651 0.41682 0.849418
n 0.323917 0.438692 0.838228
n 0.26759 0.455131 0.849265
n 0.374115 0.371587 0.849683
n 0.377381 0.392749 0.838649
n 0.323651 0.41682 0.849418
n 0.417537 0.32055 0.850242
n 0.423341 0.341397 0.839184
n 0.374115 0.371587 0.849683
n 0.454637 0.26272 0.851048
n 0.463125 0.283223 0.839822
n 0.417537 0.32055 0.850242
n 0.484285 0.200895 0.851533
n 0.495348 0.219404 0.840531
n 0.454637 0.26272 0.851048
n 0.505572 0.13546 0.852084
n 0.519359 0.152943 0.840758
n 0.484285 0.200895 0.851533
n 0.496939 0.132278 0.857645
n 0.505572 0.13546 0.852084
n 0.476207 0.196949 0.856993
n 0.476207 0.196949 0.856993
n 0.484285 0.200895 0.851533
n 0.447303 0.257711 0.856449
n 0.447303 0.257711 0.856449
n 0.454637 0.26272 0.851048
n 0.410809 0.314226 0.855861
n 0.410809 0.314226 0.855861
n 0.417537 0.32055 0.850242
n 0.367903 0.364839 0.855301
n 0.367903 0.364839 0.855301
n 0.374115 0.371587 0.849683
n 0.31817 0.409299 0.855127
n 0.31817 0.409299 0.855127
n 0.323651 0.41682 0.849418
n 0.262993 0.447174 0.854909
n 0.262993 0.447174 0.854909
n 0.26759 0.455131 0.849265
n 0.203229 0.477114 0.855021
n 0.203229 0.477114 0.855021
n 0.206933 0.485397 0.849452
n 0.13927 0.499418 0.855094
n 0.13927 0.499418 0.855094
n 0.141797 0.507422 0.849951
n 0.072767 0.513406 0.855055
n 0.072767 0.513406 0.855055
n 0.074249 0.521176 0.850214
n 0.003714 0.517915 0.855424
n 0.003714 0.517915 0.855424
n 0.003587 0.526931 0.8499
n -0.066098 0.513913 0.855292
n -0.066098 0.513913 0.855292
n -0.067427 0.523085 0.849609
n -0.134313 0.501617 0.8546
n -0.134313 0.501617 0.8546
n -0.136555 0.509834 0.849366
n -0.199538 0.480535 0.853973
n -0.199538 0.480535 0.853973
n -0.203667 0.488329 0.84856
n -0.262516 0.451414 0.852825
n -0.262516 0.451414 0.852825
n -0.267218 0.458386 0.84763
n -0.319863 0.41455 0.85196
n -0.319863 0.41455 0.85196
n -0.324868 0.42065 0.847062
n -0.371457 0.370566 0.851293
n -0.371457 0.370566 0.851293
n -0.377188 0.376218 0.846279
n -0.416141 0.320245 0.85104
n -0.416141 0.320245 0.85104
n -0.422888 0.325499 0.845705
n -0.45398 0.264303 0.850909
n -0.45398 0.264303 0.850909
n -0.462471 0.268509 0.844999
n -0.482106 0.200346 0.852898
n -0.498755 0.20737 0.841571
n -0.515795 0.138321 0.845472
n -0.482106 0.200346 0.852898
n -0.515795 0.138321 0.845472
n -0.528821 0.070681 0.845785
n -0.507922 0.136026 0.850595
n -0.528821 0.070681 0.845785
n -0.532568 0.001156 0.846386
n -0.520448 0.069112 0.851092
n -0.532568 0.001156 0.846386
n -0.527028 -0.068725 0.847065
n -0.524379 0.000865 0.851485
n -0.527028 -0.068725 0.847065
n -0.512513 -0.137998 0.847518
n -0.519275 -0.067913 0.851904
n -0.512513 -0.137998 0.847518
n -0.48921 -0.20493 0.847749
n -0.50475 -0.136197 0.852454
n -0.48921 -0.20493 0.847749
n -0.457036 -0.268538 0.847942
n -0.481173 -0.201984 0.853039
n -0.457036 -0.268538 0.847942
n -0.417631 -0.327301 0.847619
n -0.45006 -0.264112 0.853048
n -0.417631 -0.327301 0.847619
n -0.370706 -0.38 0.847453
n -0.410801 -0.32194 0.852993
n -0.370706 -0.38 0.847453
n -0.317165 -0.425241 0.847689
n -0.363868 -0.373842 0.853137
n -0.317165 -0.425241 0.847689
n -0.259391 -0.462849 0.847636
n -0.31186 -0.41868 0.852907
n -0.259391 -0.462849 0.847636
n -0.197173 -0.492468 0.847702
n -0.254965 -0.455747 0.852812
n -0.197173 -0.492468 0.847702
n -0.13145 -0.513726 0.847825
n -0.193545 -0.484793 0.852946
n -0.13145 -0.513726 0.847825
n -0.064273 -0.526124 0.847975
n -0.1289 -0.505445 0.853176
n -0.064273 -0.526124 0.847975
n 0.004128 -0.529569 0.848257
n -0.063353 -0.51804 0.853007
n 0.004128 -0.529569 0.848257
n 0.072827 -0.524269 0.848433
n 0.004462 -0.521468 0.853259
n 0.072827 -0.524269 0.848433
n 0.138747 -0.510698 0.848491
n 0.071699 -0.516216 0.853452
n 0.138747 -0.510698 0.848491
n 0.202097 -0.488971 0.848566
n 0.13647 -0.503137 0.853364
n 0.202097 -0.488971 0.848566
n 0.263019 -0.457894 0.849208
n 0.199332 -0.480832 0.853855
n 0.263019 -0.457894 0.849208
n 0.319158 -0.419023 0.850034
n 0.259429 -0.449746 0.854649
n 0.319158 -0.419023 0.850034
n 0.369819 -0.374338 0.850356
n 0.314122 -0.412567 0.855053
n 0.369819 -0.374338 0.850356
n 0.41465 -0.322425 0.850945
n 0.363922 -0.3681 0.855607
n 0.41465 -0.322425 0.850945
n 0.452439 -0.265197 0.851452
n 0.407805 -0.316981 0.856282
n 0.452439 -0.265197 0.851452
n 0.482639 -0.202625 0.852058
n 0.444762 -0.260345 0.856976
n 0.482639 -0.202625 0.852058
n 0.50462 -0.136126 0.852542
n 0.474407 -0.198863 0.85755
n 0.50462 -0.136126 0.852542
n 0.517873 -0.067915 0.852757
n 0.496049 -0.13366 0.857946
n 0.517873 -0.067915 0.852757
n 0.515854 -0.001132 0.856676
n 0.508989 -0.066603 0.858193
n 0.517429 -0.001337 0.855725
n 0.515854 -0.001132 0.856676
n 0.509528 0.064959 0.857999
n 0.509528 0.064959 0.857999
n 0.518086 0.066458 0.852742
n 0.496939 0.132278 0.857645
n 0.558392 0.072603 0.826394
n 0.509528 0.064959 0.857999
n 0.544292 0.14616 0.826065
n 0.575552 -0.001586 0.817764
n 0.517429 -0.001337 0.855725
n 0.558392 0.072603 0.826394
n 0.508989 -0.066603 0.858193
n 0.517429 -0.001337 0.855725
n 0.558101 -0.074878 0.826388
n 0.496049 -0.13366 0.857946
n 0.508989 -0.066603 0.858193
n 0.543303 -0.147924 0.826402
n 0.474407 -0.198863 0.85755
n 0.496049 -0.13366 0.857946
n 0.519421 -0.219288 0.825903
n 0.444762 -0.260345 0.856976
n 0.474407 -0.198863 0.85755
n 0.486642 -0.286215 0.825385
n 0.407805 -0.316981 0.856282
n 0.444762 -0.260345 0.856976
n 0.44603 -0.348029 0.82458
n 0.363922 -0.3681 0.855607
n 0.407805 -0.316981 0.856282
n 0.397981 -0.403718 0.823786
n 0.314122 -0.412567 0.855053
n 0.363922 -0.3681 0.855607
n 0.343136 -0.453098 0.822776
n 0.259429 -0.449746 0.854649
n 0.314122 -0.412567 0.855053
n 0.283036 -0.493487 0.822412
n 0.199332 -0.480832 0.853855
n 0.259429 -0.449746 0.854649
n 0.217421 -0.526607 0.821835
n 0.13647 -0.503137 0.853364
n 0.199332 -0.480832 0.853855
n 0.147481 -0.551332 0.821147
n 0.071699 -0.516216 0.853452
n 0.13647 -0.503137 0.853364
n 0.076083 -0.565421 0.821285
n 0.004462 -0.521468 0.853259
n 0.071699 -0.516216 0.853452
n 0.003692 -0.570445 0.821328
n -0.063353 -0.51804 0.853007
n 0.004462 -0.521468 0.853259
n -0.071263 -0.567148 0.820527
n -0.1289 -0.505445 0.853176
n -0.063353 -0.51804 0.853007
n -0.143503 -0.553219 0.820582
n -0.193545 -0.484793 0.852946
n -0.1289 -0.505445 0.853176
n -0.213398 -0.530201 0.820578
n -0.254965 -0.455747 0.852812
n -0.193545 -0.484793 0.852946
n -0.28116 -0.498142 0.820246
n -0.31186 -0.41868 0.852907
n -0.254965 -0.455747 0.852812
n -0.343841 -0.456725 0.820473
n -0.363868 -0.373842 0.853137
n -0.31186 -0.41868 0.852907
n -0.400324 -0.407335 0.820865
n -0.410801 -0.32194 0.852993
n -0.363868 -0.373842 0.853137
n -0.450538 -0.350231 0.82119
n -0.45006 -0.264112 0.853048
n -0.410801 -0.32194 0.852993
n -0.493544 -0.286878 0.821045
n -0.481173 -0.201984 0.853039
n -0.45006 -0.264112 0.853048
n -0.527821 -0.21934 0.820545
n -0.50475 -0.136197 0.852454
n -0.481173 -0.201984 0.853039
n -0.552916 -0.147637 0.820053
n -0.519275 -0.067913 0.851904
n -0.50475 -0.136197 0.852454
n -0.568854 -0.072929 0.819198
n -0.524379 0.000865 0.851485
n -0.519275 -0.067913 0.851904
n -0.574911 0.002826 0.818211
n -0.520448 0.069112 0.851092
n -0.524379 0.000865 0.851485
n -0.570403 0.077682 0.817683
n -0.507922 0.136026 0.850595
n -0.520448 0.069112 0.851092
n -0.556235 0.150511 0.817282
n -0.482106 0.200346 0.852898
n -0.507922 0.136026 0.850595
n -0.521357 0.216779 0.825345
n -0.499208 0.288501 0.817043
n -0.45398 0.264303 0.850909
n -0.521357 0.216779 0.825345
n -0.457674 0.349786 0.817425
n -0.416141 0.320245 0.85104
n -0.499208 0.288501 0.817043
n -0.408456 0.405109 0.817955
n -0.371457 0.370566 0.851293
n -0.457674 0.349786 0.817425
n -0.352051 0.45349 0.818784
n -0.319863 0.41455 0.85196
n -0.408456 0.405109 0.817955
n -0.288586 0.49429 0.819997
n -0.262516 0.451414 0.852825
n -0.352051 0.45349 0.818784
n -0.220302 0.526563 0.821096
n -0.199538 0.480535 0.853973
n -0.288586 0.49429 0.819997
n -0.148863 0.549593 0.822063
n -0.134313 0.501617 0.8546
n -0.220302 0.526563 0.821096
n -0.07462 0.563497 0.822741
n -0.066098 0.513913 0.855292
n -0.148863 0.549593 0.822063
n 0.000901 0.568135 0.822935
n 0.003714 0.517915 0.855424
n -0.07462 0.563497 0.822741
n 0.077767 0.562281 0.823281
n 0.072767 0.513406 0.855055
n 0.000901 0.568135 0.822935
n 0.150296 0.547104 0.823461
n 0.13927 0.499418 0.855094
n 0.077767 0.562281 0.823281
n 0.220171 0.523257 0.823241
n 0.203229 0.477114 0.855021
n 0.150296 0.547104 0.823461
n 0.286226 0.490199 0.823274
n 0.262993 0.447174 0.854909
n 0.220171 0.523257 0.823241
n 0.346585 0.448696 0.823742
n 0.31817 0.409299 0.855127
n 0.286226 0.490199 0.823274
n 0.401225 0.400448 0.823808
n 0.367903 0.364839 0.855301
n 0.346585 0.448696 0.823742
n 0.448918 0.344793 0.824373
n 0.410809 0.314226 0.855861
n 0.401225 0.400448 0.823808
n 0.489129 0.283639 0.824804
n 0.447303 0.257711 0.856449
n 0.448918 0.344793 0.824373
n 0.521287 0.216575 0.825442
n 0.476207 0.196949 0.856993
n 0.489129 0.283639 0.824804
n 0.544292 0.14616 0.826065
n 0.496939 0.132278 0.857645
n 0.521287 0.216575 0.825442
n 0.580543 0.15452 0.799433
n 0.544292 0.14616 0.826065
n 0.555834 0.229133 0.799091
n 0.555834 0.229133 0.799091
n 0.521287 0.216575 0.825442
n 0.521763 0.300373 0.798461
n 0.521763 0.300373 0.798461
n 0.489129 0.283639 0.824804
n 0.478877 0.366421 0.797755
n 0.478877 0.366421 0.797755
n 0.448918 0.344793 0.824373
n 0.428418 0.424962 0.797412
n 0.428418 0.424962 0.797412
n 0.401225 0.400448 0.823808
n 0.370262 0.477586 0.796754
n 0.370262 0.477586 0.796754
n 0.346585 0.448696 0.823742
n 0.305849 0.521369 0.796637
n 0.305849 0.521369 0.796637
n 0.286226 0.490199 0.823274
n 0.235276 0.556766 0.796653
n 0.235276 0.556766 0.796653
n 0.220171 0.523257 0.823241
n 0.160352 0.582998 0.796493
n 0.160352 0.582998 0.796493
n 0.150296 0.547104 0.823461
n 0.083349 0.598102 0.797074
n 0.083349 0.598102 0.797074
n 0.077767 0.562281 0.823281
n 0.00258 0.604088 0.796913
n 0.00258 0.604088 0.796913
n 0.000901 0.568135 0.822935
n -0.078572 0.600395 0.795834
n -0.078572 0.600395 0.795834
n -0.07462 0.563497 0.822741
n -0.156874 0.58574 0.795172
n -0.156874 0.58574 0.795172
n -0.148863 0.549593 0.822063
n -0.233503 0.560874 0.79429
n -0.233503 0.560874 0.79429
n -0.220302 0.526563 0.821096
n -0.305075 0.526229 0.793733
n -0.305075 0.526229 0.793733
n -0.288586 0.49429 0.819997
n -0.372449 0.483009 0.792454
n -0.372449 0.483009 0.792454
n -0.352051 0.45349 0.818784
n -0.433039 0.431509 0.791377
n -0.433039 0.431509 0.791377
n -0.408456 0.405109 0.817955
n -0.485578 0.372654 0.790786
n -0.485578 0.372654 0.790786
n -0.457674 0.349786 0.817425
n -0.526069 0.313837 0.790416
n -0.526069 0.313837 0.790416
n -0.499208 0.288501 0.817043
n -0.563678 0.239672 0.790459
n -0.521357 0.216779 0.825345
n -0.556235 0.150511 0.817282
n -0.563678 0.239672 0.790459
n -0.556235 0.150511 0.817282
n -0.570403 0.077682 0.817683
n -0.591173 0.158603 0.790797
n -0.570403 0.077682 0.817683
n -0.574911 0.002826 0.818211
n -0.60582 0.081023 0.791465
n -0.574911 0.002826 0.818211
n -0.568854 -0.072929 0.819198
n -0.609645 0.000746 0.792674
n -0.568854 -0.072929 0.819198
n -0.552916 -0.147637 0.820053
n -0.603691 -0.078831 0.793311
n -0.552916 -0.147637 0.820053
n -0.527821 -0.21934 0.820545
n -0.58711 -0.158255 0.793887
n -0.527821 -0.21934 0.820545
n -0.493544 -0.286878 0.821045
n -0.560359 -0.234233 0.794439
n -0.493544 -0.286878 0.821045
n -0.450538 -0.350231 0.82119
n -0.524119 -0.305898 0.794812
n -0.450538 -0.350231 0.82119
n -0.400324 -0.407335 0.820865
n -0.47863 -0.372656 0.79501
n -0.400324 -0.407335 0.820865
n -0.343841 -0.456725 0.820473
n -0.424911 -0.432976 0.794973
n -0.343841 -0.456725 0.820473
n -0.28116 -0.498142 0.820246
n -0.364413 -0.485182 0.79486
n -0.28116 -0.498142 0.820246
n -0.213398 -0.530201 0.820578
n -0.297105 -0.528794 0.795051
n -0.213398 -0.530201 0.820578
n -0.143503 -0.553219 0.820582
n -0.22592 -0.56345 0.79466
n -0.143503 -0.553219 0.820582
n -0.071263 -0.567148 0.820527
n -0.152395 -0.588393 0.794084
n -0.071263 -0.567148 0.820527
n 0.003692 -0.570445 0.821328
n -0.073795 -0.602879 0.794412
n 0.003692 -0.570445 0.821328
n 0.076083 -0.565421 0.821285
n 0.005081 -0.607051 0.794647
n 0.076083 -0.565421 0.821285
n 0.147481 -0.551332 0.821147
n 0.081241 -0.601794 0.794508
n 0.147481 -0.551332 0.821147
n 0.217421 -0.526607 0.821835
n 0.158453 -0.585689 0.794897
n 0.217421 -0.526607 0.821835
n 0.283036 -0.493487 0.822412
n 0.232758 -0.55983 0.795245
n 0.283036 -0.493487 0.822412
n 0.343136 -0.453098 0.822776
n 0.302505 -0.524821 0.795647
n 0.343136 -0.453098 0.822776
n 0.397981 -0.403718 0.823786
n 0.366674 -0.480841 0.796456
n 0.397981 -0.403718 0.823786
n 0.44603 -0.348029 0.82458
n 0.42509 -0.428674 0.797206
n 0.44603 -0.348029 0.82458
n 0.486642 -0.286215 0.825385
n 0.476391 -0.369484 0.79783
n 0.486642 -0.286215 0.825385
n 0.519421 -0.219288 0.825903
n 0.519534 -0.303533 0.798719
n 0.519421 -0.219288 0.825903
n 0.543303 -0.147924 0.826402
n 0.554047 -0.232028 0.799497
n 0.543303 -0.147924 0.826402
n 0.558101 -0.074878 0.826388
n 0.579646 -0.156996 0.799602
n 0.558101 -0.074878 0.826388
n 0.575552 -0.001586 0.817764
n 0.596061 -0.073894 0.799532
n 0.600427 0.005763 0.799658
n 0.575552 -0.001586 0.817764
n 0.595483 0.076193 0.799747
n 0.595483 0.076193 0.799747
n 0.558392 0.072603 0.826394
n 0.580543 0.15452 0.799433
n 0.573919 0.071563 0.815779
n 0.595483 0.076193 0.799747
n 0.560063 0.146857 0.81533
n 0.57835 -0.004019 0.815779
n 0.600427 0.005763 0.799658
n 0.573919 0.071563 0.815779
n 0.564214 -0.076072 0.822116
n 0.596061 -0.073894 0.799532
n 0.57835 -0.004019 0.815779
n 0.579646 -0.156996 0.799602
n 0.596061 -0.073894 0.799532
n 0.558971 -0.150274 0.815457
n 0.554047 -0.232028 0.799497
n 0.579646 -0.156996 0.799602
n 0.534844 -0.222885 0.815024
n 0.519534 -0.303533 0.798719
n 0.554047 -0.232028 0.799497
n 0.501631 -0.290813 0.814736
n 0.476391 -0.369484 0.79783
n 0.519534 -0.303533 0.798719
n 0.460177 -0.354502 0.813981
n 0.42509 -0.428674 0.797206
n 0.476391 -0.369484 0.79783
n 0.410942 -0.412231 0.813137
n 0.366674 -0.480841 0.796456
n 0.42509 -0.428674 0.797206
n 0.354339 -0.46254 0.812712
n 0.302505 -0.524821 0.795647
n 0.366674 -0.480841 0.796456
n 0.292839 -0.503961 0.812569
n 0.232758 -0.55983 0.795245
n 0.302505 -0.524821 0.795647
n 0.22534 -0.538453 0.811967
n 0.158453 -0.585689 0.794897
n 0.232758 -0.55983 0.795245
n 0.153827 -0.563019 0.812002
n 0.081241 -0.601794 0.794508
n 0.158453 -0.585689 0.794897
n 0.080184 -0.578804 0.811515
n 0.005081 -0.607051 0.794647
n 0.081241 -0.601794 0.794508
n 0.012386 -0.589422 0.80773
n -0.073795 -0.602879 0.794412
n 0.005081 -0.607051 0.794647
n -0.058757 -0.581272 0.811585
n -0.152395 -0.588393 0.794084
n -0.073795 -0.602879 0.794412
n -0.139559 -0.563742 0.814075
n -0.22592 -0.56345 0.79466
n -0.152395 -0.588393 0.794084
n -0.216915 -0.542214 0.811758
n -0.297105 -0.528794 0.795051
n -0.22592 -0.56345 0.79466
n -0.284435 -0.508897 0.812478
n -0.364413 -0.485182 0.79486
n -0.297105 -0.528794 0.795051
n -0.345759 -0.474466 0.809527
n -0.424911 -0.432976 0.794973
n -0.364413 -0.485182 0.79486
n -0.401348 -0.417389 0.815295
n -0.47863 -0.372656 0.79501
n -0.424911 -0.432976 0.794973
n -0.458525 -0.359127 0.812885
n -0.524119 -0.305898 0.794812
n -0.47863 -0.372656 0.79501
n -0.502098 -0.295235 0.812855
n -0.560359 -0.234233 0.794439
n -0.524119 -0.305898 0.794812
n -0.537325 -0.226321 0.812441
n -0.58711 -0.158255 0.793887
n -0.560359 -0.234233 0.794439
n -0.562745 -0.153613 0.812232
n -0.603691 -0.078831 0.793311
n -0.58711 -0.158255 0.793887
n -0.579251 -0.07721 0.811485
n -0.609645 0.000746 0.792674
n -0.603691 -0.078831 0.793311
n -0.585179 -0.001209 0.810903
n -0.60582 0.081023 0.791465
n -0.609645 0.000746 0.792674
n -0.581053 0.075378 0.810367
n -0.591173 0.158603 0.790797
n -0.60582 0.081023 0.791465
n -0.567105 0.150327 0.809811
n -0.563678 0.239672 0.790459
n -0.591173 0.158603 0.790797
n -0.550006 0.218466 0.80608
n -0.526069 0.313837 0.790416
n -0.563678 0.239672 0.790459
n -0.514 0.292064 0.806538
n -0.464851 0.358496 0.809564
n -0.485578 0.372654 0.790786
n -0.514 0.292064 0.806538
n -0.413867 0.415241 0.810117
n -0.433039 0.431509 0.791377
n -0.464851 0.358496 0.809564
n -0.355774 0.464901 0.810735
n -0.372449 0.483009 0.792454
n -0.413867 0.415241 0.810117
n -0.291844 0.506423 0.811395
n -0.305075 0.526229 0.793733
n -0.355774 0.464901 0.810735
n -0.222984 0.539421 0.811975
n -0.233503 0.560874 0.79429
n -0.291844 0.506423 0.811395
n -0.148743 0.563082 0.812905
n -0.156874 0.58574 0.795172
n -0.222984 0.539421 0.811975
n -0.073371 0.577119 0.813357
n -0.078572 0.600395 0.795834
n -0.148743 0.563082 0.812905
n 0.004504 0.581027 0.813872
n 0.00258 0.604088 0.796913
n -0.073371 0.577119 0.813357
n 0.080764 0.575837 0.813566
n 0.083349 0.598102 0.797074
n 0.004504 0.581027 0.813872
n 0.15545 0.560408 0.813498
n 0.160352 0.582998 0.796493
n 0.080764 0.575837 0.813566
n 0.227749 0.535066 0.813532
n 0.235276 0.556766 0.796653
n 0.15545 0.560408 0.813498
n 0.295545 0.501097 0.81336
n 0.305849 0.521369 0.796637
n 0.227749 0.535066 0.813532
n 0.357811 0.458245 0.813623
n 0.370262 0.477586 0.796754
n 0.295545 0.501097 0.81336
n 0.413994 0.408334 0.813555
n 0.428418 0.424962 0.797412
n 0.357811 0.458245 0.813623
n 0.46256 0.351196 0.814064
n 0.478877 0.366421 0.797755
n 0.413994 0.408334 0.813555
n 0.503518 0.287291 0.814821
n 0.521763 0.300373 0.798461
n 0.46256 0.351196 0.814064
n 0.536539 0.219523 0.814823
n 0.555834 0.229133 0.799091
n 0.503518 0.287291 0.814821
n 0.560063 0.146857 0.81533
n 0.580543 0.15452 0.799433
n 0.536539 0.219523 0.814823
n 0.536539 0.219523 0.814823
n 0.493731 0.201157 0.846029
n 0.560063 0.146857 0.81533
n 0.503518 0.287291 0.814821
n 0.463647 0.264643 0.845574
n 0.536539 0.219523 0.814823
n 0.46256 0.351196 0.814064
n 0.425896 0.321547 0.845707
n 0.503518 0.287291 0.814821
n 0.413994 0.408334 0.813555
n 0.380867 0.374429 0.845425
n 0.46256 0.351196 0.814064
n 0.357811 0.458245 0.813623
n 0.328861 0.421217 0.845238
n 0.413994 0.408334 0.813555
n 0.295545 0.501097 0.81336
n 0.272084 0.459362 0.845551
n 0.357811 0.458245 0.813623
n 0.227749 0.535066 0.813532
n 0.209448 0.491293 0.845436
n 0.295545 0.501097 0.81336
n 0.15545 0.560408 0.813498
n 0.143257 0.514194 0.845625
n 0.227749 0.535066 0.813532
n 0.080764 0.575837 0.813566
n 0.074695 0.528481 0.845652
n 0.15545 0.560408 0.813498
n 0.004504 0.581027 0.813872
n 0.004323 0.534055 0.845438
n 0.080764 0.575837 0.813566
n -0.073371 0.577119 0.813357
n -0.066704 0.530102 0.845307
n 0.004504 0.581027 0.813872
n -0.148743 0.563082 0.812905
n -0.136297 0.516821 0.845174
n -0.073371 0.577119 0.813357
n -0.222984 0.539421 0.811975
n -0.203039 0.494866 0.844916
n -0.148743 0.563082 0.812905
n -0.291844 0.506423 0.811395
n -0.267045 0.464763 0.844205
n -0.222984 0.539421 0.811975
n -0.355774 0.464901 0.810735
n -0.325809 0.427022 0.843505
n -0.291844 0.506423 0.811395
n -0.413867 0.415241 0.810117
n -0.379365 0.381229 0.843058
n -0.355774 0.464901 0.810735
n -0.464851 0.358496 0.809564
n -0.426055 0.328893 0.842797
n -0.413867 0.415241 0.810117
n -0.514 0.292064 0.806538
n -0.465302 0.278196 0.840298
n -0.464851 0.358496 0.809564
n -0.550006 0.218466 0.80608
n -0.498515 0.211202 0.840759
n -0.514 0.292064 0.806538
n -0.550006 0.218466 0.80608
n -0.567105 0.150327 0.809811
n -0.498515 0.211202 0.840759
n -0.567105 0.150327 0.809811
n -0.581053 0.075378 0.810367
n -0.520253 0.137675 0.842842
n -0.581053 0.075378 0.810367
n -0.585179 -0.001209 0.810903
n -0.533063 0.068264 0.843317
n -0.585179 -0.001209 0.810903
n -0.579251 -0.07721 0.811485
n -0.53643 -0.001814 0.843943
n -0.579251 -0.07721 0.811485
n -0.562745 -0.153613 0.812232
n -0.530773 -0.071845 0.844464
n -0.562745 -0.153613 0.812232
n -0.537325 -0.226321 0.812441
n -0.516112 -0.141409 0.844768
n -0.537325 -0.226321 0.812441
n -0.502098 -0.295235 0.812855
n -0.492744 -0.208073 0.844931
n -0.502098 -0.295235 0.812855
n -0.458525 -0.359127 0.812885
n -0.460692 -0.271439 0.845035
n -0.458525 -0.359127 0.812885
n -0.401348 -0.417389 0.815295
n -0.42086 -0.330061 0.844948
n -0.345759 -0.474466 0.809527
n -0.320111 -0.433047 0.842614
n -0.401348 -0.417389 0.815295
n -0.345759 -0.474466 0.809527
n -0.284435 -0.508897 0.812478
n -0.320111 -0.433047 0.842614
n -0.284435 -0.508897 0.812478
n -0.216915 -0.542214 0.811758
n -0.257964 -0.473586 0.842123
n -0.216915 -0.542214 0.811758
n -0.139559 -0.563742 0.814075
n -0.199014 -0.497885 0.844099
n -0.058757 -0.581272 0.811585
n -0.07469 -0.534968 0.841565
n -0.139559 -0.563742 0.814075
n 0.012386 -0.589422 0.80773
n -0.000297 -0.540451 0.841376
n -0.058757 -0.581272 0.811585
n 0.012386 -0.589422 0.80773
n 0.080184 -0.578804 0.811515
n -0.000297 -0.540451 0.841376
n 0.080184 -0.578804 0.811515
n 0.153827 -0.563019 0.812002
n 0.07499 -0.532416 0.843155
n 0.153827 -0.563019 0.812002
n 0.22534 -0.538453 0.811967
n 0.142248 -0.517897 0.843533
n 0.22534 -0.538453 0.811967
n 0.292839 -0.503961 0.812569
n 0.20757 -0.494703 0.84391
n 0.292839 -0.503961 0.812569
n 0.354339 -0.46254 0.812712
n 0.269561 -0.464492 0.843554
n 0.354339 -0.46254 0.812712
n 0.410942 -0.412231 0.813137
n 0.326468 -0.42559 0.843974
n 0.410942 -0.412231 0.813137
n 0.460177 -0.354502 0.813981
n 0.378381 -0.378435 0.844757
n 0.460177 -0.354502 0.813981
n 0.501631 -0.290813 0.814736
n 0.423858 -0.326165 0.844962
n 0.501631 -0.290813 0.814736
n 0.534844 -0.222885 0.815024
n 0.462265 -0.267848 0.845321
n 0.534844 -0.222885 0.815024
n 0.558971 -0.150274 0.815457
n 0.492392 -0.205071 0.84587
n 0.558971 -0.150274 0.815457
n 0.564214 -0.076072 0.822116
n 0.514312 -0.137144 0.846566
n 0.57835 -0.004019 0.815779
n 0.529516 -0.008462 0.848258
n 0.564214 -0.076072 0.822116
n 0.573919 0.071563 0.815779
n 0.528516 0.06541 0.8464
n 0.57835 -0.004019 0.815779
n 0.560063 0.146857 0.81533
n 0.515387 0.134115 0.846398
n 0.573919 0.071563 0.815779
n 0.466907 0.056111 0.882525
n 0.528516 0.06541 0.8464
n 0.455704 0.117026 0.882405
n 0.454402 -0.002185 0.890794
n 0.529516 -0.008462 0.848258
n 0.466907 0.056111 0.882525
n 0.522182 -0.07664 0.849384
n 0.529516 -0.008462 0.848258
n 0.466855 -0.060538 0.882259
n 0.514312 -0.137144 0.846566
n 0.522182 -0.07664 0.849384
n 0.45505 -0.120616 0.882259
n 0.492392 -0.205071 0.84587
n 0.514312 -0.137144 0.846566
n 0.43525 -0.179699 0.882194
n 0.462265 -0.267848 0.845321
n 0.492392 -0.205071 0.84587
n 0.40898 -0.235235 0.881703
n 0.423858 -0.326165 0.844962
n 0.462265 -0.267848 0.845321
n 0.375158 -0.287763 0.881163
n 0.378381 -0.378435 0.844757
n 0.423858 -0.326165 0.844962
n 0.335065 -0.333974 0.881018
n 0.326468 -0.42559 0.843974
n 0.378381 -0.378435 0.844757
n 0.28985 -0.374531 0.880746
n 0.269561 -0.464492 0.843554
n 0.326468 -0.42559 0.843974
n 0.247206 -0.414189 0.875977
n 0.20757 -0.494703 0.84391
n 0.269561 -0.464492 0.843554
n 0.184893 -0.4312 0.883109
n 0.142248 -0.517897 0.843533
n 0.20757 -0.494703 0.84391
n 0.134404 -0.464051 0.875552
n 0.07499 -0.532416 0.843155
n 0.142248 -0.517897 0.843533
n 0.075091 -0.469311 0.879834
n -0.000297 -0.540451 0.841376
n 0.07499 -0.532416 0.843155
n 0.009229 -0.469113 0.88309
n -0.07469 -0.534968 0.841565
n -0.000297 -0.540451 0.841376
n -0.059306 -0.485127 0.872431
n -0.113217 -0.443529 0.88908
n -0.131743 -0.512475 0.848536
n -0.059306 -0.485127 0.872431
n -0.199014 -0.497885 0.844099
n -0.131743 -0.512475 0.848536
n -0.174896 -0.440225 0.880689
n -0.257964 -0.473586 0.842123
n -0.199014 -0.497885 0.844099
n -0.238655 -0.424452 0.873432
n -0.284219 -0.369857 0.884548
n -0.320111 -0.433047 0.842614
n -0.238655 -0.424452 0.873432
n -0.326139 -0.326256 0.887237
n -0.369428 -0.376448 0.849594
n -0.284219 -0.369857 0.884548
n -0.42086 -0.330061 0.844948
n -0.369428 -0.376448 0.849594
n -0.369491 -0.292381 0.882037
n -0.460692 -0.271439 0.845035
n -0.42086 -0.330061 0.844948
n -0.405355 -0.240628 0.881922
n -0.492744 -0.208073 0.844931
n -0.460692 -0.271439 0.845035
n -0.433907 -0.185739 0.881604
n -0.516112 -0.141409 0.844768
n -0.492744 -0.208073 0.844931
n -0.455538 -0.125941 0.881262
n -0.530773 -0.071845 0.844464
n -0.516112 -0.141409 0.844768
n -0.468105 -0.064853 0.88129
n -0.53643 -0.001814 0.843943
n -0.530773 -0.071845 0.844464
n -0.473197 -0.002947 0.880952
n -0.533063 0.068264 0.843317
n -0.53643 -0.001814 0.843943
n -0.469701 0.058217 0.880904
n -0.520253 0.137675 0.842842
n -0.533063 0.068264 0.843317
n -0.458362 0.119641 0.880676
n -0.498515 0.211202 0.840759
n -0.520253 0.137675 0.842842
n -0.439423 0.178734 0.880319
n -0.465302 0.278196 0.840298
n -0.498515 0.211202 0.840759
n -0.423348 0.244256 0.872419
n -0.374847 0.290844 0.880284
n -0.426055 0.328893 0.842797
n -0.423348 0.244256 0.872419
n -0.332829 0.336956 0.88073
n -0.379365 0.381229 0.843058
n -0.374847 0.290844 0.880284
n -0.285359 0.377189 0.881078
n -0.325809 0.427022 0.843505
n -0.332829 0.336956 0.88073
n -0.234399 0.410688 0.881131
n -0.267045 0.464763 0.844205
n -0.285359 0.377189 0.881078
n -0.178132 0.437715 0.881292
n -0.203039 0.494866 0.844916
n -0.234399 0.410688 0.881131
n -0.11907 0.456793 0.881568
n -0.136297 0.516821 0.845174
n -0.178132 0.437715 0.881292
n -0.057245 0.468 0.881872
n -0.066704 0.530102 0.845307
n -0.11907 0.456793 0.881568
n 0.005954 0.471102 0.882059
n 0.004323 0.534055 0.845438
n -0.057245 0.468 0.881872
n 0.067271 0.466383 0.882021
n 0.074695 0.528481 0.845652
n 0.005954 0.471102 0.882059
n 0.128866 0.44712 0.885143
n 0.143257 0.514194 0.845625
n 0.067271 0.466383 0.882021
n 0.193434 0.429945 0.88189
n 0.209448 0.491293 0.845436
n 0.128866 0.44712 0.885143
n 0.249536 0.409681 0.877435
n 0.272084 0.459362 0.845551
n 0.193434 0.429945 0.88189
n 0.291543 0.370892 0.881727
n 0.328861 0.421217 0.845238
n 0.249536 0.409681 0.877435
n 0.33778 0.329145 0.881798
n 0.380867 0.374429 0.845425
n 0.291543 0.370892 0.881727
n 0.377199 0.283647 0.881627
n 0.425896 0.321547 0.845707
n 0.33778 0.329145 0.881798
n 0.410238 0.231435 0.882124
n 0.463647 0.264643 0.845574
n 0.377199 0.283647 0.881627
n 0.436529 0.175735 0.88236
n 0.493731 0.201157 0.846029
n 0.410238 0.231435 0.882124
n 0.455704 0.117026 0.882405
n 0.515387 0.134115 0.846398
n 0.436529 0.175735 0.88236
n 0.436529 0.175735 0.88236
n 0.350244 0.141265 0.925945
n 0.455704 0.117026 0.882405
n 0.410238 0.231435 0.882124
n 0.329109 0.186654 0.925661
n 0.436529 0.175735 0.88236
n 0.377199 0.283647 0.881627
n 0.302155 0.227329 0.925756
n 0.410238 0.231435 0.882124
n 0.33778 0.329145 0.881798
n 0.270331 0.26472 0.925659
n 0.377199 0.283647 0.881627
n 0.291543 0.370892 0.881727
n 0.233819 0.297437 0.925667
n 0.33778 0.329145 0.881798
n 0.249536 0.409681 0.877435
n 0.19211 0.332813 0.923217
n 0.291543 0.370892 0.881727
n 0.145157 0.355546 0.923318
n 0.19211 0.332813 0.923217
n 0.193434 0.429945 0.88189
n 0.09767 0.351841 0.93095
n 0.145157 0.355546 0.923318
n 0.128866 0.44712 0.885143
n 0.067271 0.466383 0.882021
n 0.052793 0.373886 0.925971
n 0.128866 0.44712 0.885143
n 0.005954 0.471102 0.882059
n 0.003737 0.377205 0.926122
n 0.067271 0.466383 0.882021
n -0.057245 0.468 0.881872
n -0.046379 0.37415 0.926208
n 0.005954 0.471102 0.882059
n -0.11907 0.456793 0.881568
n -0.096023 0.365082 0.92601
n -0.057245 0.468 0.881872
n -0.178132 0.437715 0.881292
n -0.143127 0.349749 0.925846
n -0.11907 0.456793 0.881568
n -0.234399 0.410688 0.881131
n -0.188886 0.327886 0.925642
n -0.178132 0.437715 0.881292
n -0.285359 0.377189 0.881078
n -0.229942 0.300696 0.925586
n -0.234399 0.410688 0.881131
n -0.332829 0.336956 0.88073
n -0.26648 0.268819 0.925594
n -0.285359 0.377189 0.881078
n -0.374847 0.290844 0.880284
n -0.302503 0.23899 0.9227
n -0.332829 0.336956 0.88073
n -0.423348 0.244256 0.872419
n -0.332237 0.194916 0.922836
n -0.374847 0.290844 0.880284
n -0.350724 0.143979 0.925345
n -0.332237 0.194916 0.922836
n -0.439423 0.178734 0.880319
n -0.366309 0.096939 0.92543
n -0.350724 0.143979 0.925345
n -0.458362 0.119641 0.880676
n -0.375845 0.048133 0.925431
n -0.366309 0.096939 0.92543
n -0.469701 0.058217 0.880904
n -0.378439 -0.001906 0.925624
n -0.375845 0.048133 0.925431
n -0.473197 -0.002947 0.880952
n -0.374357 -0.050803 0.925892
n -0.378439 -0.001906 0.925624
n -0.468105 -0.064853 0.88129
n -0.363743 -0.099875 0.92613
n -0.374357 -0.050803 0.925892
n -0.455538 -0.125941 0.881262
n -0.346738 -0.148144 0.926189
n -0.363743 -0.099875 0.92613
n -0.433907 -0.185739 0.881604
n -0.32473 -0.192376 0.926035
n -0.346738 -0.148144 0.926189
n -0.405355 -0.240628 0.881922
n -0.296171 -0.233445 0.926167
n -0.32473 -0.192376 0.926035
n -0.369491 -0.292381 0.882037
n -0.263573 -0.270832 0.92584
n -0.296171 -0.233445 0.926167
n -0.326139 -0.326256 0.887237
n -0.218939 -0.293479 0.930557
n -0.263573 -0.270832 0.92584
n -0.284219 -0.369857 0.884548
n -0.238655 -0.424452 0.873432
n -0.191461 -0.342113 0.919946
n -0.284219 -0.369857 0.884548
n -0.14006 -0.353223 0.924996
n -0.191461 -0.342113 0.919946
n -0.174896 -0.440225 0.880689
n -0.095671 -0.359339 0.92829
n -0.14006 -0.353223 0.924996
n -0.113217 -0.443529 0.88908
n -0.059306 -0.485127 0.872431
n -0.045799 -0.379299 0.92414
n -0.113217 -0.443529 0.88908
n 0.008696 -0.372439 0.928016
n -0.045799 -0.379299 0.92414
n 0.009229 -0.469113 0.88309
n 0.075091 -0.469311 0.879834
n 0.051212 -0.37735 0.924654
n 0.009229 -0.469113 0.88309
n 0.134404 -0.464051 0.875552
n 0.103259 -0.380073 0.919175
n 0.075091 -0.469311 0.879834
n 0.140095 -0.345676 0.927837
n 0.103259 -0.380073 0.919175
n 0.184893 -0.4312 0.883109
n 0.247206 -0.414189 0.875977
n 0.190658 -0.336923 0.922026
n 0.184893 -0.4312 0.883109
n 0.232287 -0.302109 0.924539
n 0.190658 -0.336923 0.922026
n 0.28985 -0.374531 0.880746
n 0.268277 -0.269642 0.924835
n 0.232287 -0.302109 0.924539
n 0.335065 -0.333974 0.881018
n 0.300265 -0.231848 0.92525
n 0.268277 -0.269642 0.924835
n 0.375158 -0.287763 0.881163
n 0.327634 -0.190281 0.925445
n 0.300265 -0.231848 0.92525
n 0.40898 -0.235235 0.881703
n 0.349187 -0.145916 0.925623
n 0.327634 -0.190281 0.925445
n 0.43525 -0.179699 0.882194
n 0.36442 -0.098573 0.926003
n 0.349187 -0.145916 0.925623
n 0.45505 -0.120616 0.882259
n 0.369775 -0.047813 0.92789
n 0.36442 -0.098573 0.926003
n 0.466855 -0.060538 0.882259
n 0.369651 0.001435 0.92917
n 0.369775 -0.047813 0.92789
n 0.454402 -0.002185 0.890794
n 0.466907 0.056111 0.882525
n 0.375228 0.046736 0.925754
n 0.454402 -0.002185 0.890794
n 0.455704 0.117026 0.882405
n 0.365429 0.094782 0.926001
n 0.466907 0.056111 0.882525
n 0.2935 0.033142 0.955384
n 0.375228 0.046736 0.925754
n 0.287081 0.072529 0.955156
n 0.29007 -0.006929 0.95698
n 0.369651 0.001435 0.92917
n 0.2935 0.033142 0.955384
n 0.28218 -0.042921 0.958401
n 0.369775 -0.047813 0.92789
n 0.29007 -0.006929 0.95698
n 0.36442 -0.098573 0.926003
n 0.369775 -0.047813 0.92789
n 0.286604 -0.076547 0.954986
n 0.349187 -0.145916 0.925623
n 0.36442 -0.098573 0.926003
n 0.274734 -0.112157 0.954957
n 0.327634 -0.190281 0.925445
n 0.349187 -0.145916 0.925623
n 0.257533 -0.14866 0.954765
n 0.300265 -0.231848 0.92525
n 0.327634 -0.190281 0.925445
n 0.236576 -0.18033 0.954732
n 0.268277 -0.269642 0.924835
n 0.300265 -0.231848 0.92525
n 0.211487 -0.209987 0.954557
n 0.232287 -0.302109 0.924539
n 0.268277 -0.269642 0.924835
n 0.183957 -0.234921 0.954449
n 0.190658 -0.336923 0.922026
n 0.232287 -0.302109 0.924539
n 0.15087 -0.258197 0.954239
n 0.140095 -0.345676 0.927837
n 0.190658 -0.336923 0.922026
n 0.117402 -0.275004 0.954248
n 0.103259 -0.380073 0.919175
n 0.140095 -0.345676 0.927837
n 0.082409 -0.302411 0.949609
n 0.036952 -0.29112 0.955973
n 0.051212 -0.37735 0.924654
n 0.082409 -0.302411 0.949609
n -0.00063 -0.305219 0.952282
n 0.008696 -0.372439 0.928016
n 0.036952 -0.29112 0.955973
n -0.031405 -0.279335 0.95968
n -0.045799 -0.379299 0.92414
n -0.00063 -0.305219 0.952282
n -0.095671 -0.359339 0.92829
n -0.045799 -0.379299 0.92414
n -0.069333 -0.297046 0.952343
n -0.14006 -0.353223 0.924996
n -0.095671 -0.359339 0.92829
n -0.102718 -0.27246 0.956668
n -0.191461 -0.342113 0.919946
n -0.14006 -0.353223 0.924996
n -0.151459 -0.271813 0.950357
n -0.166003 -0.224401 0.960254
n -0.218939 -0.293479 0.930557
n -0.151459 -0.271813 0.950357
n -0.263573 -0.270832 0.92584
n -0.218939 -0.293479 0.930557
n -0.204461 -0.213308 0.955351
n -0.296171 -0.233445 0.926167
n -0.263573 -0.270832 0.92584
n -0.230108 -0.184347 0.955545
n -0.32473 -0.192376 0.926035
n -0.296171 -0.233445 0.926167
n -0.251677 -0.152942 0.95565
n -0.346738 -0.148144 0.926189
n -0.32473 -0.192376 0.926035
n -0.270158 -0.117367 0.955636
n -0.363743 -0.099875 0.92613
n -0.346738 -0.148144 0.926189
n -0.282931 -0.079415 0.955847
n -0.374357 -0.050803 0.925892
n -0.363743 -0.099875 0.92613
n -0.290812 -0.042167 0.955851
n -0.378439 -0.001906 0.925624
n -0.374357 -0.050803 0.925892
n -0.294137 -0.003848 0.955755
n -0.375845 0.048133 0.925431
n -0.378439 -0.001906 0.925624
n -0.292063 0.034836 0.955765
n -0.366309 0.096939 0.92543
n -0.375845 0.048133 0.925431
n -0.285288 0.073441 0.955624
n -0.350724 0.143979 0.925345
n -0.366309 0.096939 0.92543
n -0.273426 0.110131 0.955568
n -0.332237 0.194916 0.922836
n -0.350724 0.143979 0.925345
n -0.26423 0.146535 0.953263
n -0.302503 0.23899 0.9227
n -0.332237 0.194916 0.922836
n -0.240618 0.183287 0.953157
n -0.205882 0.21038 0.955695
n -0.26648 0.268819 0.925594
n -0.240618 0.183287 0.953157
n -0.177824 0.234644 0.955678
n -0.229942 0.300696 0.925586
n -0.205882 0.21038 0.955695
n -0.144895 0.255797 0.95581
n -0.188886 0.327886 0.925642
n -0.177824 0.234644 0.955678
n -0.108977 0.27283 0.95587
n -0.143127 0.349749 0.925846
n -0.144895 0.255797 0.95581
n -0.072091 0.284534 0.955951
n -0.096023 0.365082 0.92601
n -0.108977 0.27283 0.95587
n -0.031764 0.286179 0.95765
n -0.046379 0.37415 0.926208
n -0.072091 0.284534 0.955951
n 0.007327 0.301286 0.953506
n 0.003737 0.377205 0.926122
n -0.031764 0.286179 0.95765
n 0.044919 0.284798 0.957534
n 0.052793 0.373886 0.925971
n 0.007327 0.301286 0.953506
n 0.077764 0.278906 0.957165
n 0.09767 0.351841 0.93095
n 0.044919 0.284798 0.957534
n 0.145157 0.355546 0.923318
n 0.09767 0.351841 0.93095
n 0.11675 0.279431 0.953041
n 0.152489 0.253009 0.955371
n 0.19211 0.332813 0.923217
n 0.11675 0.279431 0.953041
n 0.184846 0.230756 0.955292
n 0.233819 0.297437 0.925667
n 0.152489 0.253009 0.955371
n 0.213099 0.205271 0.955224
n 0.270331 0.26472 0.925659
n 0.184846 0.230756 0.955292
n 0.237758 0.175907 0.955263
n 0.302155 0.227329 0.925756
n 0.213099 0.205271 0.955224
n 0.258625 0.143539 0.955254
n 0.329109 0.186654 0.925661
n 0.237758 0.175907 0.955263
n 0.275404 0.108288 0.95521
n 0.350244 0.141265 0.925945
n 0.258625 0.143539 0.955254
n 0.287081 0.072529 0.955156
n 0.365429 0.094782 0.926001
n 0.275404 0.108288 0.95521
n 0.203354 0.045496 0.978048
n 0.287081 0.072529 0.955156
n 0.205557 0.0762 0.975674
n 0.205557 0.0762 0.975674
n 0.275404 0.108288 0.95521
n 0.188867 0.09928 0.976971
n 0.188867 0.09928 0.976971
n 0.258625 0.143539 0.955254
n 0.173618 0.123567 0.97703
n 0.173618 0.123567 0.97703
n 0.237758 0.175907 0.955263
n 0.152882 0.141261 0.978096
n 0.152882 0.141261 0.978096
n 0.213099 0.205271 0.955224
n 0.139944 0.167412 0.975904
n 0.139944 0.167412 0.975904
n 0.184846 0.230756 0.955292
n 0.109752 0.175456 0.97835
n 0.109752 0.175456 0.97835
n 0.152489 0.253009 0.955371
n 0.088933 0.198157 0.976127
n 0.088933 0.198157 0.976127
n 0.11675 0.279431 0.953041
n 0.06016 0.209736 0.975906
n 0.077764 0.278906 0.957165
n 0.044919 0.284798 0.957534
n 0.06016 0.209736 0.975906
n 0.029671 0.192646 0.98082
n 0.044919 0.284798 0.957534
n 0.003196 0.222734 0.974874
n 0.007327 0.301286 0.953506
n -0.031764 0.286179 0.95765
n 0.003196 0.222734 0.974874
n -0.024102 0.192823 0.980937
n -0.031764 0.286179 0.95765
n -0.050282 0.204221 0.977633
n -0.050282 0.204221 0.977633
n -0.072091 0.284534 0.955951
n -0.075082 0.195991 0.977727
n -0.075082 0.195991 0.977727
n -0.108977 0.27283 0.95587
n -0.101428 0.183838 0.97771
n -0.101428 0.183838 0.97771
n -0.144895 0.255797 0.95581
n -0.127429 0.174227 0.976425
n -0.127429 0.174227 0.976425
n -0.177824 0.234644 0.955678
n -0.142602 0.148025 0.978649
n -0.142602 0.148025 0.978649
n -0.205882 0.21038 0.955695
n -0.167772 0.13555 0.976462
n -0.167772 0.13555 0.976462
n -0.240618 0.183287 0.953157
n -0.187177 0.109151 0.976243
n -0.26423 0.146535 0.953263
n -0.273426 0.110131 0.955568
n -0.187177 0.109151 0.976243
n -0.273426 0.110131 0.955568
n -0.285288 0.073441 0.955624
n -0.191159 0.074558 0.978723
n -0.285288 0.073441 0.955624
n -0.292063 0.034836 0.955765
n -0.209932 0.050303 0.976421
n -0.292063 0.034836 0.955765
n -0.294137 -0.003848 0.955755
n -0.208931 0.022804 0.977665
n -0.294137 -0.003848 0.955755
n -0.290812 -0.042167 0.955851
n -0.210206 -0.005133 0.977644
n -0.290812 -0.042167 0.955851
n -0.282931 -0.079415 0.955847
n -0.208143 -0.032164 0.977569
n -0.282931 -0.079415 0.955847
n -0.270158 -0.117367 0.955636
n -0.202577 -0.058356 0.977526
n -0.270158 -0.117367 0.955636
n -0.251677 -0.152942 0.95565
n -0.192059 -0.087086 0.977512
n -0.251677 -0.152942 0.95565
n -0.230108 -0.184347 0.955545
n -0.179516 -0.112223 0.977333
n -0.230108 -0.184347 0.955545
n -0.204461 -0.213308 0.955351
n -0.164154 -0.134305 0.977249
n -0.204461 -0.213308 0.955351
n -0.166003 -0.224401 0.960254
n -0.141081 -0.152395 0.978198
n -0.116979 -0.163818 0.97953
n -0.166003 -0.224401 0.960254
n -0.107683 -0.198005 0.974268
n -0.151459 -0.271813 0.950357
n -0.102718 -0.27246 0.956668
n -0.107683 -0.198005 0.974268
n -0.071456 -0.184477 0.980236
n -0.102718 -0.27246 0.956668
n -0.05363 -0.21995 0.974036
n -0.069333 -0.297046 0.952343
n -0.031405 -0.279335 0.95968
n -0.05363 -0.21995 0.974036
n -0.020823 -0.197833 0.980014
n -0.031405 -0.279335 0.95968
n 0.003054 -0.228222 0.973604
n -0.00063 -0.305219 0.952282
n 0.036952 -0.29112 0.955973
n 0.003054 -0.228222 0.973604
n 0.028474 -0.197737 0.979842
n 0.036952 -0.29112 0.955973
n 0.061448 -0.214791 0.974725
n 0.082409 -0.302411 0.949609
n 0.117402 -0.275004 0.954248
n 0.061448 -0.214791 0.974725
n 0.117402 -0.275004 0.954248
n 0.15087 -0.258197 0.954239
n 0.089942 -0.203231 0.974991
n 0.15087 -0.258197 0.954239
n 0.183957 -0.234921 0.954449
n 0.112016 -0.184512 0.976426
n 0.183957 -0.234921 0.954449
n 0.211487 -0.209987 0.954557
n 0.132225 -0.164689 0.977443
n 0.211487 -0.209987 0.954557
n 0.236576 -0.18033 0.954732
n 0.159359 -0.153724 0.975179
n 0.236576 -0.18033 0.954732
n 0.257533 -0.14866 0.954765
n 0.172018 -0.130391 0.976426
n 0.257533 -0.14866 0.954765
n 0.274734 -0.112157 0.954957
n 0.187184 -0.106234 0.976564
n 0.274734 -0.112157 0.954957
n 0.286604 -0.076547 0.954986
n 0.195419 -0.078843 0.977546
n 0.286604 -0.076547 0.954986
n 0.28218 -0.042921 0.958401
n 0.214199 -0.056198 0.975172
n 0.28218 -0.042921 0.958401
n 0.29007 -0.006929 0.95698
n 0.213274 -0.026956 0.97662
n 0.202732 -0.001392 0.979233
n 0.29007 -0.006929 0.95698
n 0.212531 0.020358 0.976942
n 0.212531 0.020358 0.976942
n 0.2935 0.033142 0.955384
n 0.203354 0.045496 0.978048
n 0.212531 0.020358 0.976942
n 0.203354 0.045496 0.978048
n 0.148516 0.018697 0.988733
n 0.202732 -0.001392 0.979233
n 0.212531 0.020358 0.976942
n 0.149248 0.001303 0.988799
n 0.213274 -0.026956 0.97662
n 0.202732 -0.001392 0.979233
n 0.147885 -0.017474 0.98885
n 0.214199 -0.056198 0.975172
n 0.213274 -0.026956 0.97662
n 0.145928 -0.042725 0.988372
n 0.133266 -0.060472 0.989234
n 0.195419 -0.078843 0.977546
n 0.145928 -0.042725 0.988372
n 0.187184 -0.106234 0.976564
n 0.195419 -0.078843 0.977546
n 0.130776 -0.07341 0.98869
n 0.172018 -0.130391 0.976426
n 0.187184 -0.106234 0.976564
n 0.120022 -0.090957 0.988596
n 0.159359 -0.153724 0.975179
n 0.172018 -0.130391 0.976426
n 0.108361 -0.108751 0.988145
n 0.089052 -0.117803 0.989036
n 0.132225 -0.164689 0.977443
n 0.108361 -0.108751 0.988145
n 0.112016 -0.184512 0.976426
n 0.132225 -0.164689 0.977443
n 0.079381 -0.128433 0.988536
n 0.089942 -0.203231 0.974991
n 0.112016 -0.184512 0.976426
n 0.060001 -0.140774 0.988222
n 0.037561 -0.145345 0.988668
n 0.061448 -0.214791 0.974725
n 0.060001 -0.140774 0.988222
n 0.020993 -0.144203 0.989325
n 0.028474 -0.197737 0.979842
n 0.037561 -0.145345 0.988668
n 0.003054 -0.228222 0.973604
n 0.028474 -0.197737 0.979842
n 0.003582 -0.152178 0.988347
n -0.015142 -0.144834 0.98934
n -0.020823 -0.197833 0.980014
n 0.003582 -0.152178 0.988347
n -0.05363 -0.21995 0.974036
n -0.020823 -0.197833 0.980014
n -0.034637 -0.147144 0.988508
n -0.049558 -0.134918 0.989617
n -0.071456 -0.184477 0.980236
n -0.034637 -0.147144 0.988508
n -0.107683 -0.198005 0.974268
n -0.071456 -0.184477 0.980236
n -0.071895 -0.131567 0.988697
n -0.088781 -0.116076 0.989265
n -0.116979 -0.163818 0.97953
n -0.071895 -0.131567 0.988697
n -0.097065 -0.103241 0.989909
n -0.141081 -0.152395 0.978198
n -0.088781 -0.116076 0.989265
n -0.164154 -0.134305 0.977249
n -0.141081 -0.152395 0.978198
n -0.110875 -0.094122 0.989367
n -0.179516 -0.112223 0.977333
n -0.164154 -0.134305 0.977249
n -0.122341 -0.078213 0.989402
n -0.192059 -0.087086 0.977512
n -0.179516 -0.112223 0.977333
n -0.13149 -0.06082 0.98945
n -0.202577 -0.058356 0.977526
n -0.192059 -0.087086 0.977512
n -0.138972 -0.040149 0.989482
n -0.208143 -0.032164 0.977569
n -0.202577 -0.058356 0.977526
n -0.143087 -0.020869 0.98949
n -0.210206 -0.005133 0.977644
n -0.208143 -0.032164 0.977569
n -0.143791 -0.004741 0.989597
n -0.208931 0.022804 0.977665
n -0.210206 -0.005133 0.977644
n -0.14287 0.015294 0.989623
n -0.209932 0.050303 0.976421
n -0.208931 0.022804 0.977665
n -0.14089 0.037425 0.989318
n -0.128011 0.054136 0.990294
n -0.191159 0.074558 0.978723
n -0.14089 0.037425 0.989318
n -0.187177 0.109151 0.976243
n -0.191159 0.074558 0.978723
n -0.124867 0.070167 0.989689
n -0.167772 0.13555 0.976462
n -0.187177 0.109151 0.976243
n -0.115346 0.088934 0.989336
n -0.097635 0.099271 0.990259
n -0.142602 0.148025 0.978649
n -0.115346 0.088934 0.989336
n -0.127429 0.174227 0.976425
n -0.142602 0.148025 0.978649
n -0.087957 0.116447 0.989294
n -0.067595 0.126905 0.989609
n -0.101428 0.183838 0.97771
n -0.087957 0.116447 0.989294
n -0.049111 0.135522 0.989556
n -0.075082 0.195991 0.977727
n -0.067595 0.126905 0.989609
n -0.034662 0.140252 0.989509
n -0.050282 0.204221 0.977633
n -0.049111 0.135522 0.989556
n -0.017075 0.139283 0.990105
n -0.024102 0.192823 0.980937
n -0.034662 0.140252 0.989509
n 0.003196 0.222734 0.974874
n -0.024102 0.192823 0.980937
n 0.004245 0.147339 0.989077
n 0.024044 0.139127 0.989983
n 0.029671 0.192646 0.98082
n 0.004245 0.147339 0.989077
n 0.06016 0.209736 0.975906
n 0.029671 0.192646 0.98082
n 0.041391 0.140061 0.989277
n 0.088933 0.198157 0.976127
n 0.06016 0.209736 0.975906
n 0.060494 0.134814 0.989023
n 0.075011 0.120416 0.989886
n 0.109752 0.175456 0.97835
n 0.060494 0.134814 0.989023
n 0.139944 0.167412 0.975904
n 0.109752 0.175456 0.97835
n 0.092569 0.115895 0.988939
n 0.103993 0.098181 0.98972
n 0.152882 0.141261 0.978096
n 0.092569 0.115895 0.988939
n 0.173618 0.123567 0.97703
n 0.152882 0.141261 0.978096
n 0.119028 0.087718 0.989009
n 0.188867 0.09928 0.976971
n 0.173618 0.123567 0.97703
n 0.128834 0.072541 0.989009
n 0.205557 0.0762 0.975674
n 0.188867 0.09928 0.976971
n 0.141211 0.051834 0.988622
n 0.141714 0.031644 0.989402
n 0.203354 0.045496 0.978048
n 0.141211 0.051834 0.988622
n 0.141714 0.031644 0.989402
n 0.141211 0.051834 0.988622
n 0.092545 0.022093 0.995463
n 0.141211 0.051834 0.988622
n 0.128834 0.072541 0.989009
n 0.088049 0.033552 0.995551
n 0.128834 0.072541 0.989009
n 0.119028 0.087718 0.989009
n 0.080578 0.047005 0.995639
n 0.119028 0.087718 0.989009
n 0.103993 0.098181 0.98972
n 0.0753 0.054071 0.995694
n 0.103993 0.098181 0.98972
n 0.092569 0.115895 0.988939
n 0.06595 0.064093 0.995762
n 0.092569 0.115895 0.988939
n 0.075011 0.120416 0.989886
n 0.057607 0.072586 0.995697
n 0.075011 0.120416 0.989886
n 0.060494 0.134814 0.989023
n 0.048603 0.078424 0.995735
n 0.060494 0.134814 0.989023
n 0.041391 0.140061 0.989277
n 0.037867 0.083595 0.99578
n 0.041391 0.140061 0.989277
n 0.024044 0.139127 0.989983
n 0.025845 0.086987 0.995874
n 0.024044 0.139127 0.989983
n 0.004245 0.147339 0.989077
n 0.014851 0.089013 0.99592
n 0.004245 0.147339 0.989077
n -0.017075 0.139283 0.990105
n 0.00148 0.089521 0.995984
n -0.017075 0.139283 0.990105
n -0.034662 0.140252 0.989509
n -0.014113 0.088314 0.995993
n -0.034662 0.140252 0.989509
n -0.049111 0.135522 0.989556
n -0.025139 0.085958 0.995982
n -0.049111 0.135522 0.989556
n -0.067595 0.126905 0.989609
n -0.034437 0.082242 0.996017
n -0.067595 0.126905 0.989609
n -0.087957 0.116447 0.989294
n -0.046585 0.075386 0.996066
n -0.087957 0.116447 0.989294
n -0.097635 0.099271 0.990259
n -0.055404 0.069124 0.996068
n -0.097635 0.099271 0.990259
n -0.115346 0.088934 0.989336
n -0.064259 0.060802 0.996079
n -0.115346 0.088934 0.989336
n -0.124867 0.070167 0.989689
n -0.07173 0.051904 0.996073
n -0.124867 0.070167 0.989689
n -0.128011 0.054136 0.990294
n -0.077652 0.042434 0.996077
n -0.128011 0.054136 0.990294
n -0.14089 0.037425 0.989318
n -0.082708 0.031728 0.996069
n -0.14089 0.037425 0.989318
n -0.14287 0.015294 0.989623
n -0.08605 0.020972 0.99607
n -0.14287 0.015294 0.989623
n -0.143791 -0.004741 0.989597
n -0.088444 0.008045 0.996049
n -0.143791 -0.004741 0.989597
n -0.143087 -0.020869 0.98949
n -0.0894 -0.002298 0.995993
n -0.143087 -0.020869 0.98949
n -0.138972 -0.040149 0.989482
n -0.088532 -0.013858 0.995977
n -0.138972 -0.040149 0.989482
n -0.13149 -0.06082 0.98945
n -0.084421 -0.028399 0.996025
n -0.13149 -0.06082 0.98945
n -0.122341 -0.078213 0.989402
n -0.079667 -0.040804 0.995986
n -0.122341 -0.078213 0.989402
n -0.110875 -0.094122 0.989367
n -0.074099 -0.051226 0.995934
n -0.110875 -0.094122 0.989367
n -0.097065 -0.103241 0.989909
n -0.067556 -0.060788 0.995862
n -0.097065 -0.103241 0.989909
n -0.088781 -0.116076 0.989265
n -0.059319 -0.069645 0.995807
n -0.088781 -0.116076 0.989265
n -0.071895 -0.131567 0.988697
n -0.051474 -0.076685 0.995726
n -0.071895 -0.131567 0.988697
n -0.049558 -0.134918 0.989617
n -0.039146 -0.083332 0.995753
n -0.049558 -0.134918 0.989617
n -0.034637 -0.147144 0.988508
n -0.028784 -0.08862 0.99565
n -0.034637 -0.147144 0.988508
n -0.015142 -0.144834 0.98934
n -0.020279 -0.091718 0.995578
n -0.015142 -0.144834 0.98934
n 0.003582 -0.152178 0.988347
n -0.005115 -0.094584 0.995504
n 0.003582 -0.152178 0.988347
n 0.020993 -0.144203 0.989325
n 0.007653 -0.095349 0.995414
n 0.020993 -0.144203 0.989325
n 0.037561 -0.145345 0.988668
n 0.018026 -0.094195 0.995391
n 0.037561 -0.145345 0.988668
n 0.060001 -0.140774 0.988222
n 0.030392 -0.090955 0.995391
n 0.060001 -0.140774 0.988222
n 0.079381 -0.128433 0.988536
n 0.040089 -0.087313 0.995374
n 0.079381 -0.128433 0.988536
n 0.089052 -0.117803 0.989036
n 0.050099 -0.082802 0.995306
n 0.089052 -0.117803 0.989036
n 0.108361 -0.108751 0.988145
n 0.063532 -0.072433 0.995348
n 0.108361 -0.108751 0.988145
n 0.120022 -0.090957 0.988596
n 0.071931 -0.063805 0.995367
n 0.120022 -0.090957 0.988596
n 0.130776 -0.07341 0.98869
n 0.077577 -0.056873 0.995363
n 0.130776 -0.07341 0.98869
n 0.133266 -0.060472 0.989234
n 0.082947 -0.049504 0.995324
n 0.133266 -0.060472 0.989234
n 0.145928 -0.042725 0.988372
n 0.087934 -0.039317 0.99535
n 0.145928 -0.042725 0.988372
n 0.147885 -0.017474 0.98885
n 0.092842 -0.022413 0.995429
n 0.147885 -0.017474 0.98885
n 0.149248 0.001303 0.988799
n 0.094996 -0.013875 0.995381
n 0.149248 0.001303 0.988799
n 0.148516 0.018697 0.988733
n 0.095938 -0.001168 0.995387
n 0.148516 0.018697 0.988733
n 0.141714 0.031644 0.989402
n 0.094945 0.013293 0.995394
f 1/1/1  2/2/2  3/3/3  
f 4/4/4  5/5/5  6/6/6  
f 7/7/7  8/8/8  9/9/9  
f 10/10/10  11/11/11  12/12/12  
f 13/13/13  14/14/14  15/15/15  
f 16/16/16  17/17/17  18/18/18  
f 19/19/19  20/20/20  21/21/21  
f 22/22/22  23/23/23  24/24/24  
f 25/25/25  26/26/26  27/27/27  
f 28/28/28  29/29/29  30/30/30  
f 31/31/31  32/32/32  33/33/33  
f 34/34/34  35/35/35  36/36/36  
f 37/37/37  38/38/38  39/39/39  
f 40/40/40  41/41/41  42/42/42  
f 43/43/43  44/44/44  45/45/45  
f 46/46/46  47/47/47  48/48/48  
f 49/49/49  50/50/50  51/51/51  
f 52/52/52  53/53/53  54/54/54  
f 55/55/55  56/56/56  57/57/57  
f 58/58/58  59/59/59  60/60/60  
f 61/61/61  62/62/62  63/63/63  
f 64/64/64  65/65/65  66/66/66  
f 67/67/67  68/68/68  69/69/69  
f 70/70/70  71/71/71  72/72/72  
f 73/73/73  74/74/74  75/75/75  
f 76/76/76  77/77/77  78/78/78  
f 79/79/79  80/80/80  81/81/81  
f 82/82/82  83/83/83  84/84/84  
f 85/85/85  86/86/86  87/87/87  
f 88/88/88  89/89/89  90/90/90  
f 91/91/91  92/92/92  93/93/93  
f 94/94/94  95/95/95  96/96/96  
f 97/97/97  98/98/98  99/99/99  
f 100/100/100  101/101/101  102/102/102  
f 103/103/103  104/104/104  105/105/105  
f 106/106/106  107/107/107  108/108/108  
f 109/109/109  110/110/110  111/111/111  
f 112/112/112  113/113/113  114/114/114  
f 115/115/115  116/116/116  117/117/117  
f 118/118/118  119/119/119  120/120/120  
f 121/121/121  122/122/122  123/123/123  
f 124/124/124  125/125/125  126/126/126  
f 127/127/127  128/128/128  129/129/129  
f 130/130/130  131/131/131  132/132/132  
f 133/133/133  134/134/134  135/135/135  
f 136/136/136  137/137/137  138/138/138  
f 139/139/139  140/140/140  141/141/141  
f 142/142/142  143/143/143  144/144/144  
f 145/145/145  146/146/146  147/147/147  
f 148/148/148  149/149/149  150/150/150  
f 151/151/151  152/152/152  153/153/153  
f 154/154/154  155/155/155  156/156/156  
f 157/157/157  158/158/158  159/159/159  
f 160/160/160  161/161/161  162/162/162  
f 163/163/163  164/164/164  165/165/165  
f 166/166/166  167/167/167  168/168/168  
f 169/169/169  170/170/170  171/171/171  
f 172/172/172  173/173/173  174/174/174  
f 175/175/175  176/176/176  177/177/177  
f 178/178/178  179/179/179  180/180/180  
f 181/181/181  182/182/182  183/183/183  
f 184/184/184  185/185/185  186/186/186  
f 187/187/187  188/188/188  189/189/189  
f 190/190/190  191/191/191  192/192/192  
f 193/193/193  194/194/194  195/195/195  
f 196/196/196  197/197/197  198/198/198  
f 199/199/199  200/200/200  201/201/201  
f 202/202/202  203/203/203  204/204/204  
f 205/205/205  206/206/206  207/207/207  
f 208/208/208  209/209/209  210/210/210  
f 211/211/211  212/212/212  213/213/213  
f 214/214/214  215/215/215  216/216/216  
f 217/217/217  218/218/218  219/219/219  
f 220/220/220  221/221/221  222/222/222  
f 223/223/223  224/224/224  225/225/225  
f 226/226/226  227/227/227  228/228/228  
f 229/229/229  230/230/230  231/231/231  
f 232/232/232  233/233/233  234/234/234  
f 235/235/235  236/236/236  237/237/237  
f 238/238/238  239/239/239  240/240/240  
f 241/241/241  242/242/242  243/243/243  
f 244/244/244  245/245/245  246/246/246  
f 247/247/247  248/248/248  249/249/249  
f 250/250/250  251/251/251  252/252/252  
f 253/253/253  254/254/254  255/255/255  
f 256/256/256  257/257/257  258/258/258  
f 259/259/259  260/260/260  261/261/261  
f 262/262/262  263/263/263  264/264/264  
f 265/265/265  266/266/266  267/267/267  
f 268/268/268  269/269/269  270/270/270  
f 271/271/271  272/272/272  273/273/273  
f 274/274/274  275/275/275  276/276/276  
f 277/277/277  278/278/278  279/279/279  
f 280/280/280  281/281/281  282/282/282  
f 283/283/283  284/284/284  285/285/285  
f 286/286/286  287/287/287  288/288/288  
f 289/289/289  290/290/290  291/291/291  
f 292/292/292  293/293/293  294/294/294  
f 295/295/295  296/296/296  297/297/297  
f 298/298/298  299/299/299  300/300/300  
f 301/301/301  302/302/302  303/303/303  
f 304/304/304  305/305/305  306/306/306  
f 307/307/307  308/308/308  309/309/309  
f 310/310/310  311/311/311  312/312/312  
f 313/313/313  314/314/314  315/315/315  
f 316/316/316  317/317/317  318/318/318  
f 319/319/319  320/320/320  321/321/321  
f 322/322/322  323/323/323  324/324/324  
f 325/325/325  326/326/326  327/327/327  
f 328/328/328  329/329/329  330/330/330  
f 331/331/331  332/332/332  333/333/333  
f 334/334/334  335/335/335  336/336/336  
f 337/337/337  338/338/338  339/339/339  
f 340/340/340  341/341/341  342/342/342  
f 343/343/343  344/344/344  345/345/345  
f 346/346/346  347/347/347  348/348/348  
f 349/349/349  350/350/350  351/351/351  
f 352/352/352  353/353/353  354/354/354  
f 355/355/355  356/356/356  357/357/357  
f 358/358/358  359/359/359  360/360/360  
f 361/361/361  362/362/362  363/363/363  
f 364/364/364  365/365/365  366/366/366  
f 367/367/367  368/368/368  369/369/369  
f 370/370/370  371/371/371  372/372/372  
f 373/373/373  374/374/374  375/375/375  
f 376/376/376  377/377/377  378/378/378  
f 379/379/379  380/380/380  381/381/381  
f 382/382/382  383/383/383  384/384/384  
f 385/385/385  386/386/386  387/387/387  
f 388/388/388  389/389/389  390/390/390  
f 391/391/391  392/392/392  393/393/393  
f 394/394/394  395/395/395  396/396/396  
f 397/397/397  398/398/398  399/399/399  
f 400/400/400  401/401/401  402/402/402  
f 403/403/403  404/404/404  405/405/405  
f 406/406/406  407/407/407  408/408/408  
f 409/409/409  410/410/410  411/411/411  
f 412/412/412  413/413/413  414/414/414  
f 415/415/415  416/416/416  417/417/417  
f 418/418/418  419/419/419  420/420/420  
f 421/421/421  422/422/422  423/423/423  
f 424/424/424  425/425/425  426/426/426  
f 427/427/427  428/428/428  429/429/429  
f 430/430/430  431/431/431  432/432/432  
f 433/433/433  434/434/434  435/435/435  
f 436/436/436  437/437/437  438/438/438  
f 439/439/439  440/440/440  441/441/441  
f 442/442/442  443/443/443  444/444/444  
f 445/445/445  446/446/446  447/447/447  
f 448/448/448  449/449/449  450/450/450  
f 451/451/451  452/452/452  453/453/453  
f 454/454/454  455/455/455  456/456/456  
f 457/457/457  458/458/458  459/459/459  
f 460/460/460  461/461/461  462/462/462  
f 463/463/463  464/464/464  465/465/465  
f 466/466/466  467/467/467  468/468/468  
f 469/469/469  470/470/470  471/471/471  
f 472/472/472  473/473/473  474/474/474  
f 475/475/475  476/476/476  477/477/477  
f 478/478/478  479/479/479  480/480/480  
f 481/481/481  482/482/482  483/483/483  
f 484/484/484  485/485/485  486/486/486  
f 487/487/487  488/488/488  489/489/489  
f 490/490/490  491/491/491  492/492/492  
f 493/493/493  494/494/494  495/495/495  
f 496/496/496  497/497/497  498/498/498  
f 499/499/499  500/500/500  501/501/501  
f 502/502/502  503/503/503  504/504/504  
f 505/505/505  506/506/506  507/507/507  
f 508/508/508  509/509/509  510/510/510  
f 511/511/511  512/512/512  513/513/513  
f 514/514/514  515/515/515  516/516/516  
f 517/517/517  518/518/518  519/519/519  
f 520/520/520  521/521/521  522/522/522  
f 523/523/523  524/524/524  525/525/525  
f 526/526/526  527/527/527  528/528/528  
f 529/529/529  530/530/530  531/531/531  
f 532/532/532  533/533/533  534/534/534  
f 535/535/535  536/536/536  537/537/537  
f 538/538/538  539/539/539  540/540/540  
f 541/541/541  542/542/542  543/543/543  
f 544/544/544  545/545/545  546/546/546  
f 547/547/547  548/548/548  549/549/549  
f 550/550/550  551/551/551  552/552/552  
f 553/553/553  554/554/554  555/555/555  
f 556/556/556  557/557/557  558/558/558  
f 559/559/559  560/560/560  561/561/561  
f 562/562/562  563/563/563  564/564/564  
f 565/565/565  566/566/566  567/567/567  
f 568/568/568  569/569/569  570/570/570  
f 571/571/571  572/572/572  573/573/573  
f 574/574/574  575/575/575  576/576/576  
f 577/577/577  578/578/578  579/579/579  
f 580/580/580  581/581/581  582/582/582  
f 583/583/583  584/584/584  585/585/585  
f 586/586/586  587/587/587  588/588/588  
f 589/589/589  590/590/590  591/591/591  
f 592/592/592  593/593/593  594/594/594  
f 595/595/595  596/596/596  597/597/597  
f 598/598/598  599/599/599  600/600/600  
f 601/601/601  602/602/602  603/603/603  
f 604/604/604  605/605/605  606/606/606  
f 607/607/607  608/608/608  609/609/609  
f 610/610/610  611/611/611  612/612/612  
f 613/613/613  614/614/614  615/615/615  
f 616/616/616  617/617/617  618/618/618  
f 619/619/619  620/620/620  621/621/621  
f 622/622/622  623/623/623  624/624/624  
f 625/625/625  626/626/626  627/627/627  
f 628/628/628  629/629/629  630/630/630  
f 631/631/631  632/632/632  633/633/633  
f 634/634/634  635/635/635  636/636/636  
f 637/637/637  638/638/638  639/639/639  
f 640/640/640  641/641/641  642/642/642  
f 643/643/643  644/644/644  645/645/645  
f 646/646/646  647/647/647  648/648/648  
f 649/649/649  650/650/650  651/651/651  
f 652/652/652  653/653/653  654/654/654  
f 655/655/655  656/656/656  657/657/657  
f 658/658/658  659/659/659  660/660/660  
f 661/661/661  662/662/662  663/663/663  
f 664/664/664  665/665/665  666/666/666  
f 667/667/667  668/668/668  669/669/669  
f 670/670/670  671/671/671  672/672/672  
f 673/673/673  674/674/674  675/675/675  
f 676/676/676  677/677/677  678/678/678  
f 679/679/679  680/680/680  681/681/681  
f 682/682/682  683/683/683  684/684/684  
f 685/685/685  686/686/686  687/687/687  
f 688/688/688  689/689/689  690/690/690  
f 691/691/691  692/692/692  693/693/693  
f 694/694/694  695/695/695  696/696/696  
f 697/697/697  698/698/698  699/699/699  
f 700/700/700  701/701/701  702/702/702  
f 703/703/703  704/704/704  705/705/705  
f 706/706/706  707/707/707  708/708/708  
f 709/709/709  710/710/710  711/711/711  
f 712/712/712  713/713/713  714/714/714  
f 715/715/715  716/716/716  717/717/717  
f 718/718/718  719/719/719  720/720/720  
f 721/721/721  722/722/722  723/723/723  
f 724/724/724  725/725/725  726/726/726  
f 727/727/727  728/728/728  729/729/729  
f 730/730/730  731/731/731  732/732/732  
f 733/733/733  734/734/734  735/735/735  
f 736/736/736  737/737/737  738/738/738  
f 739/739/739  740/740/740  741/741/741  
f 742/742/742  743/743/743  744/744/744  
f 745/745/745  746/746/746  747/747/747  
f 748/748/748  749/749/749  750/750/750  
f 751/751/751  752/752/752  753/753/753  
f 754/754/754  755/755/755  756/756/756  
f 757/757/757  758/758/758  759/759/759  
f 760/760/760  761/761/761  762/762/762  
f 763/763/763  764/764/764  765/765/765  
f 766/766/766  767/767/767  768/768/768  
f 769/769/769  770/770/770  771/771/771  
f 772/772/772  773/773/773  774/774/774  
f 775/775/775  776/776/776  777/777/777  
f 778/778/778  779/779/779  780/780/780  
f 781/781/781  782/782/782  783/783/783  
f 784/784/784  785/785/785  786/786/786  
f 787/787/787  788/788/788  789/789/789  
f 790/790/790  791/791/791  792/792/792  
f 793/793/793  794/794/794  795/795/795  
f 796/796/796  797/797/797  798/798/798  
f 799/799/799  800/800/800  801/801/801  
f 802/802/802  803/803/803  804/804/804  
f 805/805/805  806/806/806  807/807/807  
f 808/808/808  809/809/809  810/810/810  
f 811/811/811  812/812/812  813/813/813  
f 814/814/814  815/815/815  816/816/816  
f 817/817/817  818/818/818  819/819/819  
f 820/820/820  821/821/821  822/822/822  
f 823/823/823  824/824/824  825/825/825  
f 826/826/826  827/827/827  828/828/828  
f 829/829/829  830/830/830  831/831/831  
f 832/832/832  833/833/833  834/834/834  
f 835/835/835  836/836/836  837/837/837  
f 838/838/838  839/839/839  840/840/840  
f 841/841/841  842/842/842  843/843/843  
f 844/844/844  845/845/845  846/846/846  
f 847/847/847  848/848/848  849/849/849  
f 850/850/850  851/851/851  852/852/852  
f 853/853/853  854/854/854  855/855/855  
f 856/856/856  857/857/857  858/858/858  
f 859/859/859  860/860/860  861/861/861  
f 862/862/862  863/863/863  864/864/864  
f 865/865/865  866/866/866  867/867/867  
f 868/868/868  869/869/869  870/870/870  
f 871/871/871  872/872/872  873/873/873  
f 874/874/874  875/875/875  876/876/876  
f 877/877/877  878/878/878  879/879/879  
f 880/880/880  881/881/881  882/882/882  
f 883/883/883  884/884/884  885/885/885  
f 886/886/886  887/887/887  888/888/888  
f 889/889/889  890/890/890  891/891/891  
f 892/892/892  893/893/893  894/894/894  
f 895/895/895  896/896/896  897/897/897  
f 898/898/898  899/899/899  900/900/900  
f 901/901/901  902/902/902  903/903/903  
f 904/904/904  905/905/905  906/906/906  
f 907/907/907  908/908/908  909/909/909  
f 910/910/910  911/911/911  912/912/912  
f 913/913/913  914/914/914  915/915/915  
f 916/916/916  917/917/917  918/918/918  
f 919/919/919  920/920/920  921/921/921  
f 922/922/922  923/923/923  924/924/924  
f 925/925/925  926/926/926  927/927/927  
f 928/928/928  929/929/929  930/930/930  
f 931/931/931  932/932/932  933/933/933  
f 934/934/934  935/935/935  936/936/936  
f 937/937/937  938/938/938  939/939/939  
f 940/940/940  941/941/941  942/942/942  
f 943/943/943  944/944/944  945/945/945  
f 946/946/946  947/947/947  948/948/948  
f 949/949/949  950/950/950  951/951/951  
f 952/952/952  953/953/953  954/954/954  
f 955/955/955  956/956/956  957/957/957  
f 958/958/958  959/959/959  960/960/960  
f 961/961/961  962/962/962  963/963/963  
f 964/964/964  965/965/965  966/966/966  
f 967/967/967  968/968/968  969/969/969  
f 970/970/970  971/971/971  972/972/972  
f 973/973/973  974/974/974  975/975/975  
f 976/976/976  977/977/977  978/978/978  
f 979/979/979  980/980/980  981/981/981  
f 982/982/982  983/983/983  984/984/984  
f 985/985/985  986/986/986  987/987/987  
f 988/988/988  989/989/989  990/990/990  
f 991/991/991  992/992/992  993/993/993  
f 994/994/994  995/995/995  996/996/996  
f 997/997/997  998/998/998  999/999/999  
f 1000/1000/1000  1001/1001/1001  1002/1002/1002  
f 1003/1003/1003  1004/1004/1004  1005/1005/1005  
f 1006/1006/1006  1007/1007/1007  1008/1008/1008  
f 1009/1009/1009  1010/1010/1010  1011/1011/1011  
f 1012/1012/1012  1013/1013/1013  1014/1014/1014  
f 1015/1015/1015  1016/1016/1016  1017/1017/1017  
f 1018/1018/1018  1019/1019/1019  1020/1020/1020  
f 1021/1021/1021  1022/1022/1022  1023/1023/1023  
f 1024/1024/1024  1025/1025/1025  1026/1026/1026  
f 1027/1027/1027  1028/1028/1028  1029/1029/1029  
f 1030/1030/1030  1031/1031/1031  1032/1032/1032  
f 1033/1033/1033  1034/1034/1034  1035/1035/1035  
f 1036/1036/1036  1037/1037/1037  1038/1038/1038  
f 1039/1039/1039  1040/1040/1040  1041/1041/1041  
f 1042/1042/1042  1043/1043/1043  1044/1044/1044  
f 1045/1045/1045  1046/1046/1046  1047/1047/1047  
f 1048/1048/1048  1049/1049/1049  1050/1050/1050  
f 1051/1051/1051  1052/1052/1052  1053/1053/1053  
f 1054/1054/1054  1055/1055/1055  1056/1056/1056  
f 1057/1057/1057  1058/1058/1058  1059/1059/1059  
f 1060/1060/1060  1061/1061/1061  1062/1062/1062  
f 1063/1063/1063  1064/1064/1064  1065/1065/1065  
f 1066/1066/1066  1067/1067/1067  1068/1068/1068  
f 1069/1069/1069  1070/1070/1070  1071/1071/1071  
f 1072/1072/1072  1073/1073/1073  1074/1074/1074  
f 1075/1075/1075  1076/1076/1076  1077/1077/1077  
f 1078/1078/1078  1079/1079/1079  1080/1080/1080  
f 1081/1081/1081  1082/1082/1082  1083/1083/1083  
f 1084/1084/1084  1085/1085/1085  1086/1086/1086  
f 1087/1087/1087  1088/1088/1088  1089/1089/1089  
f 1090/1090/1090  1091/1091/1091  1092/1092/1092  
f 1093/1093/1093  1094/1094/1094  1095/1095/1095  
f 1096/1096/1096  1097/1097/1097  1098/1098/1098  
f 1099/1099/1099  1100/1100/1100  1101/1101/1101  
f 1102/1102/1102  1103/1103/1103  1104/1104/1104  
f 1105/1105/1105  1106/1106/1106  1107/1107/1107  
f 1108/1108/1108  1109/1109/1109  1110/1110/1110  
f 1111/1111/1111  1112/1112/1112  1113/1113/1113  
f 1114/1114/1114  1115/1115/1115  1116/1116/1116  
f 1117/1117/1117  1118/1118/1118  1119/1119/1119  
f 1120/1120/1120  1121/1121/1121  1122/1122/1122  
f 1123/1123/1123  1124/1124/1124  1125/1125/1125  
f 1126/1126/1126  1127/1127/1127  1128/1128/1128  
f 1129/1129/1129  1130/1130/1130  1131/1131/1131  
f 1132/1132/1132  1133/1133/1133  1134/1134/1134  
f 1135/1135/1135  1136/1136/1136  1137/1137/1137  
f 1138/1138/1138  1139/1139/1139  1140/1140/1140  
f 1141/1141/1141  1142/1142/1142  1143/1143/1143  
f 1144/1144/1144  1145/1145/1145  1146/1146/1146  
f 1147/1147/1147  1148/1148/1148  1149/1149/1149  
f 1150/1150/1150  1151/1151/1151  1152/1152/1152  
f 1153/1153/1153  1154/1154/1154  1155/1155/1155  
f 1156/1156/1156  1157/1157/1157  1158/1158/1158  
f 1159/1159/1159  1160/1160/1160  1161/1161/1161  
f 1162/1162/1162  1163/1163/1163  1164/1164/1164  
f 1165/1165/1165  1166/1166/1166  1167/1167/1167  
f 1168/1168/1168  1169/1169/1169  1170/1170/1170  
f 1171/1171/1171  1172/1172/1172  1173/1173/1173  
f 1174/1174/1174  1175/1175/1175  1176/1176/1176  
f 1177/1177/1177  1178/1178/1178  1179/1179/1179  
f 1180/1180/1180  1181/1181/1181  1182/1182/1182  
f 1183/1183/1183  1184/1184/1184  1185/1185/1185  
f 1186/1186/1186  1187/1187/1187  1188/1188/1188  
f 1189/1189/1189  1190/1190/1190  1191/1191/1191  
f 1192/1192/1192  1193/1193/1193  1194/1194/1194  
f 1195/1195/1195  1196/1196/1196  1197/1197/1197  
f 1198/1198/1198  1199/1199/1199  1200/1200/1200  
f 1201/1201/1201  1202/1202/1202  1203/1203/1203  
f 1204/1204/1204  1205/1205/1205  1206/1206/1206  
f 1207/1207/1207  1208/1208/1208  1209/1209/1209  
f 1210/1210/1210  1211/1211/1211  1212/1212/1212  
f 1213/1213/1213  1214/1214/1214  1215/1215/1215  
f 1216/1216/1216  1217/1217/1217  1218/1218/1218  
f 1219/1219/1219  1220/1220/1220  1221/1221/1221  
f 1222/1222/1222  1223/1223/1223  1224/1224/1224  
f 1225/1225/1225  1226/1226/1226  1227/1227/1227  
f 1228/1228/1228  1229/1229/1229  1230/1230/1230  
f 1231/1231/1231  1232/1232/1232  1233/1233/1233  
f 1234/1234/1234  1235/1235/1235  1236/1236/1236  
f 1237/1237/1237  1238/1238/1238  1239/1239/1239  
f 1240/1240/1240  1241/1241/1241  1242/1242/1242  
f 1243/1243/1243  1244/1244/1244  1245/1245/1245  
f 1246/1246/1246  1247/1247/1247  1248/1248/1248  
f 1249/1249/1249  1250/1250/1250  1251/1251/1251  
f 1252/1252/1252  1253/1253/1253  1254/1254/1254  
f 1255/1255/1255  1256/1256/1256  1257/1257/1257  
f 1258/1258/1258  1259/1259/1259  1260/1260/1260  
f 1261/1261/1261  1262/1262/1262  1263/1263/1263  
f 1264/1264/1264  1265/1265/1265  1266/1266/1266  
f 1267/1267/1267  1268/1268/1268  1269/1269/1269  
f 1270/1270/1270  1271/1271/1271  1272/1272/1272  
f 1273/1273/1273  1274/1274/1274  1275/1275/1275  
f 1276/1276/1276  1277/1277/1277  1278/1278/1278  
f 1279/1279/1279  1280/1280/1280  1281/1281/1281  
f 1282/1282/1282  1283/1283/1283  1284/1284/1284  
f 1285/1285/1285  1286/1286/1286  1287/1287/1287  
f 1288/1288/1288  1289/1289/1289  1290/1290/1290  
f 1291/1291/1291  1292/1292/1292  1293/1293/1293  
f 1294/1294/1294  1295/1295/1295  1296/1296/1296  
f 1297/1297/1297  1298/1298/1298  1299/1299/1299  
f 1300/1300/1300  1301/1301/1301  1302/1302/1302  
f 1303/1303/1303  1304/1304/1304  1305/1305/1305  
f 1306/1306/1306  1307/1307/1307  1308/1308/1308  
f 1309/1309/1309  1310/1310/1310  1311/1311/1311  
f 1312/1312/1312  1313/1313/1313  1314/1314/1314  
f 1315/1315/1315  1316/1316/1316  1317/1317/1317  
f 1318/1318/1318  1319/1319/1319  1320/1320/1320  
f 1321/1321/1321  1322/1322/1322  1323/1323/1323  
f 1324/1324/1324  1325/1325/1325  1326/1326/1326  
f 1327/1327/1327  1328/1328/1328  1329/1329/1329  
f 1330/1330/1330  1331/1331/1331  1332/1332/1332  
f 1333/1333/1333  1334/1334/1334  1335/1335/1335  
f 1336/1336/1336  1337/1337/1337  1338/1338/1338  
f 1339/1339/1339  1340/1340/1340  1341/1341/1341  
f 1342/1342/1342  1343/1343/1343  1344/1344/1344  
f 1345/1345/1345  1346/1346/1346  1347/1347/1347  
f 1348/1348/1348  1349/1349/1349  1350/1350/1350  
f 1351/1351/1351  1352/1352/1352  1353/1353/1353  
f 1354/1354/1354  1355/1355/1355  1356/1356/1356  
f 1357/1357/1357  1358/1358/1358  1359/1359/1359  
f 1360/1360/1360  1361/1361/1361  1362/1362/1362  
f 1363/1363/1363  1364/1364/1364  1365/1365/1365  
f 1366/1366/1366  1367/1367/1367  1368/1368/1368  
f 1369/1369/1369  1370/1370/1370  1371/1371/1371  
f 1372/1372/1372  1373/1373/1373  1374/1374/1374  
f 1375/1375/1375  1376/1376/1376  1377/1377/1377  
f 1378/1378/1378  1379/1379/1379  1380/1380/1380  
f 1381/1381/1381  1382/1382/1382  1383/1383/1383  
f 1384/1384/1384  1385/1385/1385  1386/1386/1386  
f 1387/1387/1387  1388/1388/1388  1389/1389/1389  
f 1390/1390/1390  1391/1391/1391  1392/1392/1392  
f 1393/1393/1393  1394/1394/1394  1395/1395/1395  
f 1396/1396/1396  1397/1397/1397  1398/1398/1398  
f 1399/1399/1399  1400/1400/1400  1401/1401/1401  
f 1402/1402/1402  1403/1403/1403  1404/1404/1404  
f 1405/1405/1405  1406/1406/1406  1407/1407/1407  
f 1408/1408/1408  1409/1409/1409  1410/1410/1410  
f 1411/1411/1411  1412/1412/1412  1413/1413/1413  
f 1414/1414/1414  1415/1415/1415  1416/1416/1416  
f 1417/1417/1417  1418/1418/1418  1419/1419/1419  
f 1420/1420/1420  1421/1421/1421  1422/1422/1422  
f 1423/1423/1423  1424/1424/1424  1425/1425/1425  
f 1426/1426/1426  1427/1427/1427  1428/1428/1428  
f 1429/1429/1429  1430/1430/1430  1431/1431/1431  
f 1432/1432/1432  1433/1433/1433  1434/1434/1434  
f 1435/1435/1435  1436/1436/1436  1437/1437/1437  
f 1438/1438/1438  1439/1439/1439  1440/1440/1440  
f 1441/1441/1441  1442/1442/1442  1443/1443/1443  
f 1444/1444/1444  1445/1445/1445  1446/1446/1446  
f 1447/1447/1447  1448/1448/1448  1449/1449/1449  
f 1450/1450/1450  1451/1451/1451  1452/1452/1452  
f 1453/1453/1453  1454/1454/1454  1455/1455/1455  
f 1456/1456/1456  1457/1457/1457  1458/1458/1458  
f 1459/1459/1459  1460/1460/1460  1461/1461/1461  
f 1462/1462/1462  1463/1463/1463  1464/1464/1464  
f 1465/1465/1465  1466/1466/1466  1467/1467/1467  
f 1468/1468/1468  1469/1469/1469  1470/1470/1470  
f 1471/1471/1471  1472/1472/1472  1473/1473/1473  
f 1474/1474/1474  1475/1475/1475  1476/1476/1476  
f 1477/1477/1477  1478/1478/1478  1479/1479/1479  
f 1480/1480/1480  1481/1481/1481  1482/1482/1482  
f 1483/1483/1483  1484/1484/1484  1485/1485/1485  
f 1486/1486/1486  1487/1487/1487  1488/1488/1488  
f 1489/1489/1489  1490/1490/1490  1491/1491/1491  
f 1492/1492/1492  1493/1493/1493  1494/1494/1494  
f 1495/1495/1495  1496/1496/1496  1497/1497/1497  
f 1498/1498/1498  1499/1499/1499  1500/1500/1500  
f 1501/1501/1501  1502/1502/1502  1503/1503/1503  
f 1504/1504/1504  1505/1505/1505  1506/1506/1506  
f 1507/1507/1507  1508/1508/1508  1509/1509/1509  
f 1510/1510/1510  1511/1511/1511  1512/1512/1512  
f 1513/1513/1513  1514/1514/1514  1515/1515/1515  
f 1516/1516/1516  1517/1517/1517  1518/1518/1518  
f 1519/1519/1519  1520/1520/1520  1521/1521/1521  
f 1522/1522/1522  1523/1523/1523  1524/1524/1524  
f 1525/1525/1525  1526/1526/1526  1527/1527/1527  
f 1528/1528/1528  1529/1529/1529  1530/1530/1530  
f 1531/1531/1531  1532/1532/1532  1533/1533/1533  
f 1534/1534/1534  1535/1535/1535  1536/1536/1536  
f 1537/1537/1537  1538/1538/1538  1539/1539/1539  
f 1540/1540/1540  1541/1541/1541  1542/1542/1542  
f 1543/1543/1543  1544/1544/1544  1545/1545/1545  
f 1546/1546/1546  1547/1547/1547  1548/1548/1548  
f 1549/1549/1549  1550/1550/1550  1551/1551/1551  
f 1552/1552/1552  1553/1553/1553  1554/1554/1554  
f 1555/1555/1555  1556/1556/1556  1557/1557/1557  
f 1558/1558/1558  1559/1559/1559  1560/1560/1560  
f 1561/1561/1561  1562/1562/1562  1563/1563/1563  
f 1564/1564/1564  1565/1565/1565  1566/1566/1566  
f 1567/1567/1567  1568/1568/1568  1569/1569/1569  
f 1570/1570/1570  1571/1571/1571  1572/1572/1572  
f 1573/1573/1573  1574/1574/1574  1575/1575/1575  
f 1576/1576/1576  1577/1577/1577  1578/1578/1578  
f 1579/1579/1579  1580/1580/1580  1581/1581/1581  
f 1582/1582/1582  1583/1583/1583  1584/1584/1584  
f 1585/1585/1585  1586/1586/1586  1587/1587/1587  
f 1588/1588/1588  1589/1589/1589  1590/1590/1590  
f 1591/1591/1591  1592/1592/1592  1593/1593/1593  
f 1594/1594/1594  1595/1595/1595  1596/1596/1596  
f 1597/1597/1597  1598/1598/1598  1599/1599/1599  
f 1600/1600/1600  1601/1601/1601  1602/1602/1602  
f 1603/1603/1603  1604/1604/1604  1605/1605/1605  
f 1606/1606/1606  1607/1607/1607  1608/1608/1608  
f 1609/1609/1609  1610/1610/1610  1611/1611/1611  
f 1612/1612/1612  1613/1613/1613  1614/1614/1614  
f 1615/1615/1615  1616/1616/1616  1617/1617/1617  
f 1618/1618/1618  1619/1619/1619  1620/1620/1620  
f 1621/1621/1621  1622/1622/1622  1623/1623/1623  
f 1624/1624/1624  1625/1625/1625  1626/1626/1626  
f 1627/1627/1627  1628/1628/1628  1629/1629/1629  
f 1630/1630/1630  1631/1631/1631  1632/1632/1632  
f 1633/1633/1633  1634/1634/1634  1635/1635/1635  
f 1636/1636/1636  1637/1637/1637  1638/1638/1638  
f 1639/1639/1639  1640/1640/1640  1641/1641/1641  
f 1642/1642/1642  1643/1643/1643  1644/1644/1644  
f 1645/1645/1645  1646/1646/1646  1647/1647/1647  
f 1648/1648/1648  1649/1649/1649  1650/1650/1650  
f 1651/1651/1651  1652/1652/1652  1653/1653/1653  
f 1654/1654/1654  1655/1655/1655  1656/1656/1656  
f 1657/1657/1657  1658/1658/1658  1659/1659/1659  
f 1660/1660/1660  1661/1661/1661  1662/1662/1662  
f 1663/1663/1663  1664/1664/1664  1665/1665/1665  
f 1666/1666/1666  1667/1667/1667  1668/1668/1668  
f 1669/1669/1669  1670/1670/1670  1671/1671/1671  
f 1672/1672/1672  1673/1673/1673  1674/1674/1674  
f 1675/1675/1675  1676/1676/1676  1677/1677/1677  
f 1678/1678/1678  1679/1679/1679  1680/1680/1680  
f 1681/1681/1681  1682/1682/1682  1683/1683/1683  
f 1684/1684/1684  1685/1685/1685  1686/1686/1686  
f 1687/1687/1687  1688/1688/1688  1689/1689/1689  
f 1690/1690/1690  1691/1691/1691  1692/1692/1692  
f 1693/1693/1693  1694/1694/1694  1695/1695/1695  
f 1696/1696/1696  1697/1697/1697  1698/1698/1698  
f 1699/1699/1699  1700/1700/1700  1701/1701/1701  
f 1702/1702/1702  1703/1703/1703  1704/1704/1704  
f 1705/1705/1705  1706/1706/1706  1707/1707/1707  
f 1708/1708/1708  1709/1709/1709  1710/1710/1710  
f 1711/1711/1711  1712/1712/1712  1713/1713/1713  
f 1714/1714/1714  1715/1715/1715  1716/1716/1716  
f 1717/1717/1717  1718/1718/1718  1719/1719/1719  
f 1720/1720/1720  1721/1721/1721  1722/1722/1722  
f 1723/1723/1723  1724/1724/1724  1725/1725/1725  
f 1726/1726/1726  1727/1727/1727  1728/1728/1728  
f 1729/1729/1729  1730/1730/1730  1731/1731/1731  
f 1732/1732/1732  1733/1733/1733  1734/1734/1734  
f 1735/1735/1735  1736/1736/1736  1737/1737/1737  
f 1738/1738/1738  1739/1739/1739  1740/1740/1740  
f 1741/1741/1741  1742/1742/1742  1743/1743/1743  
f 1744/1744/1744  1745/1745/1745  1746/1746/1746  
f 1747/1747/1747  1748/1748/1748  1749/1749/1749  
f 1750/1750/1750  1751/1751/1751  1752/1752/1752  
f 1753/1753/1753  1754/1754/1754  1755/1755/1755  
f 1756/1756/1756  1757/1757/1757  1758/1758/1758  
f 1759/1759/1759  1760/1760/1760  1761/1761/1761  
f 1762/1762/1762  1763/1763/1763  1764/1764/1764  
f 1765/1765/1765  1766/1766/1766  1767/1767/1767  
f 1768/1768/1768  1769/1769/1769  1770/1770/1770  
f 1771/1771/1771  1772/1772/1772  1773/1773/1773  
f 1774/1774/1774  1775/1775/1775  1776/1776/1776  
f 1777/1777/1777  1778/1778/1778  1779/1779/1779  
f 1780/1780/1780  1781/1781/1781  1782/1782/1782  
f 1783/1783/1783  1784/1784/1784  1785/1785/1785  
f 1786/1786/1786  1787/1787/1787  1788/1788/1788  
f 1789/1789/1789  1790/1790/1790  1791/1791/1791  
f 1792/1792/1792  1793/1793/1793  1794/1794/1794  
f 1795/1795/1795  1796/1796/1796  1797/1797/1797  
f 1798/1798/1798  1799/1799/1799  1800/1800/1800  
f 1801/1801/1801  1802/1802/1802  1803/1803/1803  
f 1804/1804/1804  1805/1805/1805  1806/1806/1806  
f 1807/1807/1807  1808/1808/1808  1809/1809/1809  
f 1810/1810/1810  1811/1811/1811  1812/1812/1812  
f 1813/1813/1813  1814/1814/1814  1815/1815/1815  
f 1816/1816/1816  1817/1817/1817  1818/1818/1818  
f 1819/1819/1819  1820/1820/1820  1821/1821/1821  
f 1822/1822/1822  1823/1823/1823  1824/1824/1824  
f 1825/1825/1825  1826/1826/1826  1827/1827/1827  
f 1828/1828/1828  1829/1829/1829  1830/1830/1830  
f 1831/1831/1831  1832/1832/1832  1833/1833/1833  
f 1834/1834/1834  1835/1835/1835  1836/1836/1836  
f 1837/1837/1837  1838/1838/1838  1839/1839/1839  
f 1840/1840/1840  1841/1841/1841  1842/1842/1842  
f 1843/1843/1843  1844/1844/1844  1845/1845/1845  
f 1846/1846/1846  1847/1847/1847  1848/1848/1848  
f 1849/1849/1849  1850/1850/1850  1851/1851/1851  
f 1852/1852/1852  1853/1853/1853  1854/1854/1854  
f 1855/1855/1855  1856/1856/1856  1857/1857/1857  
f 1858/1858/1858  1859/1859/1859  1860/1860/1860  
f 1861/1861/1861  1862/1862/1862  1863/1863/1863  
f 1864/1864/1864  1865/1865/1865  1866/1866/1866  
f 1867/1867/1867  1868/1868/1868  1869/1869/1869  
f 1870/1870/1870  1871/1871/1871  1872/1872/1872  
f 1873/1873/1873  1874/1874/1874  1875/1875/1875  
f 1876/1876/1876  1877/1877/1877  1878/1878/1878  
f 1879/1879/1879  1880/1880/1880  1881/1881/1881  
f 1882/1882/1882  1883/1883/1883  1884/1884/1884  
f 1885/1885/1885  1886/1886/1886  1887/1887/1887  
f 1888/1888/1888  1889/1889/1889  1890/1890/1890  
f 1891/1891/1891  1892/1892/1892  1893/1893/1893  
f 1894/1894/1894  1895/1895/1895  1896/1896/1896  
f 1897/1897/1897  1898/1898/1898  1899/1899/1899  
f 1900/1900/1900  1901/1901/1901  1902/1902/1902  
f 1903/1903/1903  1904/1904/1904  1905/1905/1905  
f 1906/1906/1906  1907/1907/1907  1908/1908/1908  
f 1909/1909/1909  1910/1910/1910  1911/1911/1911  
f 1912/1912/1912  1913/1913/1913  1914/1914/1914  
f 1915/1915/1915  1916/1916/1916  1917/1917/1917  
f 1918/1918/1918  1919/1919/1919  1920/1920/1920  
f 1921/1921/1921  1922/1922/1922  1923/1923/1923  
f 1924/1924/1924  1925/1925/1925  1926/1926/1926  
f 1927/1927/1927  1928/1928/1928  1929/1929/1929  
f 1930/1930/1930  1931/1931/1931  1932/1932/1932  
f 1933/1933/1933  1934/1934/1934  1935/1935/1935  
f 1936/1936/1936  1937/1937/1937  1938/1938/1938  
f 1939/1939/1939  1940/1940/1940  1941/1941/1941  
f 1942/1942/1942  1943/1943/1943  1944/1944/1944  
f 1945/1945/1945  1946/1946/1946  1947/1947/1947  
f 1948/1948/1948  1949/1949/1949  1950/1950/1950  
f 1951/1951/1951  1952/1952/1952  1953/1953/1953  
f 1954/1954/1954  1955/1955/1955  1956/1956/1956  
f 1957/1957/1957  1958/1958/1958  1959/1959/1959  
f 1960/1960/1960  1961/1961/1961  1962/1962/1962  
f 1963/1963/1963  1964/1964/1964  1965/1965/1965  
f 1966/1966/1966  1967/1967/1967  1968/1968/1968  
f 1969/1969/1969  1970/1970/1970  1971/1971/1971  
f 1972/1972/1972  1973/1973/1973  1974/1974/1974  
f 1975/1975/1975  1976/1976/1976  1977/1977/1977  
f 1978/1978/1978  1979/1979/1979  1980/1980/1980  
f 1981/1981/1981  1982/1982/1982  1983/1983/1983  
f 1984/1984/1984  1985/1985/1985  1986/1986/1986  
f 1987/1987/1987  1988/1988/1988  1989/1989/1989  
f 1990/1990/1990  1991/1991/1991  1992/1992/1992  
f 1993/1993/1993  1994/1994/1994  1995/1995/1995  
f 1996/1996/1996  1997/1997/1997  1998/1998/1998  
f 1999/1999/1999  2000/2000/2000  2001/2001/2001  
f 2002/2002/2002  2003/2003/2003  2004/2004/2004  
f 2005/2005/2005  2006/2006/2006  2007/2007/2007  
f 2008/2008/2008  2009/2009/2009  2010/2010/2010  
f 2011/2011/2011  2012/2012/2012  2013/2013/2013  
f 2014/2014/2014  2015/2015/2015  2016/2016/2016  
f 2017/2017/2017  2018/2018/2018  2019/2019/2019  
f 2020/2020/2020  2021/2021/2021  2022/2022/2022  
f 2023/2023/2023  2024/2024/2024  2025/2025/2025  
f 2026/2026/2026  2027/2027/2027  2028/2028/2028  
f 2029/2029/2029  2030/2030/2030  2031/2031/2031  
f 2032/2032/2032  2033/2033/2033  2034/2034/2034  
f 2035/2035/2035  2036/2036/2036  2037/2037/2037  
f 2038/2038/2038  2039/2039/2039  2040/2040/2040  
f 2041/2041/2041  2042/2042/2042  2043/2043/2043  
f 2044/2044/2044  2045/2045/2045  2046/2046/2046  
f 2047/2047/2047  2048/2048/2048  2049/2049/2049  
f 2050/2050/2050  2051/2051/2051  2052/2052/2052  
f 2053/2053/2053  2054/2054/2054  2055/2055/2055  
f 2056/2056/2056  2057/2057/2057  2058/2058/2058  
f 2059/2059/2059  2060/2060/2060  2061/2061/2061  
f 2062/2062/2062  2063/2063/2063  2064/2064/2064  
f 2065/2065/2065  2066/2066/2066  2067/2067/2067  
f 2068/2068/2068  2069/2069/2069  2070/2070/2070  
f 2071/2071/2071  2072/2072/2072  2073/2073/2073  
f 2074/2074/2074  2075/2075/2075  2076/2076/2076  
f 2077/2077/2077  2078/2078/2078  2079/2079/2079  
f 2080/2080/2080  2081/2081/2081  2082/2082/2082  
f 2083/2083/2083  2084/2084/2084  2085/2085/2085  
f 2086/2086/2086  2087/2087/2087  2088/2088/2088  
f 2089/2089/2089  2090/2090/2090  2091/2091/2091  
f 2092/2092/2092  2093/2093/2093  2094/2094/2094  
f 2095/2095/2095  2096/2096/2096  2097/2097/2097  
f 2098/2098/2098  2099/2099/2099  2100/2100/2100  
f 2101/2101/2101  2102/2102/2102  2103/2103/2103  
f 2104/2104/2104  2105/2105/2105  2106/2106/2106  
f 2107/2107/2107  2108/2108/2108  2109/2109/2109  
f 2110/2110/2110  2111/2111/2111  2112/2112/2112  
f 2113/2113/2113  2114/2114/2114  2115/2115/2115  
f 2116/2116/2116  2117/2117/2117  2118/2118/2118  
f 2119/2119/2119  2120/2120/2120  2121/2121/2121  
f 2122/2122/2122  2123/2123/2123  2124/2124/2124  
f 2125/2125/2125  2126/2126/2126  2127/2127/2127  
f 2128/2128/2128  2129/2129/2129  2130/2130/2130  
f 2131/2131/2131  2132/2132/2132  2133/2133/2133  
f 2134/2134/2134  2135/2135/2135  2136/2136/2136  
f 2137/2137/2137  2138/2138/2138  2139/2139/2139  
f 2140/2140/2140  2141/2141/2141  2142/2142/2142  
f 2143/2143/2143  2144/2144/2144  2145/2145/2145  
f 2146/2146/2146  2147/2147/2147  2148/2148/2148  
f 2149/2149/2149  2150/2150/2150  2151/2151/2151  
f 2152/2152/2152  2153/2153/2153  2154/2154/2154  
f 2155/2155/2155  2156/2156/2156  2157/2157/2157  
f 2158/2158/2158  2159/2159/2159  2160/2160/2160  
f 2161/2161/2161  2162/2162/2162  2163/2163/2163  
f 2164/2164/2164  2165/2165/2165  2166/2166/2166  
f 2167/2167/2167  2168/2168/2168  2169/2169/2169  
f 2170/2170/2170  2171/2171/2171  2172/2172/2172  
f 2173/2173/2173  2174/2174/2174  2175/2175/2175  
f 2176/2176/2176  2177/2177/2177  2178/2178/2178  
f 2179/2179/2179  2180/2180/2180  2181/2181/2181  
f 2182/2182/2182  2183/2183/2183  2184/2184/2184  
f 2185/2185/2185  2186/2186/2186  2187/2187/2187  
f 2188/2188/2188  2189/2189/2189  2190/2190/2190  
f 2191/2191/2191  2192/2192/2192  2193/2193/2193  
f 2194/2194/2194  2195/2195/2195  2196/2196/2196  
f 2197/2197/2197  2198/2198/2198  2199/2199/2199  
f 2200/2200/2200  2201/2201/2201  2202/2202/2202  
f 2203/2203/2203  2204/2204/2204  2205/2205/2205  
f 2206/2206/2206  2207/2207/2207  2208/2208/2208  
f 2209/2209/2209  2210/2210/2210  2211/2211/2211  
f 2212/2212/2212  2213/2213/2213  2214/2214/2214  
f 2215/2215/2215  2216/2216/2216  2217/2217/2217  
f 2218/2218/2218  2219/2219/2219  2220/2220/2220  
f 2221/2221/2221  2222/2222/2222  2223/2223/2223  
f 2224/2224/2224  2225/2225/2225  2226/2226/2226  
f 2227/2227/2227  2228/2228/2228  2229/2229/2229  
f 2230/2230/2230  2231/2231/2231  2232/2232/2232  
f 2233/2233/2233  2234/2234/2234  2235/2235/2235  
f 2236/2236/2236  2237/2237/2237  2238/2238/2238  
f 2239/2239/2239  2240/2240/2240  2241/2241/2241  
f 2242/2242/2242  2243/2243/2243  2244/2244/2244  
f 2245/2245/2245  2246/2246/2246  2247/2247/2247  
f 2248/2248/2248  2249/2249/2249  2250/2250/2250  
f 2251/2251/2251  2252/2252/2252  2253/2253/2253  
f 2254/2254/2254  2255/2255/2255  2256/2256/2256  
f 2257/2257/2257  2258/2258/2258  2259/2259/2259  
f 2260/2260/2260  2261/2261/2261  2262/2262/2262  
f 2263/2263/2263  2264/2264/2264  2265/2265/2265  
f 2266/2266/2266  2267/2267/2267  2268/2268/2268  
f 2269/2269/2269  2270/2270/2270  2271/2271/2271  
f 2272/2272/2272  2273/2273/2273  2274/2274/2274  
f 2275/2275/2275  2276/2276/2276  2277/2277/2277  
f 2278/2278/2278  2279/2279/2279  2280/2280/2280  
f 2281/2281/2281  2282/2282/2282  2283/2283/2283  
f 2284/2284/2284  2285/2285/2285  2286/2286/2286  
f 2287/2287/2287  2288/2288/2288  2289/2289/2289  
f 2290/2290/2290  2291/2291/2291  2292/2292/2292  
f 2293/2293/2293  2294/2294/2294  2295/2295/2295  
f 2296/2296/2296  2297/2297/2297  2298/2298/2298  
f 2299/2299/2299  2300/2300/2300  2301/2301/2301  
f 2302/2302/2302  2303/2303/2303  2304/2304/2304  
f 2305/2305/2305  2306/2306/2306  2307/2307/2307  
f 2308/2308/2308  2309/2309/2309  2310/2310/2310  
f 2311/2311/2311  2312/2312/2312  2313/2313/2313  
f 2314/2314/2314  2315/2315/2315  2316/2316/2316  
f 2317/2317/2317  2318/2318/2318  2319/2319/2319  
f 2320/2320/2320  2321/2321/2321  2322/2322/2322  
f 2323/2323/2323  2324/2324/2324  2325/2325/2325  
f 2326/2326/2326  2327/2327/2327  2328/2328/2328  
f 2329/2329/2329  2330/2330/2330  2331/2331/2331  
f 2332/2332/2332  2333/2333/2333  2334/2334/2334  
f 2335/2335/2335  2336/2336/2336  2337/2337/2337  
f 2338/2338/2338  2339/2339/2339  2340/2340/2340  
f 2341/2341/2341  2342/2342/2342  2343/2343/2343  
f 2344/2344/2344  2345/2345/2345  2346/2346/2346  
f 2347/2347/2347  2348/2348/2348  2349/2349/2349  
f 2350/2350/2350  2351/2351/2351  2352/2352/2352  
f 2353/2353/2353  2354/2354/2354  2355/2355/2355  
f 2356/2356/2356  2357/2357/2357  2358/2358/2358  
f 2359/2359/2359  2360/2360/2360  2361/2361/2361  
f 2362/2362/2362  2363/2363/2363  2364/2364/2364  
f 2365/2365/2365  2366/2366/2366  2367/2367/2367  
f 2368/2368/2368  2369/2369/2369  2370/2370/2370  
f 2371/2371/2371  2372/2372/2372  2373/2373/2373  
f 2374/2374/2374  2375/2375/2375  2376/2376/2376  
f 2377/2377/2377  2378/2378/2378  2379/2379/2379  
f 2380/2380/2380  2381/2381/2381  2382/2382/2382  
f 2383/2383/2383  2384/2384/2384  2385/2385/2385  
f 2386/2386/2386  2387/2387/2387  2388/2388/2388  
f 2389/2389/2389  2390/2390/2390  2391/2391/2391  
f 2392/2392/2392  2393/2393/2393  2394/2394/2394  
f 2395/2395/2395  2396/2396/2396  2397/2397/2397  
f 2398/2398/2398  2399/2399/2399  2400/2400/2400  
f 2401/2401/2401  2402/2402/2402  2403/2403/2403  
f 2404/2404/2404  2405/2405/2405  2406/2406/2406  
f 2407/2407/2407  2408/2408/2408  2409/2409/2409  
f 2410/2410/2410  2411/2411/2411  2412/2412/2412  
f 2413/2413/2413  2414/2414/2414  2415/2415/2415  
f 2416/2416/2416  2417/2417/2417  2418/2418/2418  
f 2419/2419/2419  2420/2420/2420  2421/2421/2421  
f 2422/2422/2422  2423/2423/2423  2424/2424/2424  
f 2425/2425/2425  2426/2426/2426  2427/2427/2427  
f 2428/2428/2428  2429/2429/2429  2430/2430/2430  
f 2431/2431/2431  2432/2432/2432  2433/2433/2433  
f 2434/2434/2434  2435/2435/2435  2436/2436/2436  
f 2437/2437/2437  2438/2438/2438  2439/2439/2439  
f 2440/2440/2440  2441/2441/2441  2442/2442/2442  
f 2443/2443/2443  2444/2444/2444  2445/2445/2445  
f 2446/2446/2446  2447/2447/2447  2448/2448/2448  
f 2449/2449/2449  2450/2450/2450  2451/2451/2451  
f 2452/2452/2452  2453/2453/2453  2454/2454/2454  
f 2455/2455/2455  2456/2456/2456  2457/2457/2457  
f 2458/2458/2458  2459/2459/2459  2460/2460/2460  
f 2461/2461/2461  2462/2462/2462  2463/2463/2463  
f 2464/2464/2464  2465/2465/2465  2466/2466/2466  
f 2467/2467/2467  2468/2468/2468  2469/2469/2469  
f 2470/2470/2470  2471/2471/2471  2472/2472/2472  
f 2473/2473/2473  2474/2474/2474  2475/2475/2475  
f 2476/2476/2476  2477/2477/2477  2478/2478/2478  
f 2479/2479/2479  2480/2480/2480  2481/2481/2481  
f 2482/2482/2482  2483/2483/2483  2484/2484/2484  
f 2485/2485/2485  2486/2486/2486  2487/2487/2487  
f 2488/2488/2488  2489/2489/2489  2490/2490/2490  
f 2491/2491/2491  2492/2492/2492  2493/2493/2493  
f 2494/2494/2494  2495/2495/2495  2496/2496/2496  
f 2497/2497/2497  2498/2498/2498  2499/2499/2499  
f 2500/2500/2500  2501/2501/2501  2502/2502/2502  
f 2503/2503/2503  2504/2504/2504  2505/2505/2505  
f 2506/2506/2506  2507/2507/2507  2508/2508/2508  
f 2509/2509/2509  2510/2510/2510  2511/2511/2511  
f 2512/2512/2512  2513/2513/2513  2514/2514/2514  
f 2515/2515/2515  2516/2516/2516  2517/2517/2517  
f 2518/2518/2518  2519/2519/2519  2520/2520/2520  
f 2521/2521/2521  2522/2522/2522  2523/2523/2523  
f 2524/2524/2524  2525/2525/2525  2526/2526/2526  
f 2527/2527/2527  2528/2528/2528  2529/2529/2529  
f 2530/2530/2530  2531/2531/2531  2532/2532/2532  
f 2533/2533/2533  2534/2534/2534  2535/2535/2535  
f 2536/2536/2536  2537/2537/2537  2538/2538/2538  
f 2539/2539/2539  2540/2540/2540  2541/2541/2541  
f 2542/2542/2542  2543/2543/2543  2544/2544/2544  
f 2545/2545/2545  2546/2546/2546  2547/2547/2547  
f 2548/2548/2548  2549/2549/2549  2550/2550/2550  
f 2551/2551/2551  2552/2552/2552  2553/2553/2553  
f 2554/2554/2554  2555/2555/2555  2556/2556/2556  
f 2557/2557/2557  2558/2558/2558  2559/2559/2559  
f 2560/2560/2560  2561/2561/2561  2562/2562/2562  
f 2563/2563/2563  2564/2564/2564  2565/2565/2565  
f 2566/2566/2566  2567/2567/2567  2568/2568/2568  
f 2569/2569/2569  2570/2570/2570  2571/2571/2571  
f 2572/2572/2572  2573/2573/2573  2574/2574/2574  
f 2575/2575/2575  2576/2576/2576  2577/2577/2577  
f 2578/2578/2578  2579/2579/2579  2580/2580/2580  
f 2581/2581/2581  2582/2582/2582  2583/2583/2583  
f 2584/2584/2584  2585/2585/2585  2586/2586/2586  
f 2587/2587/2587  2588/2588/2588  2589/2589/2589  
f 2590/2590/2590  2591/2591/2591  2592/2592/2592  
f 2593/2593/2593  2594/2594/2594  2595/2595/2595  
f 2596/2596/2596  2597/2597/2597  2598/2598/2598  
f 2599/2599/2599  2600/2600/2600  2601/2601/2601  
f 2602/2602/2602  2603/2603/2603  2604/2604/2604  
f 2605/2605/2605  2606/2606/2606  2607/2607/2607  
f 2608/2608/2608  2609/2609/2609  2610/2610/2610  
f 2611/2611/2611  2612/2612/2612  2613/2613/2613  
f 2614/2614/2614  2615/2615/2615  2616/2616/2616  
f 2617/2617/2617  2618/2618/2618  2619/2619/2619  
f 2620/2620/2620  2621/2621/2621  2622/2622/2622  
f 2623/2623/2623  2624/2624/2624  2625/2625/2625  
f 2626/2626/2626  2627/2627/2627  2628/2628/2628  
f 2629/2629/2629  2630/2630/2630  2631/2631/2631  
f 2632/2632/2632  2633/2633/2633  2634/2634/2634  
f 2635/2635/2635  2636/2636/2636  2637/2637/2637  
f 2638/2638/2638  2639/2639/2639  2640/2640/2640  
f 2641/2641/2641  2642/2642/2642  2643/2643/2643  
f 2644/2644/2644  2645/2645/2645  2646/2646/2646  
f 2647/2647/2647  2648/2648/2648  2649/2649/2649  
f 2650/2650/2650  2651/2651/2651  2652/2652/2652  
f 2653/2653/2653  2654/2654/2654  2655/2655/2655  
f 2656/2656/2656  2657/2657/2657  2658/2658/2658  
f 2659/2659/2659  2660/2660/2660  2661/2661/2661  
f 2662/2662/2662  2663/2663/2663  2664/2664/2664  
f 2665/2665/2665  2666/2666/2666  2667/2667/2667  
f 2668/2668/2668  2669/2669/2669  2670/2670/2670  
f 2671/2671/2671  2672/2672/2672  2673/2673/2673  
f 2674/2674/2674  2675/2675/2675  2676/2676/2676  
f 2677/2677/2677  2678/2678/2678  2679/2679/2679  
f 2680/2680/2680  2681/2681/2681  2682/2682/2682  
f 2683/2683/2683  2684/2684/2684  2685/2685/2685  
f 2686/2686/2686  2687/2687/2687  2688/2688/2688  
f 2689/2689/2689  2690/2690/2690  2691/2691/2691  
f 2692/2692/2692  2693/2693/2693  2694/2694/2694  
f 2695/2695/2695  2696/2696/2696  2697/2697/2697  
f 2698/2698/2698  2699/2699/2699  2700/2700/2700  
f 2701/2701/2701  2702/2702/2702  2703/2703/2703  
f 2704/2704/2704  2705/2705/2705  2706/2706/2706  
f 2707/2707/2707  2708/2708/2708  2709/2709/2709  
f 2710/2710/2710  2711/2711/2711  2712/2712/2712  
f 2713/2713/2713  2714/2714/2714  2715/2715/2715  
f 2716/2716/2716  2717/2717/2717  2718/2718/2718  
f 2719/2719/2719  2720/2720/2720  2721/2721/2721  
f 2722/2722/2722  2723/2723/2723  2724/2724/2724  
f 2725/2725/2725  2726/2726/2726  2727/2727/2727  
f 2728/2728/2728  2729/2729/2729  2730/2730/2730  
f 2731/2731/2731  2732/2732/2732  2733/2733/2733  
f 2734/2734/2734  2735/2735/2735  2736/2736/2736  
f 2737/2737/2737  2738/2738/2738  2739/2739/2739  
f 2740/2740/2740  2741/2741/2741  2742/2742/2742  
f 2743/2743/2743  2744/2744/2744  2745/2745/2745  
f 2746/2746/2746  2747/2747/2747  2748/2748/2748  
f 2749/2749/2749  2750/2750/2750  2751/2751/2751  
f 2752/2752/2752  2753/2753/2753  2754/2754/2754  
f 2755/2755/2755  2756/2756/2756  2757/2757/2757  
f 2758/2758/2758  2759/2759/2759  2760/2760/2760  
f 2761/2761/2761  2762/2762/2762  2763/2763/2763  
f 2764/2764/2764  2765/2765/2765  2766/2766/2766  
f 2767/2767/2767  2768/2768/2768  2769/2769/2769  
f 2770/2770/2770  2771/2771/2771  2772/2772/2772  
f 2773/2773/2773  2774/2774/2774  2775/2775/2775  
f 2776/2776/2776  2777/2777/2777  2778/2778/2778  
f 2779/2779/2779  2780/2780/2780  2781/2781/2781  
f 2782/2782/2782  2783/2783/2783  2784/2784/2784  
f 2785/2785/2785  2786/2786/2786  2787/2787/2787  
f 2788/2788/2788  2789/2789/2789  2790/2790/2790  
f 2791/2791/2791  2792/2792/2792  2793/2793/2793  
f 2794/2794/2794  2795/2795/2795  2796/2796/2796  
f 2797/2797/2797  2798/2798/2798  2799/2799/2799  
f 2800/2800/2800  2801/2801/2801  2802/2802/2802  
f 2803/2803/2803  2804/2804/2804  2805/2805/2805  
f 2806/2806/2806  2807/2807/2807  2808/2808/2808  
f 2809/2809/2809  2810/2810/2810  2811/2811/2811  
f 2812/2812/2812  2813/2813/2813  2814/2814/2814  
f 2815/2815/2815  2816/2816/2816  2817/2817/2817  
f 2818/2818/2818  2819/2819/2819  2820/2820/2820  
f 2821/2821/2821  2822/2822/2822  2823/2823/2823  
f 2824/2824/2824  2825/2825/2825  2826/2826/2826  
f 2827/2827/2827  2828/2828/2828  2829/2829/2829  
f 2830/2830/2830  2831/2831/2831  2832/2832/2832  
f 2833/2833/2833  2834/2834/2834  2835/2835/2835  
f 2836/2836/2836  2837/2837/2837  2838/2838/2838  
f 2839/2839/2839  2840/2840/2840  2841/2841/2841  
f 2842/2842/2842  2843/2843/2843  2844/2844/2844  
f 2845/2845/2845  2846/2846/2846  2847/2847/2847  
f 2848/2848/2848  2849/2849/2849  2850/2850/2850  
f 2851/2851/2851  2852/2852/2852  2853/2853/2853  
f 2854/2854/2854  2855/2855/2855  2856/2856/2856  
f 2857/2857/2857  2858/2858/2858  2859/2859/2859  
f 2860/2860/2860  2861/2861/2861  2862/2862/2862  
f 2863/2863/2863  2864/2864/2864  2865/2865/2865  
f 2866/2866/2866  2867/2867/2867  2868/2868/2868  
f 2869/2869/2869  2870/2870/2870  2871/2871/2871  
f 2872/2872/2872  2873/2873/2873  2874/2874/2874  
f 2875/2875/2875  2876/2876/2876  2877/2877/2877  
f 2878/2878/2878  2879/2879/2879  2880/2880/2880  
f 2881/2881/2881  2882/2882/2882  2883/2883/2883  
f 2884/2884/2884  2885/2885/2885  2886/2886/2886  
f 2887/2887/2887  2888/2888/2888  2889/2889/2889  
f 2890/2890/2890  2891/2891/2891  2892/2892/2892  
f 2893/2893/2893  2894/2894/2894  2895/2895/2895  
f 2896/2896/2896  2897/2897/2897  2898/2898/2898  
f 2899/2899/2899  2900/2900/2900  2901/2901/2901  
f 2902/2902/2902  2903/2903/2903  2904/2904/2904  
f 2905/2905/2905  2906/2906/2906  2907/2907/2907  
f 2908/2908/2908  2909/2909/2909  2910/2910/2910  
f 2911/2911/2911  2912/2912/2912  2913/2913/2913  
f 2914/2914/2914  2915/2915/2915  2916/2916/2916  
f 2917/2917/2917  2918/2918/2918  2919/2919/2919  
f 2920/2920/2920  2921/2921/2921  2922/2922/2922  
f 2923/2923/2923  2924/2924/2924  2925/2925/2925  
f 2926/2926/2926  2927/2927/2927  2928/2928/2928  
f 2929/2929/2929  2930/2930/2930  2931/2931/2931  
f 2932/2932/2932  2933/2933/2933  2934/2934/2934  
f 2935/2935/2935  2936/2936/2936  2937/2937/2937  
f 2938/2938/2938  2939/2939/2939  2940/2940/2940  
f 2941/2941/2941  2942/2942/2942  2943/2943/2943  
f 2944/2944/2944  2945/2945/2945  2946/2946/2946  
f 2947/2947/2947  2948/2948/2948  2949/2949/2949  
f 2950/2950/2950  2951/2951/2951  2952/2952/2952  
f 2953/2953/2953  2954/2954/2954  2955/2955/2955  
f 2956/2956/2956  2957/2957/2957  2958/2958/2958  
f 2959/2959/2959  2960/2960/2960  2961/2961/2961  
f 2962/2962/2962  2963/2963/2963  2964/2964/2964  
f 2965/2965/2965  2966/2966/2966  2967/2967/2967  
f 2968/2968/2968  2969/2969/2969  2970/2970/2970  
f 2971/2971/2971  2972/2972/2972  2973/2973/2973  
f 2974/2974/2974  2975/2975/2975  2976/2976/2976  
f 2977/2977/2977  2978/2978/2978  2979/2979/2979  
f 2980/2980/2980  2981/2981/2981  2982/2982/2982  
f 2983/2983/2983  2984/2984/2984  2985/2985/2985  
f 2986/2986/2986  2987/2987/2987  2988/2988/2988  
f 2989/2989/2989  2990/2990/2990  2991/2991/2991  
f 2992/2992/2992  2993/2993/2993  2994/2994/2994  
f 2995/2995/2995  2996/2996/2996  2997/2997/2997  
f 2998/2998/2998  2999/2999/2999  3000/3000/3000  
f 3001/3001/3001  3002/3002/3002  3003/3003/3003  
f 3004/3004/3004  3005/3005/3005  3006/3006/3006  
f 3007/3007/3007  3008/3008/3008  3009/3009/3009  
f 3010/3010/3010  3011/3011/3011  3012/3012/3012  
f 3013/3013/3013  3014/3014/3014  3015/3015/3015  
f 3016/3016/3016  3017/3017/3017  3018/3018/3018  
f 3019/3019/3019  3020/3020/3020  3021/3021/3021  
f 3022/3022/3022  3023/3023/3023  3024/3024/3024  
f 3025/3025/3025  3026/3026/3026  3027/3027/3027  
f 3028/3028/3028  3029/3029/3029  3030/3030/3030  
f 3031/3031/3031  3032/3032/3032  3033/3033/3033  
f 3034/3034/3034  3035/3035/3035  3036/3036/3036  
f 3037/3037/3037  3038/3038/3038  3039/3039/3039  
f 3040/3040/3040  3041/3041/3041  3042/3042/3042  
f 3043/3043/3043  3044/3044/3044  3045/3045/3045  
f 3046/3046/3046  3047/3047/3047  3048/3048/3048  
f 3049/3049/3049  3050/3050/3050  3051/3051/3051  
f 3052/3052/3052  3053/3053/3053  3054/3054/3054  
f 3055/3055/3055  3056/3056/3056  3057/3057/3057  
f 3058/3058/3058  3059/3059/3059  3060/3060/3060  
f 3061/3061/3061  3062/3062/3062  3063/3063/3063  
f 3064/3064/3064  3065/3065/3065  3066/3066/3066  
f 3067/3067/3067  3068/3068/3068  3069/3069/3069  
f 3070/3070/3070  3071/3071/3071  3072/3072/3072  
f 3073/3073/3073  3074/3074/3074  3075/3075/3075  
f 3076/3076/3076  3077/3077/3077  3078/3078/3078  
f 3079/3079/3079  3080/3080/3080  3081/3081/3081  
f 3082/3082/3082  3083/3083/3083  3084/3084/3084  
f 3085/3085/3085  3086/3086/3086  3087/3087/3087  
f 3088/3088/3088  3089/3089/3089  3090/3090/3090  
f 3091/3091/3091  3092/3092/3092  3093/3093/3093  
f 3094/3094/3094  3095/3095/3095  3096/3096/3096  
f 3097/3097/3097  3098/3098/3098  3099/3099/3099  
f 3100/3100/3100  3101/3101/3101  3102/3102/3102  
f 3103/3103/3103  3104/3104/3104  3105/3105/3105  
f 3106/3106/3106  3107/3107/3107  3108/3108/3108  
f 3109/3109/3109  3110/3110/3110  3111/3111/3111  
f 3112/3112/3112  3113/3113/3113  3114/3114/3114  
f 3115/3115/3115  3116/3116/3116  3117/3117/3117  
f 3118/3118/3118  3119/3119/3119  3120/3120/3120  
f 3121/3121/3121  3122/3122/3122  3123/3123/3123  
f 3124/3124/3124  3125/3125/3125  3126/3126/3126  
f 3127/3127/3127  3128/3128/3128  3129/3129/3129  
f 3130/3130/3130  3131/3131/3131  3132/3132/3132  
f 3133/3133/3133  3134/3134/3134  3135/3135/3135  
f 3136/3136/3136  3137/3137/3137  3138/3138/3138  
f 3139/3139/3139  3140/3140/3140  3141/3141/3141  
f 3142/3142/3142  3143/3143/3143  3144/3144/3144  
f 3145/3145/3145  3146/3146/3146  3147/3147/3147  
f 3148/3148/3148  3149/3149/3149  3150/3150/3150  
f 3151/3151/3151  3152/3152/3152  3153/3153/3153  
f 3154/3154/3154  3155/3155/3155  3156/3156/3156  
f 3157/3157/3157  3158/3158/3158  3159/3159/3159  
f 3160/3160/3160  3161/3161/3161  3162/3162/3162  
f 3163/3163/3163  3164/3164/3164  3165/3165/3165  
f 3166/3166/3166  3167/3167/3167  3168/3168/3168  
f 3169/3169/3169  3170/3170/3170  3171/3171/3171  
f 3172/3172/3172  3173/3173/3173  3174/3174/3174  
f 3175/3175/3175  3176/3176/3176  3177/3177/3177  
f 3178/3178/3178  3179/3179/3179  3180/3180/3180  
f 3181/3181/3181  3182/3182/3182  3183/3183/3183  
f 3184/3184/3184  3185/3185/3185  3186/3186/3186  
f 3187/3187/3187  3188/3188/3188  3189/3189/3189  
f 3190/3190/3190  3191/3191/3191  3192/3192/3192  
f 3193/3193/3193  3194/3194/3194  3195/3195/3195  
f 3196/3196/3196  3197/3197/3197  3198/3198/3198  
f 3199/3199/3199  3200/3200/3200  3201/3201/3201  
f 3202/3202/3202  3203/3203/3203  3204/3204/3204  
f 3205/3205/3205  3206/3206/3206  3207/3207/3207  
f 3208/3208/3208  3209/3209/3209  3210/3210/3210  
f 3211/3211/3211  3212/3212/3212  3213/3213/3213  
f 3214/3214/3214  3215/3215/3215  3216/3216/3216  
f 3217/3217/3217  3218/3218/3218  3219/3219/3219  
f 3220/3220/3220  3221/3221/3221  3222/3222/3222  
f 3223/3223/3223  3224/3224/3224  3225/3225/3225  
f 3226/3226/3226  3227/3227/3227  3228/3228/3228  
f 3229/3229/3229  3230/3230/3230  3231/3231/3231  
f 3232/3232/3232  3233/3233/3233  3234/3234/3234  
f 3235/3235/3235  3236/3236/3236  3237/3237/3237  
f 3238/3238/3238  3239/3239/3239  3240/3240/3240  
f 3241/3241/3241  3242/3242/3242  3243/3243/3243  
f 3244/3244/3244  3245/3245/3245  3246/3246/3246  
f 3247/3247/3247  3248/3248/3248  3249/3249/3249  
f 3250/3250/3250  3251/3251/3251  3252/3252/3252  
f 3253/3253/3253  3254/3254/3254  3255/3255/3255  
f 3256/3256/3256  3257/3257/3257  3258/3258/3258  
f 3259/3259/3259  3260/3260/3260  3261/3261/3261  
f 3262/3262/3262  3263/3263/3263  3264/3264/3264  
f 3265/3265/3265  3266/3266/3266  3267/3267/3267  
f 3268/3268/3268  3269/3269/3269  3270/3270/3270  
f 3271/3271/3271  3272/3272/3272  3273/3273/3273  
f 3274/3274/3274  3275/3275/3275  3276/3276/3276  
f 3277/3277/3277  3278/3278/3278  3279/3279/3279  
f 3280/3280/3280  3281/3281/3281  3282/3282/3282  
f 3283/3283/3283  3284/3284/3284  3285/3285/3285  
f 3286/3286/3286  3287/3287/3287  3288/3288/3288  
f 3289/3289/3289  3290/3290/3290  3291/3291/3291  
f 3292/3292/3292  3293/3293/3293  3294/3294/3294  
f 3295/3295/3295  3296/3296/3296  3297/3297/3297  
f 3298/3298/3298  3299/3299/3299  3300/3300/3300  
f 3301/3301/3301  3302/3302/3302  3303/3303/3303  
f 3304/3304/3304  3305/3305/3305  3306/3306/3306  
f 3307/3307/3307  3308/3308/3308  3309/3309/3309  
f 3310/3310/3310  3311/3311/3311  3312/3312/3312  
f 3313/3313/3313  3314/3314/3314  3315/3315/3315  
f 3316/3316/3316  3317/3317/3317  3318/3318/3318  
f 3319/3319/3319  3320/3320/3320  3321/3321/3321  
f 3322/3322/3322  3323/3323/3323  3324/3324/3324  
f 3325/3325/3325  3326/3326/3326  3327/3327/3327  
f 3328/3328/3328  3329/3329/3329  3330/3330/3330  
f 3331/3331/3331  3332/3332/3332  3333/3333/3333  
f 3334/3334/3334  3335/3335/3335  3336/3336/3336  
f 3337/3337/3337  3338/3338/3338  3339/3339/3339  
f 3340/3340/3340  3341/3341/3341  3342/3342/3342  
f 3343/3343/3343  3344/3344/3344  3345/3345/3345  
f 3346/3346/3346  3347/3347/3347  3348/3348/3348  
f 3349/3349/3349  3350/3350/3350  3351/3351/3351  
f 3352/3352/3352  3353/3353/3353  3354/3354/3354  
f 3355/3355/3355  3356/3356/3356  3357/3357/3357  
f 3358/3358/3358  3359/3359/3359  3360/3360/3360  
f 3361/3361/3361  3362/3362/3362  3363/3363/3363  
f 3364/3364/3364  3365/3365/3365  3366/3366/3366  
f 3367/3367/3367  3368/3368/3368  3369/3369/3369  
f 3370/3370/3370  3371/3371/3371  3372/3372/3372  
f 3373/3373/3373  3374/3374/3374  3375/3375/3375  
f 3376/3376/3376  3377/3377/3377  3378/3378/3378  
f 3379/3379/3379  3380/3380/3380  3381/3381/3381  
f 3382/3382/3382  3383/3383/3383  3384/3384/3384  
f 3385/3385/3385  3386/3386/3386  3387/3387/3387  
f 3388/3388/3388  3389/3389/3389  3390/3390/3390  
f 3391/3391/3391  3392/3392/3392  3393/3393/3393  
f 3394/3394/3394  3395/3395/3395  3396/3396/3396  
f 3397/3397/3397  3398/3398/3398  3399/3399/3399  
f 3400/3400/3400  3401/3401/3401  3402/3402/3402  
f 3403/3403/3403  3404/3404/3404  3405/3405/3405  
f 3406/3406/3406  3407/3407/3407  3408/3408/3408  
f 3409/3409/3409  3410/3410/3410  3411/3411/3411  
f 3412/3412/3412  3413/3413/3413  3414/3414/3414  
f 3415/3415/3415  3416/3416/3416  3417/3417/3417  
f 3418/3418/3418  3419/3419/3419  3420/3420/3420  
f 3421/3421/3421  3422/3422/3422  3423/3423/3423  
f 3424/3424/3424  3425/3425/3425  3426/3426/3426  
f 3427/3427/3427  3428/3428/3428  3429/3429/3429  
f 3430/3430/3430  3431/3431/3431  3432/3432/3432  
f 3433/3433/3433  3434/3434/3434  3435/3435/3435  
f 3436/3436/3436  3437/3437/3437  3438/3438/3438  
f 3439/3439/3439  3440/3440/3440  3441/3441/3441  
f 3442/3442/3442  3443/3443/3443  3444/3444/3444  
f 3445/3445/3445  3446/3446/3446  3447/3447/3447  
f 3448/3448/3448  3449/3449/3449  3450/3450/3450  
f 3451/3451/3451  3452/3452/3452  3453/3453/3453  
f 3454/3454/3454  3455/3455/3455  3456/3456/3456  
f 3457/3457/3457  3458/3458/3458  3459/3459/3459  
f 3460/3460/3460  3461/3461/3461  3462/3462/3462  
f 3463/3463/3463  3464/3464/3464  3465/3465/3465  
f 3466/3466/3466  3467/3467/3467  3468/3468/3468  
f 3469/3469/3469  3470/3470/3470  3471/3471/3471  
f 3472/3472/3472  3473/3473/3473  3474/3474/3474  
f 3475/3475/3475  3476/3476/3476  3477/3477/3477  
f 3478/3478/3478  3479/3479/3479  3480/3480/3480  
f 3481/3481/3481  3482/3482/3482  3483/3483/3483  
f 3484/3484/3484  3485/3485/3485  3486/3486/3486  
f 3487/3487/3487  3488/3488/3488  3489/3489/3489  
f 3490/3490/3490  3491/3491/3491  3492/3492/3492  
f 3493/3493/3493  3494/3494/3494  3495/3495/3495  
f 3496/3496/3496  3497/3497/3497  3498/3498/3498  
f 3499/3499/3499  3500/3500/3500  3501/3501/3501  
f 3502/3502/3502  3503/3503/3503  3504/3504/3504  
f 3505/3505/3505  3506/3506/3506  3507/3507/3507  
f 3508/3508/3508  3509/3509/3509  3510/3510/3510  
f 3511/3511/3511  3512/3512/3512  3513/3513/3513  
f 3514/3514/3514  3515/3515/3515  3516/3516/3516  
f 3517/3517/3517  3518/3518/3518  3519/3519/3519  
f 3520/3520/3520  3521/3521/3521  3522/3522/3522  
f 3523/3523/3523  3524/3524/3524  3525/3525/3525  
f 3526/3526/3526  3527/3527/3527  3528/3528/3528  
f 3529/3529/3529  3530/3530/3530  3531/3531/3531  
f 3532/3532/3532  3533/3533/3533  3534/3534/3534  
f 3535/3535/3535  3536/3536/3536  3537/3537/3537  
f 3538/3538/3538  3539/3539/3539  3540/3540/3540  
f 3541/3541/3541  3542/3542/3542  3543/3543/3543  
f 3544/3544/3544  3545/3545/3545  3546/3546/3546  
f 3547/3547/3547  3548/3548/3548  3549/3549/3549  
f 3550/3550/3550  3551/3551/3551  3552/3552/3552  
f 3553/3553/3553  3554/3554/3554  3555/3555/3555  
f 3556/3556/3556  3557/3557/3557  3558/3558/3558  
f 3559/3559/3559  3560/3560/3560  3561/3561/3561  
f 3562/3562/3562  3563/3563/3563  3564/3564/3564  
f 3565/3565/3565  3566/3566/3566  3567/3567/3567  
f 3568/3568/3568  3569/3569/3569  3570/3570/3570  
f 3571/3571/3571  3572/3572/3572  3573/3573/3573  
f 3574/3574/3574  3575/3575/3575  3576/3576/3576  
f 3577/3577/3577  3578/3578/3578  3579/3579/3579  
f 3580/3580/3580  3581/3581/3581  3582/3582/3582  
f 3583/3583/3583  3584/3584/3584  3585/3585/3585  
f 3586/3586/3586  3587/3587/3587  3588/3588/3588  
f 3589/3589/3589  3590/3590/3590  3591/3591/3591  
f 3592/3592/3592  3593/3593/3593  3594/3594/3594  
f 3595/3595/3595  3596/3596/3596  3597/3597/3597  
f 3598/3598/3598  3599/3599/3599  3600/3600/3600  
