v -4.468868 -2.423642 12.779126
v -4.517277 -1.681119 12.778142
v -5.876812 -1.681119 12.510953
v -4.320606 -3.14932 12.781101
v -4.468868 -2.423642 12.779126
v -5.817307 -2.594418 12.510953
v -4.466846 -0.94357 12.777158
v -5.815289 -0.76785 12.513913
v -5.876812 -1.681119 12.510953
v -4.319599 -0.215909 12.777158
v -5.632744 0.124576 12.525739
v -5.815289 -0.76785 12.513913
v -4.076534 0.487918 12.779126
v -5.333199 0.993167 12.536588
v -5.632744 0.124576 12.525739
v -3.742702 1.151004 12.783071
v -4.919689 1.810153 12.547429
v -5.333199 0.993167 12.536588
v -3.321125 1.768466 12.785039
v -4.400284 2.571567 12.554334
v -4.919689 1.810153 12.547429
v -2.821892 2.324374 12.785039
v -3.785065 3.255527 12.555318
v -4.400284 2.571567 12.554334
v -2.253063 2.810794 12.783072
v -3.084118 3.862033 12.549398
v -3.785065 3.255527 12.555318
v -2.253063 2.810794 12.783072
v -1.626751 3.224734 12.777158
v -2.308537 4.369327 12.53954
v -1.626751 3.224734 12.777158
v -0.950008 3.55231 12.773206
v -1.472443 4.776309 12.526723
v -0.950008 3.55231 12.773206
v -0.233932 3.793552 12.77123
v -0.589954 5.070132 12.515882
v -0.233932 3.793552 12.77123
v 0.506348 3.935489 12.772223
v 0.321781 5.254764 12.513913
v 0.506348 3.935489 12.772223
v 1.259741 3.989108 12.776166
v 1.251673 5.313357 12.514898
v 2.011116 3.940463 12.777158
v 2.179544 5.254764 12.518842
v 1.251673 5.313357 12.514898
v 2.011116 3.940463 12.777158
v 2.751398 3.795535 12.781102
v 3.093298 5.079074 12.522786
v 2.751398 3.795535 12.781102
v 3.466463 3.559268 12.784055
v 3.975786 4.787234 12.526723
v 4.143208 3.231662 12.787015
v 4.809862 4.380222 12.530667
v 3.975786 4.787234 12.526723
v 4.143208 3.231662 12.787015
v 4.770529 2.821689 12.79096
v 5.584435 3.879886 12.533628
v 5.339355 2.336276 12.793912
v 6.285383 3.27634 12.53954
v 5.584435 3.879886 12.533628
v 5.836575 1.779391 12.796872
v 6.897577 2.59238 12.5425
v 6.285383 3.27634 12.53954
v 6.254118 1.159946 12.800817
v 7.413958 1.82999 12.545461
v 6.897577 2.59238 12.5425
v 6.586941 0.49982 12.801801
v 7.824442 1.00806 12.548412
v 7.413958 1.82999 12.545461
v 6.827986 -0.206967 12.804761
v 8.121965 0.143466 12.549398
v 7.824442 1.00806 12.548412
v 6.974226 -0.932614 12.805745
v 8.302496 -0.751981 12.550388
v 8.121965 0.143466 12.549398
v 7.02062 -1.675168 12.806728
v 8.363012 -1.667233 12.551373
v 8.302496 -0.751981 12.550388
v 6.972212 -2.416684 12.808706
v 8.302496 -2.580502 12.552358
v 8.363012 -1.667233 12.551373
v 6.821936 -3.143338 12.808705
v 8.119949 -3.481839 12.552358
v 8.302496 -2.580502 12.552358
v 6.579882 -3.846188 12.807714
v 7.820408 -4.349454 12.551373
v 8.119949 -3.481839 12.552358
v 6.244032 -4.516232 12.808705
v 7.406898 -5.174405 12.550388
v 7.820408 -4.349454 12.551373
v 6.244032 -4.516232 12.808705
v 5.824472 -5.133695 12.808705
v 6.887491 -5.940762 12.552358
v 5.824472 -5.133695 12.808705
v 5.326244 -5.694547 12.808705
v 6.271261 -6.635617 12.554334
v 5.326244 -5.694547 12.808705
v 4.757418 -6.187924 12.80969
v 5.568298 -7.242123 12.556301
v 4.757418 -6.187924 12.80969
v 4.130095 -6.602841 12.808705
v 4.792719 -7.751401 12.554334
v 4.130095 -6.602841 12.808705
v 3.45537 -6.929471 12.807714
v 3.958639 -8.158383 12.554334
v 3.45537 -6.929471 12.807714
v 2.741312 -7.172665 12.805744
v 3.074137 -8.457211 12.553341
v 2.741312 -7.172665 12.805744
v 2.003048 -7.31857 12.805744
v 2.156347 -8.637877 12.550388
v 2.003048 -7.31857 12.805744
v 1.251673 -7.366238 12.801801
v 1.226458 -8.696439 12.547428
v 1.251673 -7.366238 12.801801
v 0.501308 -7.31857 12.800817
v 0.299595 -8.636868 12.544468
v 0.501308 -7.31857 12.800817
v -0.238976 -7.172665 12.798847
v -0.616177 -8.456235 12.537571
v -0.952026 -6.929471 12.794904
v -1.494633 -8.161374 12.533628
v -0.616177 -8.456235 12.537571
v -0.952026 -6.929471 12.794904
v -1.630787 -6.602841 12.792928
v -2.322659 -7.750394 12.533628
v -1.630787 -6.602841 12.792928
v -2.258106 -6.187924 12.791944
v -3.094204 -7.241147 12.530666
v -2.258106 -6.187924 12.791944
v -2.826935 -5.698514 12.789974
v -3.79414 -6.635617 12.525739
v -2.826935 -5.698514 12.789974
v -3.324154 -5.138669 12.786031
v -4.407345 -5.945706 12.519826
v -3.324154 -5.138669 12.786031
v -3.744724 -4.5202 12.784055
v -4.925743 -5.1853 12.513912
v -3.744724 -4.5202 12.784055
v -4.079563 -3.854092 12.782086
v -5.336224 -4.360379 12.511936
v -4.079563 -3.854092 12.782086
v -4.320606 -3.14932 12.781101
v -5.635769 -3.495755 12.510952
v -6.51321 -4.818021 11.890804
v -6.052303 -5.778928 11.881931
v -4.925743 -5.1853 12.513912
v -6.849064 -3.805478 11.90559
v -6.51321 -4.818021 11.890804
v -5.336224 -4.360379 12.511936
v -6.052303 -5.778928 11.881931
v -5.45826 -6.671353 11.883901
v -4.407345 -5.945706 12.519826
v -5.45826 -6.671353 11.883901
v -4.744205 -7.479398 11.89771
v -3.79414 -6.635617 12.525739
v -4.744205 -7.479398 11.89771
v -3.92223 -8.192136 11.915447
v -3.094204 -7.241147 12.530666
v -3.92223 -8.192136 11.915447
v -3.02663 -8.790738 11.923336
v -2.322659 -7.750394 12.533628
v -3.02663 -8.790738 11.923336
v -2.064465 -9.268216 11.926296
v -1.494633 -8.161374 12.533628
v -2.064465 -9.268216 11.926296
v -1.038761 -9.617642 11.939115
v -0.616177 -8.456235 12.537571
v -1.038761 -9.617642 11.939115
v 0.045437 -9.830075 11.954885
v 0.299595 -8.636868 12.544468
v 0.045437 -9.830075 11.954885
v 1.122576 -9.908505 11.967701
v 1.226458 -8.696439 12.547428
v 1.122576 -9.908505 11.967701
v 2.219887 -9.836026 11.980526
v 2.156347 -8.637877 12.550388
v 2.219887 -9.836026 11.980526
v 3.305096 -9.628568 11.987423
v 3.074137 -8.457211 12.553341
v 3.305096 -9.628568 11.987423
v 4.350969 -9.282132 11.992352
v 3.958639 -8.158383 12.554334
v 4.350969 -9.282132 11.992352
v 5.334312 -8.80264 11.995313
v 4.792719 -7.751401 12.554334
v 5.334312 -8.80264 11.995313
v 6.248066 -8.204068 11.996296
v 5.568298 -7.242123 12.556301
v 6.248066 -8.204068 11.996296
v 7.087187 -7.488339 11.987424
v 6.271261 -6.635617 12.554334
v 7.087187 -7.488339 11.987424
v 7.816374 -6.674313 11.983479
v 6.887491 -5.940762 12.552358
v 7.816374 -6.674313 11.983479
v 8.417473 -5.781918 11.990383
v 7.406898 -5.174405 12.550388
v 8.417473 -5.781918 11.990383
v 8.892504 -4.816007 12.001225
v 7.820408 -4.349454 12.551373
v 9.244492 -3.796536 12.00517
v 8.119949 -3.481839 12.552358
v 7.820408 -4.349454 12.551373
v 9.467381 -2.74133 11.996297
v 8.302496 -2.580502 12.552358
v 8.119949 -3.481839 12.552358
v 9.554117 -1.663266 11.983479
v 8.363012 -1.667233 12.551373
v 8.302496 -2.580502 12.552358
v 9.494614 -0.589169 11.969669
v 8.302496 -0.751981 12.550388
v 8.363012 -1.667233 12.551373
v 9.284834 0.46506 11.967702
v 8.121965 0.143466 12.549398
v 8.302496 -0.751981 12.550388
v 8.937889 1.477634 11.964742
v 7.824442 1.00806 12.548412
v 8.121965 0.143466 12.549398
v 8.457815 2.437534 11.961789
v 7.413958 1.82999 12.545461
v 7.824442 1.00806 12.548412
v 7.851673 3.326999 11.958829
v 6.897577 2.59238 12.5425
v 7.413958 1.82999 12.545461
v 7.13257 4.131076 11.956861
v 6.285383 3.27634 12.53954
v 6.897577 2.59238 12.5425
v 6.310596 4.835849 11.951924
v 5.584435 3.879886 12.533628
v 6.285383 3.27634 12.53954
v 6.310596 4.835849 11.951924
v 5.402893 5.429507 11.948972
v 4.809862 4.380222 12.530667
v 4.421568 5.902011 11.945028
v 3.975786 4.787234 12.526723
v 4.809862 4.380222 12.530667
v 4.421568 5.902011 11.945028
v 3.381744 6.240512 11.942067
v 3.093298 5.079074 12.522786
v 2.310658 6.450961 11.93714
v 2.179544 5.254764 12.518842
v 3.093298 5.079074 12.522786
v 2.310658 6.450961 11.93714
v 1.219398 6.51749 11.93221
v 1.251673 5.313357 12.514898
v 0.131165 6.446994 11.928267
v 0.321781 5.254764 12.513913
v 1.251673 5.313357 12.514898
v 0.131165 6.446994 11.928267
v -0.932865 6.235568 11.940099
v -0.589954 5.070132 12.515882
v -0.932865 6.235568 11.940099
v -1.966633 5.891116 11.958829
v -1.472443 4.776309 12.526723
v -1.966633 5.891116 11.958829
v -2.951996 5.410617 11.976583
v -2.308537 4.369327 12.53954
v -2.951996 5.410617 11.976583
v -3.863731 4.817996 11.993344
v -3.084118 3.862033 12.549398
v -3.863731 4.817996 11.993344
v -4.687725 4.109195 12.001226
v -3.785065 3.255527 12.555318
v -5.407833 3.305148 11.998273
v -4.400284 2.571567 12.554334
v -3.785065 3.255527 12.555318
v -6.014988 2.41373 11.982494
v -4.919689 1.810153 12.547429
v -4.400284 2.571567 12.554334
v -6.493038 1.452792 11.971645
v -5.333199 0.993167 12.536588
v -4.919689 1.810153 12.547429
v -6.842007 0.439273 11.951923
v -5.632744 0.124576 12.525739
v -5.333199 0.993167 12.536588
v -7.055813 -0.614987 11.926296
v -5.815289 -0.76785 12.513913
v -5.632744 0.124576 12.525739
v -7.128429 -1.681119 11.911512
v -5.876812 -1.681119 12.510953
v -5.815289 -0.76785 12.513913
v -7.128429 -1.681119 11.911512
v -7.059849 -2.751218 11.90855
v -5.817307 -2.594418 12.510953
v -7.059849 -2.751218 11.90855
v -6.849064 -3.805478 11.90559
v -5.635769 -3.495755 12.510952
v -6.849064 -3.805478 11.90559
v -7.059849 -2.751218 11.90855
v -8.125896 -2.884244 11.099102
v -8.125896 -2.884244 11.099102
v -7.059849 -2.751218 11.90855
v -7.128429 -1.681119 11.911512
v -8.19952 -1.679135 11.114881
v -7.128429 -1.681119 11.911512
v -7.055813 -0.614987 11.926296
v -8.118839 -0.47598 11.144452
v -7.055813 -0.614987 11.926296
v -6.842007 0.439273 11.951923
v -7.888889 0.71326 11.165157
v -6.842007 0.439273 11.951923
v -6.493038 1.452792 11.971645
v -7.503613 1.860782 11.18192
v -6.493038 1.452792 11.971645
v -6.014988 2.41373 11.982494
v -6.971096 2.949771 11.188826
v -6.014988 2.41373 11.982494
v -5.407833 3.305148 11.998273
v -6.286289 3.950412 11.210515
v -5.407833 3.305148 11.998273
v -4.687725 4.109195 12.001226
v -4.687725 4.109195 12.001226
v -3.863731 4.817996 11.993344
v -4.539463 5.650882 11.222342
v -3.863731 4.817996 11.993344
v -2.951996 5.410617 11.976583
v -3.509727 6.318942 11.208539
v -2.951996 5.410617 11.976583
v -1.966633 5.891116 11.958829
v -2.391239 6.850009 11.196714
v -1.966633 5.891116 11.958829
v -0.932865 6.235568 11.940099
v -1.230389 7.243137 11.171071
v -0.932865 6.235568 11.940099
v 0.131165 6.446994 11.928267
v -0.031216 7.48038 11.156285
v -0.031216 7.48038 11.156285
v 0.131165 6.446994 11.928267
v 1.219398 6.51749 11.93221
v 1.219398 6.51749 11.93221
v 2.310658 6.450961 11.93714
v 2.421598 7.47742 11.182912
v 2.421598 7.47742 11.182912
v 2.310658 6.450961 11.93714
v 3.381744 6.240512 11.942067
v 3.631868 7.241153 11.195723
v 3.381744 6.240512 11.942067
v 4.421568 5.902011 11.945028
v 4.806837 6.856967 11.200658
v 4.421568 5.902011 11.945028
v 5.402893 5.429507 11.948972
v 5.919275 6.327884 11.199666
v 5.402893 5.429507 11.948972
v 6.310596 4.835849 11.951924
v 6.948006 5.662784 11.194738
v 6.310596 4.835849 11.951924
v 7.13257 4.131076 11.956861
v 7.872852 4.866641 11.202626
v 7.13257 4.131076 11.956861
v 7.851673 3.326999 11.958829
v 8.682724 3.965274 11.205587
v 7.851673 3.326999 11.958829
v 8.457815 2.437534 11.961789
v 9.366526 2.960696 11.206572
v 8.457815 2.437534 11.961789
v 8.937889 1.477634 11.964742
v 9.910139 1.882632 11.205587
v 8.937889 1.477634 11.964742
v 9.284834 0.46506 11.967702
v 10.302467 0.741031 11.205587
v 9.284834 0.46506 11.967702
v 9.494614 -0.589169 11.969669
v 10.523342 -0.452176 11.234174
v 9.494614 -0.589169 11.969669
v 9.554117 -1.663266 11.983479
v 10.567719 -1.674191 11.280515
v 9.554117 -1.663266 11.983479
v 9.467381 -2.74133 11.996297
v 10.449717 -2.893185 11.325864
v 9.467381 -2.74133 11.996297
v 9.244492 -3.796536 12.00517
v 10.184465 -4.087369 11.346569
v 9.244492 -3.796536 12.00517
v 8.892504 -4.816007 12.001225
v 9.786085 -5.235928 11.33572
v 8.892504 -4.816007 12.001225
v 8.417473 -5.781918 11.990383
v 8.417473 -5.781918 11.990383
v 7.816374 -6.674313 11.983479
v 8.578842 -7.323544 11.285442
v 7.816374 -6.674313 11.983479
v 7.087187 -7.488339 11.987424
v 7.759893 -8.235806 11.277561
v 7.087187 -7.488339 11.987424
v 6.248066 -8.204068 11.996296
v 6.795712 -9.041898 11.297276
v 6.248066 -8.204068 11.996296
v 5.334312 -8.80264 11.995313
v 5.760933 -9.713956 11.287418
v 5.334312 -8.80264 11.995313
v 4.350969 -9.282132 11.992352
v 4.650511 -10.243073 11.273609
v 4.350969 -9.282132 11.992352
v 3.305096 -9.628568 11.987423
v 3.470499 -10.637143 11.258816
v 3.305096 -9.628568 11.987423
v 2.219887 -9.836026 11.980526
v 2.242075 -10.871396 11.236141
v 2.219887 -9.836026 11.980526
v 1.122576 -9.908505 11.967701
v 0.997515 -10.944852 11.206571
v 1.122576 -9.908505 11.967701
v 0.045437 -9.830075 11.954885
v -0.205692 -10.859494 11.176006
v 0.045437 -9.830075 11.954885
v -1.038761 -9.617642 11.939115
v -1.439159 -10.616299 11.136562
v -1.038761 -9.617642 11.939115
v -2.064465 -9.268216 11.926296
v -2.584881 -10.215237 11.109951
v -2.064465 -9.268216 11.926296
v -3.02663 -8.790738 11.923336
v -3.663029 -9.674253 11.091213
v -3.02663 -8.790738 11.923336
v -3.92223 -8.192136 11.915447
v -4.689739 -9.007138 11.063603
v -3.92223 -8.192136 11.915447
v -4.744205 -7.479398 11.89771
v -5.644848 -8.226895 11.020229
v -4.744205 -7.479398 11.89771
v -5.45826 -6.671353 11.883901
v -6.44463 -7.307675 10.989667
v -5.45826 -6.671353 11.883901
v -6.052303 -5.778928 11.881931
v -7.079014 -6.290158 10.991634
v -6.052303 -5.778928 11.881931
v -6.51321 -4.818021 11.890804
v -7.549 -5.200192 11.031072
v -6.51321 -4.818021 11.890804
v -6.849064 -3.805478 11.90559
v -7.904011 -4.062589 11.076428
v -8.336681 -5.229977 10.170354
v -7.844509 -6.41525 10.104298
v -7.079014 -6.290158 10.991634
v -8.734058 -3.987119 10.218671
v -8.336681 -5.229977 10.170354
v -7.549 -5.200192 11.031072
v -7.844509 -6.41525 10.104298
v -7.243404 -7.571744 10.080639
v -6.44463 -7.307675 10.989667
v -7.243404 -7.571744 10.080639
v -6.36697 -8.576324 10.133877
v -5.644848 -8.226895 11.020229
v -6.36697 -8.576324 10.133877
v -5.272686 -9.395291 10.205853
v -4.689739 -9.007138 11.063603
v -5.272686 -9.395291 10.205853
v -4.12394 -10.121945 10.266973
v -3.663029 -9.674253 11.091213
v -4.12394 -10.121945 10.266973
v -2.949978 -10.715543 10.301487
v -2.584881 -10.215237 11.109951
v -2.949978 -10.715543 10.301487
v -1.708443 -11.14639 10.340923
v -1.439159 -10.616299 11.136562
v -1.708443 -11.14639 10.340923
v -0.357983 -11.417386 10.40205
v -0.205692 -10.859494 11.176006
v -0.357983 -11.417386 10.40205
v 0.948097 -11.508698 10.452328
v 0.997515 -10.944852 11.206571
v 0.948097 -11.508698 10.452328
v 2.311666 -11.426328 10.500645
v 2.242075 -10.871396 11.236141
v 2.311666 -11.426328 10.500645
v 3.657082 -11.166226 10.535153
v 3.470499 -10.637143 11.258816
v 3.657082 -11.166226 10.535153
v 4.929882 -10.739407 10.569654
v 4.650511 -10.243073 11.273609
v 6.152254 -10.169583 10.595295
v 5.760933 -9.713956 11.287418
v 4.650511 -10.243073 11.273609
v 7.280828 -9.456815 10.615009
v 6.795712 -9.041898 11.297276
v 5.760933 -9.713956 11.287418
v 7.280828 -9.456815 10.615009
v 8.351917 -8.578305 10.589382
v 7.759893 -8.235806 11.277561
v 8.351917 -8.578305 10.589382
v 9.226336 -7.59158 10.6367
v 8.578842 -7.323544 11.285442
v 9.226336 -7.59158 10.6367
v 9.958548 -6.501614 10.69093
v 9.25256 -6.314999 11.30911
v 10.53746 -5.327268 10.745153
v 9.786085 -5.235928 11.33572
v 9.25256 -6.314999 11.30911
v 10.982235 -4.07449 10.761913
v 10.184465 -4.087369 11.346569
v 9.786085 -5.235928 11.33572
v 11.297913 -2.762143 10.717548
v 10.449717 -2.893185 11.325864
v 10.184465 -4.087369 11.346569
v 11.452221 -1.420041 10.632755
v 10.567719 -1.674191 11.280515
v 10.449717 -2.893185 11.325864
v 11.410872 -0.079923 10.562757
v 10.523342 -0.452176 11.234174
v 10.567719 -1.674191 11.280515
v 11.17487 1.226443 10.521352
v 10.302467 0.741031 11.205587
v 10.523342 -0.452176 11.234174
v 10.738163 2.465335 10.546979
v 9.910139 1.882632 11.205587
v 10.302467 0.741031 11.205587
v 10.145132 3.643649 10.550924
v 9.366526 2.960696 11.206572
v 9.910139 1.882632 11.205587
v 9.400818 4.733615 10.551908
v 8.682724 3.965274 11.205587
v 9.366526 2.960696 11.206572
v 8.517321 5.727298 10.548956
v 7.872852 4.866641 11.202626
v 8.682724 3.965274 11.205587
v 7.514814 6.593906 10.529234
v 6.948006 5.662784 11.194738
v 7.872852 4.866641 11.202626
v 6.389263 7.322543 10.535154
v 5.919275 6.327884 11.199666
v 6.948006 5.662784 11.194738
v 5.172943 7.902286 10.538107
v 4.806837 6.856967 11.200658
v 5.919275 6.327884 11.199666
v 3.893085 8.322177 10.524305
v 3.631868 7.241153 11.195723
v 4.806837 6.856967 11.200658
v 2.572884 8.582278 10.491774
v 2.421598 7.47742 11.182912
v 3.631868 7.241153 11.195723
v 2.572884 8.582278 10.491774
v 1.230494 8.66965 10.45233
v 1.19116 7.553836 11.167128
v -0.103832 8.593204 10.423742
v -0.031216 7.48038 11.156285
v 1.19116 7.553836 11.167128
v -0.103832 8.593204 10.423742
v -1.415962 8.343019 10.425711
v -1.230389 7.243137 11.171071
v -1.415962 8.343019 10.425711
v -2.678677 7.921115 10.459233
v -2.391239 6.850009 11.196714
v -2.678677 7.921115 10.459233
v -3.905083 7.349338 10.448384
v -3.509727 6.318942 11.208539
v -3.905083 7.349338 10.448384
v -5.021557 6.596896 10.441487
v -4.539463 5.650882 11.222342
v -5.021557 6.596896 10.441487
v -6.025074 5.706454 10.425711
v -5.473392 4.86069 11.222342
v -6.931759 4.742557 10.400083
v -6.286289 3.950412 11.210515
v -5.473392 4.86069 11.222342
v -7.699276 3.672458 10.366552
v -6.971096 2.949771 11.188826
v -6.286289 3.950412 11.210515
v -8.287266 2.489169 10.359655
v -7.503613 1.860782 11.18192
v -6.971096 2.949771 11.188826
v -8.707829 1.234409 10.338947
v -7.888889 0.71326 11.165157
v -7.503613 1.860782 11.18192
v -8.951908 -0.075955 10.335004
v -8.118839 -0.47598 11.144452
v -7.888889 0.71326 11.165157
v -9.045696 -1.389279 10.288671
v -8.19952 -1.679135 11.114881
v -8.118839 -0.47598 11.144452
v -8.971066 -2.70361 10.258101
v -8.125896 -2.884244 11.099102
v -8.19952 -1.679135 11.114881
v -8.971066 -2.70361 10.258101
v -8.734058 -3.987119 10.218671
v -7.904011 -4.062589 11.076428
v -10.028034 -2.790921 9.209081
v -8.971066 -2.70361 10.258101
v -9.045696 -1.389279 10.288671
v -10.028034 -2.790921 9.209081
v -9.764805 -4.199551 9.171604
v -8.734058 -3.987119 10.218671
v -10.099644 -1.342587 9.256397
v -9.045696 -1.389279 10.288671
v -8.951908 -0.075955 10.335004
v -9.968533 0.102756 9.337247
v -8.951908 -0.075955 10.335004
v -8.707829 1.234409 10.338947
v -9.687145 1.553073 9.33823
v -8.707829 1.234409 10.338947
v -8.287266 2.489169 10.359655
v -9.201015 2.940829 9.352033
v -8.287266 2.489169 10.359655
v -7.699276 3.672458 10.366552
v -8.478886 4.156864 9.380634
v -7.699276 3.672458 10.366552
v -6.931759 4.742557 10.400083
v -7.608509 5.302433 9.427953
v -6.931759 4.742557 10.400083
v -6.025074 5.706454 10.425711
v -5.49255 7.344364 9.51866
v -6.577763 6.322909 9.481198
v -6.025074 5.706454 10.425711
v -4.316574 8.265594 9.559079
v -5.49255 7.344364 9.51866
v -5.021557 6.596896 10.441487
v -2.980236 8.906863 9.593596
v -4.316574 8.265594 9.559079
v -3.905083 7.349338 10.448384
v -1.577332 9.363498 9.572882
v -2.980236 8.906863 9.593596
v -2.678677 7.921115 10.459233
v -0.119968 9.582919 9.535421
v -1.577332 9.363498 9.572882
v -1.415962 8.343019 10.425711
v -0.119968 9.582919 9.535421
v -0.103832 8.593204 10.423742
v 1.230494 8.66965 10.45233
v 2.83309 9.562045 9.688246
v 1.355553 9.633517 9.58965
v 1.230494 8.66965 10.45233
v 4.282387 9.313876 9.814436
v 2.83309 9.562045 9.688246
v 2.572884 8.582278 10.491774
v 5.684282 8.841342 9.842047
v 4.282387 9.313876 9.814436
v 3.893085 8.322177 10.524305
v 5.684282 8.841342 9.842047
v 5.172943 7.902286 10.538107
v 6.389263 7.322543 10.535154
v 7.013561 8.198093 9.844999
v 6.389263 7.322543 10.535154
v 7.514814 6.593906 10.529234
v 8.247026 7.391025 9.854856
v 7.514814 6.593906 10.529234
v 8.517321 5.727298 10.548956
v 9.347364 6.424167 9.901204
v 8.517321 5.727298 10.548956
v 9.400818 4.733615 10.551908
v 10.317595 5.329227 9.920919
v 9.400818 4.733615 10.551908
v 10.145132 3.643649 10.550924
v 11.133518 4.125095 9.936689
v 10.145132 3.643649 10.550924
v 10.738163 2.465335 10.546979
v 11.786057 2.825687 9.93176
v 10.738163 2.465335 10.546979
v 11.17487 1.226443 10.521352
v 12.263103 1.461734 9.8943
v 11.17487 1.226443 10.521352
v 11.410872 -0.079923 10.562757
v 12.516251 0.018375 9.948522
v 11.410872 -0.079923 10.562757
v 11.452221 -1.420041 10.632755
v 12.53138 -1.459744 10.047115
v 11.452221 -1.420041 10.632755
v 11.297913 -2.762143 10.717548
v 12.296385 -2.926938 10.157537
v 11.297913 -2.762143 10.717548
v 10.982235 -4.07449 10.761913
v 11.424992 -5.778928 10.243313
v 11.875816 -4.36633 10.244298
v 10.982235 -4.07449 10.761913
v 10.811789 -7.08035 10.171337
v 11.424992 -5.778928 10.243313
v 10.53746 -5.327268 10.745153
v 10.000908 -8.273557 10.06683
v 10.811789 -7.08035 10.171337
v 9.958548 -6.501614 10.69093
v 9.043787 -9.343655 9.961338
v 10.000908 -8.273557 10.06683
v 9.226336 -7.59158 10.6367
v 9.043787 -9.343655 9.961338
v 8.351917 -8.578305 10.589382
v 7.280828 -9.456815 10.615009
v 7.862766 -10.295651 9.975141
v 7.280828 -9.456815 10.615009
v 6.152254 -10.169583 10.595295
v 6.60207 -11.039182 9.939648
v 6.152254 -10.169583 10.595295
v 4.929882 -10.739407 10.569654
v 3.879972 -12.105344 9.827252
v 5.251612 -11.640744 9.88937
v 4.929882 -10.739407 10.569654
v 2.380247 -12.392209 9.781902
v 3.879972 -12.105344 9.827252
v 3.657082 -11.166226 10.535153
v 0.88254 -12.487515 9.704014
v 2.380247 -12.392209 9.781902
v 2.311666 -11.426328 10.500645
v -0.550621 -12.397183 9.618237
v 0.88254 -12.487515 9.704014
v 0.948097 -11.508698 10.452328
v -2.044292 -12.116241 9.519642
v -0.550621 -12.397183 9.618237
v -0.357983 -11.417386 10.40205
v -3.406857 -11.646695 9.462461
v -2.044292 -12.116241 9.519642
v -1.708443 -11.14639 10.340923
v -4.694782 -10.987546 9.387531
v -3.406857 -11.646695 9.462461
v -2.949978 -10.715543 10.301487
v -5.920185 -10.155698 9.266255
v -4.694782 -10.987546 9.387531
v -4.12394 -10.121945 10.266973
v -7.013454 -9.173917 9.165692
v -5.920185 -10.155698 9.266255
v -5.272686 -9.395291 10.205853
v -7.976627 -8.045224 9.064144
v -7.013454 -9.173917 9.165692
v -6.36697 -8.576324 10.133877
v -8.723972 -6.842099 9.066113
v -7.976627 -8.045224 9.064144
v -7.243404 -7.571744 10.080639
v -9.332134 -5.560544 9.111469
v -8.723972 -6.842099 9.066113
v -7.844509 -6.41525 10.104298
v -9.764805 -4.199551 9.171604
v -9.332134 -5.560544 9.111469
v -8.336681 -5.229977 10.170354
v -10.464741 -5.558559 7.451169
v -9.709332 -6.944333 7.527081
v -8.723972 -6.842099 9.066113
v -10.823788 -4.073514 7.660184
v -10.464741 -5.558559 7.451169
v -9.332134 -5.560544 9.111469
v -9.709332 -6.944333 7.527081
v -8.780453 -8.174283 7.605961
v -7.976627 -8.045224 9.064144
v -8.780453 -8.174283 7.605961
v -7.726505 -9.341672 7.803144
v -7.013454 -9.173917 9.165692
v -7.726505 -9.341672 7.803144
v -6.637264 -10.52197 7.966801
v -5.920185 -10.155698 9.266255
v -6.637264 -10.52197 7.966801
v -5.376568 -11.493832 8.207379
v -4.694782 -10.987546 9.387531
v -5.376568 -11.493832 8.207379
v -3.97871 -12.190671 8.372021
v -3.406857 -11.646695 9.462461
v -3.97871 -12.190671 8.372021
v -2.501171 -12.656247 8.459767
v -2.044292 -12.116241 9.519642
v -2.501171 -12.656247 8.459767
v -0.885464 -12.919309 8.607662
v -0.550621 -12.397183 9.618237
v -0.885464 -12.919309 8.607662
v 0.655613 -12.987851 8.741749
v 0.88254 -12.487515 9.704014
v 0.655613 -12.987851 8.741749
v 2.252161 -12.907437 8.816677
v 2.380247 -12.392209 9.781902
v 3.857784 -12.633451 8.813717
v 3.879972 -12.105344 9.827252
v 2.380247 -12.392209 9.781902
v 5.317167 -12.120206 8.864002
v 5.251612 -11.640744 9.88937
v 3.879972 -12.105344 9.827252
v 6.775541 -11.458097 8.941891
v 6.60207 -11.039182 9.939648
v 5.251612 -11.640744 9.88937
v 8.110872 -10.787015 8.96555
v 7.862766 -10.295651 9.975141
v 6.60207 -11.039182 9.939648
v 9.360474 -9.80029 8.991192
v 9.043787 -9.343655 9.961338
v 7.862766 -10.295651 9.975141
v 9.360474 -9.80029 8.991192
v 10.359955 -8.629941 9.172596
v 10.000908 -8.273557 10.06683
v 10.359955 -8.629941 9.172596
v 11.175877 -7.266964 9.374714
v 10.811789 -7.08035 10.171337
v 11.796141 -5.857358 9.437809
v 11.424992 -5.778928 10.243313
v 10.811789 -7.08035 10.171337
v 12.302437 -4.367337 9.363866
v 11.875816 -4.36633 10.244298
v 11.424992 -5.778928 10.243313
v 12.829912 -2.851498 9.219921
v 12.296385 -2.926938 10.157537
v 11.875816 -4.36633 10.244298
v 13.127438 -1.293973 9.105558
v 12.53138 -1.459744 10.047115
v 12.296385 -2.926938 10.157537
v 13.210138 0.234775 9.031614
v 12.516251 0.018375 9.948522
v 12.53138 -1.459744 10.047115
v 12.958 1.79227 8.975414
v 12.263103 1.461734 9.8943
v 12.516251 0.018375 9.948522
v 12.470867 3.255527 9.007947
v 11.786057 2.825687 9.93176
v 12.263103 1.461734 9.8943
v 12.470867 3.255527 9.007947
v 11.765884 4.629398 9.035549
v 11.133518 4.125095 9.936689
v 11.765884 4.629398 9.035549
v 10.8955 5.908969 9.03851
v 10.317595 5.329227 9.920919
v 10.8955 5.908969 9.03851
v 9.854668 7.12598 8.920201
v 9.347364 6.424167 9.901204
v 8.672638 8.186191 8.828511
v 8.247026 7.391025 9.854856
v 9.347364 6.424167 9.901204
v 7.363531 9.070682 8.797949
v 7.013561 8.198093 9.844999
v 8.247026 7.391025 9.854856
v 5.95155 9.777469 8.804846
v 5.684282 8.841342 9.842047
v 7.013561 8.198093 9.844999
v 5.95155 9.777469 8.804846
v 4.458885 10.295657 8.800908
v 4.282387 9.313876 9.814436
v 4.458885 10.295657 8.800908
v 2.904697 10.589478 8.75456
v 2.83309 9.562045 9.688246
v 2.904697 10.589478 8.75456
v 1.318235 10.690738 8.641179
v 1.355553 9.633517 9.58965
v -0.273266 10.622226 8.445967
v -0.119968 9.582919 9.535421
v 1.355553 9.633517 9.58965
v -1.846615 10.374057 8.285269
v -1.577332 9.363498 9.572882
v -0.119968 9.582919 9.535421
v -3.376598 9.910495 8.233007
v -2.980236 8.906863 9.593596
v -1.577332 9.363498 9.572882
v -3.376598 9.910495 8.233007
v -4.777485 9.183841 8.190619
v -4.316574 8.265594 9.559079
v -4.777485 9.183841 8.190619
v -5.994816 8.116702 8.147229
v -5.49255 7.344364 9.51866
v -5.994816 8.116702 8.147229
v -7.15163 6.985049 8.084134
v -6.577763 6.322909 9.481198
v -8.269108 5.8931 7.975682
v -7.608509 5.302433 9.427953
v -6.577763 6.322909 9.481198
v -9.24741 4.70386 7.871167
v -8.478886 4.156864 9.380634
v -7.608509 5.302433 9.427953
v -10.110737 3.502689 7.715398
v -9.201015 2.940829 9.352033
v -8.478886 4.156864 9.380634
v -10.71587 2.052371 7.653279
v -9.687145 1.553073 9.33823
v -9.201015 2.940829 9.352033
v -11.122318 0.49982 7.604978
v -9.968533 0.102756 9.337247
v -9.687145 1.553073 9.33823
v -11.122318 0.49982 7.604978
v -11.280666 -1.053738 7.575399
v -10.099644 -1.342587 9.256397
v -11.280666 -1.053738 7.575399
v -11.192921 -2.572537 7.554685
v -10.028034 -2.790921 9.209081
v -11.192921 -2.572537 7.554685
v -10.823788 -4.073514 7.660184
v -9.764805 -4.199551 9.171604
v -12.283169 -0.835355 5.43987
v -12.128857 -2.429622 5.665647
v -11.192921 -2.572537 7.554685
v -12.128857 -2.429622 5.665647
v -11.676022 -4.037777 5.949597
v -10.823788 -4.073514 7.660184
v -12.124828 0.768832 5.281141
v -12.283169 -0.835355 5.43987
v -11.280666 -1.053738 7.575399
v -12.124828 0.768832 5.281141
v -11.122318 0.49982 7.604978
v -10.71587 2.052371 7.653279
v -11.50053 2.411716 5.48129
v -10.71587 2.052371 7.653279
v -10.110737 3.502689 7.715398
v -10.746128 3.903751 5.721852
v -10.110737 3.502689 7.715398
v -9.24741 4.70386 7.871167
v -9.820271 5.13367 6.066922
v -9.24741 4.70386 7.871167
v -8.269108 5.8931 7.975682
v -8.802639 6.430119 6.342
v -8.269108 5.8931 7.975682
v -7.15163 6.985049 8.084134
v -6.351841 8.896945 6.578626
v -7.583294 7.618351 6.442563
v -7.15163 6.985049 8.084134
v -5.027607 10.055423 6.610173
v -6.351841 8.896945 6.578626
v -5.994816 8.116702 8.147229
v -3.512753 10.816806 6.613126
v -5.027607 10.055423 6.610173
v -4.777485 9.183841 8.190619
v -3.512753 10.816806 6.613126
v -3.376598 9.910495 8.233007
v -1.846615 10.374057 8.285269
v -1.884945 11.324069 6.837919
v -1.846615 10.374057 8.285269
v -0.273266 10.622226 8.445967
v 1.558275 11.923648 7.735112
v -0.198635 11.739017 7.288496
v -0.273266 10.622226 8.445967
v 3.321232 11.795596 7.910611
v 1.558275 11.923648 7.735112
v 1.318235 10.690738 8.641179
v 5.002499 11.372714 7.892865
v 3.321232 11.795596 7.910611
v 2.904697 10.589478 8.75456
v 6.541557 10.645084 7.725255
v 5.002499 11.372714 7.892865
v 4.458885 10.295657 8.800908
v 7.99892 9.768527 7.621732
v 6.541557 10.645084 7.725255
v 5.95155 9.777469 8.804846
v 9.368544 8.775851 7.631589
v 7.99892 9.768527 7.621732
v 7.363531 9.070682 8.797949
v 10.602009 7.584629 7.830747
v 9.368544 8.775851 7.631589
v 8.672638 8.186191 8.828511
v 11.669064 6.196841 8.122586
v 10.602009 7.584629 7.830747
v 9.854668 7.12598 8.920201
v 12.497089 4.748538 8.085126
v 11.669064 6.196841 8.122586
v 10.8955 5.908969 9.03851
v 13.320072 3.363711 7.782445
v 12.497089 4.748538 8.085126
v 11.765884 4.629398 9.035549
v 13.861668 1.866733 7.906667
v 13.320072 3.363711 7.782445
v 12.470867 3.255527 9.007947
v 13.861668 1.866733 7.906667
v 12.958 1.79227 8.975414
v 13.210138 0.234775 9.031614
v 14.085566 0.240726 8.014135
v 13.210138 0.234775 9.031614
v 13.127438 -1.293973 9.105558
v 13.877804 -1.339627 8.089063
v 13.127438 -1.293973 9.105558
v 12.829912 -2.851498 9.219921
v 13.498585 -2.965665 8.217237
v 12.829912 -2.851498 9.219921
v 12.302437 -4.367337 9.363866
v 12.969093 -4.539059 8.433149
v 12.302437 -4.367337 9.363866
v 11.796141 -5.857358 9.437809
v 12.639296 -6.279263 8.851185
v 11.796141 -5.857358 9.437809
v 11.175877 -7.266964 9.374714
v 10.961056 -9.278165 8.435124
v 11.738653 -7.65414 8.64217
v 11.175877 -7.266964 9.374714
v 9.930309 -10.61929 8.179769
v 10.961056 -9.278165 8.435124
v 10.359955 -8.629941 9.172596
v 9.930309 -10.61929 8.179769
v 9.360474 -9.80029 8.991192
v 8.110872 -10.787015 8.96555
v 8.675665 -11.710233 8.114697
v 8.110872 -10.787015 8.96555
v 6.775541 -11.458097 8.941891
v 7.265699 -12.39816 8.119625
v 6.775541 -11.458097 8.941891
v 5.317167 -12.120206 8.864002
v 5.683275 -13.222075 8.022022
v 5.317167 -12.120206 8.864002
v 3.857784 -12.633451 8.813717
v 4.033274 -13.562589 7.948071
v 3.857784 -12.633451 8.813717
v 2.252161 -12.907437 8.816677
v 2.050451 -15.989713 7.662151
v 2.252161 -12.907437 8.816677
v 0.655613 -12.987851 8.741749
v -1.843594 -15.862638 7.01933
v 0.07872 -15.906339 7.433423
v 0.655613 -12.987851 8.741749
v -3.753799 -15.07446 6.664395
v -1.843594 -15.862638 7.01933
v -0.885464 -12.919309 8.607662
v -5.635769 -14.551297 6.249317
v -3.753799 -15.07446 6.664395
v -2.501171 -12.656247 8.459767
v -7.333172 -13.64993 5.747478
v -5.635769 -14.551297 6.249317
v -3.97871 -12.190671 8.372021
v -7.333172 -13.64993 5.747478
v -5.376568 -11.493832 8.207379
v -6.637264 -10.52197 7.966801
v -8.369968 -9.688138 6.477071
v -8.774395 -12.286008 5.215084
v -6.637264 -10.52197 7.966801
v -9.410801 -8.426419 6.061009
v -8.369968 -9.688138 6.477071
v -7.726505 -9.341672 7.803144
v -10.470791 -7.120052 5.888471
v -9.410801 -8.426419 6.061009
v -8.780453 -8.174283 7.605961
v -11.292767 -5.601254 5.745511
v -10.470791 -7.120052 5.888471
v -9.709332 -6.944333 7.527081
v -11.676022 -4.037777 5.949597
v -11.292767 -5.601254 5.745511
v -10.464741 -5.558559 7.451169
v 13.306961 -10.055447 8.624424
v 12.862186 -8.462155 8.769352
v 11.942383 -12.14404 7.998356
v 14.377041 -8.380765 8.486393
v 13.511696 -6.665401 8.833439
v 12.862186 -8.462155 8.769352
v 15.562094 -6.638577 7.877094
v 14.238867 -4.913327 8.248783
v 13.511696 -6.665401 8.833439
v 16.602926 -4.826962 7.623708
v 14.895439 -3.21481 7.847509
v 14.238867 -4.913327 8.248783
v 17.325054 -2.884244 7.585256
v 15.225237 -1.439908 7.63751
v 14.895439 -3.21481 7.847509
v 17.85858 -0.945554 7.611875
v 15.392658 0.246677 7.53201
v 15.225237 -1.439908 7.63751
v 17.85858 -0.945554 7.611875
v 17.458183 0.892917 7.486661
v 15.25045 1.900485 7.462995
v 17.458183 0.892917 7.486661
v 16.748158 2.63309 6.807355
v 14.59993 3.456058 7.135671
v 16.748158 2.63309 6.807355
v 15.601429 4.423892 7.448209
v 13.708366 4.979832 7.735112
v 15.601429 4.423892 7.448209
v 14.639265 6.480746 7.74497
v 12.865211 6.680271 7.881032
v 14.639265 6.480746 7.74497
v 13.652895 8.423434 7.515256
v 11.800175 8.310275 7.662152
v 4.033274 -13.562589 7.948071
v 4.192625 -16.073084 7.970746
v 6.229912 -15.048642 8.099911
v 5.683275 -13.222075 8.022022
v 6.229912 -15.048642 8.099911
v 8.079607 -14.246552 8.326673
v 7.265699 -12.39816 8.119625
v 8.079607 -14.246552 8.326673
v 9.83147 -13.919949 8.201458
v 8.675665 -11.710233 8.114697
v 9.83147 -13.919949 8.201458
v 11.342289 -12.874661 8.38879
v 10.961056 -9.278165 8.435124
v 9.930309 -10.61929 8.179769
v 11.342289 -12.874661 8.38879
v 10.961056 -9.278165 8.435124
v 11.942383 -12.14404 7.998356
v 12.862186 -8.462155 8.769352
v 11.738653 -7.65414 8.64217
v 12.862186 -8.462155 8.769352
v 13.511696 -6.665401 8.833439
v 12.639296 -6.279263 8.851185
v 13.511696 -6.665401 8.833439
v 14.238867 -4.913327 8.248783
v 12.969093 -4.539059 8.433149
v 14.238867 -4.913327 8.248783
v 14.895439 -3.21481 7.847509
v 13.498585 -2.965665 8.217237
v 14.895439 -3.21481 7.847509
v 15.225237 -1.439908 7.63751
v 13.877804 -1.339627 8.089063
v 15.225237 -1.439908 7.63751
v 15.392658 0.246677 7.53201
v 13.861668 1.866733 7.906667
v 14.085566 0.240726 8.014135
v 15.392658 0.246677 7.53201
v 13.320072 3.363711 7.782445
v 13.861668 1.866733 7.906667
v 15.25045 1.900485 7.462995
v 12.497089 4.748538 8.085126
v 13.320072 3.363711 7.782445
v 14.59993 3.456058 7.135671
v 11.669064 6.196841 8.122586
v 12.497089 4.748538 8.085126
v 13.708366 4.979832 7.735112
v 10.602009 7.584629 7.830747
v 11.669064 6.196841 8.122586
v 12.865211 6.680271 7.881032
v 9.368544 8.775851 7.631589
v 10.602009 7.584629 7.830747
v 11.800175 8.310275 7.662152
v 7.99892 9.768527 7.621732
v 9.368544 8.775851 7.631589
v 11.945408 9.619632 6.416928
v 6.541557 10.645084 7.725255
v 7.99892 9.768527 7.621732
v 10.236912 10.828708 6.315381
v 5.002499 11.372714 7.892865
v 6.541557 10.645084 7.725255
v 8.567747 12.737674 7.035108
v 3.321232 11.795596 7.910611
v 5.002499 11.372714 7.892865
v 6.130064 13.099977 7.141584
v 1.558275 11.923648 7.735112
v 3.321232 11.795596 7.910611
v 4.02117 13.728366 7.825819
v -0.198635 11.739017 7.288496
v 1.558275 11.923648 7.735112
v 1.965731 13.840549 7.442297
v -0.198635 11.739017 7.288496
v -0.044323 13.926913 6.672285
v -1.990841 13.896121 5.755369
v -1.884945 11.324069 6.837919
v -1.990841 13.896121 5.755369
v -3.923237 13.531802 5.176634
v -5.027607 10.055423 6.610173
v -3.512753 10.816806 6.613126
v -3.923237 13.531802 5.176634
v -6.351841 8.896945 6.578626
v -5.027607 10.055423 6.610173
v -5.735615 12.546082 5.098745
v -7.583294 7.618351 6.442563
v -6.351841 8.896945 6.578626
v -7.31905 11.012362 5.016912
v -7.583294 7.618351 6.442563
v -8.860126 9.553102 4.627469
v -10.374981 8.170322 4.352391
v -8.802639 6.430119 6.342
v -10.374981 8.170322 4.352391
v -11.665928 6.73685 3.686894
v -9.820271 5.13367 6.066922
v -11.665928 6.73685 3.686894
v -12.872166 5.376865 2.97012
v -10.746128 3.903751 5.721852
v -12.872166 5.376865 2.97012
v -13.83736 3.664494 2.315465
v -11.50053 2.411716 5.48129
v -13.83736 3.664494 2.315465
v -14.708752 1.700962 1.80969
v -12.283169 -0.835355 5.43987
v -12.124828 0.768832 5.281141
v -14.708752 1.700962 1.80969
v -12.128857 -2.429622 5.665647
v -12.283169 -0.835355 5.43987
v -15.141422 -0.170254 2.03053
v -11.676022 -4.037777 5.949597
v -12.128857 -2.429622 5.665647
v -15.011318 -2.305507 2.387441
v -11.292767 -5.601254 5.745511
v -11.676022 -4.037777 5.949597
v -14.866085 -4.001035 2.568845
v -10.470791 -7.120052 5.888471
v -11.292767 -5.601254 5.745511
v -14.274067 -5.744198 2.873502
v -9.410801 -8.426419 6.061009
v -10.470791 -7.120052 5.888471
v -13.146496 -7.696805 3.356603
v -8.369968 -9.688138 6.477071
v -9.410801 -8.426419 6.061009
v -11.888828 -9.352596 3.820981
v -8.774395 -12.286008 5.215084
v -8.369968 -9.688138 6.477071
v -10.349766 -10.636136 4.783246
v -5.817307 -2.594418 12.510953
v -4.468868 -2.423642 12.779126
v -5.876812 -1.681119 12.510953
v -5.635769 -3.495755 12.510952
v -4.320606 -3.14932 12.781101
v -5.817307 -2.594418 12.510953
v -4.517277 -1.681119 12.778142
v -4.466846 -0.94357 12.777158
v -5.876812 -1.681119 12.510953
v -4.466846 -0.94357 12.777158
v -4.319599 -0.215909 12.777158
v -5.815289 -0.76785 12.513913
v -4.319599 -0.215909 12.777158
v -4.076534 0.487918 12.779126
v -5.632744 0.124576 12.525739
v -4.076534 0.487918 12.779126
v -3.742702 1.151004 12.783071
v -5.333199 0.993167 12.536588
v -3.742702 1.151004 12.783071
v -3.321125 1.768466 12.785039
v -4.919689 1.810153 12.547429
v -3.321125 1.768466 12.785039
v -2.821892 2.324374 12.785039
v -4.400284 2.571567 12.554334
v -2.821892 2.324374 12.785039
v -2.253063 2.810794 12.783072
v -3.785065 3.255527 12.555318
v -3.084118 3.862033 12.549398
v -2.253063 2.810794 12.783072
v -2.308537 4.369327 12.53954
v -2.308537 4.369327 12.53954
v -1.626751 3.224734 12.777158
v -1.472443 4.776309 12.526723
v -1.472443 4.776309 12.526723
v -0.950008 3.55231 12.773206
v -0.589954 5.070132 12.515882
v -0.589954 5.070132 12.515882
v -0.233932 3.793552 12.77123
v 0.321781 5.254764 12.513913
v 0.321781 5.254764 12.513913
v 0.506348 3.935489 12.772223
v 1.251673 5.313357 12.514898
v 1.259741 3.989108 12.776166
v 2.011116 3.940463 12.777158
v 1.251673 5.313357 12.514898
v 2.179544 5.254764 12.518842
v 2.011116 3.940463 12.777158
v 3.093298 5.079074 12.522786
v 3.093298 5.079074 12.522786
v 2.751398 3.795535 12.781102
v 3.975786 4.787234 12.526723
v 3.466463 3.559268 12.784055
v 4.143208 3.231662 12.787015
v 3.975786 4.787234 12.526723
v 4.809862 4.380222 12.530667
v 4.143208 3.231662 12.787015
v 5.584435 3.879886 12.533628
v 4.770529 2.821689 12.79096
v 5.339355 2.336276 12.793912
v 5.584435 3.879886 12.533628
v 5.339355 2.336276 12.793912
v 5.836575 1.779391 12.796872
v 6.285383 3.27634 12.53954
v 5.836575 1.779391 12.796872
v 6.254118 1.159946 12.800817
v 6.897577 2.59238 12.5425
v 6.254118 1.159946 12.800817
v 6.586941 0.49982 12.801801
v 7.413958 1.82999 12.545461
v 6.586941 0.49982 12.801801
v 6.827986 -0.206967 12.804761
v 7.824442 1.00806 12.548412
v 6.827986 -0.206967 12.804761
v 6.974226 -0.932614 12.805745
v 8.121965 0.143466 12.549398
v 6.974226 -0.932614 12.805745
v 7.02062 -1.675168 12.806728
v 8.302496 -0.751981 12.550388
v 7.02062 -1.675168 12.806728
v 6.972212 -2.416684 12.808706
v 8.363012 -1.667233 12.551373
v 6.972212 -2.416684 12.808706
v 6.821936 -3.143338 12.808705
v 8.302496 -2.580502 12.552358
v 6.821936 -3.143338 12.808705
v 6.579882 -3.846188 12.807714
v 8.119949 -3.481839 12.552358
v 6.579882 -3.846188 12.807714
v 6.244032 -4.516232 12.808705
v 7.820408 -4.349454 12.551373
v 7.406898 -5.174405 12.550388
v 6.244032 -4.516232 12.808705
v 6.887491 -5.940762 12.552358
v 6.887491 -5.940762 12.552358
v 5.824472 -5.133695 12.808705
v 6.271261 -6.635617 12.554334
v 6.271261 -6.635617 12.554334
v 5.326244 -5.694547 12.808705
v 5.568298 -7.242123 12.556301
v 5.568298 -7.242123 12.556301
v 4.757418 -6.187924 12.80969
v 4.792719 -7.751401 12.554334
v 4.792719 -7.751401 12.554334
v 4.130095 -6.602841 12.808705
v 3.958639 -8.158383 12.554334
v 3.958639 -8.158383 12.554334
v 3.45537 -6.929471 12.807714
v 3.074137 -8.457211 12.553341
v 3.074137 -8.457211 12.553341
v 2.741312 -7.172665 12.805744
v 2.156347 -8.637877 12.550388
v 2.156347 -8.637877 12.550388
v 2.003048 -7.31857 12.805744
v 1.226458 -8.696439 12.547428
v 1.226458 -8.696439 12.547428
v 1.251673 -7.366238 12.801801
v 0.299595 -8.636868 12.544468
v 0.299595 -8.636868 12.544468
v 0.501308 -7.31857 12.800817
v -0.616177 -8.456235 12.537571
v -0.238976 -7.172665 12.798847
v -0.952026 -6.929471 12.794904
v -0.616177 -8.456235 12.537571
v -1.494633 -8.161374 12.533628
v -0.952026 -6.929471 12.794904
v -2.322659 -7.750394 12.533628
v -2.322659 -7.750394 12.533628
v -1.630787 -6.602841 12.792928
v -3.094204 -7.241147 12.530666
v -3.094204 -7.241147 12.530666
v -2.258106 -6.187924 12.791944
v -3.79414 -6.635617 12.525739
v -3.79414 -6.635617 12.525739
v -2.826935 -5.698514 12.789974
v -4.407345 -5.945706 12.519826
v -4.407345 -5.945706 12.519826
v -3.324154 -5.138669 12.786031
v -4.925743 -5.1853 12.513912
v -4.925743 -5.1853 12.513912
v -3.744724 -4.5202 12.784055
v -5.336224 -4.360379 12.511936
v -5.336224 -4.360379 12.511936
v -4.079563 -3.854092 12.782086
v -5.635769 -3.495755 12.510952
v -5.336224 -4.360379 12.511936
v -6.51321 -4.818021 11.890804
v -4.925743 -5.1853 12.513912
v -5.635769 -3.495755 12.510952
v -6.849064 -3.805478 11.90559
v -5.336224 -4.360379 12.511936
v -4.925743 -5.1853 12.513912
v -6.052303 -5.778928 11.881931
v -4.407345 -5.945706 12.519826
v -4.407345 -5.945706 12.519826
v -5.45826 -6.671353 11.883901
v -3.79414 -6.635617 12.525739
v -3.79414 -6.635617 12.525739
v -4.744205 -7.479398 11.89771
v -3.094204 -7.241147 12.530666
v -3.094204 -7.241147 12.530666
v -3.92223 -8.192136 11.915447
v -2.322659 -7.750394 12.533628
v -2.322659 -7.750394 12.533628
v -3.02663 -8.790738 11.923336
v -1.494633 -8.161374 12.533628
v -1.494633 -8.161374 12.533628
v -2.064465 -9.268216 11.926296
v -0.616177 -8.456235 12.537571
v -0.616177 -8.456235 12.537571
v -1.038761 -9.617642 11.939115
v 0.299595 -8.636868 12.544468
v 0.299595 -8.636868 12.544468
v 0.045437 -9.830075 11.954885
v 1.226458 -8.696439 12.547428
v 1.226458 -8.696439 12.547428
v 1.122576 -9.908505 11.967701
v 2.156347 -8.637877 12.550388
v 2.156347 -8.637877 12.550388
v 2.219887 -9.836026 11.980526
v 3.074137 -8.457211 12.553341
v 3.074137 -8.457211 12.553341
v 3.305096 -9.628568 11.987423
v 3.958639 -8.158383 12.554334
v 3.958639 -8.158383 12.554334
v 4.350969 -9.282132 11.992352
v 4.792719 -7.751401 12.554334
v 4.792719 -7.751401 12.554334
v 5.334312 -8.80264 11.995313
v 5.568298 -7.242123 12.556301
v 5.568298 -7.242123 12.556301
v 6.248066 -8.204068 11.996296
v 6.271261 -6.635617 12.554334
v 6.271261 -6.635617 12.554334
v 7.087187 -7.488339 11.987424
v 6.887491 -5.940762 12.552358
v 6.887491 -5.940762 12.552358
v 7.816374 -6.674313 11.983479
v 7.406898 -5.174405 12.550388
v 7.406898 -5.174405 12.550388
v 8.417473 -5.781918 11.990383
v 7.820408 -4.349454 12.551373
v 8.892504 -4.816007 12.001225
v 9.244492 -3.796536 12.00517
v 7.820408 -4.349454 12.551373
v 9.244492 -3.796536 12.00517
v 9.467381 -2.74133 11.996297
v 8.119949 -3.481839 12.552358
v 9.467381 -2.74133 11.996297
v 9.554117 -1.663266 11.983479
v 8.302496 -2.580502 12.552358
v 9.554117 -1.663266 11.983479
v 9.494614 -0.589169 11.969669
v 8.363012 -1.667233 12.551373
v 9.494614 -0.589169 11.969669
v 9.284834 0.46506 11.967702
v 8.302496 -0.751981 12.550388
v 9.284834 0.46506 11.967702
v 8.937889 1.477634 11.964742
v 8.121965 0.143466 12.549398
v 8.937889 1.477634 11.964742
v 8.457815 2.437534 11.961789
v 7.824442 1.00806 12.548412
v 8.457815 2.437534 11.961789
v 7.851673 3.326999 11.958829
v 7.413958 1.82999 12.545461
v 7.851673 3.326999 11.958829
v 7.13257 4.131076 11.956861
v 6.897577 2.59238 12.5425
v 7.13257 4.131076 11.956861
v 6.310596 4.835849 11.951924
v 6.285383 3.27634 12.53954
v 5.584435 3.879886 12.533628
v 6.310596 4.835849 11.951924
v 4.809862 4.380222 12.530667
v 5.402893 5.429507 11.948972
v 4.421568 5.902011 11.945028
v 4.809862 4.380222 12.530667
v 3.975786 4.787234 12.526723
v 4.421568 5.902011 11.945028
v 3.093298 5.079074 12.522786
v 3.381744 6.240512 11.942067
v 2.310658 6.450961 11.93714
v 3.093298 5.079074 12.522786
v 2.179544 5.254764 12.518842
v 2.310658 6.450961 11.93714
v 1.251673 5.313357 12.514898
v 1.219398 6.51749 11.93221
v 0.131165 6.446994 11.928267
v 1.251673 5.313357 12.514898
v 0.321781 5.254764 12.513913
v 0.131165 6.446994 11.928267
v -0.589954 5.070132 12.515882
v -0.589954 5.070132 12.515882
v -0.932865 6.235568 11.940099
v -1.472443 4.776309 12.526723
v -1.472443 4.776309 12.526723
v -1.966633 5.891116 11.958829
v -2.308537 4.369327 12.53954
v -2.308537 4.369327 12.53954
v -2.951996 5.410617 11.976583
v -3.084118 3.862033 12.549398
v -3.084118 3.862033 12.549398
v -3.863731 4.817996 11.993344
v -3.785065 3.255527 12.555318
v -4.687725 4.109195 12.001226
v -5.407833 3.305148 11.998273
v -3.785065 3.255527 12.555318
v -5.407833 3.305148 11.998273
v -6.014988 2.41373 11.982494
v -4.400284 2.571567 12.554334
v -6.014988 2.41373 11.982494
v -6.493038 1.452792 11.971645
v -4.919689 1.810153 12.547429
v -6.493038 1.452792 11.971645
v -6.842007 0.439273 11.951923
v -5.333199 0.993167 12.536588
v -6.842007 0.439273 11.951923
v -7.055813 -0.614987 11.926296
v -5.632744 0.124576 12.525739
v -7.055813 -0.614987 11.926296
v -7.128429 -1.681119 11.911512
v -5.815289 -0.76785 12.513913
v -5.876812 -1.681119 12.510953
v -7.128429 -1.681119 11.911512
v -5.817307 -2.594418 12.510953
v -5.817307 -2.594418 12.510953
v -7.059849 -2.751218 11.90855
v -5.635769 -3.495755 12.510952
v -7.904011 -4.062589 11.076428
v -6.849064 -3.805478 11.90559
v -8.125896 -2.884244 11.099102
v -8.19952 -1.679135 11.114881
v -8.125896 -2.884244 11.099102
v -7.128429 -1.681119 11.911512
v -8.118839 -0.47598 11.144452
v -8.19952 -1.679135 11.114881
v -7.055813 -0.614987 11.926296
v -7.888889 0.71326 11.165157
v -8.118839 -0.47598 11.144452
v -6.842007 0.439273 11.951923
v -7.503613 1.860782 11.18192
v -7.888889 0.71326 11.165157
v -6.493038 1.452792 11.971645
v -6.971096 2.949771 11.188826
v -7.503613 1.860782 11.18192
v -6.014988 2.41373 11.982494
v -6.286289 3.950412 11.210515
v -6.971096 2.949771 11.188826
v -5.407833 3.305148 11.998273
v -5.473392 4.86069 11.222342
v -6.286289 3.950412 11.210515
v -4.687725 4.109195 12.001226
v -5.473392 4.86069 11.222342
v -4.687725 4.109195 12.001226
v -4.539463 5.650882 11.222342
v -4.539463 5.650882 11.222342
v -3.863731 4.817996 11.993344
v -3.509727 6.318942 11.208539
v -3.509727 6.318942 11.208539
v -2.951996 5.410617 11.976583
v -2.391239 6.850009 11.196714
v -2.391239 6.850009 11.196714
v -1.966633 5.891116 11.958829
v -1.230389 7.243137 11.171071
v -1.230389 7.243137 11.171071
v -0.932865 6.235568 11.940099
v -0.031216 7.48038 11.156285
v 1.19116 7.553836 11.167128
v -0.031216 7.48038 11.156285
v 1.219398 6.51749 11.93221
v 1.19116 7.553836 11.167128
v 1.219398 6.51749 11.93221
v 2.421598 7.47742 11.182912
v 3.631868 7.241153 11.195723
v 2.421598 7.47742 11.182912
v 3.381744 6.240512 11.942067
v 4.806837 6.856967 11.200658
v 3.631868 7.241153 11.195723
v 4.421568 5.902011 11.945028
v 5.919275 6.327884 11.199666
v 4.806837 6.856967 11.200658
v 5.402893 5.429507 11.948972
v 6.948006 5.662784 11.194738
v 5.919275 6.327884 11.199666
v 6.310596 4.835849 11.951924
v 7.872852 4.866641 11.202626
v 6.948006 5.662784 11.194738
v 7.13257 4.131076 11.956861
v 8.682724 3.965274 11.205587
v 7.872852 4.866641 11.202626
v 7.851673 3.326999 11.958829
v 9.366526 2.960696 11.206572
v 8.682724 3.965274 11.205587
v 8.457815 2.437534 11.961789
v 9.910139 1.882632 11.205587
v 9.366526 2.960696 11.206572
v 8.937889 1.477634 11.964742
v 10.302467 0.741031 11.205587
v 9.910139 1.882632 11.205587
v 9.284834 0.46506 11.967702
v 10.523342 -0.452176 11.234174
v 10.302467 0.741031 11.205587
v 9.494614 -0.589169 11.969669
v 10.567719 -1.674191 11.280515
v 10.523342 -0.452176 11.234174
v 9.554117 -1.663266 11.983479
v 10.449717 -2.893185 11.325864
v 10.567719 -1.674191 11.280515
v 9.467381 -2.74133 11.996297
v 10.184465 -4.087369 11.346569
v 10.449717 -2.893185 11.325864
v 9.244492 -3.796536 12.00517
v 9.786085 -5.235928 11.33572
v 10.184465 -4.087369 11.346569
v 8.892504 -4.816007 12.001225
v 9.25256 -6.314999 11.30911
v 9.786085 -5.235928 11.33572
v 8.417473 -5.781918 11.990383
v 9.25256 -6.314999 11.30911
v 8.417473 -5.781918 11.990383
v 8.578842 -7.323544 11.285442
v 8.578842 -7.323544 11.285442
v 7.816374 -6.674313 11.983479
v 7.759893 -8.235806 11.277561
v 7.759893 -8.235806 11.277561
v 7.087187 -7.488339 11.987424
v 6.795712 -9.041898 11.297276
v 6.795712 -9.041898 11.297276
v 6.248066 -8.204068 11.996296
v 5.760933 -9.713956 11.287418
v 5.760933 -9.713956 11.287418
v 5.334312 -8.80264 11.995313
v 4.650511 -10.243073 11.273609
v 4.650511 -10.243073 11.273609
v 4.350969 -9.282132 11.992352
v 3.470499 -10.637143 11.258816
v 3.470499 -10.637143 11.258816
v 3.305096 -9.628568 11.987423
v 2.242075 -10.871396 11.236141
v 2.242075 -10.871396 11.236141
v 2.219887 -9.836026 11.980526
v 0.997515 -10.944852 11.206571
v 0.997515 -10.944852 11.206571
v 1.122576 -9.908505 11.967701
v -0.205692 -10.859494 11.176006
v -0.205692 -10.859494 11.176006
v 0.045437 -9.830075 11.954885
v -1.439159 -10.616299 11.136562
v -1.439159 -10.616299 11.136562
v -1.038761 -9.617642 11.939115
v -2.584881 -10.215237 11.109951
v -2.584881 -10.215237 11.109951
v -2.064465 -9.268216 11.926296
v -3.663029 -9.674253 11.091213
v -3.663029 -9.674253 11.091213
v -3.02663 -8.790738 11.923336
v -4.689739 -9.007138 11.063603
v -4.689739 -9.007138 11.063603
v -3.92223 -8.192136 11.915447
v -5.644848 -8.226895 11.020229
v -5.644848 -8.226895 11.020229
v -4.744205 -7.479398 11.89771
v -6.44463 -7.307675 10.989667
v -6.44463 -7.307675 10.989667
v -5.45826 -6.671353 11.883901
v -7.079014 -6.290158 10.991634
v -7.079014 -6.290158 10.991634
v -6.052303 -5.778928 11.881931
v -7.549 -5.200192 11.031072
v -7.549 -5.200192 11.031072
v -6.51321 -4.818021 11.890804
v -7.904011 -4.062589 11.076428
v -7.549 -5.200192 11.031072
v -8.336681 -5.229977 10.170354
v -7.079014 -6.290158 10.991634
v -7.904011 -4.062589 11.076428
v -8.734058 -3.987119 10.218671
v -7.549 -5.200192 11.031072
v -7.079014 -6.290158 10.991634
v -7.844509 -6.41525 10.104298
v -6.44463 -7.307675 10.989667
v -6.44463 -7.307675 10.989667
v -7.243404 -7.571744 10.080639
v -5.644848 -8.226895 11.020229
v -5.644848 -8.226895 11.020229
v -6.36697 -8.576324 10.133877
v -4.689739 -9.007138 11.063603
v -4.689739 -9.007138 11.063603
v -5.272686 -9.395291 10.205853
v -3.663029 -9.674253 11.091213
v -3.663029 -9.674253 11.091213
v -4.12394 -10.121945 10.266973
v -2.584881 -10.215237 11.109951
v -2.584881 -10.215237 11.109951
v -2.949978 -10.715543 10.301487
v -1.439159 -10.616299 11.136562
v -1.439159 -10.616299 11.136562
v -1.708443 -11.14639 10.340923
v -0.205692 -10.859494 11.176006
v -0.205692 -10.859494 11.176006
v -0.357983 -11.417386 10.40205
v 0.997515 -10.944852 11.206571
v 0.997515 -10.944852 11.206571
v 0.948097 -11.508698 10.452328
v 2.242075 -10.871396 11.236141
v 2.242075 -10.871396 11.236141
v 2.311666 -11.426328 10.500645
v 3.470499 -10.637143 11.258816
v 3.470499 -10.637143 11.258816
v 3.657082 -11.166226 10.535153
v 4.650511 -10.243073 11.273609
v 4.929882 -10.739407 10.569654
v 6.152254 -10.169583 10.595295
v 4.650511 -10.243073 11.273609
v 6.152254 -10.169583 10.595295
v 7.280828 -9.456815 10.615009
v 5.760933 -9.713956 11.287418
v 6.795712 -9.041898 11.297276
v 7.280828 -9.456815 10.615009
v 7.759893 -8.235806 11.277561
v 7.759893 -8.235806 11.277561
v 8.351917 -8.578305 10.589382
v 8.578842 -7.323544 11.285442
v 8.578842 -7.323544 11.285442
v 9.226336 -7.59158 10.6367
v 9.25256 -6.314999 11.30911
v 9.958548 -6.501614 10.69093
v 10.53746 -5.327268 10.745153
v 9.25256 -6.314999 11.30911
v 10.53746 -5.327268 10.745153
v 10.982235 -4.07449 10.761913
v 9.786085 -5.235928 11.33572
v 10.982235 -4.07449 10.761913
v 11.297913 -2.762143 10.717548
v 10.184465 -4.087369 11.346569
v 11.297913 -2.762143 10.717548
v 11.452221 -1.420041 10.632755
v 10.449717 -2.893185 11.325864
v 11.452221 -1.420041 10.632755
v 11.410872 -0.079923 10.562757
v 10.567719 -1.674191 11.280515
v 11.410872 -0.079923 10.562757
v 11.17487 1.226443 10.521352
v 10.523342 -0.452176 11.234174
v 11.17487 1.226443 10.521352
v 10.738163 2.465335 10.546979
v 10.302467 0.741031 11.205587
v 10.738163 2.465335 10.546979
v 10.145132 3.643649 10.550924
v 9.910139 1.882632 11.205587
v 10.145132 3.643649 10.550924
v 9.400818 4.733615 10.551908
v 9.366526 2.960696 11.206572
v 9.400818 4.733615 10.551908
v 8.517321 5.727298 10.548956
v 8.682724 3.965274 11.205587
v 8.517321 5.727298 10.548956
v 7.514814 6.593906 10.529234
v 7.872852 4.866641 11.202626
v 7.514814 6.593906 10.529234
v 6.389263 7.322543 10.535154
v 6.948006 5.662784 11.194738
v 6.389263 7.322543 10.535154
v 5.172943 7.902286 10.538107
v 5.919275 6.327884 11.199666
v 5.172943 7.902286 10.538107
v 3.893085 8.322177 10.524305
v 4.806837 6.856967 11.200658
v 3.893085 8.322177 10.524305
v 2.572884 8.582278 10.491774
v 3.631868 7.241153 11.195723
v 2.421598 7.47742 11.182912
v 2.572884 8.582278 10.491774
v 1.19116 7.553836 11.167128
v 1.230494 8.66965 10.45233
v -0.103832 8.593204 10.423742
v 1.19116 7.553836 11.167128
v -0.031216 7.48038 11.156285
v -0.103832 8.593204 10.423742
v -1.230389 7.243137 11.171071
v -1.230389 7.243137 11.171071
v -1.415962 8.343019 10.425711
v -2.391239 6.850009 11.196714
v -2.391239 6.850009 11.196714
v -2.678677 7.921115 10.459233
v -3.509727 6.318942 11.208539
v -3.509727 6.318942 11.208539
v -3.905083 7.349338 10.448384
v -4.539463 5.650882 11.222342
v -4.539463 5.650882 11.222342
v -5.021557 6.596896 10.441487
v -5.473392 4.86069 11.222342
v -6.025074 5.706454 10.425711
v -6.931759 4.742557 10.400083
v -5.473392 4.86069 11.222342
v -6.931759 4.742557 10.400083
v -7.699276 3.672458 10.366552
v -6.286289 3.950412 11.210515
v -7.699276 3.672458 10.366552
v -8.287266 2.489169 10.359655
v -6.971096 2.949771 11.188826
v -8.287266 2.489169 10.359655
v -8.707829 1.234409 10.338947
v -7.503613 1.860782 11.18192
v -8.707829 1.234409 10.338947
v -8.951908 -0.075955 10.335004
v -7.888889 0.71326 11.165157
v -8.951908 -0.075955 10.335004
v -9.045696 -1.389279 10.288671
v -8.118839 -0.47598 11.144452
v -9.045696 -1.389279 10.288671
v -8.971066 -2.70361 10.258101
v -8.19952 -1.679135 11.114881
v -8.125896 -2.884244 11.099102
v -8.971066 -2.70361 10.258101
v -7.904011 -4.062589 11.076428
v -10.099644 -1.342587 9.256397
v -10.028034 -2.790921 9.209081
v -9.045696 -1.389279 10.288671
v -8.971066 -2.70361 10.258101
v -10.028034 -2.790921 9.209081
v -8.734058 -3.987119 10.218671
v -9.968533 0.102756 9.337247
v -10.099644 -1.342587 9.256397
v -8.951908 -0.075955 10.335004
v -9.687145 1.553073 9.33823
v -9.968533 0.102756 9.337247
v -8.707829 1.234409 10.338947
v -9.201015 2.940829 9.352033
v -9.687145 1.553073 9.33823
v -8.287266 2.489169 10.359655
v -8.478886 4.156864 9.380634
v -9.201015 2.940829 9.352033
v -7.699276 3.672458 10.366552
v -7.608509 5.302433 9.427953
v -8.478886 4.156864 9.380634
v -6.931759 4.742557 10.400083
v -6.577763 6.322909 9.481198
v -7.608509 5.302433 9.427953
v -6.025074 5.706454 10.425711
v -5.021557 6.596896 10.441487
v -5.49255 7.344364 9.51866
v -6.025074 5.706454 10.425711
v -3.905083 7.349338 10.448384
v -4.316574 8.265594 9.559079
v -5.021557 6.596896 10.441487
v -2.678677 7.921115 10.459233
v -2.980236 8.906863 9.593596
v -3.905083 7.349338 10.448384
v -1.415962 8.343019 10.425711
v -1.577332 9.363498 9.572882
v -2.678677 7.921115 10.459233
v -0.103832 8.593204 10.423742
v -0.119968 9.582919 9.535421
v -1.415962 8.343019 10.425711
v 1.355553 9.633517 9.58965
v -0.119968 9.582919 9.535421
v 1.230494 8.66965 10.45233
v 2.572884 8.582278 10.491774
v 2.83309 9.562045 9.688246
v 1.230494 8.66965 10.45233
v 3.893085 8.322177 10.524305
v 4.282387 9.313876 9.814436
v 2.572884 8.582278 10.491774
v 5.172943 7.902286 10.538107
v 5.684282 8.841342 9.842047
v 3.893085 8.322177 10.524305
v 7.013561 8.198093 9.844999
v 5.684282 8.841342 9.842047
v 6.389263 7.322543 10.535154
v 8.247026 7.391025 9.854856
v 7.013561 8.198093 9.844999
v 7.514814 6.593906 10.529234
v 9.347364 6.424167 9.901204
v 8.247026 7.391025 9.854856
v 8.517321 5.727298 10.548956
v 10.317595 5.329227 9.920919
v 9.347364 6.424167 9.901204
v 9.400818 4.733615 10.551908
v 11.133518 4.125095 9.936689
v 10.317595 5.329227 9.920919
v 10.145132 3.643649 10.550924
v 11.786057 2.825687 9.93176
v 11.133518 4.125095 9.936689
v 10.738163 2.465335 10.546979
v 12.263103 1.461734 9.8943
v 11.786057 2.825687 9.93176
v 11.17487 1.226443 10.521352
v 12.516251 0.018375 9.948522
v 12.263103 1.461734 9.8943
v 11.410872 -0.079923 10.562757
v 12.53138 -1.459744 10.047115
v 12.516251 0.018375 9.948522
v 11.452221 -1.420041 10.632755
v 12.296385 -2.926938 10.157537
v 12.53138 -1.459744 10.047115
v 11.297913 -2.762143 10.717548
v 11.875816 -4.36633 10.244298
v 12.296385 -2.926938 10.157537
v 10.982235 -4.07449 10.761913
v 10.53746 -5.327268 10.745153
v 11.424992 -5.778928 10.243313
v 10.982235 -4.07449 10.761913
v 9.958548 -6.501614 10.69093
v 10.811789 -7.08035 10.171337
v 10.53746 -5.327268 10.745153
v 9.226336 -7.59158 10.6367
v 10.000908 -8.273557 10.06683
v 9.958548 -6.501614 10.69093
v 8.351917 -8.578305 10.589382
v 9.043787 -9.343655 9.961338
v 9.226336 -7.59158 10.6367
v 7.862766 -10.295651 9.975141
v 9.043787 -9.343655 9.961338
v 7.280828 -9.456815 10.615009
v 6.60207 -11.039182 9.939648
v 7.862766 -10.295651 9.975141
v 6.152254 -10.169583 10.595295
v 5.251612 -11.640744 9.88937
v 6.60207 -11.039182 9.939648
v 4.929882 -10.739407 10.569654
v 3.657082 -11.166226 10.535153
v 3.879972 -12.105344 9.827252
v 4.929882 -10.739407 10.569654
v 2.311666 -11.426328 10.500645
v 2.380247 -12.392209 9.781902
v 3.657082 -11.166226 10.535153
v 0.948097 -11.508698 10.452328
v 0.88254 -12.487515 9.704014
v 2.311666 -11.426328 10.500645
v -0.357983 -11.417386 10.40205
v -0.550621 -12.397183 9.618237
v 0.948097 -11.508698 10.452328
v -1.708443 -11.14639 10.340923
v -2.044292 -12.116241 9.519642
v -0.357983 -11.417386 10.40205
v -2.949978 -10.715543 10.301487
v -3.406857 -11.646695 9.462461
v -1.708443 -11.14639 10.340923
v -4.12394 -10.121945 10.266973
v -4.694782 -10.987546 9.387531
v -2.949978 -10.715543 10.301487
v -5.272686 -9.395291 10.205853
v -5.920185 -10.155698 9.266255
v -4.12394 -10.121945 10.266973
v -6.36697 -8.576324 10.133877
v -7.013454 -9.173917 9.165692
v -5.272686 -9.395291 10.205853
v -7.243404 -7.571744 10.080639
v -7.976627 -8.045224 9.064144
v -6.36697 -8.576324 10.133877
v -7.844509 -6.41525 10.104298
v -8.723972 -6.842099 9.066113
v -7.243404 -7.571744 10.080639
v -8.336681 -5.229977 10.170354
v -9.332134 -5.560544 9.111469
v -7.844509 -6.41525 10.104298
v -8.734058 -3.987119 10.218671
v -9.764805 -4.199551 9.171604
v -8.336681 -5.229977 10.170354
v -9.332134 -5.560544 9.111469
v -10.464741 -5.558559 7.451169
v -8.723972 -6.842099 9.066113
v -9.764805 -4.199551 9.171604
v -10.823788 -4.073514 7.660184
v -9.332134 -5.560544 9.111469
v -8.723972 -6.842099 9.066113
v -9.709332 -6.944333 7.527081
v -7.976627 -8.045224 9.064144
v -7.976627 -8.045224 9.064144
v -8.780453 -8.174283 7.605961
v -7.013454 -9.173917 9.165692
v -7.013454 -9.173917 9.165692
v -7.726505 -9.341672 7.803144
v -5.920185 -10.155698 9.266255
v -5.920185 -10.155698 9.266255
v -6.637264 -10.52197 7.966801
v -4.694782 -10.987546 9.387531
v -4.694782 -10.987546 9.387531
v -5.376568 -11.493832 8.207379
v -3.406857 -11.646695 9.462461
v -3.406857 -11.646695 9.462461
v -3.97871 -12.190671 8.372021
v -2.044292 -12.116241 9.519642
v -2.044292 -12.116241 9.519642
v -2.501171 -12.656247 8.459767
v -0.550621 -12.397183 9.618237
v -0.550621 -12.397183 9.618237
v -0.885464 -12.919309 8.607662
v 0.88254 -12.487515 9.704014
v 0.88254 -12.487515 9.704014
v 0.655613 -12.987851 8.741749
v 2.380247 -12.392209 9.781902
v 2.252161 -12.907437 8.816677
v 3.857784 -12.633451 8.813717
v 2.380247 -12.392209 9.781902
v 3.857784 -12.633451 8.813717
v 5.317167 -12.120206 8.864002
v 3.879972 -12.105344 9.827252
v 5.317167 -12.120206 8.864002
v 6.775541 -11.458097 8.941891
v 5.251612 -11.640744 9.88937
v 6.775541 -11.458097 8.941891
v 8.110872 -10.787015 8.96555
v 6.60207 -11.039182 9.939648
v 8.110872 -10.787015 8.96555
v 9.360474 -9.80029 8.991192
v 7.862766 -10.295651 9.975141
v 9.043787 -9.343655 9.961338
v 9.360474 -9.80029 8.991192
v 10.000908 -8.273557 10.06683
v 10.000908 -8.273557 10.06683
v 10.359955 -8.629941 9.172596
v 10.811789 -7.08035 10.171337
v 11.175877 -7.266964 9.374714
v 11.796141 -5.857358 9.437809
v 10.811789 -7.08035 10.171337
v 11.796141 -5.857358 9.437809
v 12.302437 -4.367337 9.363866
v 11.424992 -5.778928 10.243313
v 12.302437 -4.367337 9.363866
v 12.829912 -2.851498 9.219921
v 11.875816 -4.36633 10.244298
v 12.829912 -2.851498 9.219921
v 13.127438 -1.293973 9.105558
v 12.296385 -2.926938 10.157537
v 13.127438 -1.293973 9.105558
v 13.210138 0.234775 9.031614
v 12.53138 -1.459744 10.047115
v 13.210138 0.234775 9.031614
v 12.958 1.79227 8.975414
v 12.516251 0.018375 9.948522
v 12.958 1.79227 8.975414
v 12.470867 3.255527 9.007947
v 12.263103 1.461734 9.8943
v 11.786057 2.825687 9.93176
v 12.470867 3.255527 9.007947
v 11.133518 4.125095 9.936689
v 11.133518 4.125095 9.936689
v 11.765884 4.629398 9.035549
v 10.317595 5.329227 9.920919
v 10.317595 5.329227 9.920919
v 10.8955 5.908969 9.03851
v 9.347364 6.424167 9.901204
v 9.854668 7.12598 8.920201
v 8.672638 8.186191 8.828511
v 9.347364 6.424167 9.901204
v 8.672638 8.186191 8.828511
v 7.363531 9.070682 8.797949
v 8.247026 7.391025 9.854856
v 7.363531 9.070682 8.797949
v 5.95155 9.777469 8.804846
v 7.013561 8.198093 9.844999
v 5.684282 8.841342 9.842047
v 5.95155 9.777469 8.804846
v 4.282387 9.313876 9.814436
v 4.282387 9.313876 9.814436
v 4.458885 10.295657 8.800908
v 2.83309 9.562045 9.688246
v 2.83309 9.562045 9.688246
v 2.904697 10.589478 8.75456
v 1.355553 9.633517 9.58965
v 1.318235 10.690738 8.641179
v -0.273266 10.622226 8.445967
v 1.355553 9.633517 9.58965
v -0.273266 10.622226 8.445967
v -1.846615 10.374057 8.285269
v -0.119968 9.582919 9.535421
v -1.846615 10.374057 8.285269
v -3.376598 9.910495 8.233007
v -1.577332 9.363498 9.572882
v -2.980236 8.906863 9.593596
v -3.376598 9.910495 8.233007
v -4.316574 8.265594 9.559079
v -4.316574 8.265594 9.559079
v -4.777485 9.183841 8.190619
v -5.49255 7.344364 9.51866
v -5.49255 7.344364 9.51866
v -5.994816 8.116702 8.147229
v -6.577763 6.322909 9.481198
v -7.15163 6.985049 8.084134
v -8.269108 5.8931 7.975682
v -6.577763 6.322909 9.481198
v -8.269108 5.8931 7.975682
v -9.24741 4.70386 7.871167
v -7.608509 5.302433 9.427953
v -9.24741 4.70386 7.871167
v -10.110737 3.502689 7.715398
v -8.478886 4.156864 9.380634
v -10.110737 3.502689 7.715398
v -10.71587 2.052371 7.653279
v -9.201015 2.940829 9.352033
v -10.71587 2.052371 7.653279
v -11.122318 0.49982 7.604978
v -9.687145 1.553073 9.33823
v -9.968533 0.102756 9.337247
v -11.122318 0.49982 7.604978
v -10.099644 -1.342587 9.256397
v -10.099644 -1.342587 9.256397
v -11.280666 -1.053738 7.575399
v -10.028034 -2.790921 9.209081
v -10.028034 -2.790921 9.209081
v -11.192921 -2.572537 7.554685
v -9.764805 -4.199551 9.171604
v -11.280666 -1.053738 7.575399
v -12.283169 -0.835355 5.43987
v -11.192921 -2.572537 7.554685
v -11.192921 -2.572537 7.554685
v -12.128857 -2.429622 5.665647
v -10.823788 -4.073514 7.660184
v -11.122318 0.49982 7.604978
v -12.124828 0.768832 5.281141
v -11.280666 -1.053738 7.575399
v -11.50053 2.411716 5.48129
v -12.124828 0.768832 5.281141
v -10.71587 2.052371 7.653279
v -10.746128 3.903751 5.721852
v -11.50053 2.411716 5.48129
v -10.110737 3.502689 7.715398
v -9.820271 5.13367 6.066922
v -10.746128 3.903751 5.721852
v -9.24741 4.70386 7.871167
v -8.802639 6.430119 6.342
v -9.820271 5.13367 6.066922
v -8.269108 5.8931 7.975682
v -7.583294 7.618351 6.442563
v -8.802639 6.430119 6.342
v -7.15163 6.985049 8.084134
v -5.994816 8.116702 8.147229
v -6.351841 8.896945 6.578626
v -7.15163 6.985049 8.084134
v -4.777485 9.183841 8.190619
v -5.027607 10.055423 6.610173
v -5.994816 8.116702 8.147229
v -3.376598 9.910495 8.233007
v -3.512753 10.816806 6.613126
v -4.777485 9.183841 8.190619
v -1.884945 11.324069 6.837919
v -3.512753 10.816806 6.613126
v -1.846615 10.374057 8.285269
v -0.198635 11.739017 7.288496
v -1.884945 11.324069 6.837919
v -0.273266 10.622226 8.445967
v 1.318235 10.690738 8.641179
v 1.558275 11.923648 7.735112
v -0.273266 10.622226 8.445967
v 2.904697 10.589478 8.75456
v 3.321232 11.795596 7.910611
v 1.318235 10.690738 8.641179
v 4.458885 10.295657 8.800908
v 5.002499 11.372714 7.892865
v 2.904697 10.589478 8.75456
v 5.95155 9.777469 8.804846
v 6.541557 10.645084 7.725255
v 4.458885 10.295657 8.800908
v 7.363531 9.070682 8.797949
v 7.99892 9.768527 7.621732
v 5.95155 9.777469 8.804846
v 8.672638 8.186191 8.828511
v 9.368544 8.775851 7.631589
v 7.363531 9.070682 8.797949
v 9.854668 7.12598 8.920201
v 10.602009 7.584629 7.830747
v 8.672638 8.186191 8.828511
v 10.8955 5.908969 9.03851
v 11.669064 6.196841 8.122586
v 9.854668 7.12598 8.920201
v 11.765884 4.629398 9.035549
v 12.497089 4.748538 8.085126
v 10.8955 5.908969 9.03851
v 12.470867 3.255527 9.007947
v 13.320072 3.363711 7.782445
v 11.765884 4.629398 9.035549
v 12.958 1.79227 8.975414
v 13.861668 1.866733 7.906667
v 12.470867 3.255527 9.007947
v 14.085566 0.240726 8.014135
v 13.861668 1.866733 7.906667
v 13.210138 0.234775 9.031614
v 13.877804 -1.339627 8.089063
v 14.085566 0.240726 8.014135
v 13.127438 -1.293973 9.105558
v 13.498585 -2.965665 8.217237
v 13.877804 -1.339627 8.089063
v 12.829912 -2.851498 9.219921
v 12.969093 -4.539059 8.433149
v 13.498585 -2.965665 8.217237
v 12.302437 -4.367337 9.363866
v 12.639296 -6.279263 8.851185
v 12.969093 -4.539059 8.433149
v 11.796141 -5.857358 9.437809
v 11.738653 -7.65414 8.64217
v 12.639296 -6.279263 8.851185
v 11.175877 -7.266964 9.374714
v 10.359955 -8.629941 9.172596
v 10.961056 -9.278165 8.435124
v 11.175877 -7.266964 9.374714
v 9.360474 -9.80029 8.991192
v 9.930309 -10.61929 8.179769
v 10.359955 -8.629941 9.172596
v 8.675665 -11.710233 8.114697
v 9.930309 -10.61929 8.179769
v 8.110872 -10.787015 8.96555
v 7.265699 -12.39816 8.119625
v 8.675665 -11.710233 8.114697
v 6.775541 -11.458097 8.941891
v 5.683275 -13.222075 8.022022
v 7.265699 -12.39816 8.119625
v 5.317167 -12.120206 8.864002
v 4.033274 -13.562589 7.948071
v 5.683275 -13.222075 8.022022
v 3.857784 -12.633451 8.813717
v 2.050451 -15.989713 7.662151
v 4.033274 -13.562589 7.948071
v 2.252161 -12.907437 8.816677
v 0.07872 -15.906339 7.433423
v 2.050451 -15.989713 7.662151
v 0.655613 -12.987851 8.741749
v -0.885464 -12.919309 8.607662
v -1.843594 -15.862638 7.01933
v 0.655613 -12.987851 8.741749
v -2.501171 -12.656247 8.459767
v -3.753799 -15.07446 6.664395
v -0.885464 -12.919309 8.607662
v -3.97871 -12.190671 8.372021
v -5.635769 -14.551297 6.249317
v -2.501171 -12.656247 8.459767
v -5.376568 -11.493832 8.207379
v -7.333172 -13.64993 5.747478
v -3.97871 -12.190671 8.372021
v -8.774395 -12.286008 5.215084
v -7.333172 -13.64993 5.747478
v -6.637264 -10.52197 7.966801
v -7.726505 -9.341672 7.803144
v -8.369968 -9.688138 6.477071
v -6.637264 -10.52197 7.966801
v -8.780453 -8.174283 7.605961
v -9.410801 -8.426419 6.061009
v -7.726505 -9.341672 7.803144
v -9.709332 -6.944333 7.527081
v -10.470791 -7.120052 5.888471
v -8.780453 -8.174283 7.605961
v -10.464741 -5.558559 7.451169
v -11.292767 -5.601254 5.745511
v -9.709332 -6.944333 7.527081
v -10.823788 -4.073514 7.660184
v -11.676022 -4.037777 5.949597
v -10.464741 -5.558559 7.451169
v 13.306961 -10.055447 8.624424
v 14.377041 -8.380765 8.486393
v 12.862186 -8.462155 8.769352
v 14.377041 -8.380765 8.486393
v 15.562094 -6.638577 7.877094
v 13.511696 -6.665401 8.833439
v 15.562094 -6.638577 7.877094
v 16.602926 -4.826962 7.623708
v 14.238867 -4.913327 8.248783
v 16.602926 -4.826962 7.623708
v 17.325054 -2.884244 7.585256
v 14.895439 -3.21481 7.847509
v 17.325054 -2.884244 7.585256
v 17.85858 -0.945554 7.611875
v 15.225237 -1.439908 7.63751
v 15.392658 0.246677 7.53201
v 17.85858 -0.945554 7.611875
v 15.25045 1.900485 7.462995
v 15.25045 1.900485 7.462995
v 17.458183 0.892917 7.486661
v 14.59993 3.456058 7.135671
v 14.59993 3.456058 7.135671
v 16.748158 2.63309 6.807355
v 13.708366 4.979832 7.735112
v 13.708366 4.979832 7.735112
v 15.601429 4.423892 7.448209
v 12.865211 6.680271 7.881032
v 12.865211 6.680271 7.881032
v 14.639265 6.480746 7.74497
v 11.800175 8.310275 7.662152
v 11.800175 8.310275 7.662152
v 13.652895 8.423434 7.515256
v 11.945408 9.619632 6.416928
v 5.683275 -13.222075 8.022022
v 4.033274 -13.562589 7.948071
v 6.229912 -15.048642 8.099911
v 7.265699 -12.39816 8.119625
v 5.683275 -13.222075 8.022022
v 8.079607 -14.246552 8.326673
v 8.675665 -11.710233 8.114697
v 7.265699 -12.39816 8.119625
v 9.83147 -13.919949 8.201458
v 9.930309 -10.61929 8.179769
v 8.675665 -11.710233 8.114697
v 11.342289 -12.874661 8.38879
v 11.942383 -12.14404 7.998356
v 10.961056 -9.278165 8.435124
v 11.342289 -12.874661 8.38879
v 11.738653 -7.65414 8.64217
v 10.961056 -9.278165 8.435124
v 12.862186 -8.462155 8.769352
v 12.639296 -6.279263 8.851185
v 11.738653 -7.65414 8.64217
v 13.511696 -6.665401 8.833439
v 12.969093 -4.539059 8.433149
v 12.639296 -6.279263 8.851185
v 14.238867 -4.913327 8.248783
v 13.498585 -2.965665 8.217237
v 12.969093 -4.539059 8.433149
v 14.895439 -3.21481 7.847509
v 13.877804 -1.339627 8.089063
v 13.498585 -2.965665 8.217237
v 15.225237 -1.439908 7.63751
v 14.085566 0.240726 8.014135
v 13.877804 -1.339627 8.089063
v 15.392658 0.246677 7.53201
v 15.25045 1.900485 7.462995
v 13.861668 1.866733 7.906667
v 15.392658 0.246677 7.53201
v 14.59993 3.456058 7.135671
v 13.320072 3.363711 7.782445
v 15.25045 1.900485 7.462995
v 13.708366 4.979832 7.735112
v 12.497089 4.748538 8.085126
v 14.59993 3.456058 7.135671
v 12.865211 6.680271 7.881032
v 11.669064 6.196841 8.122586
v 13.708366 4.979832 7.735112
v 11.800175 8.310275 7.662152
v 10.602009 7.584629 7.830747
v 12.865211 6.680271 7.881032
v 11.945408 9.619632 6.416928
v 9.368544 8.775851 7.631589
v 11.800175 8.310275 7.662152
v 10.236912 10.828708 6.315381
v 7.99892 9.768527 7.621732
v 11.945408 9.619632 6.416928
v 8.567747 12.737674 7.035108
v 6.541557 10.645084 7.725255
v 10.236912 10.828708 6.315381
v 6.130064 13.099977 7.141584
v 5.002499 11.372714 7.892865
v 8.567747 12.737674 7.035108
v 4.02117 13.728366 7.825819
v 3.321232 11.795596 7.910611
v 6.130064 13.099977 7.141584
v 1.965731 13.840549 7.442297
v 1.558275 11.923648 7.735112
v 4.02117 13.728366 7.825819
v -0.044323 13.926913 6.672285
v -0.198635 11.739017 7.288496
v 1.965731 13.840549 7.442297
v -1.884945 11.324069 6.837919
v -0.198635 11.739017 7.288496
v -1.990841 13.896121 5.755369
v -3.512753 10.816806 6.613126
v -1.884945 11.324069 6.837919
v -3.923237 13.531802 5.176634
v -5.735615 12.546082 5.098745
v -5.027607 10.055423 6.610173
v -3.923237 13.531802 5.176634
v -7.31905 11.012362 5.016912
v -6.351841 8.896945 6.578626
v -5.735615 12.546082 5.098745
v -8.860126 9.553102 4.627469
v -7.583294 7.618351 6.442563
v -7.31905 11.012362 5.016912
v -8.802639 6.430119 6.342
v -7.583294 7.618351 6.442563
v -10.374981 8.170322 4.352391
v -9.820271 5.13367 6.066922
v -8.802639 6.430119 6.342
v -11.665928 6.73685 3.686894
v -10.746128 3.903751 5.721852
v -9.820271 5.13367 6.066922
v -12.872166 5.376865 2.97012
v -11.50053 2.411716 5.48129
v -10.746128 3.903751 5.721852
v -13.83736 3.664494 2.315465
v -12.124828 0.768832 5.281141
v -11.50053 2.411716 5.48129
v -14.708752 1.700962 1.80969
v -15.141422 -0.170254 2.03053
v -12.283169 -0.835355 5.43987
v -14.708752 1.700962 1.80969
v -15.011318 -2.305507 2.387441
v -12.128857 -2.429622 5.665647
v -15.141422 -0.170254 2.03053
v -14.866085 -4.001035 2.568845
v -11.676022 -4.037777 5.949597
v -15.011318 -2.305507 2.387441
v -14.274067 -5.744198 2.873502
v -11.292767 -5.601254 5.745511
v -14.866085 -4.001035 2.568845
v -13.146496 -7.696805 3.356603
v -10.470791 -7.120052 5.888471
v -14.274067 -5.744198 2.873502
v -11.888828 -9.352596 3.820981
v -9.410801 -8.426419 6.061009
v -13.146496 -7.696805 3.356603
v -10.349766 -10.636136 4.783246
v -8.369968 -9.688138 6.477071
v -11.888828 -9.352596 3.820981
v 4.033274 -13.562589 7.948071
v 2.050451 -15.989713 7.662151
v 4.192625 -16.073084 7.970746
vt 0.544402131502 0.628410587723
vt 0.543141435066 0.654748934105
vt 0.50771107711 0.653541438214
vt 0.548262238829 0.602671345639
vt 0.544402131502 0.628410587723
vt 0.509247081915 0.621393669558
vt 0.544452162487 0.680909300226
vt 0.509299976546 0.685704203758
vt 0.50771107711 0.653541438214
vt 0.548282835252 0.706723367356
vt 0.514017266343 0.717194984487
vt 0.509299976546 0.685704203758
vt 0.554609403819 0.731705334892
vt 0.521759670093 0.747860820969
vt 0.514017266343 0.717194984487
vt 0.563301992261 0.755259580842
vt 0.532451898136 0.776727631953
vt 0.521759670093 0.747860820969
vt 0.574275650436 0.777184165145
vt 0.545882878531 0.803618978975
vt 0.532451898136 0.776727631953
vt 0.587266352837 0.796909800933
vt 0.56178547208 0.827734073383
vt 0.545882878531 0.803618978975
vt 0.602062124978 0.814151558292
vt 0.579888686712 0.849050119654
vt 0.56178547208 0.827734073383
vt 0.602062124978 0.814151558292
vt 0.618338045167 0.828781563921
vt 0.599902497535 0.866821018231
vt 0.618338045167 0.828781563921
vt 0.635927896798 0.840362864263
vt 0.621457156282 0.881015860279
vt 0.635927896798 0.840362864263
vt 0.654545664705 0.848899736805
vt 0.644201698892 0.891239157874
vt 0.654545664705 0.848899736805
vt 0.673805979644 0.853944473464
vt 0.667730090715 0.897716195025
vt 0.673805979644 0.853944473464
vt 0.693425311585 0.855887648608
vt 0.691741019075 0.899790325338
vt 0.712978194305 0.854172338543
vt 0.715719797264 0.897773457693
vt 0.691741019075 0.899790325338
vt 0.712978194305 0.854172338543
vt 0.732263803696 0.849071480358
vt 0.739339572483 0.891632931699
vt 0.732263803696 0.849071480358
vt 0.75089039216 0.840718457092
vt 0.762157295172 0.881400593205
vt 0.7685230799 0.829122821744
vt 0.783729945474 0.867109631519
vt 0.762157295172 0.881400593205
vt 0.7685230799 0.829122821744
vt 0.784880838568 0.814611184358
vt 0.803761827348 0.849518095251
vt 0.799711074335 0.797409815407
vt 0.821923031683 0.828316156294
vt 0.803761827348 0.849518095251
vt 0.812680030694 0.77766855162
vt 0.837768044418 0.804247237213
vt 0.821923031683 0.828316156294
vt 0.823586431544 0.755710440801
vt 0.851140090124 0.777410670569
vt 0.837768044418 0.804247237213
vt 0.832260579999 0.732282618425
vt 0.861777827574 0.74847130437
vt 0.851140090124 0.777410670569
vt 0.838565503552 0.707208930864
vt 0.869476861363 0.718010888306
vt 0.861777827574 0.74847130437
vt 0.842382996357 0.681450639543
vt 0.874152982355 0.68646147222
vt 0.869476861363 0.718010888306
vt 0.843600915417 0.655090545232
vt 0.875727705763 0.654212254881
vt 0.874152982355 0.68646147222
vt 0.842360419281 0.628769555315
vt 0.874174533995 0.622031065281
vt 0.875727705763 0.654212254881
vt 0.838447302768 0.602967250407
vt 0.869456736729 0.590265944501
vt 0.874174533995 0.622031065281
vt 0.832134649838 0.57800791317
vt 0.861704895509 0.559687542976
vt 0.869456736729 0.590265944501
vt 0.823398992615 0.554218018466
vt 0.851008222756 0.530614390357
vt 0.861704895509 0.559687542976
vt 0.823398992615 0.554218018466
vt 0.81247387528 0.532292912084
vt 0.837604737064 0.503608028446
vt 0.81247387528 0.532292912084
vt 0.799500285426 0.512377970193
vt 0.821697297957 0.47911858618
vt 0.799500285426 0.512377970193
vt 0.78469662287 0.494858806568
vt 0.803546128903 0.457740299986
vt 0.78469662287 0.494858806568
vt 0.76835320712 0.480125928246
vt 0.783483224613 0.439793604049
vt 0.76835320712 0.480125928246
vt 0.750776408689 0.468528747243
vt 0.76192577525 0.425449824359
vt 0.750776408689 0.468528747243
vt 0.73216979039 0.459895903554
vt 0.739058188565 0.414920322824
vt 0.73216979039 0.459895903554
vt 0.712947468641 0.454715506315
vt 0.715319285689 0.408560963478
vt 0.712947468641 0.454715506315
vt 0.693361314243 0.453028496602
vt 0.691271797429 0.406505318512
vt 0.693361314243 0.453028496602
vt 0.673821147636 0.4547220778
vt 0.667306657507 0.408612338746
vt 0.673821147636 0.4547220778
vt 0.654540061023 0.459904049757
vt 0.643615685614 0.414993917785
vt 0.635962223372 0.468540619108
vt 0.620908493765 0.425389582474
vt 0.643615685614 0.414993917785
vt 0.635962223372 0.468540619108
vt 0.61828795111 0.480135161224
vt 0.599520464381 0.439865504112
vt 0.61828795111 0.480135161224
vt 0.601957535471 0.49486149304
vt 0.579584458513 0.4578063301
vt 0.601957535471 0.49486149304
vt 0.587147788464 0.512230359585
vt 0.561497723027 0.479136031422
vt 0.587147788464 0.512230359585
vt 0.574198998756 0.532094854863
vt 0.545654314293 0.503430527742
vt 0.574198998756 0.532094854863
vt 0.563251212379 0.554037879566
vt 0.532263845062 0.530198243035
vt 0.563251212379 0.554037879566
vt 0.55453535038 0.577668625071
vt 0.521665917477 0.559234231458
vt 0.55453535038 0.577668625071
vt 0.548262238829 0.602671345639
vt 0.513933128737 0.589666956019
vt 0.491438761679 0.542356602923
vt 0.503123738755 0.509132398712
vt 0.532263845062 0.530198243035
vt 0.482916320334 0.577396543884
vt 0.491438761679 0.542356602923
vt 0.521665917477 0.559234231458
vt 0.503123738755 0.509132398712
vt 0.518182217361 0.478284802659
vt 0.545654314293 0.503430527742
vt 0.518182217361 0.478284802659
vt 0.536297059185 0.450333752697
vt 0.561497723027 0.479136031422
vt 0.536297059185 0.450333752697
vt 0.557170521024 0.425649216287
vt 0.579584458513 0.4578063301
vt 0.557170521024 0.425649216287
vt 0.579911597304 0.404917302867
vt 0.599520464381 0.439865504112
vt 0.579911597304 0.404917302867
vt 0.604337847606 0.388384331598
vt 0.620908493765 0.425389582474
vt 0.604337847606 0.388384331598
vt 0.630417910855 0.376245602706
vt 0.643615685614 0.414993917785
vt 0.630417910855 0.376245602706
vt 0.65801624026 0.368831450253
vt 0.667306657507 0.408612338746
vt 0.65801624026 0.368831450253
vt 0.685444462078 0.36606553295
vt 0.691271797429 0.406505318512
vt 0.685444462078 0.36606553295
vt 0.713405714978 0.368528450052
vt 0.715319285689 0.408560963478
vt 0.713405714978 0.368528450052
vt 0.741038756209 0.375694842476
vt 0.739058188565 0.414920322824
vt 0.741038756209 0.375694842476
vt 0.767667318962 0.387689697862
vt 0.76192577525 0.425449824359
vt 0.767667318962 0.387689697862
vt 0.792696627119 0.40430767327
vt 0.783483224613 0.439793604049
vt 0.792696627119 0.40430767327
vt 0.815942413245 0.425062483587
vt 0.803546128903 0.457740299986
vt 0.815942413245 0.425062483587
vt 0.837195870823 0.449895606741
vt 0.821697297957 0.47911858618
vt 0.837195870823 0.449895606741
vt 0.85569459538 0.478120001434
vt 0.837604737064 0.503608028446
vt 0.85569459538 0.478120001434
vt 0.871049074358 0.509057219039
vt 0.851008222756 0.530614390357
vt 0.871049074358 0.509057219039
vt 0.883246973947 0.542561039591
vt 0.861704895509 0.559687542976
vt 0.892244112129 0.577928519136
vt 0.869456736729 0.590265944501
vt 0.861704895509 0.559687542976
vt 0.897812225624 0.614501477229
vt 0.874174533995 0.622031065281
vt 0.869456736729 0.590265944501
vt 0.899870523939 0.651831014381
vt 0.875727705763 0.654212254881
vt 0.874174533995 0.622031065281
vt 0.898199712603 0.688990180361
vt 0.874152982355 0.68646147222
vt 0.875727705763 0.654212254881
vt 0.892846704872 0.725508412145
vt 0.869476861363 0.718010888306
vt 0.874152982355 0.68646147222
vt 0.883998188149 0.760571816654
vt 0.861777827574 0.74847130437
vt 0.869476861363 0.718010888306
vt 0.871769031628 0.793804476246
vt 0.851140090124 0.777410670569
vt 0.861777827574 0.74847130437
vt 0.856339318988 0.824591486504
vt 0.837768044418 0.804247237213
vt 0.851140090124 0.777410670569
vt 0.83805251588 0.852425627311
vt 0.821923031683 0.828316156294
vt 0.837768044418 0.804247237213
vt 0.817127743035 0.876784866235
vt 0.803761827348 0.849518095251
vt 0.821923031683 0.828316156294
vt 0.817127743035 0.876784866235
vt 0.794048606254 0.897312022517
vt 0.783729945474 0.867109631519
vt 0.769096151896 0.913628550825
vt 0.762157295172 0.881400593205
vt 0.783729945474 0.867109631519
vt 0.769096151896 0.913628550825
vt 0.742670886152 0.925313752864
vt 0.739339572483 0.891632931699
vt 0.715444236871 0.932539197864
vt 0.715719797264 0.897773457693
vt 0.739339572483 0.891632931699
vt 0.715444236871 0.932539197864
vt 0.687713179263 0.93478083104
vt 0.691741019075 0.899790325338
vt 0.660071336084 0.932291690879
vt 0.667730090715 0.897716195025
vt 0.691741019075 0.899790325338
vt 0.660071336084 0.932291690879
vt 0.633110271415 0.925118536373
vt 0.644201698892 0.891239157874
vt 0.633110271415 0.925118536373
vt 0.606920672985 0.913415200709
vt 0.621457156282 0.881015860279
vt 0.606920672985 0.913415200709
vt 0.581930879105 0.896972767227
vt 0.599902497535 0.866821018231
vt 0.581930879105 0.896972767227
vt 0.558786191762 0.876614785654
vt 0.579888686712 0.849050119654
vt 0.558786191762 0.876614785654
vt 0.53784171409 0.852116636343
vt 0.56178547208 0.827734073383
vt 0.519524524489 0.824202071967
vt 0.545882878531 0.803618978975
vt 0.56178547208 0.827734073383
vt 0.504081347334 0.793154272543
vt 0.532451898136 0.776727631953
vt 0.545882878531 0.803618978975
vt 0.491931489955 0.759762661684
vt 0.521759670093 0.747860820969
vt 0.532451898136 0.776727631953
vt 0.483072812162 0.724513054007
vt 0.514017266343 0.717194984487
vt 0.521759670093 0.747860820969
vt 0.477658935893 0.687861286148
vt 0.509299976546 0.685704203758
vt 0.514017266343 0.717194984487
vt 0.475826225435 0.650899792884
vt 0.50771107711 0.653541438214
vt 0.509299976546 0.685704203758
vt 0.475826225435 0.650899792884
vt 0.477567933697 0.613871098083
vt 0.509247081915 0.621393669558
vt 0.477567933697 0.613871098083
vt 0.482916320334 0.577396543884
vt 0.513933128737 0.589666956019
vt 0.482916320334 0.577396543884
vt 0.477567933697 0.613871098083
vt 0.451648968795 0.606788851449
vt 0.451648968795 0.606788851449
vt 0.477567933697 0.613871098083
vt 0.475826225435 0.650899792884
vt 0.449801549638 0.647593785196
vt 0.475826225435 0.650899792884
vt 0.477658935893 0.687861286148
vt 0.451762562473 0.688441712562
vt 0.477658935893 0.687861286148
vt 0.483072812162 0.724513054007
vt 0.457445740674 0.728829120346
vt 0.483072812162 0.724513054007
vt 0.491931489955 0.759762661684
vt 0.466999253643 0.767820118495
vt 0.491931489955 0.759762661684
vt 0.504081347334 0.793154272543
vt 0.480227713492 0.804779092954
vt 0.504081347334 0.793154272543
vt 0.519524524489 0.824202071967
vt 0.49724582907 0.838898534286
vt 0.519524524489 0.824202071967
vt 0.53784171409 0.852116636343
vt 0.53784171409 0.852116636343
vt 0.558786191762 0.876614785654
vt 0.540700463408 0.896696399426
vt 0.558786191762 0.876614785654
vt 0.581930879105 0.896972767227
vt 0.566291311927 0.919196154411
vt 0.581930879105 0.896972767227
vt 0.606920672985 0.913415200709
vt 0.594073683058 0.937059147073
vt 0.606920672985 0.913415200709
vt 0.633110271415 0.925118536373
vt 0.622842581599 0.95006103806
vt 0.633110271415 0.925118536373
vt 0.660071336084 0.932291690879
vt 0.652567859701 0.957907155589
vt 0.652567859701 0.957907155589
vt 0.660071336084 0.932291690879
vt 0.687713179263 0.93478083104
vt 0.687713179263 0.93478083104
vt 0.715444236871 0.932539197864
vt 0.713632746732 0.958149633552
vt 0.713632746732 0.958149633552
vt 0.715444236871 0.932539197864
vt 0.742670886152 0.925313752864
vt 0.743794898446 0.95030581369
vt 0.742670886152 0.925313752864
vt 0.769096151896 0.913628550825
vt 0.773040454688 0.937343524474
vt 0.769096151896 0.913628550825
vt 0.794048606254 0.897312022517
vt 0.800689153647 0.919394682429
vt 0.794048606254 0.897312022517
vt 0.817127743035 0.876784866235
vt 0.826219214738 0.896791881452
vt 0.817127743035 0.876784866235
vt 0.83805251588 0.852425627311
vt 0.849286104479 0.869887335388
vt 0.83805251588 0.852425627311
vt 0.856339318988 0.824591486504
vt 0.869452777629 0.839355478388
vt 0.856339318988 0.824591486504
vt 0.871769031628 0.793804476246
vt 0.886466317151 0.805301693316
vt 0.871769031628 0.793804476246
vt 0.883998188149 0.760571816654
vt 0.899972620395 0.768739297621
vt 0.883998188149 0.760571816654
vt 0.892846704872 0.725508412145
vt 0.909727910067 0.730031011424
vt 0.892846704872 0.725508412145
vt 0.898199712603 0.688990180361
vt 0.915554182669 0.68972549536
vt 0.898199712603 0.688990180361
vt 0.899870523939 0.651831014381
vt 0.917202829618 0.648450943611
vt 0.899870523939 0.651831014381
vt 0.897812225624 0.614501477229
vt 0.914792777417 0.607168192281
vt 0.897812225624 0.614501477229
vt 0.892244112129 0.577928519136
vt 0.908413550189 0.566578414714
vt 0.892244112129 0.577928519136
vt 0.883246973947 0.542561039591
vt 0.898346275436 0.527470717603
vt 0.883246973947 0.542561039591
vt 0.871049074358 0.509057219039
vt 0.871049074358 0.509057219039
vt 0.85569459538 0.478120001434
vt 0.867695740908 0.456487570202
vt 0.85569459538 0.478120001434
vt 0.837195870823 0.449895606741
vt 0.847209462828 0.425502396005
vt 0.837195870823 0.449895606741
vt 0.815942413245 0.425062483587
vt 0.823366035345 0.398058114426
vt 0.815942413245 0.425062483587
vt 0.792696627119 0.40430767327
vt 0.797486863227 0.375246388809
vt 0.792696627119 0.40430767327
vt 0.767667318962 0.387689697862
vt 0.769707346273 0.35731976795
vt 0.767667318962 0.387689697862
vt 0.741038756209 0.375694842476
vt 0.74020977772 0.343997456316
vt 0.741038756209 0.375694842476
vt 0.713405714978 0.368528450052
vt 0.709485212624 0.336147398969
vt 0.713405714978 0.368528450052
vt 0.685444462078 0.36606553295
vt 0.678363936338 0.33379295984
vt 0.685444462078 0.36606553295
vt 0.65801624026 0.368831450253
vt 0.648317668247 0.336827580628
vt 0.65801624026 0.368831450253
vt 0.630417910855 0.376245602706
vt 0.617542524457 0.345238324744
vt 0.630417910855 0.376245602706
vt 0.604337847606 0.388384331598
vt 0.58904267177 0.358916198068
vt 0.604337847606 0.388384331598
vt 0.579911597304 0.404917302867
vt 0.562273566363 0.377274653166
vt 0.579911597304 0.404917302867
vt 0.557170521024 0.425649216287
vt 0.536797668679 0.399899487236
vt 0.557170521024 0.425649216287
vt 0.536297059185 0.450333752697
vt 0.513127278965 0.426339472702
vt 0.536297059185 0.450333752697
vt 0.518182217361 0.478284802659
vt 0.493349436529 0.4573822541
vt 0.518182217361 0.478284802659
vt 0.503123738755 0.509132398712
vt 0.477669398062 0.491674465794
vt 0.503123738755 0.509132398712
vt 0.491438761679 0.542356602923
vt 0.466015569665 0.528442220612
vt 0.491438761679 0.542356602923
vt 0.482916320334 0.577396543884
vt 0.457176925194 0.566911461765
vt 0.447783605964 0.526791690727
vt 0.459747898173 0.487762002183
vt 0.477669398062 0.491674465794
vt 0.438100629958 0.567830346575
vt 0.447783605964 0.526791690727
vt 0.466015569665 0.528442220612
vt 0.459747898173 0.487762002183
vt 0.474261930724 0.449759523605
vt 0.493349436529 0.4573822541
vt 0.474261930724 0.449759523605
vt 0.495379372591 0.416621049493
vt 0.513127278965 0.426339472702
vt 0.495379372591 0.416621049493
vt 0.521835489617 0.389447716127
vt 0.536797668679 0.399899487236
vt 0.521835489617 0.389447716127
vt 0.549700985696 0.365257688923
vt 0.562273566363 0.377274653166
vt 0.549700985696 0.365257688923
vt 0.578214760663 0.345502179163
vt 0.58904267177 0.358916198068
vt 0.578214760663 0.345502179163
vt 0.608437330008 0.331073021429
vt 0.617542524457 0.345238324744
vt 0.608437330008 0.331073021429
vt 0.641456779258 0.321803406395
vt 0.648317668247 0.336827580628
vt 0.641456779258 0.321803406395
vt 0.673454670701 0.318524725232
vt 0.678363936338 0.33379295984
vt 0.673454670701 0.318524725232
vt 0.706931878779 0.321021467843
vt 0.709485212624 0.336147398969
vt 0.706931878779 0.321021467843
vt 0.739963724879 0.329506967767
vt 0.74020977772 0.343997456316
vt 0.739963724879 0.329506967767
vt 0.771284650075 0.34356220983
vt 0.769707346273 0.35731976795
vt 0.80135846209 0.362446194424
vt 0.797486863227 0.375246388809
vt 0.769707346273 0.35731976795
vt 0.829126407323 0.386144036557
vt 0.823366035345 0.398058114426
vt 0.797486863227 0.375246388809
vt 0.829126407323 0.386144036557
vt 0.855072146113 0.415504812439
vt 0.847209462828 0.425502396005
vt 0.855072146113 0.415504812439
vt 0.876937416176 0.448324017109
vt 0.867695740908 0.456487570202
vt 0.876937416176 0.448324017109
vt 0.895450971307 0.484676369383
vt 0.884742292237 0.490755148586
vt 0.910257127245 0.523962704655
vt 0.898346275436 0.527470717603
vt 0.884742292237 0.490755148586
vt 0.921371230698 0.565928191236
vt 0.908413550189 0.566578414714
vt 0.898346275436 0.527470717603
vt 0.928595531632 0.609742152309
vt 0.914792777417 0.607168192281
vt 0.908413550189 0.566578414714
vt 0.931365437322 0.654269517852
vt 0.917202829618 0.648450943611
vt 0.914792777417 0.607168192281
vt 0.929521219686 0.698603424123
vt 0.915554182669 0.68972549536
vt 0.917202829618 0.648450943611
vt 0.923272969043 0.741834930083
vt 0.909727910067 0.730031011424
vt 0.915554182669 0.68972549536
vt 0.912911312875 0.78324910489
vt 0.899972620395 0.768739297621
vt 0.909727910067 0.730031011424
vt 0.898477167302 0.822510591683
vt 0.886466317151 0.805301693316
vt 0.899972620395 0.768739297621
vt 0.880314715177 0.858809519212
vt 0.869452777629 0.839355478388
vt 0.886466317151 0.805301693316
vt 0.858713867575 0.891862006498
vt 0.849286104479 0.869887335388
vt 0.869452777629 0.839355478388
vt 0.834056525173 0.920484106565
vt 0.826219214738 0.896791881452
vt 0.849286104479 0.869887335388
vt 0.806642217457 0.944801411776
vt 0.800689153647 0.919394682429
vt 0.826219214738 0.896791881452
vt 0.776980685489 0.964132732032
vt 0.773040454688 0.937343524474
vt 0.800689153647 0.919394682429
vt 0.745649767043 0.977925432632
vt 0.743794898446 0.95030581369
vt 0.773040454688 0.937343524474
vt 0.71324861612 0.986142312828
vt 0.713632746732 0.958149633552
vt 0.743794898446 0.95030581369
vt 0.71324861612 0.986142312828
vt 0.680330814084 0.988515125986
vt 0.682976045836 0.960534661627
vt 0.647724739505 0.985594435149
vt 0.652567859701 0.957907155589
vt 0.682976045836 0.960534661627
vt 0.647724739505 0.985594435149
vt 0.615806875056 0.97731984142
vt 0.622842581599 0.95006103806
vt 0.615806875056 0.97731984142
vt 0.585161921838 0.963749382069
vt 0.594073683058 0.937059147073
vt 0.585161921838 0.963749382069
vt 0.555277744788 0.944627903546
vt 0.566291311927 0.919196154411
vt 0.555277744788 0.944627903546
vt 0.528090142914 0.919567254586
vt 0.540700463408 0.896696399426
vt 0.528090142914 0.919567254586
vt 0.503661038282 0.889840981517
vt 0.517467239611 0.869890710053
vt 0.481613155478 0.857607461621
vt 0.49724582907 0.838898534286
vt 0.517467239611 0.869890710053
vt 0.462985750288 0.821830719684
vt 0.480227713492 0.804779092954
vt 0.49724582907 0.838898534286
vt 0.448712151937 0.782580521853
vt 0.466999253643 0.767820118495
vt 0.480227713492 0.804779092954
vt 0.438532841982 0.7408872096
vt 0.457445740674 0.728829120346
vt 0.466999253643 0.767820118495
vt 0.432615521518 0.697492715455
vt 0.451762562473 0.688441712562
vt 0.457445740674 0.728829120346
vt 0.430427731824 0.653830625234
vt 0.449801549638 0.647593785196
vt 0.451762562473 0.688441712562
vt 0.432293516744 0.610293725746
vt 0.451648968795 0.606788851449
vt 0.449801549638 0.647593785196
vt 0.432293516744 0.610293725746
vt 0.438100629958 0.567830346575
vt 0.457176925194 0.566911461765
vt 0.409301255308 0.60440897336
vt 0.432293516744 0.610293725746
vt 0.430427731824 0.653830625234
vt 0.409301255308 0.60440897336
vt 0.415582686713 0.559127408887
vt 0.438100629958 0.567830346575
vt 0.407498773168 0.651096594171
vt 0.430427731824 0.653830625234
vt 0.432615521518 0.697492715455
vt 0.410396193789 0.69798320993
vt 0.432615521518 0.697492715455
vt 0.438532841982 0.7408872096
vt 0.417041386369 0.744709989497
vt 0.438532841982 0.7408872096
vt 0.448712151937 0.782580521853
vt 0.428499406927 0.789522991597
vt 0.448712151937 0.782580521853
vt 0.462985750288 0.821830719684
vt 0.445523713722 0.828963256367
vt 0.462985750288 0.821830719684
vt 0.481613155478 0.857607461621
vt 0.466065978015 0.866373213354
vt 0.481613155478 0.857607461621
vt 0.503661038282 0.889840981517
vt 0.516213231651 0.933364761072
vt 0.490461382929 0.899897062454
vt 0.503661038282 0.889840981517
vt 0.544177220162 0.963689098364
vt 0.516213231651 0.933364761072
vt 0.528090142914 0.919567254586
vt 0.576005031745 0.984920092027
vt 0.544177220162 0.963689098364
vt 0.555277744788 0.944627903546
vt 0.609314242776 0.999453146908
vt 0.576005031745 0.984920092027
vt 0.585161921838 0.963749382069
vt 0.643815586237 1.00605646905
vt 0.609314242776 0.999453146908
vt 0.615806875056 0.97731984142
vt 0.643815586237 1.00605646905
vt 0.647724739505 0.985594435149
vt 0.680330814084 0.988515125986
vt 0.714830790939 1.00746423132
vt 0.679119165245 1.0084359371
vt 0.680330814084 0.988515125986
vt 0.750244473169 1.00110006924
vt 0.714830790939 1.00746423132
vt 0.71324861612 0.986142312828
vt 0.78400226822 0.986044575284
vt 0.750244473169 1.00110006924
vt 0.745649767043 0.977925432632
vt 0.78400226822 0.986044575284
vt 0.776980685489 0.964132732032
vt 0.806642217457 0.944801411776
vt 0.815859225631 0.965076827925
vt 0.806642217457 0.944801411776
vt 0.834056525173 0.920484106565
vt 0.845491135918 0.938837558169
vt 0.834056525173 0.920484106565
vt 0.858713867575 0.891862006498
vt 0.872317292737 0.907766579032
vt 0.858713867575 0.891862006498
vt 0.880314715177 0.858809519212
vt 0.895800055797 0.872153614334
vt 0.880314715177 0.858809519212
vt 0.898477167302 0.822510591683
vt 0.915558392103 0.83289167637
vt 0.898477167302 0.822510591683
vt 0.912911312875 0.78324910489
vt 0.931166918806 0.790312279047
vt 0.912911312875 0.78324910489
vt 0.923272969043 0.741834930083
vt 0.942168537439 0.745414954922
vt 0.923272969043 0.741834930083
vt 0.929521219686 0.698603424123
vt 0.948899526827 0.698508063584
vt 0.929521219686 0.698603424123
vt 0.931365437322 0.654269517852
vt 0.950469592818 0.650504439533
vt 0.931365437322 0.654269517852
vt 0.928595531632 0.609742152309
vt 0.946152981516 0.602635117163
vt 0.928595531632 0.609742152309
vt 0.921371230698 0.565928191236
vt 0.926104943463 0.508722521599
vt 0.93703108238 0.555358598585
vt 0.921371230698 0.565928191236
vt 0.910450266792 0.465825601686
vt 0.926104943463 0.508722521599
vt 0.910257127245 0.523962704655
vt 0.889744219781 0.426720698501
vt 0.910450266792 0.465825601686
vt 0.895450971307 0.484676369383
vt 0.865632620445 0.391874050312
vt 0.889744219781 0.426720698501
vt 0.876937416176 0.448324017109
vt 0.865632620445 0.391874050312
vt 0.855072146113 0.415504812439
vt 0.829126407323 0.386144036557
vt 0.837386075402 0.360634064995
vt 0.829126407323 0.386144036557
vt 0.80135846209 0.362446194424
vt 0.80679138418 0.336424465306
vt 0.80135846209 0.362446194424
vt 0.771284650075 0.34356220983
vt 0.740698721499 0.302121377212
vt 0.773992579384 0.316978670723
vt 0.771284650075 0.34356220983
vt 0.704548600579 0.293011921538
vt 0.740698721499 0.302121377212
vt 0.739963724879 0.329506967767
vt 0.668387228692 0.290346501227
vt 0.704548600579 0.293011921538
vt 0.706931878779 0.321021467843
vt 0.633885799781 0.293762739458
vt 0.668387228692 0.290346501227
vt 0.673454670701 0.318524725232
vt 0.598072661968 0.303403429264
vt 0.633885799781 0.293762739458
vt 0.641456779258 0.321803406395
vt 0.56562562878 0.318881580444
vt 0.598072661968 0.303403429264
vt 0.608437330008 0.331073021429
vt 0.535027775346 0.340507109008
vt 0.56562562878 0.318881580444
vt 0.578214760663 0.345502179163
vt 0.506020957232 0.367769405744
vt 0.535027775346 0.340507109008
vt 0.549700985696 0.365257688923
vt 0.480295875883 0.399605814691
vt 0.506020957232 0.367769405744
vt 0.521835489617 0.389447716127
vt 0.457760317129 0.43597243441
vt 0.480295875883 0.399605814691
vt 0.495379372591 0.416621049493
vt 0.440230214566 0.474447589386
vt 0.457760317129 0.43597243441
vt 0.474261930724 0.449759523605
vt 0.425877448759 0.515453045654
vt 0.440230214566 0.474447589386
vt 0.459747898173 0.487762002183
vt 0.415582686713 0.559127408887
vt 0.425877448759 0.515453045654
vt 0.447783605964 0.526791690727
vt 0.403536601306 0.51486111107
vt 0.420371818225 0.472308762588
vt 0.440230214566 0.474447589386
vt 0.394902768395 0.560727372544
vt 0.403536601306 0.51486111107
vt 0.425877448759 0.515453045654
vt 0.420371818225 0.472308762588
vt 0.44118430324 0.43438375818
vt 0.457760317129 0.43597243441
vt 0.44118430324 0.43438375818
vt 0.464803856573 0.397926614234
vt 0.480295875883 0.399605814691
vt 0.464803856573 0.397926614234
vt 0.489477857898 0.360817373023
vt 0.506020957232 0.367769405744
vt 0.489477857898 0.360817373023
vt 0.518321264422 0.329558925797
vt 0.535027775346 0.340507109008
vt 0.518321264422 0.329558925797
vt 0.55059170653 0.306944426938
vt 0.56562562878 0.318881580444
vt 0.55059170653 0.306944426938
vt 0.584812459761 0.291847717427
vt 0.598072661968 0.303403429264
vt 0.584812459761 0.291847717427
vt 0.622579929094 0.282728514371
vt 0.633885799781 0.293762739458
vt 0.622579929094 0.282728514371
vt 0.658847640633 0.279788664328
vt 0.668387228692 0.290346501227
vt 0.658847640633 0.279788664328
vt 0.696359900103 0.281908626939
vt 0.704548600579 0.293011921538
vt 0.733751623282 0.29063000354
vt 0.740698721499 0.302121377212
vt 0.704548600579 0.293011921538
vt 0.768106986466 0.306679243073
vt 0.773992579384 0.316978670723
vt 0.740698721499 0.302121377212
vt 0.802750953244 0.327387099875
vt 0.80679138418 0.336424465306
vt 0.773992579384 0.316978670723
vt 0.834175417606 0.34868453966
vt 0.837386075402 0.360634064995
vt 0.80679138418 0.336424465306
vt 0.863651797188 0.380076745528
vt 0.865632620445 0.391874050312
vt 0.837386075402 0.360634064995
vt 0.863651797188 0.380076745528
vt 0.888914975194 0.417034177448
vt 0.889744219781 0.426720698501
vt 0.888914975194 0.417034177448
vt 0.910312238014 0.460536352203
vt 0.910450266792 0.465825601686
vt 0.925698320703 0.506000889187
vt 0.926104943463 0.508722521599
vt 0.910450266792 0.465825601686
vt 0.936825439193 0.554022565039
vt 0.93703108238 0.555358598585
vt 0.926104943463 0.508722521599
vt 0.947572010052 0.602493807127
vt 0.946152981516 0.602635117163
vt 0.93703108238 0.555358598585
vt 0.953197759847 0.652047616883
vt 0.950469592818 0.650504439533
vt 0.946152981516 0.602635117163
vt 0.954247207625 0.700597464903
vt 0.948899526827 0.698508063584
vt 0.950469592818 0.650504439533
vt 0.947672111479 0.749991461437
vt 0.942168537439 0.745414954922
vt 0.948899526827 0.698508063584
vt 0.936650572205 0.79693289109
vt 0.931166918806 0.790312279047
vt 0.942168537439 0.745414954922
vt 0.936650572205 0.79693289109
vt 0.920449158959 0.841053904268
vt 0.915558392103 0.83289167637
vt 0.920449158959 0.841053904268
vt 0.900083511885 0.881974135234
vt 0.895800055797 0.872153614334
vt 0.900083511885 0.881974135234
vt 0.874515330581 0.919552134501
vt 0.872317292737 0.907766579032
vt 0.846060750152 0.95223315501
vt 0.845491135918 0.938837558169
vt 0.872317292737 0.907766579032
vt 0.815295813637 0.979957054299
vt 0.815859225631 0.965076827925
vt 0.845491135918 0.938837558169
vt 0.782465144223 1.00249321061
vt 0.78400226822 0.986044575284
vt 0.815859225631 0.965076827925
vt 0.782465144223 1.00249321061
vt 0.747672170717 1.01889801843
vt 0.750244473169 1.00110006924
vt 0.747672170717 1.01889801843
vt 0.711217712856 1.0275850763
vt 0.714830790939 1.00746423132
vt 0.711217712856 1.0275850763
vt 0.673796037504 1.02921793882
vt 0.679119165245 1.0084359371
vt 0.636188292907 1.02436537038
vt 0.643815586237 1.00605646905
vt 0.679119165245 1.0084359371
vt 0.599467778718 1.01439898734
vt 0.609314242776 0.999453146908
vt 0.643815586237 1.00605646905
vt 0.564225372074 0.99919602558
vt 0.576005031745 0.984920092027
vt 0.609314242776 0.999453146908
vt 0.564225372074 0.99919602558
vt 0.532044931392 0.975934987465
vt 0.544177220162 0.963689098364
vt 0.532044931392 0.975934987465
vt 0.50413773365 0.942083031521
vt 0.516213231651 0.933364761072
vt 0.50413773365 0.942083031521
vt 0.477688572397 0.906088119385
vt 0.490461382929 0.899897062454
vt 0.452279142623 0.871011563958
vt 0.466065978015 0.866373213354
vt 0.490461382929 0.899897062454
vt 0.430167910271 0.833148753153
vt 0.445523713722 0.828963256367
vt 0.466065978015 0.866373213354
vt 0.410899059956 0.794732613598
vt 0.428499406927 0.789522991597
vt 0.445523713722 0.828963256367
vt 0.397360931571 0.749556155726
vt 0.417041386369 0.744709989497
vt 0.428499406927 0.789522991597
vt 0.388310707827 0.701447610665
vt 0.410396193789 0.69798320993
vt 0.417041386369 0.744709989497
vt 0.388310707827 0.701447610665
vt 0.384822520929 0.653499985066
vt 0.407498773168 0.651096594171
vt 0.384822520929 0.653499985066
vt 0.386861966737 0.606717395947
vt 0.409301255308 0.60440897336
vt 0.386861966737 0.606717395947
vt 0.394902768395 0.560727372544
vt 0.415582686713 0.559127408887
vt 0.369327701588 0.65193669154
vt 0.371929288518 0.606003394749
vt 0.386861966737 0.606717395947
vt 0.371929288518 0.606003394749
vt 0.380847451615 0.559237172768
vt 0.394902768395 0.560727372544
vt 0.373202563379 0.69797806359
vt 0.369327701588 0.65193669154
vt 0.384822520929 0.653499985066
vt 0.373202563379 0.69797806359
vt 0.388310707827 0.701447610665
vt 0.397360931571 0.749556155726
vt 0.385957871708 0.746917271819
vt 0.397360931571 0.749556155726
vt 0.410899059956 0.794732613598
vt 0.401540555063 0.792194074421
vt 0.410899059956 0.794732613598
vt 0.430167910271 0.833148753153
vt 0.42081943007 0.831108056728
vt 0.430167910271 0.833148753153
vt 0.452279142623 0.871011563958
vt 0.442538652425 0.87203007127
vt 0.452279142623 0.871011563958
vt 0.477688572397 0.906088119385
vt 0.496121135414 0.948230751292
vt 0.469132018799 0.9084870518
vt 0.477688572397 0.906088119385
vt 0.525275953481 0.983366842113
vt 0.496121135414 0.948230751292
vt 0.50413773365 0.942083031521
vt 0.558635331306 1.0062649628
vt 0.525275953481 0.983366842113
vt 0.532044931392 0.975934987465
vt 0.558635331306 1.0062649628
vt 0.564225372074 0.99919602558
vt 0.599467778718 1.01439898734
vt 0.595012219528 1.02443384218
vt 0.599467778718 1.01439898734
vt 0.636188292907 1.02436537038
vt 0.675197925944 1.05501454189
vt 0.633865496108 1.04309459001
vt 0.636188292907 1.02436537038
vt 0.716107089287 1.05354867832
vt 0.675197925944 1.05501454189
vt 0.673796037504 1.02921793882
vt 0.754249584354 1.0401795563
vt 0.716107089287 1.05354867832
vt 0.711217712856 1.0275850763
vt 0.788013910953 1.01538804282
vt 0.754249584354 1.0401795563
vt 0.747672170717 1.01889801843
vt 0.82017066876 0.987025181903
vt 0.788013910953 1.01538804282
vt 0.782465144223 1.00249321061
vt 0.851196003788 0.956564145309
vt 0.82017066876 0.987025181903
vt 0.815295813637 0.979957054299
vt 0.881003953245 0.922011675848
vt 0.851196003788 0.956564145309
vt 0.846060750152 0.95223315501
vt 0.908297277248 0.881899465194
vt 0.881003953245 0.922011675848
vt 0.874515330581 0.919552134501
vt 0.926829183804 0.836384792302
vt 0.908297277248 0.881899465194
vt 0.900083511885 0.881974135234
vt 0.942180127274 0.790941283146
vt 0.926829183804 0.836384792302
vt 0.920449158959 0.841053904268
vt 0.955917343623 0.74542407064
vt 0.942180127274 0.790941283146
vt 0.936650572205 0.79693289109
vt 0.955917343623 0.74542407064
vt 0.947672111479 0.749991461437
vt 0.954247207625 0.700597464903
vt 0.9622907355 0.69551392493
vt 0.954247207625 0.700597464903
vt 0.953197759847 0.652047616883
vt 0.958436999765 0.646626998291
vt 0.953197759847 0.652047616883
vt 0.947572010052 0.602493807127
vt 0.951263693537 0.596256094897
vt 0.947572010052 0.602493807127
vt 0.936825439193 0.554022565039
vt 0.941592978235 0.547309142492
vt 0.936825439193 0.554022565039
vt 0.925698320703 0.506000889187
vt 0.938772445605 0.492491106594
vt 0.925698320703 0.506000889187
vt 0.910312238014 0.460536352203
vt 0.895295668853 0.398240754942
vt 0.915477742101 0.449049929199
vt 0.910312238014 0.460536352203
vt 0.8690596244 0.357007947054
vt 0.895295668853 0.398240754942
vt 0.888914975194 0.417034177448
vt 0.8690596244 0.357007947054
vt 0.863651797188 0.380076745528
vt 0.834175417606 0.34868453966
vt 0.83973679138 0.323217217611
vt 0.834175417606 0.34868453966
vt 0.802750953244 0.327387099875
vt 0.807521571547 0.301732312551
vt 0.802750953244 0.327387099875
vt 0.768106986466 0.306679243073
vt 0.770633630806 0.276591738722
vt 0.768106986466 0.306679243073
vt 0.733751623282 0.29063000354
vt 0.732534466238 0.266440897669
vt 0.733751623282 0.29063000354
vt 0.696359900103 0.281908626939
vt 0.68599962463 0.193312518211
vt 0.696359900103 0.281908626939
vt 0.658847640633 0.279788664328
vt 0.596365883294 0.202128950425
vt 0.640593757991 0.197652319729
vt 0.658847640633 0.279788664328
vt 0.553395629359 0.228463645334
vt 0.596365883294 0.202128950425
vt 0.622579929094 0.282728514371
vt 0.511779151272 0.246814584959
vt 0.553395629359 0.228463645334
vt 0.584812459761 0.291847717427
vt 0.4750467479 0.27640772478
vt 0.511779151272 0.246814584959
vt 0.55059170653 0.306944426938
vt 0.4750467479 0.27640772478
vt 0.518321264422 0.329558925797
vt 0.489477857898 0.360817373023
vt 0.451841302532 0.390918920315
vt 0.444698573961 0.318850486965
vt 0.489477857898 0.360817373023
vt 0.429725242937 0.429406672372
vt 0.451841302532 0.390918920315
vt 0.464803856573 0.397926614234
vt 0.407094585938 0.468236274854
vt 0.429725242937 0.429406672372
vt 0.44118430324 0.43438375818
vt 0.38970127775 0.51298807472
vt 0.407094585938 0.468236274854
vt 0.420371818225 0.472308762588
vt 0.380847451615 0.559237172768
vt 0.38970127775 0.51298807472
vt 0.403536601306 0.51486111107
vt 0.951640669899 0.373164382207
vt 0.94301386437 0.423239190724
vt 0.913222148855 0.310256098546
vt 0.974728534504 0.426370381744
vt 0.95890243686 0.480220881314
vt 0.94301386437 0.423239190724
vt 0.994231799746 0.48153909581
vt 0.968627102433 0.535366813954
vt 0.95890243686 0.480220881314
vt 1.01454270447 0.537462161504
vt 0.978710276515 0.587622744893
vt 0.968627102433 0.535366813954
vt 1.03033369863 0.597208546579
vt 0.983592667937 0.64184426037
vt 0.978710276515 0.587622744893
vt 1.0427425399 0.656974437788
vt 0.986064891501 0.693293450484
vt 0.983592667937 0.64184426037
vt 1.0427425399 0.656974437788
vt 1.03199882527 0.712906991505
vt 0.982011897636 0.743688105523
vt 1.03199882527 0.712906991505
vt 1.0072408212 0.761793773055
vt 0.96351587834 0.789001060286
vt 1.0072408212 0.761793773055
vt 0.989723434125 0.820978351843
vt 0.950439930471 0.840512158034
vt 0.989723434125 0.820978351843
vt 0.971647207728 0.88697487106
vt 0.932958710549 0.894516072972
vt 0.971647207728 0.88697487106
vt 0.946666469541 0.944384952136
vt 0.906452709221 0.942565777583
vt 0.732534466238 0.266440897669
vt 0.73630221261 0.188281100846
vt 0.783679085348 0.219184296868
vt 0.770633630806 0.276591738722
vt 0.783679085348 0.219184296868
vt 0.827900254299 0.242686060197
vt 0.807521571547 0.301732312551
vt 0.827900254299 0.242686060197
vt 0.867001122399 0.253732995236
vt 0.83973679138 0.323217217611
vt 0.867001122399 0.253732995236
vt 0.903601665167 0.285370797519
vt 0.895295668853 0.398240754942
vt 0.8690596244 0.357007947054
vt 0.903601665167 0.285370797519
vt 0.895295668853 0.398240754942
vt 0.913222148855 0.310256098546
vt 0.94301386437 0.423239190724
vt 0.915477742101 0.449049929199
vt 0.94301386437 0.423239190724
vt 0.95890243686 0.480220881314
vt 0.938772445605 0.492491106594
vt 0.95890243686 0.480220881314
vt 0.968627102433 0.535366813954
vt 0.941592978235 0.547309142492
vt 0.968627102433 0.535366813954
vt 0.978710276515 0.587622744893
vt 0.951263693537 0.596256094897
vt 0.978710276515 0.587622744893
vt 0.983592667937 0.64184426037
vt 0.958436999765 0.646626998291
vt 0.983592667937 0.64184426037
vt 0.986064891501 0.693293450484
vt 0.955917343623 0.74542407064
vt 0.9622907355 0.69551392493
vt 0.986064891501 0.693293450484
vt 0.942180127274 0.790941283146
vt 0.955917343623 0.74542407064
vt 0.982011897636 0.743688105523
vt 0.926829183804 0.836384792302
vt 0.942180127274 0.790941283146
vt 0.96351587834 0.789001060286
vt 0.908297277248 0.881899465194
vt 0.926829183804 0.836384792302
vt 0.950439930471 0.840512158034
vt 0.881003953245 0.922011675848
vt 0.908297277248 0.881899465194
vt 0.932958710549 0.894516072972
vt 0.851196003788 0.956564145309
vt 0.881003953245 0.922011675848
vt 0.906452709221 0.942565777583
vt 0.82017066876 0.987025181903
vt 0.851196003788 0.956564145309
vt 0.897087553361 0.968028956999
vt 0.788013910953 1.01538804282
vt 0.82017066876 0.987025181903
vt 0.858745827486 1.00289206284
vt 0.754249584354 1.0401795563
vt 0.788013910953 1.01538804282
vt 0.828100643162 1.06993576493
vt 0.716107089287 1.05354867832
vt 0.754249584354 1.0401795563
vt 0.774587977413 1.08249201204
vt 0.675197925944 1.05501454189
vt 0.716107089287 1.05354867832
vt 0.731529349114 1.11218751917
vt 0.633865496108 1.04309459001
vt 0.675197925944 1.05501454189
vt 0.683054473112 1.1096545698
vt 0.633865496108 1.04309459001
vt 0.635210427556 1.10053932817
vt 0.590220335669 1.08620296264
vt 0.595012219528 1.02443384218
vt 0.590220335669 1.08620296264
vt 0.547882770852 1.06748146342
vt 0.525275953481 0.983366842113
vt 0.558635331306 1.0062649628
vt 0.547882770852 1.06748146342
vt 0.496121135414 0.948230751292
vt 0.525275953481 0.983366842113
vt 0.509335084603 1.03789755099
vt 0.469132018799 0.9084870518
vt 0.496121135414 0.948230751292
vt 0.475782616691 0.992550192348
vt 0.469132018799 0.9084870518
vt 0.443671144453 0.946243917298
vt 0.412457612042 0.904041072428
vt 0.442538652425 0.87203007127
vt 0.412457612042 0.904041072428
vt 0.387314913658 0.857678352578
vt 0.42081943007 0.831108056728
vt 0.387314913658 0.857678352578
vt 0.364808078636 0.814383487359
vt 0.401540555063 0.792194074421
vt 0.364808078636 0.814383487359
vt 0.347601386474 0.763306271042
vt 0.385957871708 0.746917271819
vt 0.347601386474 0.763306271042
vt 0.332178916844 0.707684357058
vt 0.369327701588 0.65193669154
vt 0.373202563379 0.69797806359
vt 0.332178916844 0.707684357058
vt 0.371929288518 0.606003394749
vt 0.369327701588 0.65193669154
vt 0.322798957379 0.658279096388
vt 0.380847451615 0.559237172768
vt 0.371929288518 0.606003394749
vt 0.323965468869 0.601542643462
vt 0.38970127775 0.51298807472
vt 0.380847451615 0.559237172768
vt 0.326148081977 0.555706937002
vt 0.407094585938 0.468236274854
vt 0.38970127775 0.51298807472
vt 0.336866405027 0.508211510368
vt 0.429725242937 0.429406672372
vt 0.407094585938 0.468236274854
vt 0.358016563544 0.454070510977
vt 0.451841302532 0.390918920315
vt 0.429725242937 0.429406672372
vt 0.382373869083 0.40708773573
vt 0.444698573961 0.318850486965
vt 0.451841302532 0.390918920315
vt 0.412089949924 0.368096179964
vt 0.509247081915 0.621393669558
vt 0.544402131502 0.628410587723
vt 0.50771107711 0.653541438214
vt 0.513933128737 0.589666956019
vt 0.548262238829 0.602671345639
vt 0.509247081915 0.621393669558
vt 0.543141435066 0.654748934105
vt 0.544452162487 0.680909300226
vt 0.50771107711 0.653541438214
vt 0.544452162487 0.680909300226
vt 0.548282835252 0.706723367356
vt 0.509299976546 0.685704203758
vt 0.548282835252 0.706723367356
vt 0.554609403819 0.731705334892
vt 0.514017266343 0.717194984487
vt 0.554609403819 0.731705334892
vt 0.563301992261 0.755259580842
vt 0.521759670093 0.747860820969
vt 0.563301992261 0.755259580842
vt 0.574275650436 0.777184165145
vt 0.532451898136 0.776727631953
vt 0.574275650436 0.777184165145
vt 0.587266352837 0.796909800933
vt 0.545882878531 0.803618978975
vt 0.587266352837 0.796909800933
vt 0.602062124978 0.814151558292
vt 0.56178547208 0.827734073383
vt 0.579888686712 0.849050119654
vt 0.602062124978 0.814151558292
vt 0.599902497535 0.866821018231
vt 0.599902497535 0.866821018231
vt 0.618338045167 0.828781563921
vt 0.621457156282 0.881015860279
vt 0.621457156282 0.881015860279
vt 0.635927896798 0.840362864263
vt 0.644201698892 0.891239157874
vt 0.644201698892 0.891239157874
vt 0.654545664705 0.848899736805
vt 0.667730090715 0.897716195025
vt 0.667730090715 0.897716195025
vt 0.673805979644 0.853944473464
vt 0.691741019075 0.899790325338
vt 0.693425311585 0.855887648608
vt 0.712978194305 0.854172338543
vt 0.691741019075 0.899790325338
vt 0.715719797264 0.897773457693
vt 0.712978194305 0.854172338543
vt 0.739339572483 0.891632931699
vt 0.739339572483 0.891632931699
vt 0.732263803696 0.849071480358
vt 0.762157295172 0.881400593205
vt 0.75089039216 0.840718457092
vt 0.7685230799 0.829122821744
vt 0.762157295172 0.881400593205
vt 0.783729945474 0.867109631519
vt 0.7685230799 0.829122821744
vt 0.803761827348 0.849518095251
vt 0.784880838568 0.814611184358
vt 0.799711074335 0.797409815407
vt 0.803761827348 0.849518095251
vt 0.799711074335 0.797409815407
vt 0.812680030694 0.77766855162
vt 0.821923031683 0.828316156294
vt 0.812680030694 0.77766855162
vt 0.823586431544 0.755710440801
vt 0.837768044418 0.804247237213
vt 0.823586431544 0.755710440801
vt 0.832260579999 0.732282618425
vt 0.851140090124 0.777410670569
vt 0.832260579999 0.732282618425
vt 0.838565503552 0.707208930864
vt 0.861777827574 0.74847130437
vt 0.838565503552 0.707208930864
vt 0.842382996357 0.681450639543
vt 0.869476861363 0.718010888306
vt 0.842382996357 0.681450639543
vt 0.843600915417 0.655090545232
vt 0.874152982355 0.68646147222
vt 0.843600915417 0.655090545232
vt 0.842360419281 0.628769555315
vt 0.875727705763 0.654212254881
vt 0.842360419281 0.628769555315
vt 0.838447302768 0.602967250407
vt 0.874174533995 0.622031065281
vt 0.838447302768 0.602967250407
vt 0.832134649838 0.57800791317
vt 0.869456736729 0.590265944501
vt 0.832134649838 0.57800791317
vt 0.823398992615 0.554218018466
vt 0.861704895509 0.559687542976
vt 0.851008222756 0.530614390357
vt 0.823398992615 0.554218018466
vt 0.837604737064 0.503608028446
vt 0.837604737064 0.503608028446
vt 0.81247387528 0.532292912084
vt 0.821697297957 0.47911858618
vt 0.821697297957 0.47911858618
vt 0.799500285426 0.512377970193
vt 0.803546128903 0.457740299986
vt 0.803546128903 0.457740299986
vt 0.78469662287 0.494858806568
vt 0.783483224613 0.439793604049
vt 0.783483224613 0.439793604049
vt 0.76835320712 0.480125928246
vt 0.76192577525 0.425449824359
vt 0.76192577525 0.425449824359
vt 0.750776408689 0.468528747243
vt 0.739058188565 0.414920322824
vt 0.739058188565 0.414920322824
vt 0.73216979039 0.459895903554
vt 0.715319285689 0.408560963478
vt 0.715319285689 0.408560963478
vt 0.712947468641 0.454715506315
vt 0.691271797429 0.406505318512
vt 0.691271797429 0.406505318512
vt 0.693361314243 0.453028496602
vt 0.667306657507 0.408612338746
vt 0.667306657507 0.408612338746
vt 0.673821147636 0.4547220778
vt 0.643615685614 0.414993917785
vt 0.654540061023 0.459904049757
vt 0.635962223372 0.468540619108
vt 0.643615685614 0.414993917785
vt 0.620908493765 0.425389582474
vt 0.635962223372 0.468540619108
vt 0.599520464381 0.439865504112
vt 0.599520464381 0.439865504112
vt 0.61828795111 0.480135161224
vt 0.579584458513 0.4578063301
vt 0.579584458513 0.4578063301
vt 0.601957535471 0.49486149304
vt 0.561497723027 0.479136031422
vt 0.561497723027 0.479136031422
vt 0.587147788464 0.512230359585
vt 0.545654314293 0.503430527742
vt 0.545654314293 0.503430527742
vt 0.574198998756 0.532094854863
vt 0.532263845062 0.530198243035
vt 0.532263845062 0.530198243035
vt 0.563251212379 0.554037879566
vt 0.521665917477 0.559234231458
vt 0.521665917477 0.559234231458
vt 0.55453535038 0.577668625071
vt 0.513933128737 0.589666956019
vt 0.521665917477 0.559234231458
vt 0.491438761679 0.542356602923
vt 0.532263845062 0.530198243035
vt 0.513933128737 0.589666956019
vt 0.482916320334 0.577396543884
vt 0.521665917477 0.559234231458
vt 0.532263845062 0.530198243035
vt 0.503123738755 0.509132398712
vt 0.545654314293 0.503430527742
vt 0.545654314293 0.503430527742
vt 0.518182217361 0.478284802659
vt 0.561497723027 0.479136031422
vt 0.561497723027 0.479136031422
vt 0.536297059185 0.450333752697
vt 0.579584458513 0.4578063301
vt 0.579584458513 0.4578063301
vt 0.557170521024 0.425649216287
vt 0.599520464381 0.439865504112
vt 0.599520464381 0.439865504112
vt 0.579911597304 0.404917302867
vt 0.620908493765 0.425389582474
vt 0.620908493765 0.425389582474
vt 0.604337847606 0.388384331598
vt 0.643615685614 0.414993917785
vt 0.643615685614 0.414993917785
vt 0.630417910855 0.376245602706
vt 0.667306657507 0.408612338746
vt 0.667306657507 0.408612338746
vt 0.65801624026 0.368831450253
vt 0.691271797429 0.406505318512
vt 0.691271797429 0.406505318512
vt 0.685444462078 0.36606553295
vt 0.715319285689 0.408560963478
vt 0.715319285689 0.408560963478
vt 0.713405714978 0.368528450052
vt 0.739058188565 0.414920322824
vt 0.739058188565 0.414920322824
vt 0.741038756209 0.375694842476
vt 0.76192577525 0.425449824359
vt 0.76192577525 0.425449824359
vt 0.767667318962 0.387689697862
vt 0.783483224613 0.439793604049
vt 0.783483224613 0.439793604049
vt 0.792696627119 0.40430767327
vt 0.803546128903 0.457740299986
vt 0.803546128903 0.457740299986
vt 0.815942413245 0.425062483587
vt 0.821697297957 0.47911858618
vt 0.821697297957 0.47911858618
vt 0.837195870823 0.449895606741
vt 0.837604737064 0.503608028446
vt 0.837604737064 0.503608028446
vt 0.85569459538 0.478120001434
vt 0.851008222756 0.530614390357
vt 0.851008222756 0.530614390357
vt 0.871049074358 0.509057219039
vt 0.861704895509 0.559687542976
vt 0.883246973947 0.542561039591
vt 0.892244112129 0.577928519136
vt 0.861704895509 0.559687542976
vt 0.892244112129 0.577928519136
vt 0.897812225624 0.614501477229
vt 0.869456736729 0.590265944501
vt 0.897812225624 0.614501477229
vt 0.899870523939 0.651831014381
vt 0.874174533995 0.622031065281
vt 0.899870523939 0.651831014381
vt 0.898199712603 0.688990180361
vt 0.875727705763 0.654212254881
vt 0.898199712603 0.688990180361
vt 0.892846704872 0.725508412145
vt 0.874152982355 0.68646147222
vt 0.892846704872 0.725508412145
vt 0.883998188149 0.760571816654
vt 0.869476861363 0.718010888306
vt 0.883998188149 0.760571816654
vt 0.871769031628 0.793804476246
vt 0.861777827574 0.74847130437
vt 0.871769031628 0.793804476246
vt 0.856339318988 0.824591486504
vt 0.851140090124 0.777410670569
vt 0.856339318988 0.824591486504
vt 0.83805251588 0.852425627311
vt 0.837768044418 0.804247237213
vt 0.83805251588 0.852425627311
vt 0.817127743035 0.876784866235
vt 0.821923031683 0.828316156294
vt 0.803761827348 0.849518095251
vt 0.817127743035 0.876784866235
vt 0.783729945474 0.867109631519
vt 0.794048606254 0.897312022517
vt 0.769096151896 0.913628550825
vt 0.783729945474 0.867109631519
vt 0.762157295172 0.881400593205
vt 0.769096151896 0.913628550825
vt 0.739339572483 0.891632931699
vt 0.742670886152 0.925313752864
vt 0.715444236871 0.932539197864
vt 0.739339572483 0.891632931699
vt 0.715719797264 0.897773457693
vt 0.715444236871 0.932539197864
vt 0.691741019075 0.899790325338
vt 0.687713179263 0.93478083104
vt 0.660071336084 0.932291690879
vt 0.691741019075 0.899790325338
vt 0.667730090715 0.897716195025
vt 0.660071336084 0.932291690879
vt 0.644201698892 0.891239157874
vt 0.644201698892 0.891239157874
vt 0.633110271415 0.925118536373
vt 0.621457156282 0.881015860279
vt 0.621457156282 0.881015860279
vt 0.606920672985 0.913415200709
vt 0.599902497535 0.866821018231
vt 0.599902497535 0.866821018231
vt 0.581930879105 0.896972767227
vt 0.579888686712 0.849050119654
vt 0.579888686712 0.849050119654
vt 0.558786191762 0.876614785654
vt 0.56178547208 0.827734073383
vt 0.53784171409 0.852116636343
vt 0.519524524489 0.824202071967
vt 0.56178547208 0.827734073383
vt 0.519524524489 0.824202071967
vt 0.504081347334 0.793154272543
vt 0.545882878531 0.803618978975
vt 0.504081347334 0.793154272543
vt 0.491931489955 0.759762661684
vt 0.532451898136 0.776727631953
vt 0.491931489955 0.759762661684
vt 0.483072812162 0.724513054007
vt 0.521759670093 0.747860820969
vt 0.483072812162 0.724513054007
vt 0.477658935893 0.687861286148
vt 0.514017266343 0.717194984487
vt 0.477658935893 0.687861286148
vt 0.475826225435 0.650899792884
vt 0.509299976546 0.685704203758
vt 0.50771107711 0.653541438214
vt 0.475826225435 0.650899792884
vt 0.509247081915 0.621393669558
vt 0.509247081915 0.621393669558
vt 0.477567933697 0.613871098083
vt 0.513933128737 0.589666956019
vt 0.457176925194 0.566911461765
vt 0.482916320334 0.577396543884
vt 0.451648968795 0.606788851449
vt 0.449801549638 0.647593785196
vt 0.451648968795 0.606788851449
vt 0.475826225435 0.650899792884
vt 0.451762562473 0.688441712562
vt 0.449801549638 0.647593785196
vt 0.477658935893 0.687861286148
vt 0.457445740674 0.728829120346
vt 0.451762562473 0.688441712562
vt 0.483072812162 0.724513054007
vt 0.466999253643 0.767820118495
vt 0.457445740674 0.728829120346
vt 0.491931489955 0.759762661684
vt 0.480227713492 0.804779092954
vt 0.466999253643 0.767820118495
vt 0.504081347334 0.793154272543
vt 0.49724582907 0.838898534286
vt 0.480227713492 0.804779092954
vt 0.519524524489 0.824202071967
vt 0.517467239611 0.869890710053
vt 0.49724582907 0.838898534286
vt 0.53784171409 0.852116636343
vt 0.517467239611 0.869890710053
vt 0.53784171409 0.852116636343
vt 0.540700463408 0.896696399426
vt 0.540700463408 0.896696399426
vt 0.558786191762 0.876614785654
vt 0.566291311927 0.919196154411
vt 0.566291311927 0.919196154411
vt 0.581930879105 0.896972767227
vt 0.594073683058 0.937059147073
vt 0.594073683058 0.937059147073
vt 0.606920672985 0.913415200709
vt 0.622842581599 0.95006103806
vt 0.622842581599 0.95006103806
vt 0.633110271415 0.925118536373
vt 0.652567859701 0.957907155589
vt 0.682976045836 0.960534661627
vt 0.652567859701 0.957907155589
vt 0.687713179263 0.93478083104
vt 0.682976045836 0.960534661627
vt 0.687713179263 0.93478083104
vt 0.713632746732 0.958149633552
vt 0.743794898446 0.95030581369
vt 0.713632746732 0.958149633552
vt 0.742670886152 0.925313752864
vt 0.773040454688 0.937343524474
vt 0.743794898446 0.95030581369
vt 0.769096151896 0.913628550825
vt 0.800689153647 0.919394682429
vt 0.773040454688 0.937343524474
vt 0.794048606254 0.897312022517
vt 0.826219214738 0.896791881452
vt 0.800689153647 0.919394682429
vt 0.817127743035 0.876784866235
vt 0.849286104479 0.869887335388
vt 0.826219214738 0.896791881452
vt 0.83805251588 0.852425627311
vt 0.869452777629 0.839355478388
vt 0.849286104479 0.869887335388
vt 0.856339318988 0.824591486504
vt 0.886466317151 0.805301693316
vt 0.869452777629 0.839355478388
vt 0.871769031628 0.793804476246
vt 0.899972620395 0.768739297621
vt 0.886466317151 0.805301693316
vt 0.883998188149 0.760571816654
vt 0.909727910067 0.730031011424
vt 0.899972620395 0.768739297621
vt 0.892846704872 0.725508412145
vt 0.915554182669 0.68972549536
vt 0.909727910067 0.730031011424
vt 0.898199712603 0.688990180361
vt 0.917202829618 0.648450943611
vt 0.915554182669 0.68972549536
vt 0.899870523939 0.651831014381
vt 0.914792777417 0.607168192281
vt 0.917202829618 0.648450943611
vt 0.897812225624 0.614501477229
vt 0.908413550189 0.566578414714
vt 0.914792777417 0.607168192281
vt 0.892244112129 0.577928519136
vt 0.898346275436 0.527470717603
vt 0.908413550189 0.566578414714
vt 0.883246973947 0.542561039591
vt 0.884742292237 0.490755148586
vt 0.898346275436 0.527470717603
vt 0.871049074358 0.509057219039
vt 0.884742292237 0.490755148586
vt 0.871049074358 0.509057219039
vt 0.867695740908 0.456487570202
vt 0.867695740908 0.456487570202
vt 0.85569459538 0.478120001434
vt 0.847209462828 0.425502396005
vt 0.847209462828 0.425502396005
vt 0.837195870823 0.449895606741
vt 0.823366035345 0.398058114426
vt 0.823366035345 0.398058114426
vt 0.815942413245 0.425062483587
vt 0.797486863227 0.375246388809
vt 0.797486863227 0.375246388809
vt 0.792696627119 0.40430767327
vt 0.769707346273 0.35731976795
vt 0.769707346273 0.35731976795
vt 0.767667318962 0.387689697862
vt 0.74020977772 0.343997456316
vt 0.74020977772 0.343997456316
vt 0.741038756209 0.375694842476
vt 0.709485212624 0.336147398969
vt 0.709485212624 0.336147398969
vt 0.713405714978 0.368528450052
vt 0.678363936338 0.33379295984
vt 0.678363936338 0.33379295984
vt 0.685444462078 0.36606553295
vt 0.648317668247 0.336827580628
vt 0.648317668247 0.336827580628
vt 0.65801624026 0.368831450253
vt 0.617542524457 0.345238324744
vt 0.617542524457 0.345238324744
vt 0.630417910855 0.376245602706
vt 0.58904267177 0.358916198068
vt 0.58904267177 0.358916198068
vt 0.604337847606 0.388384331598
vt 0.562273566363 0.377274653166
vt 0.562273566363 0.377274653166
vt 0.579911597304 0.404917302867
vt 0.536797668679 0.399899487236
vt 0.536797668679 0.399899487236
vt 0.557170521024 0.425649216287
vt 0.513127278965 0.426339472702
vt 0.513127278965 0.426339472702
vt 0.536297059185 0.450333752697
vt 0.493349436529 0.4573822541
vt 0.493349436529 0.4573822541
vt 0.518182217361 0.478284802659
vt 0.477669398062 0.491674465794
vt 0.477669398062 0.491674465794
vt 0.503123738755 0.509132398712
vt 0.466015569665 0.528442220612
vt 0.466015569665 0.528442220612
vt 0.491438761679 0.542356602923
vt 0.457176925194 0.566911461765
vt 0.466015569665 0.528442220612
vt 0.447783605964 0.526791690727
vt 0.477669398062 0.491674465794
vt 0.457176925194 0.566911461765
vt 0.438100629958 0.567830346575
vt 0.466015569665 0.528442220612
vt 0.477669398062 0.491674465794
vt 0.459747898173 0.487762002183
vt 0.493349436529 0.4573822541
vt 0.493349436529 0.4573822541
vt 0.474261930724 0.449759523605
vt 0.513127278965 0.426339472702
vt 0.513127278965 0.426339472702
vt 0.495379372591 0.416621049493
vt 0.536797668679 0.399899487236
vt 0.536797668679 0.399899487236
vt 0.521835489617 0.389447716127
vt 0.562273566363 0.377274653166
vt 0.562273566363 0.377274653166
vt 0.549700985696 0.365257688923
vt 0.58904267177 0.358916198068
vt 0.58904267177 0.358916198068
vt 0.578214760663 0.345502179163
vt 0.617542524457 0.345238324744
vt 0.617542524457 0.345238324744
vt 0.608437330008 0.331073021429
vt 0.648317668247 0.336827580628
vt 0.648317668247 0.336827580628
vt 0.641456779258 0.321803406395
vt 0.678363936338 0.33379295984
vt 0.678363936338 0.33379295984
vt 0.673454670701 0.318524725232
vt 0.709485212624 0.336147398969
vt 0.709485212624 0.336147398969
vt 0.706931878779 0.321021467843
vt 0.74020977772 0.343997456316
vt 0.74020977772 0.343997456316
vt 0.739963724879 0.329506967767
vt 0.769707346273 0.35731976795
vt 0.771284650075 0.34356220983
vt 0.80135846209 0.362446194424
vt 0.769707346273 0.35731976795
vt 0.80135846209 0.362446194424
vt 0.829126407323 0.386144036557
vt 0.797486863227 0.375246388809
vt 0.823366035345 0.398058114426
vt 0.829126407323 0.386144036557
vt 0.847209462828 0.425502396005
vt 0.847209462828 0.425502396005
vt 0.855072146113 0.415504812439
vt 0.867695740908 0.456487570202
vt 0.867695740908 0.456487570202
vt 0.876937416176 0.448324017109
vt 0.884742292237 0.490755148586
vt 0.895450971307 0.484676369383
vt 0.910257127245 0.523962704655
vt 0.884742292237 0.490755148586
vt 0.910257127245 0.523962704655
vt 0.921371230698 0.565928191236
vt 0.898346275436 0.527470717603
vt 0.921371230698 0.565928191236
vt 0.928595531632 0.609742152309
vt 0.908413550189 0.566578414714
vt 0.928595531632 0.609742152309
vt 0.931365437322 0.654269517852
vt 0.914792777417 0.607168192281
vt 0.931365437322 0.654269517852
vt 0.929521219686 0.698603424123
vt 0.917202829618 0.648450943611
vt 0.929521219686 0.698603424123
vt 0.923272969043 0.741834930083
vt 0.915554182669 0.68972549536
vt 0.923272969043 0.741834930083
vt 0.912911312875 0.78324910489
vt 0.909727910067 0.730031011424
vt 0.912911312875 0.78324910489
vt 0.898477167302 0.822510591683
vt 0.899972620395 0.768739297621
vt 0.898477167302 0.822510591683
vt 0.880314715177 0.858809519212
vt 0.886466317151 0.805301693316
vt 0.880314715177 0.858809519212
vt 0.858713867575 0.891862006498
vt 0.869452777629 0.839355478388
vt 0.858713867575 0.891862006498
vt 0.834056525173 0.920484106565
vt 0.849286104479 0.869887335388
vt 0.834056525173 0.920484106565
vt 0.806642217457 0.944801411776
vt 0.826219214738 0.896791881452
vt 0.806642217457 0.944801411776
vt 0.776980685489 0.964132732032
vt 0.800689153647 0.919394682429
vt 0.776980685489 0.964132732032
vt 0.745649767043 0.977925432632
vt 0.773040454688 0.937343524474
vt 0.745649767043 0.977925432632
vt 0.71324861612 0.986142312828
vt 0.743794898446 0.95030581369
vt 0.713632746732 0.958149633552
vt 0.71324861612 0.986142312828
vt 0.682976045836 0.960534661627
vt 0.680330814084 0.988515125986
vt 0.647724739505 0.985594435149
vt 0.682976045836 0.960534661627
vt 0.652567859701 0.957907155589
vt 0.647724739505 0.985594435149
vt 0.622842581599 0.95006103806
vt 0.622842581599 0.95006103806
vt 0.615806875056 0.97731984142
vt 0.594073683058 0.937059147073
vt 0.594073683058 0.937059147073
vt 0.585161921838 0.963749382069
vt 0.566291311927 0.919196154411
vt 0.566291311927 0.919196154411
vt 0.555277744788 0.944627903546
vt 0.540700463408 0.896696399426
vt 0.540700463408 0.896696399426
vt 0.528090142914 0.919567254586
vt 0.517467239611 0.869890710053
vt 0.503661038282 0.889840981517
vt 0.481613155478 0.857607461621
vt 0.517467239611 0.869890710053
vt 0.481613155478 0.857607461621
vt 0.462985750288 0.821830719684
vt 0.49724582907 0.838898534286
vt 0.462985750288 0.821830719684
vt 0.448712151937 0.782580521853
vt 0.480227713492 0.804779092954
vt 0.448712151937 0.782580521853
vt 0.438532841982 0.7408872096
vt 0.466999253643 0.767820118495
vt 0.438532841982 0.7408872096
vt 0.432615521518 0.697492715455
vt 0.457445740674 0.728829120346
vt 0.432615521518 0.697492715455
vt 0.430427731824 0.653830625234
vt 0.451762562473 0.688441712562
vt 0.430427731824 0.653830625234
vt 0.432293516744 0.610293725746
vt 0.449801549638 0.647593785196
vt 0.451648968795 0.606788851449
vt 0.432293516744 0.610293725746
vt 0.457176925194 0.566911461765
vt 0.407498773168 0.651096594171
vt 0.409301255308 0.60440897336
vt 0.430427731824 0.653830625234
vt 0.432293516744 0.610293725746
vt 0.409301255308 0.60440897336
vt 0.438100629958 0.567830346575
vt 0.410396193789 0.69798320993
vt 0.407498773168 0.651096594171
vt 0.432615521518 0.697492715455
vt 0.417041386369 0.744709989497
vt 0.410396193789 0.69798320993
vt 0.438532841982 0.7408872096
vt 0.428499406927 0.789522991597
vt 0.417041386369 0.744709989497
vt 0.448712151937 0.782580521853
vt 0.445523713722 0.828963256367
vt 0.428499406927 0.789522991597
vt 0.462985750288 0.821830719684
vt 0.466065978015 0.866373213354
vt 0.445523713722 0.828963256367
vt 0.481613155478 0.857607461621
vt 0.490461382929 0.899897062454
vt 0.466065978015 0.866373213354
vt 0.503661038282 0.889840981517
vt 0.528090142914 0.919567254586
vt 0.516213231651 0.933364761072
vt 0.503661038282 0.889840981517
vt 0.555277744788 0.944627903546
vt 0.544177220162 0.963689098364
vt 0.528090142914 0.919567254586
vt 0.585161921838 0.963749382069
vt 0.576005031745 0.984920092027
vt 0.555277744788 0.944627903546
vt 0.615806875056 0.97731984142
vt 0.609314242776 0.999453146908
vt 0.585161921838 0.963749382069
vt 0.647724739505 0.985594435149
vt 0.643815586237 1.00605646905
vt 0.615806875056 0.97731984142
vt 0.679119165245 1.0084359371
vt 0.643815586237 1.00605646905
vt 0.680330814084 0.988515125986
vt 0.71324861612 0.986142312828
vt 0.714830790939 1.00746423132
vt 0.680330814084 0.988515125986
vt 0.745649767043 0.977925432632
vt 0.750244473169 1.00110006924
vt 0.71324861612 0.986142312828
vt 0.776980685489 0.964132732032
vt 0.78400226822 0.986044575284
vt 0.745649767043 0.977925432632
vt 0.815859225631 0.965076827925
vt 0.78400226822 0.986044575284
vt 0.806642217457 0.944801411776
vt 0.845491135918 0.938837558169
vt 0.815859225631 0.965076827925
vt 0.834056525173 0.920484106565
vt 0.872317292737 0.907766579032
vt 0.845491135918 0.938837558169
vt 0.858713867575 0.891862006498
vt 0.895800055797 0.872153614334
vt 0.872317292737 0.907766579032
vt 0.880314715177 0.858809519212
vt 0.915558392103 0.83289167637
vt 0.895800055797 0.872153614334
vt 0.898477167302 0.822510591683
vt 0.931166918806 0.790312279047
vt 0.915558392103 0.83289167637
vt 0.912911312875 0.78324910489
vt 0.942168537439 0.745414954922
vt 0.931166918806 0.790312279047
vt 0.923272969043 0.741834930083
vt 0.948899526827 0.698508063584
vt 0.942168537439 0.745414954922
vt 0.929521219686 0.698603424123
vt 0.950469592818 0.650504439533
vt 0.948899526827 0.698508063584
vt 0.931365437322 0.654269517852
vt 0.946152981516 0.602635117163
vt 0.950469592818 0.650504439533
vt 0.928595531632 0.609742152309
vt 0.93703108238 0.555358598585
vt 0.946152981516 0.602635117163
vt 0.921371230698 0.565928191236
vt 0.910257127245 0.523962704655
vt 0.926104943463 0.508722521599
vt 0.921371230698 0.565928191236
vt 0.895450971307 0.484676369383
vt 0.910450266792 0.465825601686
vt 0.910257127245 0.523962704655
vt 0.876937416176 0.448324017109
vt 0.889744219781 0.426720698501
vt 0.895450971307 0.484676369383
vt 0.855072146113 0.415504812439
vt 0.865632620445 0.391874050312
vt 0.876937416176 0.448324017109
vt 0.837386075402 0.360634064995
vt 0.865632620445 0.391874050312
vt 0.829126407323 0.386144036557
vt 0.80679138418 0.336424465306
vt 0.837386075402 0.360634064995
vt 0.80135846209 0.362446194424
vt 0.773992579384 0.316978670723
vt 0.80679138418 0.336424465306
vt 0.771284650075 0.34356220983
vt 0.739963724879 0.329506967767
vt 0.740698721499 0.302121377212
vt 0.771284650075 0.34356220983
vt 0.706931878779 0.321021467843
vt 0.704548600579 0.293011921538
vt 0.739963724879 0.329506967767
vt 0.673454670701 0.318524725232
vt 0.668387228692 0.290346501227
vt 0.706931878779 0.321021467843
vt 0.641456779258 0.321803406395
vt 0.633885799781 0.293762739458
vt 0.673454670701 0.318524725232
vt 0.608437330008 0.331073021429
vt 0.598072661968 0.303403429264
vt 0.641456779258 0.321803406395
vt 0.578214760663 0.345502179163
vt 0.56562562878 0.318881580444
vt 0.608437330008 0.331073021429
vt 0.549700985696 0.365257688923
vt 0.535027775346 0.340507109008
vt 0.578214760663 0.345502179163
vt 0.521835489617 0.389447716127
vt 0.506020957232 0.367769405744
vt 0.549700985696 0.365257688923
vt 0.495379372591 0.416621049493
vt 0.480295875883 0.399605814691
vt 0.521835489617 0.389447716127
vt 0.474261930724 0.449759523605
vt 0.457760317129 0.43597243441
vt 0.495379372591 0.416621049493
vt 0.459747898173 0.487762002183
vt 0.440230214566 0.474447589386
vt 0.474261930724 0.449759523605
vt 0.447783605964 0.526791690727
vt 0.425877448759 0.515453045654
vt 0.459747898173 0.487762002183
vt 0.438100629958 0.567830346575
vt 0.415582686713 0.559127408887
vt 0.447783605964 0.526791690727
vt 0.425877448759 0.515453045654
vt 0.403536601306 0.51486111107
vt 0.440230214566 0.474447589386
vt 0.415582686713 0.559127408887
vt 0.394902768395 0.560727372544
vt 0.425877448759 0.515453045654
vt 0.440230214566 0.474447589386
vt 0.420371818225 0.472308762588
vt 0.457760317129 0.43597243441
vt 0.457760317129 0.43597243441
vt 0.44118430324 0.43438375818
vt 0.480295875883 0.399605814691
vt 0.480295875883 0.399605814691
vt 0.464803856573 0.397926614234
vt 0.506020957232 0.367769405744
vt 0.506020957232 0.367769405744
vt 0.489477857898 0.360817373023
vt 0.535027775346 0.340507109008
vt 0.535027775346 0.340507109008
vt 0.518321264422 0.329558925797
vt 0.56562562878 0.318881580444
vt 0.56562562878 0.318881580444
vt 0.55059170653 0.306944426938
vt 0.598072661968 0.303403429264
vt 0.598072661968 0.303403429264
vt 0.584812459761 0.291847717427
vt 0.633885799781 0.293762739458
vt 0.633885799781 0.293762739458
vt 0.622579929094 0.282728514371
vt 0.668387228692 0.290346501227
vt 0.668387228692 0.290346501227
vt 0.658847640633 0.279788664328
vt 0.704548600579 0.293011921538
vt 0.696359900103 0.281908626939
vt 0.733751623282 0.29063000354
vt 0.704548600579 0.293011921538
vt 0.733751623282 0.29063000354
vt 0.768106986466 0.306679243073
vt 0.740698721499 0.302121377212
vt 0.768106986466 0.306679243073
vt 0.802750953244 0.327387099875
vt 0.773992579384 0.316978670723
vt 0.802750953244 0.327387099875
vt 0.834175417606 0.34868453966
vt 0.80679138418 0.336424465306
vt 0.834175417606 0.34868453966
vt 0.863651797188 0.380076745528
vt 0.837386075402 0.360634064995
vt 0.865632620445 0.391874050312
vt 0.863651797188 0.380076745528
vt 0.889744219781 0.426720698501
vt 0.889744219781 0.426720698501
vt 0.888914975194 0.417034177448
vt 0.910450266792 0.465825601686
vt 0.910312238014 0.460536352203
vt 0.925698320703 0.506000889187
vt 0.910450266792 0.465825601686
vt 0.925698320703 0.506000889187
vt 0.936825439193 0.554022565039
vt 0.926104943463 0.508722521599
vt 0.936825439193 0.554022565039
vt 0.947572010052 0.602493807127
vt 0.93703108238 0.555358598585
vt 0.947572010052 0.602493807127
vt 0.953197759847 0.652047616883
vt 0.946152981516 0.602635117163
vt 0.953197759847 0.652047616883
vt 0.954247207625 0.700597464903
vt 0.950469592818 0.650504439533
vt 0.954247207625 0.700597464903
vt 0.947672111479 0.749991461437
vt 0.948899526827 0.698508063584
vt 0.947672111479 0.749991461437
vt 0.936650572205 0.79693289109
vt 0.942168537439 0.745414954922
vt 0.931166918806 0.790312279047
vt 0.936650572205 0.79693289109
vt 0.915558392103 0.83289167637
vt 0.915558392103 0.83289167637
vt 0.920449158959 0.841053904268
vt 0.895800055797 0.872153614334
vt 0.895800055797 0.872153614334
vt 0.900083511885 0.881974135234
vt 0.872317292737 0.907766579032
vt 0.874515330581 0.919552134501
vt 0.846060750152 0.95223315501
vt 0.872317292737 0.907766579032
vt 0.846060750152 0.95223315501
vt 0.815295813637 0.979957054299
vt 0.845491135918 0.938837558169
vt 0.815295813637 0.979957054299
vt 0.782465144223 1.00249321061
vt 0.815859225631 0.965076827925
vt 0.78400226822 0.986044575284
vt 0.782465144223 1.00249321061
vt 0.750244473169 1.00110006924
vt 0.750244473169 1.00110006924
vt 0.747672170717 1.01889801843
vt 0.714830790939 1.00746423132
vt 0.714830790939 1.00746423132
vt 0.711217712856 1.0275850763
vt 0.679119165245 1.0084359371
vt 0.673796037504 1.02921793882
vt 0.636188292907 1.02436537038
vt 0.679119165245 1.0084359371
vt 0.636188292907 1.02436537038
vt 0.599467778718 1.01439898734
vt 0.643815586237 1.00605646905
vt 0.599467778718 1.01439898734
vt 0.564225372074 0.99919602558
vt 0.609314242776 0.999453146908
vt 0.576005031745 0.984920092027
vt 0.564225372074 0.99919602558
vt 0.544177220162 0.963689098364
vt 0.544177220162 0.963689098364
vt 0.532044931392 0.975934987465
vt 0.516213231651 0.933364761072
vt 0.516213231651 0.933364761072
vt 0.50413773365 0.942083031521
vt 0.490461382929 0.899897062454
vt 0.477688572397 0.906088119385
vt 0.452279142623 0.871011563958
vt 0.490461382929 0.899897062454
vt 0.452279142623 0.871011563958
vt 0.430167910271 0.833148753153
vt 0.466065978015 0.866373213354
vt 0.430167910271 0.833148753153
vt 0.410899059956 0.794732613598
vt 0.445523713722 0.828963256367
vt 0.410899059956 0.794732613598
vt 0.397360931571 0.749556155726
vt 0.428499406927 0.789522991597
vt 0.397360931571 0.749556155726
vt 0.388310707827 0.701447610665
vt 0.417041386369 0.744709989497
vt 0.410396193789 0.69798320993
vt 0.388310707827 0.701447610665
vt 0.407498773168 0.651096594171
vt 0.407498773168 0.651096594171
vt 0.384822520929 0.653499985066
vt 0.409301255308 0.60440897336
vt 0.409301255308 0.60440897336
vt 0.386861966737 0.606717395947
vt 0.415582686713 0.559127408887
vt 0.384822520929 0.653499985066
vt 0.369327701588 0.65193669154
vt 0.386861966737 0.606717395947
vt 0.386861966737 0.606717395947
vt 0.371929288518 0.606003394749
vt 0.394902768395 0.560727372544
vt 0.388310707827 0.701447610665
vt 0.373202563379 0.69797806359
vt 0.384822520929 0.653499985066
vt 0.385957871708 0.746917271819
vt 0.373202563379 0.69797806359
vt 0.397360931571 0.749556155726
vt 0.401540555063 0.792194074421
vt 0.385957871708 0.746917271819
vt 0.410899059956 0.794732613598
vt 0.42081943007 0.831108056728
vt 0.401540555063 0.792194074421
vt 0.430167910271 0.833148753153
vt 0.442538652425 0.87203007127
vt 0.42081943007 0.831108056728
vt 0.452279142623 0.871011563958
vt 0.469132018799 0.9084870518
vt 0.442538652425 0.87203007127
vt 0.477688572397 0.906088119385
vt 0.50413773365 0.942083031521
vt 0.496121135414 0.948230751292
vt 0.477688572397 0.906088119385
vt 0.532044931392 0.975934987465
vt 0.525275953481 0.983366842113
vt 0.50413773365 0.942083031521
vt 0.564225372074 0.99919602558
vt 0.558635331306 1.0062649628
vt 0.532044931392 0.975934987465
vt 0.595012219528 1.02443384218
vt 0.558635331306 1.0062649628
vt 0.599467778718 1.01439898734
vt 0.633865496108 1.04309459001
vt 0.595012219528 1.02443384218
vt 0.636188292907 1.02436537038
vt 0.673796037504 1.02921793882
vt 0.675197925944 1.05501454189
vt 0.636188292907 1.02436537038
vt 0.711217712856 1.0275850763
vt 0.716107089287 1.05354867832
vt 0.673796037504 1.02921793882
vt 0.747672170717 1.01889801843
vt 0.754249584354 1.0401795563
vt 0.711217712856 1.0275850763
vt 0.782465144223 1.00249321061
vt 0.788013910953 1.01538804282
vt 0.747672170717 1.01889801843
vt 0.815295813637 0.979957054299
vt 0.82017066876 0.987025181903
vt 0.782465144223 1.00249321061
vt 0.846060750152 0.95223315501
vt 0.851196003788 0.956564145309
vt 0.815295813637 0.979957054299
vt 0.874515330581 0.919552134501
vt 0.881003953245 0.922011675848
vt 0.846060750152 0.95223315501
vt 0.900083511885 0.881974135234
vt 0.908297277248 0.881899465194
vt 0.874515330581 0.919552134501
vt 0.920449158959 0.841053904268
vt 0.926829183804 0.836384792302
vt 0.900083511885 0.881974135234
vt 0.936650572205 0.79693289109
vt 0.942180127274 0.790941283146
vt 0.920449158959 0.841053904268
vt 0.947672111479 0.749991461437
vt 0.955917343623 0.74542407064
vt 0.936650572205 0.79693289109
vt 0.9622907355 0.69551392493
vt 0.955917343623 0.74542407064
vt 0.954247207625 0.700597464903
vt 0.958436999765 0.646626998291
vt 0.9622907355 0.69551392493
vt 0.953197759847 0.652047616883
vt 0.951263693537 0.596256094897
vt 0.958436999765 0.646626998291
vt 0.947572010052 0.602493807127
vt 0.941592978235 0.547309142492
vt 0.951263693537 0.596256094897
vt 0.936825439193 0.554022565039
vt 0.938772445605 0.492491106594
vt 0.941592978235 0.547309142492
vt 0.925698320703 0.506000889187
vt 0.915477742101 0.449049929199
vt 0.938772445605 0.492491106594
vt 0.910312238014 0.460536352203
vt 0.888914975194 0.417034177448
vt 0.895295668853 0.398240754942
vt 0.910312238014 0.460536352203
vt 0.863651797188 0.380076745528
vt 0.8690596244 0.357007947054
vt 0.888914975194 0.417034177448
vt 0.83973679138 0.323217217611
vt 0.8690596244 0.357007947054
vt 0.834175417606 0.34868453966
vt 0.807521571547 0.301732312551
vt 0.83973679138 0.323217217611
vt 0.802750953244 0.327387099875
vt 0.770633630806 0.276591738722
vt 0.807521571547 0.301732312551
vt 0.768106986466 0.306679243073
vt 0.732534466238 0.266440897669
vt 0.770633630806 0.276591738722
vt 0.733751623282 0.29063000354
vt 0.68599962463 0.193312518211
vt 0.732534466238 0.266440897669
vt 0.696359900103 0.281908626939
vt 0.640593757991 0.197652319729
vt 0.68599962463 0.193312518211
vt 0.658847640633 0.279788664328
vt 0.622579929094 0.282728514371
vt 0.596365883294 0.202128950425
vt 0.658847640633 0.279788664328
vt 0.584812459761 0.291847717427
vt 0.553395629359 0.228463645334
vt 0.622579929094 0.282728514371
vt 0.55059170653 0.306944426938
vt 0.511779151272 0.246814584959
vt 0.584812459761 0.291847717427
vt 0.518321264422 0.329558925797
vt 0.4750467479 0.27640772478
vt 0.55059170653 0.306944426938
vt 0.444698573961 0.318850486965
vt 0.4750467479 0.27640772478
vt 0.489477857898 0.360817373023
vt 0.464803856573 0.397926614234
vt 0.451841302532 0.390918920315
vt 0.489477857898 0.360817373023
vt 0.44118430324 0.43438375818
vt 0.429725242937 0.429406672372
vt 0.464803856573 0.397926614234
vt 0.420371818225 0.472308762588
vt 0.407094585938 0.468236274854
vt 0.44118430324 0.43438375818
vt 0.403536601306 0.51486111107
vt 0.38970127775 0.51298807472
vt 0.420371818225 0.472308762588
vt 0.394902768395 0.560727372544
vt 0.380847451615 0.559237172768
vt 0.403536601306 0.51486111107
vt 0.951640669899 0.373164382207
vt 0.974728534504 0.426370381744
vt 0.94301386437 0.423239190724
vt 0.974728534504 0.426370381744
vt 0.994231799746 0.48153909581
vt 0.95890243686 0.480220881314
vt 0.994231799746 0.48153909581
vt 1.01454270447 0.537462161504
vt 0.968627102433 0.535366813954
vt 1.01454270447 0.537462161504
vt 1.03033369863 0.597208546579
vt 0.978710276515 0.587622744893
vt 1.03033369863 0.597208546579
vt 1.0427425399 0.656974437788
vt 0.983592667937 0.64184426037
vt 0.986064891501 0.693293450484
vt 1.0427425399 0.656974437788
vt 0.982011897636 0.743688105523
vt 0.982011897636 0.743688105523
vt 1.03199882527 0.712906991505
vt 0.96351587834 0.789001060286
vt 0.96351587834 0.789001060286
vt 1.0072408212 0.761793773055
vt 0.950439930471 0.840512158034
vt 0.950439930471 0.840512158034
vt 0.989723434125 0.820978351843
vt 0.932958710549 0.894516072972
vt 0.932958710549 0.894516072972
vt 0.971647207728 0.88697487106
vt 0.906452709221 0.942565777583
vt 0.906452709221 0.942565777583
vt 0.946666469541 0.944384952136
vt 0.897087553361 0.968028956999
vt 0.770633630806 0.276591738722
vt 0.732534466238 0.266440897669
vt 0.783679085348 0.219184296868
vt 0.807521571547 0.301732312551
vt 0.770633630806 0.276591738722
vt 0.827900254299 0.242686060197
vt 0.83973679138 0.323217217611
vt 0.807521571547 0.301732312551
vt 0.867001122399 0.253732995236
vt 0.8690596244 0.357007947054
vt 0.83973679138 0.323217217611
vt 0.903601665167 0.285370797519
vt 0.913222148855 0.310256098546
vt 0.895295668853 0.398240754942
vt 0.903601665167 0.285370797519
vt 0.915477742101 0.449049929199
vt 0.895295668853 0.398240754942
vt 0.94301386437 0.423239190724
vt 0.938772445605 0.492491106594
vt 0.915477742101 0.449049929199
vt 0.95890243686 0.480220881314
vt 0.941592978235 0.547309142492
vt 0.938772445605 0.492491106594
vt 0.968627102433 0.535366813954
vt 0.951263693537 0.596256094897
vt 0.941592978235 0.547309142492
vt 0.978710276515 0.587622744893
vt 0.958436999765 0.646626998291
vt 0.951263693537 0.596256094897
vt 0.983592667937 0.64184426037
vt 0.9622907355 0.69551392493
vt 0.958436999765 0.646626998291
vt 0.986064891501 0.693293450484
vt 0.982011897636 0.743688105523
vt 0.955917343623 0.74542407064
vt 0.986064891501 0.693293450484
vt 0.96351587834 0.789001060286
vt 0.942180127274 0.790941283146
vt 0.982011897636 0.743688105523
vt 0.950439930471 0.840512158034
vt 0.926829183804 0.836384792302
vt 0.96351587834 0.789001060286
vt 0.932958710549 0.894516072972
vt 0.908297277248 0.881899465194
vt 0.950439930471 0.840512158034
vt 0.906452709221 0.942565777583
vt 0.881003953245 0.922011675848
vt 0.932958710549 0.894516072972
vt 0.897087553361 0.968028956999
vt 0.851196003788 0.956564145309
vt 0.906452709221 0.942565777583
vt 0.858745827486 1.00289206284
vt 0.82017066876 0.987025181903
vt 0.897087553361 0.968028956999
vt 0.828100643162 1.06993576493
vt 0.788013910953 1.01538804282
vt 0.858745827486 1.00289206284
vt 0.774587977413 1.08249201204
vt 0.754249584354 1.0401795563
vt 0.828100643162 1.06993576493
vt 0.731529349114 1.11218751917
vt 0.716107089287 1.05354867832
vt 0.774587977413 1.08249201204
vt 0.683054473112 1.1096545698
vt 0.675197925944 1.05501454189
vt 0.731529349114 1.11218751917
vt 0.635210427556 1.10053932817
vt 0.633865496108 1.04309459001
vt 0.683054473112 1.1096545698
vt 0.595012219528 1.02443384218
vt 0.633865496108 1.04309459001
vt 0.590220335669 1.08620296264
vt 0.558635331306 1.0062649628
vt 0.595012219528 1.02443384218
vt 0.547882770852 1.06748146342
vt 0.509335084603 1.03789755099
vt 0.525275953481 0.983366842113
vt 0.547882770852 1.06748146342
vt 0.475782616691 0.992550192348
vt 0.496121135414 0.948230751292
vt 0.509335084603 1.03789755099
vt 0.443671144453 0.946243917298
vt 0.469132018799 0.9084870518
vt 0.475782616691 0.992550192348
vt 0.442538652425 0.87203007127
vt 0.469132018799 0.9084870518
vt 0.412457612042 0.904041072428
vt 0.42081943007 0.831108056728
vt 0.442538652425 0.87203007127
vt 0.387314913658 0.857678352578
vt 0.401540555063 0.792194074421
vt 0.42081943007 0.831108056728
vt 0.364808078636 0.814383487359
vt 0.385957871708 0.746917271819
vt 0.401540555063 0.792194074421
vt 0.347601386474 0.763306271042
vt 0.373202563379 0.69797806359
vt 0.385957871708 0.746917271819
vt 0.332178916844 0.707684357058
vt 0.322798957379 0.658279096388
vt 0.369327701588 0.65193669154
vt 0.332178916844 0.707684357058
vt 0.323965468869 0.601542643462
vt 0.371929288518 0.606003394749
vt 0.322798957379 0.658279096388
vt 0.326148081977 0.555706937002
vt 0.380847451615 0.559237172768
vt 0.323965468869 0.601542643462
vt 0.336866405027 0.508211510368
vt 0.38970127775 0.51298807472
vt 0.326148081977 0.555706937002
vt 0.358016563544 0.454070510977
vt 0.407094585938 0.468236274854
vt 0.336866405027 0.508211510368
vt 0.382373869083 0.40708773573
vt 0.429725242937 0.429406672372
vt 0.358016563544 0.454070510977
vt 0.412089949924 0.368096179964
vt 0.451841302532 0.390918920315
vt 0.382373869083 0.40708773573
vt 0.732534466238 0.266440897669
vt 0.68599962463 0.193312518211
vt 0.73630221261 0.188281100846
n -0.1918 -0.0241 0.9811
n -0.1928 0.0016 0.9812
n -0.3194 -0.0007 0.9476
n -0.188 -0.0496 0.9809
n -0.1918 -0.0241 0.9811
n -0.318 -0.0423 0.9471
n -0.1893 0.0253 0.9816
n -0.3132 0.0345 0.9491
n -0.3194 -0.0007 0.9476
n -0.1792 0.0451 0.9828
n -0.2993 0.0691 0.9516
n -0.3132 0.0345 0.9491
n -0.1662 0.0641 0.984
n -0.2822 0.107 0.9534
n -0.2993 0.0691 0.9516
n -0.1517 0.0837 0.9849
n -0.2615 0.1442 0.9544
n -0.2822 0.107 0.9534
n -0.1346 0.1026 0.9856
n -0.2356 0.1792 0.9552
n -0.2615 0.1442 0.9544
n -0.117 0.1216 0.9857
n -0.2053 0.213 0.9552
n -0.2356 0.1792 0.9552
n -0.0983 0.1415 0.985
n -0.1731 0.2446 0.954
n -0.2053 0.213 0.9552
n -0.0983 0.1415 0.985
n -0.0806 0.1583 0.9841
n -0.1398 0.2703 0.9526
n -0.0806 0.1583 0.9841
n -0.0642 0.1728 0.9829
n -0.1055 0.2913 0.9508
n -0.0642 0.1728 0.9829
n -0.0472 0.1836 0.9819
n -0.0746 0.3073 0.9487
n -0.0472 0.1836 0.9819
n -0.0269 0.1897 0.9815
n -0.0415 0.3185 0.947
n -0.0269 0.1897 0.9815
n -0.0031 0.1933 0.9811
n -0.003 0.3212 0.947
n 0.021 0.191 0.9814
n 0.0366 0.3185 0.9472
n -0.003 0.3212 0.947
n 0.021 0.191 0.9814
n 0.0439 0.1858 0.9816
n 0.0772 0.3115 0.9471
n 0.0439 0.1858 0.9816
n 0.0675 0.1772 0.9819
n 0.1169 0.299 0.9471
n 0.0896 0.1673 0.9818
n 0.1542 0.2801 0.9475
n 0.1169 0.299 0.9471
n 0.0896 0.1673 0.9818
n 0.1098 0.1544 0.9819
n 0.1882 0.2592 0.9473
n 0.1282 0.1373 0.9822
n 0.2202 0.2309 0.9477
n 0.1882 0.2592 0.9473
n 0.1448 0.1183 0.9824
n 0.2499 0.1989 0.9476
n 0.2202 0.2309 0.9477
n 0.1598 0.0971 0.9824
n 0.2737 0.1636 0.9478
n 0.2499 0.1989 0.9476
n 0.1707 0.0749 0.9825
n 0.2927 0.1251 0.948
n 0.2737 0.1636 0.9478
n 0.1796 0.0507 0.9824
n 0.307 0.0845 0.9479
n 0.2927 0.1251 0.948
n 0.1853 0.0256 0.9823
n 0.3155 0.043 0.9479
n 0.307 0.0845 0.9479
n 0.1874 0.001 0.9823
n 0.3171 0.0014 0.9484
n 0.3155 0.043 0.9479
n 0.1859 -0.0243 0.9823
n 0.3124 -0.0406 0.9491
n 0.3171 0.0014 0.9484
n 0.1813 -0.0498 0.9822
n 0.3026 -0.0824 0.9496
n 0.3124 -0.0406 0.9491
n 0.1734 -0.073 0.9821
n 0.2893 -0.1235 0.9492
n 0.3026 -0.0824 0.9496
n 0.1631 -0.0951 0.982
n 0.2738 -0.1606 0.9483
n 0.2893 -0.1235 0.9492
n 0.1631 -0.0951 0.982
n 0.1487 -0.1153 0.9821
n 0.2527 -0.194 0.9479
n 0.1487 -0.1153 0.9821
n 0.1321 -0.1328 0.9823
n 0.2248 -0.2245 0.9482
n 0.1321 -0.1328 0.9823
n 0.1131 -0.1495 0.9823
n 0.1904 -0.2517 0.9489
n 0.1131 -0.1495 0.9823
n 0.0925 -0.1631 0.9823
n 0.1552 -0.2744 0.949
n 0.0925 -0.1631 0.9823
n 0.0688 -0.1738 0.9824
n 0.1191 -0.292 0.949
n 0.0688 -0.1738 0.9824
n 0.0463 -0.1812 0.9824
n 0.0792 -0.3058 0.9488
n 0.0463 -0.1812 0.9824
n 0.0223 -0.1871 0.9821
n 0.0378 -0.3148 0.9484
n 0.0223 -0.1871 0.9821
n -0.0035 -0.1882 0.9821
n -0.004 -0.3181 0.948
n -0.0035 -0.1882 0.9821
n -0.0271 -0.1878 0.9818
n -0.0466 -0.3165 0.9474
n -0.0271 -0.1878 0.9818
n -0.0518 -0.1842 0.9815
n -0.087 -0.3099 0.9468
n -0.0753 -0.1754 0.9816
n -0.1258 -0.2982 0.9462
n -0.087 -0.3099 0.9468
n -0.0753 -0.1754 0.9816
n -0.0958 -0.1645 0.9817
n -0.1619 -0.2782 0.9468
n -0.0958 -0.1645 0.9817
n -0.1173 -0.1512 0.9815
n -0.1989 -0.255 0.9463
n -0.1173 -0.1512 0.9815
n -0.1379 -0.1346 0.9812
n -0.2331 -0.2283 0.9453
n -0.1379 -0.1346 0.9812
n -0.1565 -0.1165 0.9808
n -0.2616 -0.197 0.9449
n -0.1565 -0.1165 0.9808
n -0.1711 -0.0972 0.9805
n -0.2841 -0.1629 0.9448
n -0.1711 -0.0972 0.9805
n -0.1807 -0.0742 0.9807
n -0.3 -0.1255 0.9457
n -0.1807 -0.0742 0.9807
n -0.188 -0.0496 0.9809
n -0.3111 -0.0846 0.9466
n -0.4907 -0.2093 0.8458
n -0.4641 -0.2668 0.8446
n -0.2841 -0.1629 0.9448
n -0.5072 -0.1418 0.8501
n -0.4907 -0.2093 0.8458
n -0.3 -0.1255 0.9457
n -0.4641 -0.2668 0.8446
n -0.4266 -0.3193 0.8462
n -0.2616 -0.197 0.9449
n -0.4266 -0.3193 0.8462
n -0.3803 -0.366 0.8494
n -0.2331 -0.2283 0.9453
n -0.3803 -0.366 0.8494
n -0.3267 -0.4142 0.8496
n -0.1989 -0.255 0.9463
n -0.3267 -0.4142 0.8496
n -0.2686 -0.4558 0.8486
n -0.1619 -0.2782 0.9468
n -0.2686 -0.4558 0.8486
n -0.2089 -0.485 0.8492
n -0.1258 -0.2982 0.9462
n -0.2089 -0.485 0.8492
n -0.1464 -0.5036 0.8514
n -0.087 -0.3099 0.9468
n -0.1464 -0.5036 0.8514
n -0.0803 -0.5137 0.8542
n -0.0466 -0.3165 0.9474
n -0.0803 -0.5137 0.8542
n -0.0117 -0.5166 0.8562
n -0.004 -0.3181 0.948
n -0.0117 -0.5166 0.8562
n 0.0569 -0.5099 0.8584
n 0.0378 -0.3148 0.9484
n 0.0569 -0.5099 0.8584
n 0.1246 -0.4955 0.8596
n 0.0792 -0.3058 0.9488
n 0.1246 -0.4955 0.8596
n 0.1897 -0.4734 0.8602
n 0.1191 -0.292 0.949
n 0.1897 -0.4734 0.8602
n 0.2486 -0.4428 0.8615
n 0.1552 -0.2744 0.949
n 0.2486 -0.4428 0.8615
n 0.3057 -0.4042 0.8621
n 0.1904 -0.2517 0.9489
n 0.3057 -0.4042 0.8621
n 0.3594 -0.3608 0.8606
n 0.2248 -0.2245 0.9482
n 0.3594 -0.3608 0.8606
n 0.3995 -0.3129 0.8617
n 0.2527 -0.194 0.9479
n 0.3995 -0.3129 0.8617
n 0.4292 -0.259 0.8653
n 0.2738 -0.1606 0.9483
n 0.4292 -0.259 0.8653
n 0.455 -0.1964 0.8686
n 0.2893 -0.1235 0.9492
n 0.4771 -0.1294 0.8693
n 0.3026 -0.0824 0.9496
n 0.2893 -0.1235 0.9492
n 0.4943 -0.0616 0.8671
n 0.3124 -0.0406 0.9491
n 0.3026 -0.0824 0.9496
n 0.5051 0.0054 0.863
n 0.3171 0.0014 0.9484
n 0.3124 -0.0406 0.9491
n 0.5074 0.0705 0.8588
n 0.3155 0.043 0.9479
n 0.3171 0.0014 0.9484
n 0.4964 0.1357 0.8574
n 0.307 0.0845 0.9479
n 0.3155 0.043 0.9479
n 0.4735 0.2008 0.8576
n 0.2927 0.1251 0.948
n 0.307 0.0845 0.9479
n 0.4424 0.2623 0.8576
n 0.2737 0.1636 0.9478
n 0.2927 0.1251 0.948
n 0.404 0.3188 0.8574
n 0.2499 0.1989 0.9476
n 0.2737 0.1636 0.9478
n 0.3586 0.3705 0.8568
n 0.2202 0.2309 0.9477
n 0.2499 0.1989 0.9476
n 0.3071 0.4144 0.8567
n 0.1882 0.2592 0.9473
n 0.2202 0.2309 0.9477
n 0.3071 0.4144 0.8567
n 0.2508 0.4497 0.8572
n 0.1542 0.2801 0.9475
n 0.1897 0.4794 0.8568
n 0.1169 0.299 0.9471
n 0.1542 0.2801 0.9475
n 0.1897 0.4794 0.8568
n 0.1263 0.5007 0.8564
n 0.0772 0.3115 0.9471
n 0.062 0.514 0.8556
n 0.0366 0.3185 0.9472
n 0.0772 0.3115 0.9471
n 0.062 0.514 0.8556
n -0.0054 0.5191 0.8547
n -0.003 0.3212 0.947
n -0.065 0.5153 0.8545
n -0.0415 0.3185 0.947
n -0.003 0.3212 0.947
n -0.065 0.5153 0.8545
n -0.1203 0.5006 0.8573
n -0.0746 0.3073 0.9487
n -0.1203 0.5006 0.8573
n -0.1798 0.4781 0.8597
n -0.1055 0.2913 0.9508
n -0.1798 0.4781 0.8597
n -0.2379 0.4474 0.8621
n -0.1398 0.2703 0.9526
n -0.2379 0.4474 0.8621
n -0.2942 0.408 0.8643
n -0.1731 0.2446 0.954
n -0.2942 0.408 0.8643
n -0.3501 0.3587 0.8653
n -0.2053 0.213 0.9552
n -0.3998 0.3042 0.8646
n -0.2356 0.1792 0.9552
n -0.2053 0.213 0.9552
n -0.4403 0.2461 0.8634
n -0.2615 0.1442 0.9544
n -0.2356 0.1792 0.9552
n -0.4706 0.1838 0.863
n -0.2822 0.107 0.9534
n -0.2615 0.1442 0.9544
n -0.4942 0.1164 0.8615
n -0.2993 0.0691 0.9516
n -0.2822 0.107 0.9534
n -0.5103 0.0522 0.8584
n -0.3132 0.0345 0.9491
n -0.2993 0.0691 0.9516
n -0.5198 -0.0065 0.8543
n -0.3194 -0.0007 0.9476
n -0.3132 0.0345 0.9491
n -0.5198 -0.0065 0.8543
n -0.5183 -0.071 0.8522
n -0.318 -0.0423 0.9471
n -0.5183 -0.071 0.8522
n -0.5072 -0.1418 0.8501
n -0.3111 -0.0846 0.9466
n -0.5072 -0.1418 0.8501
n -0.5183 -0.071 0.8522
n -0.658 -0.0963 0.7468
n -0.658 -0.0963 0.7468
n -0.5183 -0.071 0.8522
n -0.5198 -0.0065 0.8543
n -0.6523 -0.0154 0.7578
n -0.5198 -0.0065 0.8543
n -0.5103 0.0522 0.8584
n -0.6359 0.0619 0.7693
n -0.5103 0.0522 0.8584
n -0.4942 0.1164 0.8615
n -0.6129 0.1462 0.7765
n -0.4942 0.1164 0.8615
n -0.4706 0.1838 0.863
n -0.5787 0.2251 0.7839
n -0.4706 0.1838 0.863
n -0.4403 0.2461 0.8634
n -0.5362 0.299 0.7894
n -0.4403 0.2461 0.8634
n -0.3998 0.3042 0.8646
n -0.4865 0.3659 0.7933
n -0.3998 0.3042 0.8646
n -0.3501 0.3587 0.8653
n -0.3501 0.3587 0.8653
n -0.2942 0.408 0.8643
n -0.352 0.4727 0.8079
n -0.2942 0.408 0.8643
n -0.2379 0.4474 0.8621
n -0.2765 0.5065 0.8167
n -0.2379 0.4474 0.8621
n -0.1798 0.4781 0.8597
n -0.2041 0.5346 0.8201
n -0.1798 0.4781 0.8597
n -0.1203 0.5006 0.8573
n -0.136 0.5563 0.8198
n -0.1203 0.5006 0.8573
n -0.065 0.5153 0.8545
n -0.0721 0.5664 0.821
n -0.0721 0.5664 0.821
n -0.065 0.5153 0.8545
n -0.0054 0.5191 0.8547
n -0.0054 0.5191 0.8547
n 0.062 0.514 0.8556
n 0.0622 0.5543 0.83
n 0.0622 0.5543 0.83
n 0.062 0.514 0.8556
n 0.1263 0.5007 0.8564
n 0.1318 0.5361 0.8338
n 0.1263 0.5007 0.8564
n 0.1897 0.4794 0.8568
n 0.2024 0.511 0.8354
n 0.1897 0.4794 0.8568
n 0.2508 0.4497 0.8572
n 0.2711 0.4801 0.8342
n 0.2508 0.4497 0.8572
n 0.3071 0.4144 0.8567
n 0.332 0.4436 0.8325
n 0.3071 0.4144 0.8567
n 0.3586 0.3705 0.8568
n 0.3855 0.3978 0.8325
n 0.3586 0.3705 0.8568
n 0.404 0.3188 0.8574
n 0.4391 0.3434 0.8302
n 0.404 0.3188 0.8574
n 0.4424 0.2623 0.8576
n 0.486 0.2839 0.8266
n 0.4424 0.2623 0.8576
n 0.4735 0.2008 0.8576
n 0.5257 0.2186 0.8221
n 0.4735 0.2008 0.8576
n 0.4964 0.1357 0.8574
n 0.559 0.1519 0.8151
n 0.4964 0.1357 0.8574
n 0.5074 0.0705 0.8588
n 0.5749 0.0851 0.8138
n 0.5074 0.0705 0.8588
n 0.5051 0.0054 0.863
n 0.5795 0.0099 0.8149
n 0.5051 0.0054 0.863
n 0.4943 -0.0616 0.8671
n 0.5737 -0.0715 0.8159
n 0.4943 -0.0616 0.8671
n 0.4771 -0.1294 0.8693
n 0.562 -0.159 0.8117
n 0.4771 -0.1294 0.8693
n 0.455 -0.1964 0.8686
n 0.5455 -0.2457 0.8013
n 0.455 -0.1964 0.8686
n 0.4292 -0.259 0.8653
n 0.4292 -0.259 0.8653
n 0.3995 -0.3129 0.8617
n 0.4954 -0.4043 0.7689
n 0.3995 -0.3129 0.8617
n 0.3594 -0.3608 0.8606
n 0.4558 -0.4719 0.7547
n 0.3594 -0.3608 0.8606
n 0.3057 -0.4042 0.8621
n 0.3931 -0.5331 0.7492
n 0.3057 -0.4042 0.8621
n 0.2486 -0.4428 0.8615
n 0.3202 -0.5951 0.7372
n 0.2486 -0.4428 0.8615
n 0.1897 -0.4734 0.8602
n 0.2465 -0.6438 0.7244
n 0.1897 -0.4734 0.8602
n 0.1246 -0.4955 0.8596
n 0.1639 -0.6774 0.7171
n 0.1246 -0.4955 0.8596
n 0.0569 -0.5099 0.8584
n 0.0708 -0.6972 0.7134
n 0.0569 -0.5099 0.8584
n -0.0117 -0.5166 0.8562
n -0.0213 -0.7055 0.7084
n -0.0117 -0.5166 0.8562
n -0.0803 -0.5137 0.8542
n -0.1137 -0.6996 0.7054
n -0.0803 -0.5137 0.8542
n -0.1464 -0.5036 0.8514
n -0.2029 -0.6836 0.7011
n -0.1464 -0.5036 0.8514
n -0.2089 -0.485 0.8492
n -0.2885 -0.6511 0.702
n -0.2089 -0.485 0.8492
n -0.2686 -0.4558 0.8486
n -0.3636 -0.6124 0.702
n -0.2686 -0.4558 0.8486
n -0.3267 -0.4142 0.8496
n -0.4281 -0.5613 0.7083
n -0.3267 -0.4142 0.8496
n -0.3803 -0.366 0.8494
n -0.4928 -0.4816 0.7247
n -0.3803 -0.366 0.8494
n -0.4266 -0.3193 0.8462
n -0.5584 -0.4006 0.7264
n -0.4266 -0.3193 0.8462
n -0.4641 -0.2668 0.8446
n -0.6111 -0.3395 0.715
n -0.4641 -0.2668 0.8446
n -0.4907 -0.2093 0.8458
n -0.6373 -0.2675 0.7227
n -0.4907 -0.2093 0.8458
n -0.5072 -0.1418 0.8501
n -0.6524 -0.1878 0.7343
n -0.6794 -0.2791 0.6786
n -0.6599 -0.3412 0.6695
n -0.6111 -0.3395 0.715
n -0.6963 -0.1951 0.6907
n -0.6794 -0.2791 0.6786
n -0.6373 -0.2675 0.7227
n -0.6599 -0.3412 0.6695
n -0.6196 -0.4196 0.6634
n -0.5584 -0.4006 0.7264
n -0.6196 -0.4196 0.6634
n -0.5405 -0.5231 0.659
n -0.4928 -0.4816 0.7247
n -0.5405 -0.5231 0.659
n -0.4582 -0.5886 0.666
n -0.4281 -0.5613 0.7083
n -0.4582 -0.5886 0.666
n -0.387 -0.618 0.6843
n -0.3636 -0.6124 0.702
n -0.387 -0.618 0.6843
n -0.3028 -0.6522 0.6949
n -0.2885 -0.6511 0.702
n -0.3028 -0.6522 0.6949
n -0.2145 -0.6851 0.6961
n -0.2029 -0.6836 0.7011
n -0.2145 -0.6851 0.6961
n -0.1251 -0.7029 0.7002
n -0.1137 -0.6996 0.7054
n -0.1251 -0.7029 0.7002
n -0.0304 -0.7074 0.7061
n -0.0213 -0.7055 0.7084
n -0.0304 -0.7074 0.7061
n 0.0655 -0.6981 0.713
n 0.0708 -0.6972 0.7134
n 0.0655 -0.6981 0.713
n 0.1603 -0.6764 0.7189
n 0.1639 -0.6774 0.7171
n 0.1603 -0.6764 0.7189
n 0.2344 -0.6416 0.7303
n 0.2465 -0.6438 0.7244
n 0.3056 -0.5866 0.75
n 0.3202 -0.5951 0.7372
n 0.2465 -0.6438 0.7244
n 0.3773 -0.5141 0.7703
n 0.3931 -0.5331 0.7492
n 0.3202 -0.5951 0.7372
n 0.3773 -0.5141 0.7703
n 0.4281 -0.448 0.7848
n 0.4558 -0.4719 0.7547
n 0.4281 -0.448 0.7848
n 0.449 -0.3861 0.8058
n 0.4954 -0.4043 0.7689
n 0.449 -0.3861 0.8058
n 0.4668 -0.3114 0.8277
n 0.5233 -0.3311 0.7852
n 0.4936 -0.227 0.8395
n 0.5455 -0.2457 0.8013
n 0.5233 -0.3311 0.7852
n 0.5244 -0.1377 0.8402
n 0.562 -0.159 0.8117
n 0.5455 -0.2457 0.8013
n 0.5333 -0.0516 0.8444
n 0.5737 -0.0715 0.8159
n 0.562 -0.159 0.8117
n 0.5299 0.0291 0.8476
n 0.5795 0.0099 0.8149
n 0.5737 -0.0715 0.8159
n 0.5242 0.0929 0.8465
n 0.5749 0.0851 0.8138
n 0.5795 0.0099 0.8149
n 0.512 0.141 0.8473
n 0.559 0.1519 0.8151
n 0.5749 0.0851 0.8138
n 0.4809 0.1988 0.8539
n 0.5257 0.2186 0.8221
n 0.559 0.1519 0.8151
n 0.443 0.264 0.8568
n 0.486 0.2839 0.8266
n 0.5257 0.2186 0.8221
n 0.4053 0.3219 0.8556
n 0.4391 0.3434 0.8302
n 0.486 0.2839 0.8266
n 0.3571 0.3788 0.8538
n 0.3855 0.3978 0.8325
n 0.4391 0.3434 0.8302
n 0.3119 0.4257 0.8494
n 0.332 0.4436 0.8325
n 0.3855 0.3978 0.8325
n 0.2598 0.4629 0.8475
n 0.2711 0.4801 0.8342
n 0.332 0.4436 0.8325
n 0.1928 0.4959 0.8467
n 0.2024 0.511 0.8354
n 0.2711 0.4801 0.8342
n 0.1207 0.5242 0.843
n 0.1318 0.5361 0.8338
n 0.2024 0.511 0.8354
n 0.0448 0.5722 0.8189
n 0.0622 0.5543 0.83
n 0.1318 0.5361 0.8338
n 0.0448 0.5722 0.8189
n -0.0236 0.6039 0.7967
n -0.0118 0.5658 0.8244
n -0.0821 0.6083 0.7894
n -0.0721 0.5664 0.821
n -0.0118 0.5658 0.8244
n -0.0821 0.6083 0.7894
n -0.1371 0.5874 0.7976
n -0.136 0.5563 0.8198
n -0.1371 0.5874 0.7976
n -0.216 0.5627 0.798
n -0.2041 0.5346 0.8201
n -0.216 0.5627 0.798
n -0.3103 0.5382 0.7836
n -0.2765 0.5065 0.8167
n -0.3103 0.5382 0.7836
n -0.4153 0.5154 0.7496
n -0.352 0.4727 0.8079
n -0.4153 0.5154 0.7496
n -0.4892 0.4859 0.7243
n -0.4266 0.4262 0.7977
n -0.5407 0.4279 0.7243
n -0.4865 0.3659 0.7933
n -0.4266 0.4262 0.7977
n -0.5888 0.3498 0.7287
n -0.5362 0.299 0.7894
n -0.4865 0.3659 0.7933
n -0.6271 0.2552 0.736
n -0.5787 0.2251 0.7839
n -0.5362 0.299 0.7894
n -0.6611 0.168 0.7312
n -0.6129 0.1462 0.7765
n -0.5787 0.2251 0.7839
n -0.6845 0.0761 0.7251
n -0.6359 0.0619 0.7693
n -0.6129 0.1462 0.7765
n -0.6998 -0.0129 0.7142
n -0.6523 -0.0154 0.7578
n -0.6359 0.0619 0.7693
n -0.7042 -0.0996 0.703
n -0.658 -0.0963 0.7468
n -0.6523 -0.0154 0.7578
n -0.7042 -0.0996 0.703
n -0.6963 -0.1951 0.6907
n -0.6524 -0.1878 0.7343
n -0.7632 -0.111 0.6365
n -0.7042 -0.0996 0.703
n -0.6998 -0.0129 0.7142
n -0.7632 -0.111 0.6365
n -0.7485 -0.2128 0.628
n -0.6963 -0.1951 0.6907
n -0.7666 -0.0112 0.642
n -0.6998 -0.0129 0.7142
n -0.6845 0.0761 0.7251
n -0.7595 0.0872 0.6446
n -0.6845 0.0761 0.7251
n -0.6611 0.168 0.7312
n -0.743 0.1991 0.639
n -0.6611 0.168 0.7312
n -0.6271 0.2552 0.736
n -0.7109 0.319 0.6268
n -0.6271 0.2552 0.736
n -0.5888 0.3498 0.7287
n -0.667 0.4311 0.6076
n -0.5888 0.3498 0.7287
n -0.5407 0.4279 0.7243
n -0.6172 0.5135 0.5961
n -0.5407 0.4279 0.7243
n -0.4892 0.4859 0.7243
n -0.5238 0.5818 0.6222
n -0.5733 0.561 0.5972
n -0.4892 0.4859 0.7243
n -0.4032 0.6247 0.6687
n -0.5238 0.5818 0.6222
n -0.4153 0.5154 0.7496
n -0.2679 0.6688 0.6935
n -0.4032 0.6247 0.6687
n -0.3103 0.5382 0.7836
n -0.1508 0.698 0.7001
n -0.2679 0.6688 0.6935
n -0.216 0.5627 0.798
n -0.0851 0.696 0.713
n -0.1508 0.698 0.7001
n -0.1371 0.5874 0.7976
n -0.0851 0.696 0.713
n -0.0821 0.6083 0.7894
n -0.0236 0.6039 0.7967
n 0.0289 0.6607 0.7501
n -0.041 0.6747 0.737
n -0.0236 0.6039 0.7967
n 0.1338 0.6353 0.7606
n 0.0289 0.6607 0.7501
n 0.0448 0.5722 0.8189
n 0.24 0.6008 0.7625
n 0.1338 0.6353 0.7606
n 0.1207 0.5242 0.843
n 0.24 0.6008 0.7625
n 0.1928 0.4959 0.8467
n 0.2598 0.4629 0.8475
n 0.3227 0.5665 0.7583
n 0.2598 0.4629 0.8475
n 0.3119 0.4257 0.8494
n 0.3878 0.5259 0.757
n 0.3119 0.4257 0.8494
n 0.3571 0.3788 0.8538
n 0.439 0.4682 0.7669
n 0.3571 0.3788 0.8538
n 0.4053 0.3219 0.8556
n 0.4941 0.39 0.7771
n 0.4053 0.3219 0.8556
n 0.443 0.264 0.8568
n 0.5445 0.3193 0.7756
n 0.443 0.264 0.8568
n 0.4809 0.1988 0.8539
n 0.5904 0.236 0.7719
n 0.4809 0.1988 0.8539
n 0.512 0.141 0.8473
n 0.6279 0.1643 0.7608
n 0.512 0.141 0.8473
n 0.5242 0.0929 0.8465
n 0.6489 0.0941 0.7551
n 0.5242 0.0929 0.8465
n 0.5299 0.0291 0.8476
n 0.6888 -0.0128 0.7249
n 0.5299 0.0291 0.8476
n 0.5333 -0.0516 0.8444
n 0.7029 -0.1184 0.7013
n 0.5333 -0.0516 0.8444
n 0.5244 -0.1377 0.8402
n 0.6659 -0.2865 0.6888
n 0.6989 -0.1992 0.6869
n 0.5244 -0.1377 0.8402
n 0.6 -0.3815 0.7032
n 0.6659 -0.2865 0.6888
n 0.4936 -0.227 0.8395
n 0.5274 -0.4714 0.7069
n 0.6 -0.3815 0.7032
n 0.4668 -0.3114 0.8277
n 0.4889 -0.5362 0.6881
n 0.5274 -0.4714 0.7069
n 0.449 -0.3861 0.8058
n 0.4889 -0.5362 0.6881
n 0.4281 -0.448 0.7848
n 0.3773 -0.5141 0.7703
n 0.4144 -0.6053 0.6796
n 0.3773 -0.5141 0.7703
n 0.3056 -0.5866 0.75
n 0.3277 -0.689 0.6464
n 0.3056 -0.5866 0.75
n 0.2344 -0.6416 0.7303
n 0.1808 -0.7482 0.6383
n 0.2611 -0.7272 0.6348
n 0.2344 -0.6416 0.7303
n 0.0722 -0.7616 0.6441
n 0.1808 -0.7482 0.6383
n 0.1603 -0.6764 0.7189
n -0.0299 -0.7658 0.6424
n 0.0722 -0.7616 0.6441
n 0.0655 -0.6981 0.713
n -0.1279 -0.7504 0.6484
n -0.0299 -0.7658 0.6424
n -0.0304 -0.7074 0.7061
n -0.2191 -0.7211 0.6573
n -0.1279 -0.7504 0.6484
n -0.1251 -0.7029 0.7002
n -0.316 -0.6712 0.6706
n -0.2191 -0.7211 0.6573
n -0.2145 -0.6851 0.6961
n -0.4223 -0.6212 0.6602
n -0.316 -0.6712 0.6706
n -0.3028 -0.6522 0.6949
n -0.5236 -0.592 0.6126
n -0.4223 -0.6212 0.6602
n -0.387 -0.618 0.6843
n -0.6108 -0.5615 0.5582
n -0.5236 -0.592 0.6126
n -0.4582 -0.5886 0.666
n -0.675 -0.4862 0.555
n -0.6108 -0.5615 0.5582
n -0.5405 -0.5231 0.659
n -0.7023 -0.3925 0.5939
n -0.675 -0.4862 0.555
n -0.6196 -0.4196 0.6634
n -0.7247 -0.3102 0.6154
n -0.7023 -0.3925 0.5939
n -0.6599 -0.3412 0.6695
n -0.7485 -0.2128 0.628
n -0.7247 -0.3102 0.6154
n -0.6794 -0.2791 0.6786
n -0.816 -0.3377 0.4692
n -0.7652 -0.4576 0.4528
n -0.7023 -0.3925 0.5939
n -0.8414 -0.2196 0.4937
n -0.816 -0.3377 0.4692
n -0.7247 -0.3102 0.6154
n -0.7652 -0.4576 0.4528
n -0.7231 -0.5509 0.4167
n -0.675 -0.4862 0.555
n -0.7231 -0.5509 0.4167
n -0.6926 -0.5604 0.4542
n -0.6108 -0.5615 0.5582
n -0.6926 -0.5604 0.4542
n -0.6148 -0.4935 0.6153
n -0.5236 -0.592 0.6126
n -0.6148 -0.4935 0.6153
n -0.4624 -0.5729 0.6767
n -0.4223 -0.6212 0.6602
n -0.4624 -0.5729 0.6767
n -0.3354 -0.6449 0.6867
n -0.316 -0.6712 0.6706
n -0.3354 -0.6449 0.6867
n -0.2279 -0.6839 0.6931
n -0.2191 -0.7211 0.6573
n -0.2279 -0.6839 0.6931
n -0.1536 -0.6813 0.7157
n -0.1279 -0.7504 0.6484
n -0.1536 -0.6813 0.7157
n -0.0673 -0.6706 0.7388
n -0.0299 -0.7658 0.6424
n -0.0673 -0.6706 0.7388
n 0.1067 -0.6858 0.7199
n 0.0722 -0.7616 0.6441
n 0.1704 -0.7662 0.6196
n 0.1808 -0.7482 0.6383
n 0.0722 -0.7616 0.6441
n 0.2641 -0.7237 0.6376
n 0.2611 -0.7272 0.6348
n 0.1808 -0.7482 0.6383
n 0.3213 -0.717 0.6187
n 0.3277 -0.689 0.6464
n 0.2611 -0.7272 0.6348
n 0.4095 -0.646 0.6442
n 0.4144 -0.6053 0.6796
n 0.3277 -0.689 0.6464
n 0.4939 -0.574 0.6532
n 0.4889 -0.5362 0.6881
n 0.4144 -0.6053 0.6796
n 0.4939 -0.574 0.6532
n 0.571 -0.5101 0.6433
n 0.5274 -0.4714 0.7069
n 0.571 -0.5101 0.6433
n 0.6725 -0.426 0.6052
n 0.6 -0.3815 0.7032
n 0.7354 -0.2417 0.633
n 0.6659 -0.2865 0.6888
n 0.6 -0.3815 0.7032
n 0.8275 -0.2438 0.5058
n 0.6989 -0.1992 0.6869
n 0.6659 -0.2865 0.6888
n 0.8351 -0.1784 0.5204
n 0.7029 -0.1184 0.7013
n 0.6989 -0.1992 0.6869
n 0.8213 -0.069 0.5663
n 0.6888 -0.0128 0.7249
n 0.7029 -0.1184 0.7013
n 0.7738 0.0795 0.6284
n 0.6489 0.0941 0.7551
n 0.6888 -0.0128 0.7249
n 0.7459 0.1927 0.6375
n 0.6279 0.1643 0.7608
n 0.6489 0.0941 0.7551
n 0.7275 0.3106 0.6118
n 0.5904 0.236 0.7719
n 0.6279 0.1643 0.7608
n 0.7275 0.3106 0.6118
n 0.6758 0.3945 0.6226
n 0.5445 0.3193 0.7756
n 0.6758 0.3945 0.6226
n 0.5909 0.4713 0.6548
n 0.4941 0.39 0.7771
n 0.5909 0.4713 0.6548
n 0.5169 0.5721 0.6368
n 0.439 0.4682 0.7669
n 0.4579 0.6307 0.6266
n 0.3878 0.5259 0.757
n 0.439 0.4682 0.7669
n 0.386 0.6672 0.637
n 0.3227 0.5665 0.7583
n 0.3878 0.5259 0.757
n 0.2906 0.6741 0.6791
n 0.24 0.6008 0.7625
n 0.3227 0.5665 0.7583
n 0.2906 0.6741 0.6791
n 0.1688 0.6469 0.7437
n 0.1338 0.6353 0.7606
n 0.1688 0.6469 0.7437
n 0.0428 0.6227 0.7813
n 0.0289 0.6607 0.7501
n 0.0428 0.6227 0.7813
n -0.0739 0.6309 0.7723
n -0.041 0.6747 0.737
n -0.1847 0.7062 0.6835
n -0.0851 0.696 0.713
n -0.041 0.6747 0.737
n -0.2198 0.7812 0.5843
n -0.1508 0.698 0.7001
n -0.0851 0.696 0.713
n -0.3289 0.7685 0.5488
n -0.2679 0.6688 0.6935
n -0.1508 0.698 0.7001
n -0.3289 0.7685 0.5488
n -0.4866 0.6949 0.5294
n -0.4032 0.6247 0.6687
n -0.4866 0.6949 0.5294
n -0.5975 0.6248 0.5026
n -0.5238 0.5818 0.6222
n -0.5975 0.6248 0.5026
n -0.6351 0.6059 0.4791
n -0.5733 0.561 0.5972
n -0.6775 0.5703 0.4646
n -0.6172 0.5135 0.5961
n -0.5733 0.561 0.5972
n -0.7338 0.5109 0.4478
n -0.667 0.4311 0.6076
n -0.6172 0.5135 0.5961
n -0.7955 0.4096 0.4466
n -0.7109 0.319 0.6268
n -0.667 0.4311 0.6076
n -0.8418 0.2719 0.4663
n -0.743 0.1991 0.639
n -0.7109 0.319 0.6268
n -0.8624 0.1385 0.4869
n -0.7595 0.0872 0.6446
n -0.743 0.1991 0.639
n -0.8624 0.1385 0.4869
n -0.8677 0.0154 0.4969
n -0.7666 -0.0112 0.642
n -0.8677 0.0154 0.4969
n -0.862 -0.1137 0.494
n -0.7632 -0.111 0.6365
n -0.862 -0.1137 0.494
n -0.8414 -0.2196 0.4937
n -0.7485 -0.2128 0.628
n -0.8354 0.0709 0.5451
n -0.829 -0.0643 0.5555
n -0.862 -0.1137 0.494
n -0.829 -0.0643 0.5555
n -0.8146 -0.2 0.5445
n -0.8414 -0.2196 0.4937
n -0.8312 0.1819 0.5254
n -0.8354 0.0709 0.5451
n -0.8677 0.0154 0.4969
n -0.8312 0.1819 0.5254
n -0.8624 0.1385 0.4869
n -0.8418 0.2719 0.4663
n -0.8151 0.2813 0.5065
n -0.8418 0.2719 0.4663
n -0.7955 0.4096 0.4466
n -0.7719 0.3564 0.5265
n -0.7955 0.4096 0.4466
n -0.7338 0.5109 0.4478
n -0.7227 0.4223 0.5472
n -0.7338 0.5109 0.4478
n -0.6775 0.5703 0.4646
n -0.6487 0.4795 0.5911
n -0.6775 0.5703 0.4646
n -0.6351 0.6059 0.4791
n -0.5483 0.5283 0.6483
n -0.5961 0.5222 0.6099
n -0.6351 0.6059 0.4791
n -0.4111 0.5849 0.6993
n -0.5483 0.5283 0.6483
n -0.5975 0.6248 0.5026
n -0.2979 0.6225 0.7237
n -0.4111 0.5849 0.6993
n -0.4866 0.6949 0.5294
n -0.2979 0.6225 0.7237
n -0.3289 0.7685 0.5488
n -0.2198 0.7812 0.5843
n -0.306 0.5882 0.7485
n -0.2198 0.7812 0.5843
n -0.1847 0.7062 0.6835
n -0.1632 0.4045 0.8999
n -0.3234 0.4998 0.8035
n -0.1847 0.7062 0.6835
n 0.0532 0.3332 0.9413
n -0.1632 0.4045 0.8999
n -0.0739 0.6309 0.7723
n 0.1736 0.4195 0.891
n 0.0532 0.3332 0.9413
n 0.0428 0.6227 0.7813
n 0.3066 0.3858 0.8701
n 0.1736 0.4195 0.891
n 0.1688 0.6469 0.7437
n 0.3629 0.533 0.7643
n 0.3066 0.3858 0.8701
n 0.2906 0.6741 0.6791
n 0.345 0.5387 0.7686
n 0.3629 0.533 0.7643
n 0.386 0.6672 0.637
n 0.2944 0.4107 0.8629
n 0.345 0.5387 0.7686
n 0.4579 0.6307 0.6266
n 0.3973 0.3269 0.8575
n 0.2944 0.4107 0.8629
n 0.5169 0.5721 0.6368
n 0.5378 0.2119 0.816
n 0.3973 0.3269 0.8575
n 0.5909 0.4713 0.6548
n 0.587 0.2414 0.7727
n 0.5378 0.2119 0.816
n 0.6758 0.3945 0.6226
n 0.5391 0.1801 0.8227
n 0.587 0.2414 0.7727
n 0.7275 0.3106 0.6118
n 0.5391 0.1801 0.8227
n 0.7459 0.1927 0.6375
n 0.7738 0.0795 0.6284
n 0.5612 0.0567 0.8257
n 0.7738 0.0795 0.6284
n 0.8213 -0.069 0.5663
n 0.584 -0.0464 0.8105
n 0.8213 -0.069 0.5663
n 0.8351 -0.1784 0.5204
n 0.5668 -0.0672 0.8211
n 0.8351 -0.1784 0.5204
n 0.8275 -0.2438 0.5058
n 0.52 -0.0026 0.8542
n 0.8275 -0.2438 0.5058
n 0.7354 -0.2417 0.633
n 0.3076 -0.0319 0.951
n 0.7354 -0.2417 0.633
n 0.6725 -0.426 0.6052
n 0.1923 -0.2854 0.9389
n 0.2787 -0.267 0.9225
n 0.6725 -0.426 0.6052
n 0.1152 -0.2484 0.9618
n 0.1923 -0.2854 0.9389
n 0.571 -0.5101 0.6433
n 0.1152 -0.2484 0.9618
n 0.4939 -0.574 0.6532
n 0.4095 -0.646 0.6442
n 0.1277 -0.2429 0.9616
n 0.4095 -0.646 0.6442
n 0.3213 -0.717 0.6187
n 0.1124 -0.264 0.958
n 0.3213 -0.717 0.6187
n 0.2641 -0.7237 0.6376
n 0.0441 -0.2645 0.9634
n 0.2641 -0.7237 0.6376
n 0.1704 -0.7662 0.6196
n 0.0779 -0.3538 0.9321
n 0.1704 -0.7662 0.6196
n 0.1067 -0.6858 0.7199
n -0.0286 -0.2708 0.9622
n 0.1067 -0.6858 0.7199
n -0.0673 -0.6706 0.7388
n -0.2536 -0.3801 0.8895
n -0.1687 -0.3752 0.9114
n -0.0673 -0.6706 0.7388
n -0.2951 -0.4402 0.848
n -0.2536 -0.3801 0.8895
n -0.1536 -0.6813 0.7157
n -0.3866 -0.4382 0.8115
n -0.2951 -0.4402 0.848
n -0.2279 -0.6839 0.6931
n -0.5163 -0.4092 0.7523
n -0.3866 -0.4382 0.8115
n -0.3354 -0.6449 0.6867
n -0.5163 -0.4092 0.7523
n -0.4624 -0.5729 0.6767
n -0.6148 -0.4935 0.6153
n -0.6825 -0.3453 0.6441
n -0.6022 -0.313 0.7344
n -0.6148 -0.4935 0.6153
n -0.6826 -0.4144 0.602
n -0.6825 -0.3453 0.6441
n -0.6926 -0.5604 0.4542
n -0.7099 -0.4024 0.5781
n -0.6826 -0.4144 0.602
n -0.7231 -0.5509 0.4167
n -0.7616 -0.2977 0.5756
n -0.7099 -0.4024 0.5781
n -0.7652 -0.4576 0.4528
n -0.8146 -0.2 0.5445
n -0.7616 -0.2977 0.5756
n -0.816 -0.3377 0.4692
n -0.1066 -0.1214 0.9869
n -0.0033 -0.0751 0.9972
n 0.3254 -0.0239 0.9453
n 0.2738 -0.0386 0.961
n 0.1947 0.0625 0.9789
n -0.0033 -0.0751 0.9972
n 0.3567 0.0428 0.9332
n 0.2494 0.1359 0.9588
n 0.1947 0.0625 0.9789
n 0.1956 0.0239 0.9804
n 0.1998 0.0785 0.9767
n 0.2494 0.1359 0.9588
n 0.0669 0.0097 0.9977
n 0.1694 0.0435 0.9846
n 0.1998 0.0785 0.9767
n 0.0076 0.028 0.9996
n 0.1526 0.0507 0.987
n 0.1694 0.0435 0.9846
n 0.0076 0.028 0.9996
n 0.0788 0.1567 0.9845
n 0.1886 0.1734 0.9666
n 0.0788 0.1567 0.9845
n 0.2548 0.2938 0.9213
n 0.2275 -0.0047 0.9738
n 0.2548 0.2938 0.9213
n 0.0673 -0.2452 0.9671
n 0.2011 -0.0896 0.9755
n 0.0673 -0.2452 0.9671
n 0.0696 -0.0215 0.9973
n 0.1172 0.112 0.9868
n 0.0696 -0.0215 0.9973
n 0.0531 0.326 0.9439
n 0.062 0.4235 0.9038
n 0.0779 -0.3538 0.9321
n -0.1076 0.0029 0.9942
n -0.0881 0.011 0.9961
n 0.0441 -0.2645 0.9634
n -0.0881 0.011 0.9961
n -0.0269 0.0873 0.9958
n 0.1124 -0.264 0.958
n -0.0269 0.0873 0.9958
n -0.0491 0.0317 0.9983
n 0.1277 -0.2429 0.9616
n -0.0491 0.0317 0.9983
n 0.0669 0.0106 0.9977
n 0.1923 -0.2854 0.9389
n 0.1152 -0.2484 0.9618
n 0.0669 0.0106 0.9977
n 0.1923 -0.2854 0.9389
n 0.3254 -0.0239 0.9453
n -0.0033 -0.0751 0.9972
n 0.2787 -0.267 0.9225
n -0.0033 -0.0751 0.9972
n 0.1947 0.0625 0.9789
n 0.3076 -0.0319 0.951
n 0.1947 0.0625 0.9789
n 0.2494 0.1359 0.9588
n 0.52 -0.0026 0.8542
n 0.2494 0.1359 0.9588
n 0.1998 0.0785 0.9767
n 0.5668 -0.0672 0.8211
n 0.1998 0.0785 0.9767
n 0.1694 0.0435 0.9846
n 0.584 -0.0464 0.8105
n 0.1694 0.0435 0.9846
n 0.1526 0.0507 0.987
n 0.5391 0.1801 0.8227
n 0.5612 0.0567 0.8257
n 0.1526 0.0507 0.987
n 0.587 0.2414 0.7727
n 0.5391 0.1801 0.8227
n 0.1886 0.1734 0.9666
n 0.5378 0.2119 0.816
n 0.587 0.2414 0.7727
n 0.2275 -0.0047 0.9738
n 0.3973 0.3269 0.8575
n 0.5378 0.2119 0.816
n 0.2011 -0.0896 0.9755
n 0.2944 0.4107 0.8629
n 0.3973 0.3269 0.8575
n 0.1172 0.112 0.9868
n 0.345 0.5387 0.7686
n 0.2944 0.4107 0.8629
n 0.062 0.4235 0.9038
n 0.3629 0.533 0.7643
n 0.345 0.5387 0.7686
n 0.1457 0.6051 0.7827
n 0.3066 0.3858 0.8701
n 0.3629 0.533 0.7643
n 0.3087 0.3298 0.8922
n 0.1736 0.4195 0.891
n 0.3066 0.3858 0.8701
n 0.2759 0.0771 0.9581
n 0.0532 0.3332 0.9413
n 0.1736 0.4195 0.891
n 0.1383 0.2616 0.9552
n -0.1632 0.4045 0.8999
n 0.0532 0.3332 0.9413
n 0.1059 0.0249 0.9941
n -0.3234 0.4998 0.8035
n -0.1632 0.4045 0.8999
n -0.2326 0.2127 0.949
n -0.3234 0.4998 0.8035
n -0.375 0.276 0.885
n -0.3508 0.3336 0.875
n -0.306 0.5882 0.7485
n -0.3508 0.3336 0.875
n -0.2811 0.4065 0.8693
n -0.4111 0.5849 0.6993
n -0.2979 0.6225 0.7237
n -0.2811 0.4065 0.8693
n -0.5483 0.5283 0.6483
n -0.4111 0.5849 0.6993
n -0.3301 0.4249 0.8429
n -0.5961 0.5222 0.6099
n -0.5483 0.5283 0.6483
n -0.4674 0.386 0.7953
n -0.5961 0.5222 0.6099
n -0.5177 0.3776 0.7677
n -0.5786 0.3224 0.7492
n -0.6487 0.4795 0.5911
n -0.5786 0.3224 0.7492
n -0.6635 0.2551 0.7033
n -0.7227 0.4223 0.5472
n -0.6635 0.2551 0.7033
n -0.7119 0.2043 0.6719
n -0.7719 0.3564 0.5265
n -0.7119 0.2043 0.6719
n -0.7474 0.1823 0.6389
n -0.8151 0.2813 0.5065
n -0.7474 0.1823 0.6389
n -0.7453 0.2026 0.6352
n -0.8354 0.0709 0.5451
n -0.8312 0.1819 0.5254
n -0.7453 0.2026 0.6352
n -0.829 -0.0643 0.5555
n -0.8354 0.0709 0.5451
n -0.737 0.1621 0.6562
n -0.8146 -0.2 0.5445
n -0.829 -0.0643 0.5555
n -0.742 0.0305 0.6697
n -0.7616 -0.2977 0.5756
n -0.8146 -0.2 0.5445
n -0.7155 -0.0554 0.6964
n -0.7099 -0.4024 0.5781
n -0.7616 -0.2977 0.5756
n -0.6759 -0.1496 0.7216
n -0.6826 -0.4144 0.602
n -0.7099 -0.4024 0.5781
n -0.6318 -0.2286 0.7407
n -0.6825 -0.3453 0.6441
n -0.6826 -0.4144 0.602
n -0.6011 -0.2218 0.7678
n -0.6022 -0.313 0.7344
n -0.6825 -0.3453 0.6441
n -0.5815 -0.1977 0.7892
n -0.318 -0.0423 0.9471
n -0.1918 -0.0241 0.9811
n -0.3194 -0.0007 0.9476
n -0.3111 -0.0846 0.9466
n -0.188 -0.0496 0.9809
n -0.318 -0.0423 0.9471
n -0.1928 0.0016 0.9812
n -0.1893 0.0253 0.9816
n -0.3194 -0.0007 0.9476
n -0.1893 0.0253 0.9816
n -0.1792 0.0451 0.9828
n -0.3132 0.0345 0.9491
n -0.1792 0.0451 0.9828
n -0.1662 0.0641 0.984
n -0.2993 0.0691 0.9516
n -0.1662 0.0641 0.984
n -0.1517 0.0837 0.9849
n -0.2822 0.107 0.9534
n -0.1517 0.0837 0.9849
n -0.1346 0.1026 0.9856
n -0.2615 0.1442 0.9544
n -0.1346 0.1026 0.9856
n -0.117 0.1216 0.9857
n -0.2356 0.1792 0.9552
n -0.117 0.1216 0.9857
n -0.0983 0.1415 0.985
n -0.2053 0.213 0.9552
n -0.1731 0.2446 0.954
n -0.0983 0.1415 0.985
n -0.1398 0.2703 0.9526
n -0.1398 0.2703 0.9526
n -0.0806 0.1583 0.9841
n -0.1055 0.2913 0.9508
n -0.1055 0.2913 0.9508
n -0.0642 0.1728 0.9829
n -0.0746 0.3073 0.9487
n -0.0746 0.3073 0.9487
n -0.0472 0.1836 0.9819
n -0.0415 0.3185 0.947
n -0.0415 0.3185 0.947
n -0.0269 0.1897 0.9815
n -0.003 0.3212 0.947
n -0.0031 0.1933 0.9811
n 0.021 0.191 0.9814
n -0.003 0.3212 0.947
n 0.0366 0.3185 0.9472
n 0.021 0.191 0.9814
n 0.0772 0.3115 0.9471
n 0.0772 0.3115 0.9471
n 0.0439 0.1858 0.9816
n 0.1169 0.299 0.9471
n 0.0675 0.1772 0.9819
n 0.0896 0.1673 0.9818
n 0.1169 0.299 0.9471
n 0.1542 0.2801 0.9475
n 0.0896 0.1673 0.9818
n 0.1882 0.2592 0.9473
n 0.1098 0.1544 0.9819
n 0.1282 0.1373 0.9822
n 0.1882 0.2592 0.9473
n 0.1282 0.1373 0.9822
n 0.1448 0.1183 0.9824
n 0.2202 0.2309 0.9477
n 0.1448 0.1183 0.9824
n 0.1598 0.0971 0.9824
n 0.2499 0.1989 0.9476
n 0.1598 0.0971 0.9824
n 0.1707 0.0749 0.9825
n 0.2737 0.1636 0.9478
n 0.1707 0.0749 0.9825
n 0.1796 0.0507 0.9824
n 0.2927 0.1251 0.948
n 0.1796 0.0507 0.9824
n 0.1853 0.0256 0.9823
n 0.307 0.0845 0.9479
n 0.1853 0.0256 0.9823
n 0.1874 0.001 0.9823
n 0.3155 0.043 0.9479
n 0.1874 0.001 0.9823
n 0.1859 -0.0243 0.9823
n 0.3171 0.0014 0.9484
n 0.1859 -0.0243 0.9823
n 0.1813 -0.0498 0.9822
n 0.3124 -0.0406 0.9491
n 0.1813 -0.0498 0.9822
n 0.1734 -0.073 0.9821
n 0.3026 -0.0824 0.9496
n 0.1734 -0.073 0.9821
n 0.1631 -0.0951 0.982
n 0.2893 -0.1235 0.9492
n 0.2738 -0.1606 0.9483
n 0.1631 -0.0951 0.982
n 0.2527 -0.194 0.9479
n 0.2527 -0.194 0.9479
n 0.1487 -0.1153 0.9821
n 0.2248 -0.2245 0.9482
n 0.2248 -0.2245 0.9482
n 0.1321 -0.1328 0.9823
n 0.1904 -0.2517 0.9489
n 0.1904 -0.2517 0.9489
n 0.1131 -0.1495 0.9823
n 0.1552 -0.2744 0.949
n 0.1552 -0.2744 0.949
n 0.0925 -0.1631 0.9823
n 0.1191 -0.292 0.949
n 0.1191 -0.292 0.949
n 0.0688 -0.1738 0.9824
n 0.0792 -0.3058 0.9488
n 0.0792 -0.3058 0.9488
n 0.0463 -0.1812 0.9824
n 0.0378 -0.3148 0.9484
n 0.0378 -0.3148 0.9484
n 0.0223 -0.1871 0.9821
n -0.004 -0.3181 0.948
n -0.004 -0.3181 0.948
n -0.0035 -0.1882 0.9821
n -0.0466 -0.3165 0.9474
n -0.0466 -0.3165 0.9474
n -0.0271 -0.1878 0.9818
n -0.087 -0.3099 0.9468
n -0.0518 -0.1842 0.9815
n -0.0753 -0.1754 0.9816
n -0.087 -0.3099 0.9468
n -0.1258 -0.2982 0.9462
n -0.0753 -0.1754 0.9816
n -0.1619 -0.2782 0.9468
n -0.1619 -0.2782 0.9468
n -0.0958 -0.1645 0.9817
n -0.1989 -0.255 0.9463
n -0.1989 -0.255 0.9463
n -0.1173 -0.1512 0.9815
n -0.2331 -0.2283 0.9453
n -0.2331 -0.2283 0.9453
n -0.1379 -0.1346 0.9812
n -0.2616 -0.197 0.9449
n -0.2616 -0.197 0.9449
n -0.1565 -0.1165 0.9808
n -0.2841 -0.1629 0.9448
n -0.2841 -0.1629 0.9448
n -0.1711 -0.0972 0.9805
n -0.3 -0.1255 0.9457
n -0.3 -0.1255 0.9457
n -0.1807 -0.0742 0.9807
n -0.3111 -0.0846 0.9466
n -0.3 -0.1255 0.9457
n -0.4907 -0.2093 0.8458
n -0.2841 -0.1629 0.9448
n -0.3111 -0.0846 0.9466
n -0.5072 -0.1418 0.8501
n -0.3 -0.1255 0.9457
n -0.2841 -0.1629 0.9448
n -0.4641 -0.2668 0.8446
n -0.2616 -0.197 0.9449
n -0.2616 -0.197 0.9449
n -0.4266 -0.3193 0.8462
n -0.2331 -0.2283 0.9453
n -0.2331 -0.2283 0.9453
n -0.3803 -0.366 0.8494
n -0.1989 -0.255 0.9463
n -0.1989 -0.255 0.9463
n -0.3267 -0.4142 0.8496
n -0.1619 -0.2782 0.9468
n -0.1619 -0.2782 0.9468
n -0.2686 -0.4558 0.8486
n -0.1258 -0.2982 0.9462
n -0.1258 -0.2982 0.9462
n -0.2089 -0.485 0.8492
n -0.087 -0.3099 0.9468
n -0.087 -0.3099 0.9468
n -0.1464 -0.5036 0.8514
n -0.0466 -0.3165 0.9474
n -0.0466 -0.3165 0.9474
n -0.0803 -0.5137 0.8542
n -0.004 -0.3181 0.948
n -0.004 -0.3181 0.948
n -0.0117 -0.5166 0.8562
n 0.0378 -0.3148 0.9484
n 0.0378 -0.3148 0.9484
n 0.0569 -0.5099 0.8584
n 0.0792 -0.3058 0.9488
n 0.0792 -0.3058 0.9488
n 0.1246 -0.4955 0.8596
n 0.1191 -0.292 0.949
n 0.1191 -0.292 0.949
n 0.1897 -0.4734 0.8602
n 0.1552 -0.2744 0.949
n 0.1552 -0.2744 0.949
n 0.2486 -0.4428 0.8615
n 0.1904 -0.2517 0.9489
n 0.1904 -0.2517 0.9489
n 0.3057 -0.4042 0.8621
n 0.2248 -0.2245 0.9482
n 0.2248 -0.2245 0.9482
n 0.3594 -0.3608 0.8606
n 0.2527 -0.194 0.9479
n 0.2527 -0.194 0.9479
n 0.3995 -0.3129 0.8617
n 0.2738 -0.1606 0.9483
n 0.2738 -0.1606 0.9483
n 0.4292 -0.259 0.8653
n 0.2893 -0.1235 0.9492
n 0.455 -0.1964 0.8686
n 0.4771 -0.1294 0.8693
n 0.2893 -0.1235 0.9492
n 0.4771 -0.1294 0.8693
n 0.4943 -0.0616 0.8671
n 0.3026 -0.0824 0.9496
n 0.4943 -0.0616 0.8671
n 0.5051 0.0054 0.863
n 0.3124 -0.0406 0.9491
n 0.5051 0.0054 0.863
n 0.5074 0.0705 0.8588
n 0.3171 0.0014 0.9484
n 0.5074 0.0705 0.8588
n 0.4964 0.1357 0.8574
n 0.3155 0.043 0.9479
n 0.4964 0.1357 0.8574
n 0.4735 0.2008 0.8576
n 0.307 0.0845 0.9479
n 0.4735 0.2008 0.8576
n 0.4424 0.2623 0.8576
n 0.2927 0.1251 0.948
n 0.4424 0.2623 0.8576
n 0.404 0.3188 0.8574
n 0.2737 0.1636 0.9478
n 0.404 0.3188 0.8574
n 0.3586 0.3705 0.8568
n 0.2499 0.1989 0.9476
n 0.3586 0.3705 0.8568
n 0.3071 0.4144 0.8567
n 0.2202 0.2309 0.9477
n 0.1882 0.2592 0.9473
n 0.3071 0.4144 0.8567
n 0.1542 0.2801 0.9475
n 0.2508 0.4497 0.8572
n 0.1897 0.4794 0.8568
n 0.1542 0.2801 0.9475
n 0.1169 0.299 0.9471
n 0.1897 0.4794 0.8568
n 0.0772 0.3115 0.9471
n 0.1263 0.5007 0.8564
n 0.062 0.514 0.8556
n 0.0772 0.3115 0.9471
n 0.0366 0.3185 0.9472
n 0.062 0.514 0.8556
n -0.003 0.3212 0.947
n -0.0054 0.5191 0.8547
n -0.065 0.5153 0.8545
n -0.003 0.3212 0.947
n -0.0415 0.3185 0.947
n -0.065 0.5153 0.8545
n -0.0746 0.3073 0.9487
n -0.0746 0.3073 0.9487
n -0.1203 0.5006 0.8573
n -0.1055 0.2913 0.9508
n -0.1055 0.2913 0.9508
n -0.1798 0.4781 0.8597
n -0.1398 0.2703 0.9526
n -0.1398 0.2703 0.9526
n -0.2379 0.4474 0.8621
n -0.1731 0.2446 0.954
n -0.1731 0.2446 0.954
n -0.2942 0.408 0.8643
n -0.2053 0.213 0.9552
n -0.3501 0.3587 0.8653
n -0.3998 0.3042 0.8646
n -0.2053 0.213 0.9552
n -0.3998 0.3042 0.8646
n -0.4403 0.2461 0.8634
n -0.2356 0.1792 0.9552
n -0.4403 0.2461 0.8634
n -0.4706 0.1838 0.863
n -0.2615 0.1442 0.9544
n -0.4706 0.1838 0.863
n -0.4942 0.1164 0.8615
n -0.2822 0.107 0.9534
n -0.4942 0.1164 0.8615
n -0.5103 0.0522 0.8584
n -0.2993 0.0691 0.9516
n -0.5103 0.0522 0.8584
n -0.5198 -0.0065 0.8543
n -0.3132 0.0345 0.9491
n -0.3194 -0.0007 0.9476
n -0.5198 -0.0065 0.8543
n -0.318 -0.0423 0.9471
n -0.318 -0.0423 0.9471
n -0.5183 -0.071 0.8522
n -0.3111 -0.0846 0.9466
n -0.6524 -0.1878 0.7343
n -0.5072 -0.1418 0.8501
n -0.658 -0.0963 0.7468
n -0.6523 -0.0154 0.7578
n -0.658 -0.0963 0.7468
n -0.5198 -0.0065 0.8543
n -0.6359 0.0619 0.7693
n -0.6523 -0.0154 0.7578
n -0.5103 0.0522 0.8584
n -0.6129 0.1462 0.7765
n -0.6359 0.0619 0.7693
n -0.4942 0.1164 0.8615
n -0.5787 0.2251 0.7839
n -0.6129 0.1462 0.7765
n -0.4706 0.1838 0.863
n -0.5362 0.299 0.7894
n -0.5787 0.2251 0.7839
n -0.4403 0.2461 0.8634
n -0.4865 0.3659 0.7933
n -0.5362 0.299 0.7894
n -0.3998 0.3042 0.8646
n -0.4266 0.4262 0.7977
n -0.4865 0.3659 0.7933
n -0.3501 0.3587 0.8653
n -0.4266 0.4262 0.7977
n -0.3501 0.3587 0.8653
n -0.352 0.4727 0.8079
n -0.352 0.4727 0.8079
n -0.2942 0.408 0.8643
n -0.2765 0.5065 0.8167
n -0.2765 0.5065 0.8167
n -0.2379 0.4474 0.8621
n -0.2041 0.5346 0.8201
n -0.2041 0.5346 0.8201
n -0.1798 0.4781 0.8597
n -0.136 0.5563 0.8198
n -0.136 0.5563 0.8198
n -0.1203 0.5006 0.8573
n -0.0721 0.5664 0.821
n -0.0118 0.5658 0.8244
n -0.0721 0.5664 0.821
n -0.0054 0.5191 0.8547
n -0.0118 0.5658 0.8244
n -0.0054 0.5191 0.8547
n 0.0622 0.5543 0.83
n 0.1318 0.5361 0.8338
n 0.0622 0.5543 0.83
n 0.1263 0.5007 0.8564
n 0.2024 0.511 0.8354
n 0.1318 0.5361 0.8338
n 0.1897 0.4794 0.8568
n 0.2711 0.4801 0.8342
n 0.2024 0.511 0.8354
n 0.2508 0.4497 0.8572
n 0.332 0.4436 0.8325
n 0.2711 0.4801 0.8342
n 0.3071 0.4144 0.8567
n 0.3855 0.3978 0.8325
n 0.332 0.4436 0.8325
n 0.3586 0.3705 0.8568
n 0.4391 0.3434 0.8302
n 0.3855 0.3978 0.8325
n 0.404 0.3188 0.8574
n 0.486 0.2839 0.8266
n 0.4391 0.3434 0.8302
n 0.4424 0.2623 0.8576
n 0.5257 0.2186 0.8221
n 0.486 0.2839 0.8266
n 0.4735 0.2008 0.8576
n 0.559 0.1519 0.8151
n 0.5257 0.2186 0.8221
n 0.4964 0.1357 0.8574
n 0.5749 0.0851 0.8138
n 0.559 0.1519 0.8151
n 0.5074 0.0705 0.8588
n 0.5795 0.0099 0.8149
n 0.5749 0.0851 0.8138
n 0.5051 0.0054 0.863
n 0.5737 -0.0715 0.8159
n 0.5795 0.0099 0.8149
n 0.4943 -0.0616 0.8671
n 0.562 -0.159 0.8117
n 0.5737 -0.0715 0.8159
n 0.4771 -0.1294 0.8693
n 0.5455 -0.2457 0.8013
n 0.562 -0.159 0.8117
n 0.455 -0.1964 0.8686
n 0.5233 -0.3311 0.7852
n 0.5455 -0.2457 0.8013
n 0.4292 -0.259 0.8653
n 0.5233 -0.3311 0.7852
n 0.4292 -0.259 0.8653
n 0.4954 -0.4043 0.7689
n 0.4954 -0.4043 0.7689
n 0.3995 -0.3129 0.8617
n 0.4558 -0.4719 0.7547
n 0.4558 -0.4719 0.7547
n 0.3594 -0.3608 0.8606
n 0.3931 -0.5331 0.7492
n 0.3931 -0.5331 0.7492
n 0.3057 -0.4042 0.8621
n 0.3202 -0.5951 0.7372
n 0.3202 -0.5951 0.7372
n 0.2486 -0.4428 0.8615
n 0.2465 -0.6438 0.7244
n 0.2465 -0.6438 0.7244
n 0.1897 -0.4734 0.8602
n 0.1639 -0.6774 0.7171
n 0.1639 -0.6774 0.7171
n 0.1246 -0.4955 0.8596
n 0.0708 -0.6972 0.7134
n 0.0708 -0.6972 0.7134
n 0.0569 -0.5099 0.8584
n -0.0213 -0.7055 0.7084
n -0.0213 -0.7055 0.7084
n -0.0117 -0.5166 0.8562
n -0.1137 -0.6996 0.7054
n -0.1137 -0.6996 0.7054
n -0.0803 -0.5137 0.8542
n -0.2029 -0.6836 0.7011
n -0.2029 -0.6836 0.7011
n -0.1464 -0.5036 0.8514
n -0.2885 -0.6511 0.702
n -0.2885 -0.6511 0.702
n -0.2089 -0.485 0.8492
n -0.3636 -0.6124 0.702
n -0.3636 -0.6124 0.702
n -0.2686 -0.4558 0.8486
n -0.4281 -0.5613 0.7083
n -0.4281 -0.5613 0.7083
n -0.3267 -0.4142 0.8496
n -0.4928 -0.4816 0.7247
n -0.4928 -0.4816 0.7247
n -0.3803 -0.366 0.8494
n -0.5584 -0.4006 0.7264
n -0.5584 -0.4006 0.7264
n -0.4266 -0.3193 0.8462
n -0.6111 -0.3395 0.715
n -0.6111 -0.3395 0.715
n -0.4641 -0.2668 0.8446
n -0.6373 -0.2675 0.7227
n -0.6373 -0.2675 0.7227
n -0.4907 -0.2093 0.8458
n -0.6524 -0.1878 0.7343
n -0.6373 -0.2675 0.7227
n -0.6794 -0.2791 0.6786
n -0.6111 -0.3395 0.715
n -0.6524 -0.1878 0.7343
n -0.6963 -0.1951 0.6907
n -0.6373 -0.2675 0.7227
n -0.6111 -0.3395 0.715
n -0.6599 -0.3412 0.6695
n -0.5584 -0.4006 0.7264
n -0.5584 -0.4006 0.7264
n -0.6196 -0.4196 0.6634
n -0.4928 -0.4816 0.7247
n -0.4928 -0.4816 0.7247
n -0.5405 -0.5231 0.659
n -0.4281 -0.5613 0.7083
n -0.4281 -0.5613 0.7083
n -0.4582 -0.5886 0.666
n -0.3636 -0.6124 0.702
n -0.3636 -0.6124 0.702
n -0.387 -0.618 0.6843
n -0.2885 -0.6511 0.702
n -0.2885 -0.6511 0.702
n -0.3028 -0.6522 0.6949
n -0.2029 -0.6836 0.7011
n -0.2029 -0.6836 0.7011
n -0.2145 -0.6851 0.6961
n -0.1137 -0.6996 0.7054
n -0.1137 -0.6996 0.7054
n -0.1251 -0.7029 0.7002
n -0.0213 -0.7055 0.7084
n -0.0213 -0.7055 0.7084
n -0.0304 -0.7074 0.7061
n 0.0708 -0.6972 0.7134
n 0.0708 -0.6972 0.7134
n 0.0655 -0.6981 0.713
n 0.1639 -0.6774 0.7171
n 0.1639 -0.6774 0.7171
n 0.1603 -0.6764 0.7189
n 0.2465 -0.6438 0.7244
n 0.2344 -0.6416 0.7303
n 0.3056 -0.5866 0.75
n 0.2465 -0.6438 0.7244
n 0.3056 -0.5866 0.75
n 0.3773 -0.5141 0.7703
n 0.3202 -0.5951 0.7372
n 0.3931 -0.5331 0.7492
n 0.3773 -0.5141 0.7703
n 0.4558 -0.4719 0.7547
n 0.4558 -0.4719 0.7547
n 0.4281 -0.448 0.7848
n 0.4954 -0.4043 0.7689
n 0.4954 -0.4043 0.7689
n 0.449 -0.3861 0.8058
n 0.5233 -0.3311 0.7852
n 0.4668 -0.3114 0.8277
n 0.4936 -0.227 0.8395
n 0.5233 -0.3311 0.7852
n 0.4936 -0.227 0.8395
n 0.5244 -0.1377 0.8402
n 0.5455 -0.2457 0.8013
n 0.5244 -0.1377 0.8402
n 0.5333 -0.0516 0.8444
n 0.562 -0.159 0.8117
n 0.5333 -0.0516 0.8444
n 0.5299 0.0291 0.8476
n 0.5737 -0.0715 0.8159
n 0.5299 0.0291 0.8476
n 0.5242 0.0929 0.8465
n 0.5795 0.0099 0.8149
n 0.5242 0.0929 0.8465
n 0.512 0.141 0.8473
n 0.5749 0.0851 0.8138
n 0.512 0.141 0.8473
n 0.4809 0.1988 0.8539
n 0.559 0.1519 0.8151
n 0.4809 0.1988 0.8539
n 0.443 0.264 0.8568
n 0.5257 0.2186 0.8221
n 0.443 0.264 0.8568
n 0.4053 0.3219 0.8556
n 0.486 0.2839 0.8266
n 0.4053 0.3219 0.8556
n 0.3571 0.3788 0.8538
n 0.4391 0.3434 0.8302
n 0.3571 0.3788 0.8538
n 0.3119 0.4257 0.8494
n 0.3855 0.3978 0.8325
n 0.3119 0.4257 0.8494
n 0.2598 0.4629 0.8475
n 0.332 0.4436 0.8325
n 0.2598 0.4629 0.8475
n 0.1928 0.4959 0.8467
n 0.2711 0.4801 0.8342
n 0.1928 0.4959 0.8467
n 0.1207 0.5242 0.843
n 0.2024 0.511 0.8354
n 0.1207 0.5242 0.843
n 0.0448 0.5722 0.8189
n 0.1318 0.5361 0.8338
n 0.0622 0.5543 0.83
n 0.0448 0.5722 0.8189
n -0.0118 0.5658 0.8244
n -0.0236 0.6039 0.7967
n -0.0821 0.6083 0.7894
n -0.0118 0.5658 0.8244
n -0.0721 0.5664 0.821
n -0.0821 0.6083 0.7894
n -0.136 0.5563 0.8198
n -0.136 0.5563 0.8198
n -0.1371 0.5874 0.7976
n -0.2041 0.5346 0.8201
n -0.2041 0.5346 0.8201
n -0.216 0.5627 0.798
n -0.2765 0.5065 0.8167
n -0.2765 0.5065 0.8167
n -0.3103 0.5382 0.7836
n -0.352 0.4727 0.8079
n -0.352 0.4727 0.8079
n -0.4153 0.5154 0.7496
n -0.4266 0.4262 0.7977
n -0.4892 0.4859 0.7243
n -0.5407 0.4279 0.7243
n -0.4266 0.4262 0.7977
n -0.5407 0.4279 0.7243
n -0.5888 0.3498 0.7287
n -0.4865 0.3659 0.7933
n -0.5888 0.3498 0.7287
n -0.6271 0.2552 0.736
n -0.5362 0.299 0.7894
n -0.6271 0.2552 0.736
n -0.6611 0.168 0.7312
n -0.5787 0.2251 0.7839
n -0.6611 0.168 0.7312
n -0.6845 0.0761 0.7251
n -0.6129 0.1462 0.7765
n -0.6845 0.0761 0.7251
n -0.6998 -0.0129 0.7142
n -0.6359 0.0619 0.7693
n -0.6998 -0.0129 0.7142
n -0.7042 -0.0996 0.703
n -0.6523 -0.0154 0.7578
n -0.658 -0.0963 0.7468
n -0.7042 -0.0996 0.703
n -0.6524 -0.1878 0.7343
n -0.7666 -0.0112 0.642
n -0.7632 -0.111 0.6365
n -0.6998 -0.0129 0.7142
n -0.7042 -0.0996 0.703
n -0.7632 -0.111 0.6365
n -0.6963 -0.1951 0.6907
n -0.7595 0.0872 0.6446
n -0.7666 -0.0112 0.642
n -0.6845 0.0761 0.7251
n -0.743 0.1991 0.639
n -0.7595 0.0872 0.6446
n -0.6611 0.168 0.7312
n -0.7109 0.319 0.6268
n -0.743 0.1991 0.639
n -0.6271 0.2552 0.736
n -0.667 0.4311 0.6076
n -0.7109 0.319 0.6268
n -0.5888 0.3498 0.7287
n -0.6172 0.5135 0.5961
n -0.667 0.4311 0.6076
n -0.5407 0.4279 0.7243
n -0.5733 0.561 0.5972
n -0.6172 0.5135 0.5961
n -0.4892 0.4859 0.7243
n -0.4153 0.5154 0.7496
n -0.5238 0.5818 0.6222
n -0.4892 0.4859 0.7243
n -0.3103 0.5382 0.7836
n -0.4032 0.6247 0.6687
n -0.4153 0.5154 0.7496
n -0.216 0.5627 0.798
n -0.2679 0.6688 0.6935
n -0.3103 0.5382 0.7836
n -0.1371 0.5874 0.7976
n -0.1508 0.698 0.7001
n -0.216 0.5627 0.798
n -0.0821 0.6083 0.7894
n -0.0851 0.696 0.713
n -0.1371 0.5874 0.7976
n -0.041 0.6747 0.737
n -0.0851 0.696 0.713
n -0.0236 0.6039 0.7967
n 0.0448 0.5722 0.8189
n 0.0289 0.6607 0.7501
n -0.0236 0.6039 0.7967
n 0.1207 0.5242 0.843
n 0.1338 0.6353 0.7606
n 0.0448 0.5722 0.8189
n 0.1928 0.4959 0.8467
n 0.24 0.6008 0.7625
n 0.1207 0.5242 0.843
n 0.3227 0.5665 0.7583
n 0.24 0.6008 0.7625
n 0.2598 0.4629 0.8475
n 0.3878 0.5259 0.757
n 0.3227 0.5665 0.7583
n 0.3119 0.4257 0.8494
n 0.439 0.4682 0.7669
n 0.3878 0.5259 0.757
n 0.3571 0.3788 0.8538
n 0.4941 0.39 0.7771
n 0.439 0.4682 0.7669
n 0.4053 0.3219 0.8556
n 0.5445 0.3193 0.7756
n 0.4941 0.39 0.7771
n 0.443 0.264 0.8568
n 0.5904 0.236 0.7719
n 0.5445 0.3193 0.7756
n 0.4809 0.1988 0.8539
n 0.6279 0.1643 0.7608
n 0.5904 0.236 0.7719
n 0.512 0.141 0.8473
n 0.6489 0.0941 0.7551
n 0.6279 0.1643 0.7608
n 0.5242 0.0929 0.8465
n 0.6888 -0.0128 0.7249
n 0.6489 0.0941 0.7551
n 0.5299 0.0291 0.8476
n 0.7029 -0.1184 0.7013
n 0.6888 -0.0128 0.7249
n 0.5333 -0.0516 0.8444
n 0.6989 -0.1992 0.6869
n 0.7029 -0.1184 0.7013
n 0.5244 -0.1377 0.8402
n 0.4936 -0.227 0.8395
n 0.6659 -0.2865 0.6888
n 0.5244 -0.1377 0.8402
n 0.4668 -0.3114 0.8277
n 0.6 -0.3815 0.7032
n 0.4936 -0.227 0.8395
n 0.449 -0.3861 0.8058
n 0.5274 -0.4714 0.7069
n 0.4668 -0.3114 0.8277
n 0.4281 -0.448 0.7848
n 0.4889 -0.5362 0.6881
n 0.449 -0.3861 0.8058
n 0.4144 -0.6053 0.6796
n 0.4889 -0.5362 0.6881
n 0.3773 -0.5141 0.7703
n 0.3277 -0.689 0.6464
n 0.4144 -0.6053 0.6796
n 0.3056 -0.5866 0.75
n 0.2611 -0.7272 0.6348
n 0.3277 -0.689 0.6464
n 0.2344 -0.6416 0.7303
n 0.1603 -0.6764 0.7189
n 0.1808 -0.7482 0.6383
n 0.2344 -0.6416 0.7303
n 0.0655 -0.6981 0.713
n 0.0722 -0.7616 0.6441
n 0.1603 -0.6764 0.7189
n -0.0304 -0.7074 0.7061
n -0.0299 -0.7658 0.6424
n 0.0655 -0.6981 0.713
n -0.1251 -0.7029 0.7002
n -0.1279 -0.7504 0.6484
n -0.0304 -0.7074 0.7061
n -0.2145 -0.6851 0.6961
n -0.2191 -0.7211 0.6573
n -0.1251 -0.7029 0.7002
n -0.3028 -0.6522 0.6949
n -0.316 -0.6712 0.6706
n -0.2145 -0.6851 0.6961
n -0.387 -0.618 0.6843
n -0.4223 -0.6212 0.6602
n -0.3028 -0.6522 0.6949
n -0.4582 -0.5886 0.666
n -0.5236 -0.592 0.6126
n -0.387 -0.618 0.6843
n -0.5405 -0.5231 0.659
n -0.6108 -0.5615 0.5582
n -0.4582 -0.5886 0.666
n -0.6196 -0.4196 0.6634
n -0.675 -0.4862 0.555
n -0.5405 -0.5231 0.659
n -0.6599 -0.3412 0.6695
n -0.7023 -0.3925 0.5939
n -0.6196 -0.4196 0.6634
n -0.6794 -0.2791 0.6786
n -0.7247 -0.3102 0.6154
n -0.6599 -0.3412 0.6695
n -0.6963 -0.1951 0.6907
n -0.7485 -0.2128 0.628
n -0.6794 -0.2791 0.6786
n -0.7247 -0.3102 0.6154
n -0.816 -0.3377 0.4692
n -0.7023 -0.3925 0.5939
n -0.7485 -0.2128 0.628
n -0.8414 -0.2196 0.4937
n -0.7247 -0.3102 0.6154
n -0.7023 -0.3925 0.5939
n -0.7652 -0.4576 0.4528
n -0.675 -0.4862 0.555
n -0.675 -0.4862 0.555
n -0.7231 -0.5509 0.4167
n -0.6108 -0.5615 0.5582
n -0.6108 -0.5615 0.5582
n -0.6926 -0.5604 0.4542
n -0.5236 -0.592 0.6126
n -0.5236 -0.592 0.6126
n -0.6148 -0.4935 0.6153
n -0.4223 -0.6212 0.6602
n -0.4223 -0.6212 0.6602
n -0.4624 -0.5729 0.6767
n -0.316 -0.6712 0.6706
n -0.316 -0.6712 0.6706
n -0.3354 -0.6449 0.6867
n -0.2191 -0.7211 0.6573
n -0.2191 -0.7211 0.6573
n -0.2279 -0.6839 0.6931
n -0.1279 -0.7504 0.6484
n -0.1279 -0.7504 0.6484
n -0.1536 -0.6813 0.7157
n -0.0299 -0.7658 0.6424
n -0.0299 -0.7658 0.6424
n -0.0673 -0.6706 0.7388
n 0.0722 -0.7616 0.6441
n 0.1067 -0.6858 0.7199
n 0.1704 -0.7662 0.6196
n 0.0722 -0.7616 0.6441
n 0.1704 -0.7662 0.6196
n 0.2641 -0.7237 0.6376
n 0.1808 -0.7482 0.6383
n 0.2641 -0.7237 0.6376
n 0.3213 -0.717 0.6187
n 0.2611 -0.7272 0.6348
n 0.3213 -0.717 0.6187
n 0.4095 -0.646 0.6442
n 0.3277 -0.689 0.6464
n 0.4095 -0.646 0.6442
n 0.4939 -0.574 0.6532
n 0.4144 -0.6053 0.6796
n 0.4889 -0.5362 0.6881
n 0.4939 -0.574 0.6532
n 0.5274 -0.4714 0.7069
n 0.5274 -0.4714 0.7069
n 0.571 -0.5101 0.6433
n 0.6 -0.3815 0.7032
n 0.6725 -0.426 0.6052
n 0.7354 -0.2417 0.633
n 0.6 -0.3815 0.7032
n 0.7354 -0.2417 0.633
n 0.8275 -0.2438 0.5058
n 0.6659 -0.2865 0.6888
n 0.8275 -0.2438 0.5058
n 0.8351 -0.1784 0.5204
n 0.6989 -0.1992 0.6869
n 0.8351 -0.1784 0.5204
n 0.8213 -0.069 0.5663
n 0.7029 -0.1184 0.7013
n 0.8213 -0.069 0.5663
n 0.7738 0.0795 0.6284
n 0.6888 -0.0128 0.7249
n 0.7738 0.0795 0.6284
n 0.7459 0.1927 0.6375
n 0.6489 0.0941 0.7551
n 0.7459 0.1927 0.6375
n 0.7275 0.3106 0.6118
n 0.6279 0.1643 0.7608
n 0.5904 0.236 0.7719
n 0.7275 0.3106 0.6118
n 0.5445 0.3193 0.7756
n 0.5445 0.3193 0.7756
n 0.6758 0.3945 0.6226
n 0.4941 0.39 0.7771
n 0.4941 0.39 0.7771
n 0.5909 0.4713 0.6548
n 0.439 0.4682 0.7669
n 0.5169 0.5721 0.6368
n 0.4579 0.6307 0.6266
n 0.439 0.4682 0.7669
n 0.4579 0.6307 0.6266
n 0.386 0.6672 0.637
n 0.3878 0.5259 0.757
n 0.386 0.6672 0.637
n 0.2906 0.6741 0.6791
n 0.3227 0.5665 0.7583
n 0.24 0.6008 0.7625
n 0.2906 0.6741 0.6791
n 0.1338 0.6353 0.7606
n 0.1338 0.6353 0.7606
n 0.1688 0.6469 0.7437
n 0.0289 0.6607 0.7501
n 0.0289 0.6607 0.7501
n 0.0428 0.6227 0.7813
n -0.041 0.6747 0.737
n -0.0739 0.6309 0.7723
n -0.1847 0.7062 0.6835
n -0.041 0.6747 0.737
n -0.1847 0.7062 0.6835
n -0.2198 0.7812 0.5843
n -0.0851 0.696 0.713
n -0.2198 0.7812 0.5843
n -0.3289 0.7685 0.5488
n -0.1508 0.698 0.7001
n -0.2679 0.6688 0.6935
n -0.3289 0.7685 0.5488
n -0.4032 0.6247 0.6687
n -0.4032 0.6247 0.6687
n -0.4866 0.6949 0.5294
n -0.5238 0.5818 0.6222
n -0.5238 0.5818 0.6222
n -0.5975 0.6248 0.5026
n -0.5733 0.561 0.5972
n -0.6351 0.6059 0.4791
n -0.6775 0.5703 0.4646
n -0.5733 0.561 0.5972
n -0.6775 0.5703 0.4646
n -0.7338 0.5109 0.4478
n -0.6172 0.5135 0.5961
n -0.7338 0.5109 0.4478
n -0.7955 0.4096 0.4466
n -0.667 0.4311 0.6076
n -0.7955 0.4096 0.4466
n -0.8418 0.2719 0.4663
n -0.7109 0.319 0.6268
n -0.8418 0.2719 0.4663
n -0.8624 0.1385 0.4869
n -0.743 0.1991 0.639
n -0.7595 0.0872 0.6446
n -0.8624 0.1385 0.4869
n -0.7666 -0.0112 0.642
n -0.7666 -0.0112 0.642
n -0.8677 0.0154 0.4969
n -0.7632 -0.111 0.6365
n -0.7632 -0.111 0.6365
n -0.862 -0.1137 0.494
n -0.7485 -0.2128 0.628
n -0.8677 0.0154 0.4969
n -0.8354 0.0709 0.5451
n -0.862 -0.1137 0.494
n -0.862 -0.1137 0.494
n -0.829 -0.0643 0.5555
n -0.8414 -0.2196 0.4937
n -0.8624 0.1385 0.4869
n -0.8312 0.1819 0.5254
n -0.8677 0.0154 0.4969
n -0.8151 0.2813 0.5065
n -0.8312 0.1819 0.5254
n -0.8418 0.2719 0.4663
n -0.7719 0.3564 0.5265
n -0.8151 0.2813 0.5065
n -0.7955 0.4096 0.4466
n -0.7227 0.4223 0.5472
n -0.7719 0.3564 0.5265
n -0.7338 0.5109 0.4478
n -0.6487 0.4795 0.5911
n -0.7227 0.4223 0.5472
n -0.6775 0.5703 0.4646
n -0.5961 0.5222 0.6099
n -0.6487 0.4795 0.5911
n -0.6351 0.6059 0.4791
n -0.5975 0.6248 0.5026
n -0.5483 0.5283 0.6483
n -0.6351 0.6059 0.4791
n -0.4866 0.6949 0.5294
n -0.4111 0.5849 0.6993
n -0.5975 0.6248 0.5026
n -0.3289 0.7685 0.5488
n -0.2979 0.6225 0.7237
n -0.4866 0.6949 0.5294
n -0.306 0.5882 0.7485
n -0.2979 0.6225 0.7237
n -0.2198 0.7812 0.5843
n -0.3234 0.4998 0.8035
n -0.306 0.5882 0.7485
n -0.1847 0.7062 0.6835
n -0.0739 0.6309 0.7723
n -0.1632 0.4045 0.8999
n -0.1847 0.7062 0.6835
n 0.0428 0.6227 0.7813
n 0.0532 0.3332 0.9413
n -0.0739 0.6309 0.7723
n 0.1688 0.6469 0.7437
n 0.1736 0.4195 0.891
n 0.0428 0.6227 0.7813
n 0.2906 0.6741 0.6791
n 0.3066 0.3858 0.8701
n 0.1688 0.6469 0.7437
n 0.386 0.6672 0.637
n 0.3629 0.533 0.7643
n 0.2906 0.6741 0.6791
n 0.4579 0.6307 0.6266
n 0.345 0.5387 0.7686
n 0.386 0.6672 0.637
n 0.5169 0.5721 0.6368
n 0.2944 0.4107 0.8629
n 0.4579 0.6307 0.6266
n 0.5909 0.4713 0.6548
n 0.3973 0.3269 0.8575
n 0.5169 0.5721 0.6368
n 0.6758 0.3945 0.6226
n 0.5378 0.2119 0.816
n 0.5909 0.4713 0.6548
n 0.7275 0.3106 0.6118
n 0.587 0.2414 0.7727
n 0.6758 0.3945 0.6226
n 0.7459 0.1927 0.6375
n 0.5391 0.1801 0.8227
n 0.7275 0.3106 0.6118
n 0.5612 0.0567 0.8257
n 0.5391 0.1801 0.8227
n 0.7738 0.0795 0.6284
n 0.584 -0.0464 0.8105
n 0.5612 0.0567 0.8257
n 0.8213 -0.069 0.5663
n 0.5668 -0.0672 0.8211
n 0.584 -0.0464 0.8105
n 0.8351 -0.1784 0.5204
n 0.52 -0.0026 0.8542
n 0.5668 -0.0672 0.8211
n 0.8275 -0.2438 0.5058
n 0.3076 -0.0319 0.951
n 0.52 -0.0026 0.8542
n 0.7354 -0.2417 0.633
n 0.2787 -0.267 0.9225
n 0.3076 -0.0319 0.951
n 0.6725 -0.426 0.6052
n 0.571 -0.5101 0.6433
n 0.1923 -0.2854 0.9389
n 0.6725 -0.426 0.6052
n 0.4939 -0.574 0.6532
n 0.1152 -0.2484 0.9618
n 0.571 -0.5101 0.6433
n 0.1277 -0.2429 0.9616
n 0.1152 -0.2484 0.9618
n 0.4095 -0.646 0.6442
n 0.1124 -0.264 0.958
n 0.1277 -0.2429 0.9616
n 0.3213 -0.717 0.6187
n 0.0441 -0.2645 0.9634
n 0.1124 -0.264 0.958
n 0.2641 -0.7237 0.6376
n 0.0779 -0.3538 0.9321
n 0.0441 -0.2645 0.9634
n 0.1704 -0.7662 0.6196
n -0.0286 -0.2708 0.9622
n 0.0779 -0.3538 0.9321
n 0.1067 -0.6858 0.7199
n -0.1687 -0.3752 0.9114
n -0.0286 -0.2708 0.9622
n -0.0673 -0.6706 0.7388
n -0.1536 -0.6813 0.7157
n -0.2536 -0.3801 0.8895
n -0.0673 -0.6706 0.7388
n -0.2279 -0.6839 0.6931
n -0.2951 -0.4402 0.848
n -0.1536 -0.6813 0.7157
n -0.3354 -0.6449 0.6867
n -0.3866 -0.4382 0.8115
n -0.2279 -0.6839 0.6931
n -0.4624 -0.5729 0.6767
n -0.5163 -0.4092 0.7523
n -0.3354 -0.6449 0.6867
n -0.6022 -0.313 0.7344
n -0.5163 -0.4092 0.7523
n -0.6148 -0.4935 0.6153
n -0.6926 -0.5604 0.4542
n -0.6825 -0.3453 0.6441
n -0.6148 -0.4935 0.6153
n -0.7231 -0.5509 0.4167
n -0.6826 -0.4144 0.602
n -0.6926 -0.5604 0.4542
n -0.7652 -0.4576 0.4528
n -0.7099 -0.4024 0.5781
n -0.7231 -0.5509 0.4167
n -0.816 -0.3377 0.4692
n -0.7616 -0.2977 0.5756
n -0.7652 -0.4576 0.4528
n -0.8414 -0.2196 0.4937
n -0.8146 -0.2 0.5445
n -0.816 -0.3377 0.4692
n -0.1066 -0.1214 0.9869
n 0.2738 -0.0386 0.961
n -0.0033 -0.0751 0.9972
n 0.2738 -0.0386 0.961
n 0.3567 0.0428 0.9332
n 0.1947 0.0625 0.9789
n 0.3567 0.0428 0.9332
n 0.1956 0.0239 0.9804
n 0.2494 0.1359 0.9588
n 0.1956 0.0239 0.9804
n 0.0669 0.0097 0.9977
n 0.1998 0.0785 0.9767
n 0.0669 0.0097 0.9977
n 0.0076 0.028 0.9996
n 0.1694 0.0435 0.9846
n 0.1526 0.0507 0.987
n 0.0076 0.028 0.9996
n 0.1886 0.1734 0.9666
n 0.1886 0.1734 0.9666
n 0.0788 0.1567 0.9845
n 0.2275 -0.0047 0.9738
n 0.2275 -0.0047 0.9738
n 0.2548 0.2938 0.9213
n 0.2011 -0.0896 0.9755
n 0.2011 -0.0896 0.9755
n 0.0673 -0.2452 0.9671
n 0.1172 0.112 0.9868
n 0.1172 0.112 0.9868
n 0.0696 -0.0215 0.9973
n 0.062 0.4235 0.9038
n 0.062 0.4235 0.9038
n 0.0531 0.326 0.9439
n 0.1457 0.6051 0.7827
n 0.0441 -0.2645 0.9634
n 0.0779 -0.3538 0.9321
n -0.0881 0.011 0.9961
n 0.1124 -0.264 0.958
n 0.0441 -0.2645 0.9634
n -0.0269 0.0873 0.9958
n 0.1277 -0.2429 0.9616
n 0.1124 -0.264 0.958
n -0.0491 0.0317 0.9983
n 0.1152 -0.2484 0.9618
n 0.1277 -0.2429 0.9616
n 0.0669 0.0106 0.9977
n 0.3254 -0.0239 0.9453
n 0.1923 -0.2854 0.9389
n 0.0669 0.0106 0.9977
n 0.2787 -0.267 0.9225
n 0.1923 -0.2854 0.9389
n -0.0033 -0.0751 0.9972
n 0.3076 -0.0319 0.951
n 0.2787 -0.267 0.9225
n 0.1947 0.0625 0.9789
n 0.52 -0.0026 0.8542
n 0.3076 -0.0319 0.951
n 0.2494 0.1359 0.9588
n 0.5668 -0.0672 0.8211
n 0.52 -0.0026 0.8542
n 0.1998 0.0785 0.9767
n 0.584 -0.0464 0.8105
n 0.5668 -0.0672 0.8211
n 0.1694 0.0435 0.9846
n 0.5612 0.0567 0.8257
n 0.584 -0.0464 0.8105
n 0.1526 0.0507 0.987
n 0.1886 0.1734 0.9666
n 0.5391 0.1801 0.8227
n 0.1526 0.0507 0.987
n 0.2275 -0.0047 0.9738
n 0.587 0.2414 0.7727
n 0.1886 0.1734 0.9666
n 0.2011 -0.0896 0.9755
n 0.5378 0.2119 0.816
n 0.2275 -0.0047 0.9738
n 0.1172 0.112 0.9868
n 0.3973 0.3269 0.8575
n 0.2011 -0.0896 0.9755
n 0.062 0.4235 0.9038
n 0.2944 0.4107 0.8629
n 0.1172 0.112 0.9868
n 0.1457 0.6051 0.7827
n 0.345 0.5387 0.7686
n 0.062 0.4235 0.9038
n 0.3087 0.3298 0.8922
n 0.3629 0.533 0.7643
n 0.1457 0.6051 0.7827
n 0.2759 0.0771 0.9581
n 0.3066 0.3858 0.8701
n 0.3087 0.3298 0.8922
n 0.1383 0.2616 0.9552
n 0.1736 0.4195 0.891
n 0.2759 0.0771 0.9581
n 0.1059 0.0249 0.9941
n 0.0532 0.3332 0.9413
n 0.1383 0.2616 0.9552
n -0.2326 0.2127 0.949
n -0.1632 0.4045 0.8999
n 0.1059 0.0249 0.9941
n -0.375 0.276 0.885
n -0.3234 0.4998 0.8035
n -0.2326 0.2127 0.949
n -0.306 0.5882 0.7485
n -0.3234 0.4998 0.8035
n -0.3508 0.3336 0.875
n -0.2979 0.6225 0.7237
n -0.306 0.5882 0.7485
n -0.2811 0.4065 0.8693
n -0.3301 0.4249 0.8429
n -0.4111 0.5849 0.6993
n -0.2811 0.4065 0.8693
n -0.4674 0.386 0.7953
n -0.5483 0.5283 0.6483
n -0.3301 0.4249 0.8429
n -0.5177 0.3776 0.7677
n -0.5961 0.5222 0.6099
n -0.4674 0.386 0.7953
n -0.6487 0.4795 0.5911
n -0.5961 0.5222 0.6099
n -0.5786 0.3224 0.7492
n -0.7227 0.4223 0.5472
n -0.6487 0.4795 0.5911
n -0.6635 0.2551 0.7033
n -0.7719 0.3564 0.5265
n -0.7227 0.4223 0.5472
n -0.7119 0.2043 0.6719
n -0.8151 0.2813 0.5065
n -0.7719 0.3564 0.5265
n -0.7474 0.1823 0.6389
n -0.8312 0.1819 0.5254
n -0.8151 0.2813 0.5065
n -0.7453 0.2026 0.6352
n -0.737 0.1621 0.6562
n -0.8354 0.0709 0.5451
n -0.7453 0.2026 0.6352
n -0.742 0.0305 0.6697
n -0.829 -0.0643 0.5555
n -0.737 0.1621 0.6562
n -0.7155 -0.0554 0.6964
n -0.8146 -0.2 0.5445
n -0.742 0.0305 0.6697
n -0.6759 -0.1496 0.7216
n -0.7616 -0.2977 0.5756
n -0.7155 -0.0554 0.6964
n -0.6318 -0.2286 0.7407
n -0.7099 -0.4024 0.5781
n -0.6759 -0.1496 0.7216
n -0.6011 -0.2218 0.7678
n -0.6826 -0.4144 0.602
n -0.6318 -0.2286 0.7407
n -0.5815 -0.1977 0.7892
n -0.6825 -0.3453 0.6441
n -0.6011 -0.2218 0.7678
n 0.0779 -0.3538 0.9321
n -0.0286 -0.2708 0.9622
n -0.1076 0.0029 0.9942
f 1/1/1  2/2/2  3/3/3  
f 4/4/4  5/5/5  6/6/6  
f 7/7/7  8/8/8  9/9/9  
f 10/10/10  11/11/11  12/12/12  
f 13/13/13  14/14/14  15/15/15  
f 16/16/16  17/17/17  18/18/18  
f 19/19/19  20/20/20  21/21/21  
f 22/22/22  23/23/23  24/24/24  
f 25/25/25  26/26/26  27/27/27  
f 28/28/28  29/29/29  30/30/30  
f 31/31/31  32/32/32  33/33/33  
f 34/34/34  35/35/35  36/36/36  
f 37/37/37  38/38/38  39/39/39  
f 40/40/40  41/41/41  42/42/42  
f 43/43/43  44/44/44  45/45/45  
f 46/46/46  47/47/47  48/48/48  
f 49/49/49  50/50/50  51/51/51  
f 52/52/52  53/53/53  54/54/54  
f 55/55/55  56/56/56  57/57/57  
f 58/58/58  59/59/59  60/60/60  
f 61/61/61  62/62/62  63/63/63  
f 64/64/64  65/65/65  66/66/66  
f 67/67/67  68/68/68  69/69/69  
f 70/70/70  71/71/71  72/72/72  
f 73/73/73  74/74/74  75/75/75  
f 76/76/76  77/77/77  78/78/78  
f 79/79/79  80/80/80  81/81/81  
f 82/82/82  83/83/83  84/84/84  
f 85/85/85  86/86/86  87/87/87  
f 88/88/88  89/89/89  90/90/90  
f 91/91/91  92/92/92  93/93/93  
f 94/94/94  95/95/95  96/96/96  
f 97/97/97  98/98/98  99/99/99  
f 100/100/100  101/101/101  102/102/102  
f 103/103/103  104/104/104  105/105/105  
f 106/106/106  107/107/107  108/108/108  
f 109/109/109  110/110/110  111/111/111  
f 112/112/112  113/113/113  114/114/114  
f 115/115/115  116/116/116  117/117/117  
f 118/118/118  119/119/119  120/120/120  
f 121/121/121  122/122/122  123/123/123  
f 124/124/124  125/125/125  126/126/126  
f 127/127/127  128/128/128  129/129/129  
f 130/130/130  131/131/131  132/132/132  
f 133/133/133  134/134/134  135/135/135  
f 136/136/136  137/137/137  138/138/138  
f 139/139/139  140/140/140  141/141/141  
f 142/142/142  143/143/143  144/144/144  
f 145/145/145  146/146/146  147/147/147  
f 148/148/148  149/149/149  150/150/150  
f 151/151/151  152/152/152  153/153/153  
f 154/154/154  155/155/155  156/156/156  
f 157/157/157  158/158/158  159/159/159  
f 160/160/160  161/161/161  162/162/162  
f 163/163/163  164/164/164  165/165/165  
f 166/166/166  167/167/167  168/168/168  
f 169/169/169  170/170/170  171/171/171  
f 172/172/172  173/173/173  174/174/174  
f 175/175/175  176/176/176  177/177/177  
f 178/178/178  179/179/179  180/180/180  
f 181/181/181  182/182/182  183/183/183  
f 184/184/184  185/185/185  186/186/186  
f 187/187/187  188/188/188  189/189/189  
f 190/190/190  191/191/191  192/192/192  
f 193/193/193  194/194/194  195/195/195  
f 196/196/196  197/197/197  198/198/198  
f 199/199/199  200/200/200  201/201/201  
f 202/202/202  203/203/203  204/204/204  
f 205/205/205  206/206/206  207/207/207  
f 208/208/208  209/209/209  210/210/210  
f 211/211/211  212/212/212  213/213/213  
f 214/214/214  215/215/215  216/216/216  
f 217/217/217  218/218/218  219/219/219  
f 220/220/220  221/221/221  222/222/222  
f 223/223/223  224/224/224  225/225/225  
f 226/226/226  227/227/227  228/228/228  
f 229/229/229  230/230/230  231/231/231  
f 232/232/232  233/233/233  234/234/234  
f 235/235/235  236/236/236  237/237/237  
f 238/238/238  239/239/239  240/240/240  
f 241/241/241  242/242/242  243/243/243  
f 244/244/244  245/245/245  246/246/246  
f 247/247/247  248/248/248  249/249/249  
f 250/250/250  251/251/251  252/252/252  
f 253/253/253  254/254/254  255/255/255  
f 256/256/256  257/257/257  258/258/258  
f 259/259/259  260/260/260  261/261/261  
f 262/262/262  263/263/263  264/264/264  
f 265/265/265  266/266/266  267/267/267  
f 268/268/268  269/269/269  270/270/270  
f 271/271/271  272/272/272  273/273/273  
f 274/274/274  275/275/275  276/276/276  
f 277/277/277  278/278/278  279/279/279  
f 280/280/280  281/281/281  282/282/282  
f 283/283/283  284/284/284  285/285/285  
f 286/286/286  287/287/287  288/288/288  
f 289/289/289  290/290/290  291/291/291  
f 292/292/292  293/293/293  294/294/294  
f 295/295/295  296/296/296  297/297/297  
f 298/298/298  299/299/299  300/300/300  
f 301/301/301  302/302/302  303/303/303  
f 304/304/304  305/305/305  306/306/306  
f 307/307/307  308/308/308  309/309/309  
f 310/310/310  311/311/311  312/312/312  
f 313/313/313  314/314/314  315/315/315  
f 316/316/316  317/317/317  318/318/318  
f 319/319/319  320/320/320  321/321/321  
f 322/322/322  323/323/323  324/324/324  
f 325/325/325  326/326/326  327/327/327  
f 328/328/328  329/329/329  330/330/330  
f 331/331/331  332/332/332  333/333/333  
f 334/334/334  335/335/335  336/336/336  
f 337/337/337  338/338/338  339/339/339  
f 340/340/340  341/341/341  342/342/342  
f 343/343/343  344/344/344  345/345/345  
f 346/346/346  347/347/347  348/348/348  
f 349/349/349  350/350/350  351/351/351  
f 352/352/352  353/353/353  354/354/354  
f 355/355/355  356/356/356  357/357/357  
f 358/358/358  359/359/359  360/360/360  
f 361/361/361  362/362/362  363/363/363  
f 364/364/364  365/365/365  366/366/366  
f 367/367/367  368/368/368  369/369/369  
f 370/370/370  371/371/371  372/372/372  
f 373/373/373  374/374/374  375/375/375  
f 376/376/376  377/377/377  378/378/378  
f 379/379/379  380/380/380  381/381/381  
f 382/382/382  383/383/383  384/384/384  
f 385/385/385  386/386/386  387/387/387  
f 388/388/388  389/389/389  390/390/390  
f 391/391/391  392/392/392  393/393/393  
f 394/394/394  395/395/395  396/396/396  
f 397/397/397  398/398/398  399/399/399  
f 400/400/400  401/401/401  402/402/402  
f 403/403/403  404/404/404  405/405/405  
f 406/406/406  407/407/407  408/408/408  
f 409/409/409  410/410/410  411/411/411  
f 412/412/412  413/413/413  414/414/414  
f 415/415/415  416/416/416  417/417/417  
f 418/418/418  419/419/419  420/420/420  
f 421/421/421  422/422/422  423/423/423  
f 424/424/424  425/425/425  426/426/426  
f 427/427/427  428/428/428  429/429/429  
f 430/430/430  431/431/431  432/432/432  
f 433/433/433  434/434/434  435/435/435  
f 436/436/436  437/437/437  438/438/438  
f 439/439/439  440/440/440  441/441/441  
f 442/442/442  443/443/443  444/444/444  
f 445/445/445  446/446/446  447/447/447  
f 448/448/448  449/449/449  450/450/450  
f 451/451/451  452/452/452  453/453/453  
f 454/454/454  455/455/455  456/456/456  
f 457/457/457  458/458/458  459/459/459  
f 460/460/460  461/461/461  462/462/462  
f 463/463/463  464/464/464  465/465/465  
f 466/466/466  467/467/467  468/468/468  
f 469/469/469  470/470/470  471/471/471  
f 472/472/472  473/473/473  474/474/474  
f 475/475/475  476/476/476  477/477/477  
f 478/478/478  479/479/479  480/480/480  
f 481/481/481  482/482/482  483/483/483  
f 484/484/484  485/485/485  486/486/486  
f 487/487/487  488/488/488  489/489/489  
f 490/490/490  491/491/491  492/492/492  
f 493/493/493  494/494/494  495/495/495  
f 496/496/496  497/497/497  498/498/498  
f 499/499/499  500/500/500  501/501/501  
f 502/502/502  503/503/503  504/504/504  
f 505/505/505  506/506/506  507/507/507  
f 508/508/508  509/509/509  510/510/510  
f 511/511/511  512/512/512  513/513/513  
f 514/514/514  515/515/515  516/516/516  
f 517/517/517  518/518/518  519/519/519  
f 520/520/520  521/521/521  522/522/522  
f 523/523/523  524/524/524  525/525/525  
f 526/526/526  527/527/527  528/528/528  
f 529/529/529  530/530/530  531/531/531  
f 532/532/532  533/533/533  534/534/534  
f 535/535/535  536/536/536  537/537/537  
f 538/538/538  539/539/539  540/540/540  
f 541/541/541  542/542/542  543/543/543  
f 544/544/544  545/545/545  546/546/546  
f 547/547/547  548/548/548  549/549/549  
f 550/550/550  551/551/551  552/552/552  
f 553/553/553  554/554/554  555/555/555  
f 556/556/556  557/557/557  558/558/558  
f 559/559/559  560/560/560  561/561/561  
f 562/562/562  563/563/563  564/564/564  
f 565/565/565  566/566/566  567/567/567  
f 568/568/568  569/569/569  570/570/570  
f 571/571/571  572/572/572  573/573/573  
f 574/574/574  575/575/575  576/576/576  
f 577/577/577  578/578/578  579/579/579  
f 580/580/580  581/581/581  582/582/582  
f 583/583/583  584/584/584  585/585/585  
f 586/586/586  587/587/587  588/588/588  
f 589/589/589  590/590/590  591/591/591  
f 592/592/592  593/593/593  594/594/594  
f 595/595/595  596/596/596  597/597/597  
f 598/598/598  599/599/599  600/600/600  
f 601/601/601  602/602/602  603/603/603  
f 604/604/604  605/605/605  606/606/606  
f 607/607/607  608/608/608  609/609/609  
f 610/610/610  611/611/611  612/612/612  
f 613/613/613  614/614/614  615/615/615  
f 616/616/616  617/617/617  618/618/618  
f 619/619/619  620/620/620  621/621/621  
f 622/622/622  623/623/623  624/624/624  
f 625/625/625  626/626/626  627/627/627  
f 628/628/628  629/629/629  630/630/630  
f 631/631/631  632/632/632  633/633/633  
f 634/634/634  635/635/635  636/636/636  
f 637/637/637  638/638/638  639/639/639  
f 640/640/640  641/641/641  642/642/642  
f 643/643/643  644/644/644  645/645/645  
f 646/646/646  647/647/647  648/648/648  
f 649/649/649  650/650/650  651/651/651  
f 652/652/652  653/653/653  654/654/654  
f 655/655/655  656/656/656  657/657/657  
f 658/658/658  659/659/659  660/660/660  
f 661/661/661  662/662/662  663/663/663  
f 664/664/664  665/665/665  666/666/666  
f 667/667/667  668/668/668  669/669/669  
f 670/670/670  671/671/671  672/672/672  
f 673/673/673  674/674/674  675/675/675  
f 676/676/676  677/677/677  678/678/678  
f 679/679/679  680/680/680  681/681/681  
f 682/682/682  683/683/683  684/684/684  
f 685/685/685  686/686/686  687/687/687  
f 688/688/688  689/689/689  690/690/690  
f 691/691/691  692/692/692  693/693/693  
f 694/694/694  695/695/695  696/696/696  
f 697/697/697  698/698/698  699/699/699  
f 700/700/700  701/701/701  702/702/702  
f 703/703/703  704/704/704  705/705/705  
f 706/706/706  707/707/707  708/708/708  
f 709/709/709  710/710/710  711/711/711  
f 712/712/712  713/713/713  714/714/714  
f 715/715/715  716/716/716  717/717/717  
f 718/718/718  719/719/719  720/720/720  
f 721/721/721  722/722/722  723/723/723  
f 724/724/724  725/725/725  726/726/726  
f 727/727/727  728/728/728  729/729/729  
f 730/730/730  731/731/731  732/732/732  
f 733/733/733  734/734/734  735/735/735  
f 736/736/736  737/737/737  738/738/738  
f 739/739/739  740/740/740  741/741/741  
f 742/742/742  743/743/743  744/744/744  
f 745/745/745  746/746/746  747/747/747  
f 748/748/748  749/749/749  750/750/750  
f 751/751/751  752/752/752  753/753/753  
f 754/754/754  755/755/755  756/756/756  
f 757/757/757  758/758/758  759/759/759  
f 760/760/760  761/761/761  762/762/762  
f 763/763/763  764/764/764  765/765/765  
f 766/766/766  767/767/767  768/768/768  
f 769/769/769  770/770/770  771/771/771  
f 772/772/772  773/773/773  774/774/774  
f 775/775/775  776/776/776  777/777/777  
f 778/778/778  779/779/779  780/780/780  
f 781/781/781  782/782/782  783/783/783  
f 784/784/784  785/785/785  786/786/786  
f 787/787/787  788/788/788  789/789/789  
f 790/790/790  791/791/791  792/792/792  
f 793/793/793  794/794/794  795/795/795  
f 796/796/796  797/797/797  798/798/798  
f 799/799/799  800/800/800  801/801/801  
f 802/802/802  803/803/803  804/804/804  
f 805/805/805  806/806/806  807/807/807  
f 808/808/808  809/809/809  810/810/810  
f 811/811/811  812/812/812  813/813/813  
f 814/814/814  815/815/815  816/816/816  
f 817/817/817  818/818/818  819/819/819  
f 820/820/820  821/821/821  822/822/822  
f 823/823/823  824/824/824  825/825/825  
f 826/826/826  827/827/827  828/828/828  
f 829/829/829  830/830/830  831/831/831  
f 832/832/832  833/833/833  834/834/834  
f 835/835/835  836/836/836  837/837/837  
f 838/838/838  839/839/839  840/840/840  
f 841/841/841  842/842/842  843/843/843  
f 844/844/844  845/845/845  846/846/846  
f 847/847/847  848/848/848  849/849/849  
f 850/850/850  851/851/851  852/852/852  
f 853/853/853  854/854/854  855/855/855  
f 856/856/856  857/857/857  858/858/858  
f 859/859/859  860/860/860  861/861/861  
f 862/862/862  863/863/863  864/864/864  
f 865/865/865  866/866/866  867/867/867  
f 868/868/868  869/869/869  870/870/870  
f 871/871/871  872/872/872  873/873/873  
f 874/874/874  875/875/875  876/876/876  
f 877/877/877  878/878/878  879/879/879  
f 880/880/880  881/881/881  882/882/882  
f 883/883/883  884/884/884  885/885/885  
f 886/886/886  887/887/887  888/888/888  
f 889/889/889  890/890/890  891/891/891  
f 892/892/892  893/893/893  894/894/894  
f 895/895/895  896/896/896  897/897/897  
f 898/898/898  899/899/899  900/900/900  
f 901/901/901  902/902/902  903/903/903  
f 904/904/904  905/905/905  906/906/906  
f 907/907/907  908/908/908  909/909/909  
f 910/910/910  911/911/911  912/912/912  
f 913/913/913  914/914/914  915/915/915  
f 916/916/916  917/917/917  918/918/918  
f 919/919/919  920/920/920  921/921/921  
f 922/922/922  923/923/923  924/924/924  
f 925/925/925  926/926/926  927/927/927  
f 928/928/928  929/929/929  930/930/930  
f 931/931/931  932/932/932  933/933/933  
f 934/934/934  935/935/935  936/936/936  
f 937/937/937  938/938/938  939/939/939  
f 940/940/940  941/941/941  942/942/942  
f 943/943/943  944/944/944  945/945/945  
f 946/946/946  947/947/947  948/948/948  
f 949/949/949  950/950/950  951/951/951  
f 952/952/952  953/953/953  954/954/954  
f 955/955/955  956/956/956  957/957/957  
f 958/958/958  959/959/959  960/960/960  
f 961/961/961  962/962/962  963/963/963  
f 964/964/964  965/965/965  966/966/966  
f 967/967/967  968/968/968  969/969/969  
f 970/970/970  971/971/971  972/972/972  
f 973/973/973  974/974/974  975/975/975  
f 976/976/976  977/977/977  978/978/978  
f 979/979/979  980/980/980  981/981/981  
f 982/982/982  983/983/983  984/984/984  
f 985/985/985  986/986/986  987/987/987  
f 988/988/988  989/989/989  990/990/990  
f 991/991/991  992/992/992  993/993/993  
f 994/994/994  995/995/995  996/996/996  
f 997/997/997  998/998/998  999/999/999  
f 1000/1000/1000  1001/1001/1001  1002/1002/1002  
f 1003/1003/1003  1004/1004/1004  1005/1005/1005  
f 1006/1006/1006  1007/1007/1007  1008/1008/1008  
f 1009/1009/1009  1010/1010/1010  1011/1011/1011  
f 1012/1012/1012  1013/1013/1013  1014/1014/1014  
f 1015/1015/1015  1016/1016/1016  1017/1017/1017  
f 1018/1018/1018  1019/1019/1019  1020/1020/1020  
f 1021/1021/1021  1022/1022/1022  1023/1023/1023  
f 1024/1024/1024  1025/1025/1025  1026/1026/1026  
f 1027/1027/1027  1028/1028/1028  1029/1029/1029  
f 1030/1030/1030  1031/1031/1031  1032/1032/1032  
f 1033/1033/1033  1034/1034/1034  1035/1035/1035  
f 1036/1036/1036  1037/1037/1037  1038/1038/1038  
f 1039/1039/1039  1040/1040/1040  1041/1041/1041  
f 1042/1042/1042  1043/1043/1043  1044/1044/1044  
f 1045/1045/1045  1046/1046/1046  1047/1047/1047  
f 1048/1048/1048  1049/1049/1049  1050/1050/1050  
f 1051/1051/1051  1052/1052/1052  1053/1053/1053  
f 1054/1054/1054  1055/1055/1055  1056/1056/1056  
f 1057/1057/1057  1058/1058/1058  1059/1059/1059  
f 1060/1060/1060  1061/1061/1061  1062/1062/1062  
f 1063/1063/1063  1064/1064/1064  1065/1065/1065  
f 1066/1066/1066  1067/1067/1067  1068/1068/1068  
f 1069/1069/1069  1070/1070/1070  1071/1071/1071  
f 1072/1072/1072  1073/1073/1073  1074/1074/1074  
f 1075/1075/1075  1076/1076/1076  1077/1077/1077  
f 1078/1078/1078  1079/1079/1079  1080/1080/1080  
f 1081/1081/1081  1082/1082/1082  1083/1083/1083  
f 1084/1084/1084  1085/1085/1085  1086/1086/1086  
f 1087/1087/1087  1088/1088/1088  1089/1089/1089  
f 1090/1090/1090  1091/1091/1091  1092/1092/1092  
f 1093/1093/1093  1094/1094/1094  1095/1095/1095  
f 1096/1096/1096  1097/1097/1097  1098/1098/1098  
f 1099/1099/1099  1100/1100/1100  1101/1101/1101  
f 1102/1102/1102  1103/1103/1103  1104/1104/1104  
f 1105/1105/1105  1106/1106/1106  1107/1107/1107  
f 1108/1108/1108  1109/1109/1109  1110/1110/1110  
f 1111/1111/1111  1112/1112/1112  1113/1113/1113  
f 1114/1114/1114  1115/1115/1115  1116/1116/1116  
f 1117/1117/1117  1118/1118/1118  1119/1119/1119  
f 1120/1120/1120  1121/1121/1121  1122/1122/1122  
f 1123/1123/1123  1124/1124/1124  1125/1125/1125  
f 1126/1126/1126  1127/1127/1127  1128/1128/1128  
f 1129/1129/1129  1130/1130/1130  1131/1131/1131  
f 1132/1132/1132  1133/1133/1133  1134/1134/1134  
f 1135/1135/1135  1136/1136/1136  1137/1137/1137  
f 1138/1138/1138  1139/1139/1139  1140/1140/1140  
f 1141/1141/1141  1142/1142/1142  1143/1143/1143  
f 1144/1144/1144  1145/1145/1145  1146/1146/1146  
f 1147/1147/1147  1148/1148/1148  1149/1149/1149  
f 1150/1150/1150  1151/1151/1151  1152/1152/1152  
f 1153/1153/1153  1154/1154/1154  1155/1155/1155  
f 1156/1156/1156  1157/1157/1157  1158/1158/1158  
f 1159/1159/1159  1160/1160/1160  1161/1161/1161  
f 1162/1162/1162  1163/1163/1163  1164/1164/1164  
f 1165/1165/1165  1166/1166/1166  1167/1167/1167  
f 1168/1168/1168  1169/1169/1169  1170/1170/1170  
f 1171/1171/1171  1172/1172/1172  1173/1173/1173  
f 1174/1174/1174  1175/1175/1175  1176/1176/1176  
f 1177/1177/1177  1178/1178/1178  1179/1179/1179  
f 1180/1180/1180  1181/1181/1181  1182/1182/1182  
f 1183/1183/1183  1184/1184/1184  1185/1185/1185  
f 1186/1186/1186  1187/1187/1187  1188/1188/1188  
f 1189/1189/1189  1190/1190/1190  1191/1191/1191  
f 1192/1192/1192  1193/1193/1193  1194/1194/1194  
f 1195/1195/1195  1196/1196/1196  1197/1197/1197  
f 1198/1198/1198  1199/1199/1199  1200/1200/1200  
f 1201/1201/1201  1202/1202/1202  1203/1203/1203  
f 1204/1204/1204  1205/1205/1205  1206/1206/1206  
f 1207/1207/1207  1208/1208/1208  1209/1209/1209  
f 1210/1210/1210  1211/1211/1211  1212/1212/1212  
f 1213/1213/1213  1214/1214/1214  1215/1215/1215  
f 1216/1216/1216  1217/1217/1217  1218/1218/1218  
f 1219/1219/1219  1220/1220/1220  1221/1221/1221  
f 1222/1222/1222  1223/1223/1223  1224/1224/1224  
f 1225/1225/1225  1226/1226/1226  1227/1227/1227  
f 1228/1228/1228  1229/1229/1229  1230/1230/1230  
f 1231/1231/1231  1232/1232/1232  1233/1233/1233  
f 1234/1234/1234  1235/1235/1235  1236/1236/1236  
f 1237/1237/1237  1238/1238/1238  1239/1239/1239  
f 1240/1240/1240  1241/1241/1241  1242/1242/1242  
f 1243/1243/1243  1244/1244/1244  1245/1245/1245  
f 1246/1246/1246  1247/1247/1247  1248/1248/1248  
f 1249/1249/1249  1250/1250/1250  1251/1251/1251  
f 1252/1252/1252  1253/1253/1253  1254/1254/1254  
f 1255/1255/1255  1256/1256/1256  1257/1257/1257  
f 1258/1258/1258  1259/1259/1259  1260/1260/1260  
f 1261/1261/1261  1262/1262/1262  1263/1263/1263  
f 1264/1264/1264  1265/1265/1265  1266/1266/1266  
f 1267/1267/1267  1268/1268/1268  1269/1269/1269  
f 1270/1270/1270  1271/1271/1271  1272/1272/1272  
f 1273/1273/1273  1274/1274/1274  1275/1275/1275  
f 1276/1276/1276  1277/1277/1277  1278/1278/1278  
f 1279/1279/1279  1280/1280/1280  1281/1281/1281  
f 1282/1282/1282  1283/1283/1283  1284/1284/1284  
f 1285/1285/1285  1286/1286/1286  1287/1287/1287  
f 1288/1288/1288  1289/1289/1289  1290/1290/1290  
f 1291/1291/1291  1292/1292/1292  1293/1293/1293  
f 1294/1294/1294  1295/1295/1295  1296/1296/1296  
f 1297/1297/1297  1298/1298/1298  1299/1299/1299  
f 1300/1300/1300  1301/1301/1301  1302/1302/1302  
f 1303/1303/1303  1304/1304/1304  1305/1305/1305  
f 1306/1306/1306  1307/1307/1307  1308/1308/1308  
f 1309/1309/1309  1310/1310/1310  1311/1311/1311  
f 1312/1312/1312  1313/1313/1313  1314/1314/1314  
f 1315/1315/1315  1316/1316/1316  1317/1317/1317  
f 1318/1318/1318  1319/1319/1319  1320/1320/1320  
f 1321/1321/1321  1322/1322/1322  1323/1323/1323  
f 1324/1324/1324  1325/1325/1325  1326/1326/1326  
f 1327/1327/1327  1328/1328/1328  1329/1329/1329  
f 1330/1330/1330  1331/1331/1331  1332/1332/1332  
f 1333/1333/1333  1334/1334/1334  1335/1335/1335  
f 1336/1336/1336  1337/1337/1337  1338/1338/1338  
f 1339/1339/1339  1340/1340/1340  1341/1341/1341  
f 1342/1342/1342  1343/1343/1343  1344/1344/1344  
f 1345/1345/1345  1346/1346/1346  1347/1347/1347  
f 1348/1348/1348  1349/1349/1349  1350/1350/1350  
f 1351/1351/1351  1352/1352/1352  1353/1353/1353  
f 1354/1354/1354  1355/1355/1355  1356/1356/1356  
f 1357/1357/1357  1358/1358/1358  1359/1359/1359  
f 1360/1360/1360  1361/1361/1361  1362/1362/1362  
f 1363/1363/1363  1364/1364/1364  1365/1365/1365  
f 1366/1366/1366  1367/1367/1367  1368/1368/1368  
f 1369/1369/1369  1370/1370/1370  1371/1371/1371  
f 1372/1372/1372  1373/1373/1373  1374/1374/1374  
f 1375/1375/1375  1376/1376/1376  1377/1377/1377  
f 1378/1378/1378  1379/1379/1379  1380/1380/1380  
f 1381/1381/1381  1382/1382/1382  1383/1383/1383  
f 1384/1384/1384  1385/1385/1385  1386/1386/1386  
f 1387/1387/1387  1388/1388/1388  1389/1389/1389  
f 1390/1390/1390  1391/1391/1391  1392/1392/1392  
f 1393/1393/1393  1394/1394/1394  1395/1395/1395  
f 1396/1396/1396  1397/1397/1397  1398/1398/1398  
f 1399/1399/1399  1400/1400/1400  1401/1401/1401  
f 1402/1402/1402  1403/1403/1403  1404/1404/1404  
f 1405/1405/1405  1406/1406/1406  1407/1407/1407  
f 1408/1408/1408  1409/1409/1409  1410/1410/1410  
f 1411/1411/1411  1412/1412/1412  1413/1413/1413  
f 1414/1414/1414  1415/1415/1415  1416/1416/1416  
f 1417/1417/1417  1418/1418/1418  1419/1419/1419  
f 1420/1420/1420  1421/1421/1421  1422/1422/1422  
f 1423/1423/1423  1424/1424/1424  1425/1425/1425  
f 1426/1426/1426  1427/1427/1427  1428/1428/1428  
f 1429/1429/1429  1430/1430/1430  1431/1431/1431  
f 1432/1432/1432  1433/1433/1433  1434/1434/1434  
f 1435/1435/1435  1436/1436/1436  1437/1437/1437  
f 1438/1438/1438  1439/1439/1439  1440/1440/1440  
f 1441/1441/1441  1442/1442/1442  1443/1443/1443  
f 1444/1444/1444  1445/1445/1445  1446/1446/1446  
f 1447/1447/1447  1448/1448/1448  1449/1449/1449  
f 1450/1450/1450  1451/1451/1451  1452/1452/1452  
f 1453/1453/1453  1454/1454/1454  1455/1455/1455  
f 1456/1456/1456  1457/1457/1457  1458/1458/1458  
f 1459/1459/1459  1460/1460/1460  1461/1461/1461  
f 1462/1462/1462  1463/1463/1463  1464/1464/1464  
f 1465/1465/1465  1466/1466/1466  1467/1467/1467  
f 1468/1468/1468  1469/1469/1469  1470/1470/1470  
f 1471/1471/1471  1472/1472/1472  1473/1473/1473  
f 1474/1474/1474  1475/1475/1475  1476/1476/1476  
f 1477/1477/1477  1478/1478/1478  1479/1479/1479  
f 1480/1480/1480  1481/1481/1481  1482/1482/1482  
f 1483/1483/1483  1484/1484/1484  1485/1485/1485  
f 1486/1486/1486  1487/1487/1487  1488/1488/1488  
f 1489/1489/1489  1490/1490/1490  1491/1491/1491  
f 1492/1492/1492  1493/1493/1493  1494/1494/1494  
f 1495/1495/1495  1496/1496/1496  1497/1497/1497  
f 1498/1498/1498  1499/1499/1499  1500/1500/1500  
f 1501/1501/1501  1502/1502/1502  1503/1503/1503  
f 1504/1504/1504  1505/1505/1505  1506/1506/1506  
f 1507/1507/1507  1508/1508/1508  1509/1509/1509  
f 1510/1510/1510  1511/1511/1511  1512/1512/1512  
f 1513/1513/1513  1514/1514/1514  1515/1515/1515  
f 1516/1516/1516  1517/1517/1517  1518/1518/1518  
f 1519/1519/1519  1520/1520/1520  1521/1521/1521  
f 1522/1522/1522  1523/1523/1523  1524/1524/1524  
f 1525/1525/1525  1526/1526/1526  1527/1527/1527  
f 1528/1528/1528  1529/1529/1529  1530/1530/1530  
f 1531/1531/1531  1532/1532/1532  1533/1533/1533  
f 1534/1534/1534  1535/1535/1535  1536/1536/1536  
f 1537/1537/1537  1538/1538/1538  1539/1539/1539  
f 1540/1540/1540  1541/1541/1541  1542/1542/1542  
f 1543/1543/1543  1544/1544/1544  1545/1545/1545  
f 1546/1546/1546  1547/1547/1547  1548/1548/1548  
f 1549/1549/1549  1550/1550/1550  1551/1551/1551  
f 1552/1552/1552  1553/1553/1553  1554/1554/1554  
f 1555/1555/1555  1556/1556/1556  1557/1557/1557  
f 1558/1558/1558  1559/1559/1559  1560/1560/1560  
f 1561/1561/1561  1562/1562/1562  1563/1563/1563  
f 1564/1564/1564  1565/1565/1565  1566/1566/1566  
f 1567/1567/1567  1568/1568/1568  1569/1569/1569  
f 1570/1570/1570  1571/1571/1571  1572/1572/1572  
f 1573/1573/1573  1574/1574/1574  1575/1575/1575  
f 1576/1576/1576  1577/1577/1577  1578/1578/1578  
f 1579/1579/1579  1580/1580/1580  1581/1581/1581  
f 1582/1582/1582  1583/1583/1583  1584/1584/1584  
f 1585/1585/1585  1586/1586/1586  1587/1587/1587  
f 1588/1588/1588  1589/1589/1589  1590/1590/1590  
f 1591/1591/1591  1592/1592/1592  1593/1593/1593  
f 1594/1594/1594  1595/1595/1595  1596/1596/1596  
f 1597/1597/1597  1598/1598/1598  1599/1599/1599  
f 1600/1600/1600  1601/1601/1601  1602/1602/1602  
f 1603/1603/1603  1604/1604/1604  1605/1605/1605  
f 1606/1606/1606  1607/1607/1607  1608/1608/1608  
f 1609/1609/1609  1610/1610/1610  1611/1611/1611  
f 1612/1612/1612  1613/1613/1613  1614/1614/1614  
f 1615/1615/1615  1616/1616/1616  1617/1617/1617  
f 1618/1618/1618  1619/1619/1619  1620/1620/1620  
f 1621/1621/1621  1622/1622/1622  1623/1623/1623  
f 1624/1624/1624  1625/1625/1625  1626/1626/1626  
f 1627/1627/1627  1628/1628/1628  1629/1629/1629  
f 1630/1630/1630  1631/1631/1631  1632/1632/1632  
f 1633/1633/1633  1634/1634/1634  1635/1635/1635  
f 1636/1636/1636  1637/1637/1637  1638/1638/1638  
f 1639/1639/1639  1640/1640/1640  1641/1641/1641  
f 1642/1642/1642  1643/1643/1643  1644/1644/1644  
f 1645/1645/1645  1646/1646/1646  1647/1647/1647  
f 1648/1648/1648  1649/1649/1649  1650/1650/1650  
f 1651/1651/1651  1652/1652/1652  1653/1653/1653  
f 1654/1654/1654  1655/1655/1655  1656/1656/1656  
f 1657/1657/1657  1658/1658/1658  1659/1659/1659  
f 1660/1660/1660  1661/1661/1661  1662/1662/1662  
f 1663/1663/1663  1664/1664/1664  1665/1665/1665  
f 1666/1666/1666  1667/1667/1667  1668/1668/1668  
f 1669/1669/1669  1670/1670/1670  1671/1671/1671  
f 1672/1672/1672  1673/1673/1673  1674/1674/1674  
f 1675/1675/1675  1676/1676/1676  1677/1677/1677  
f 1678/1678/1678  1679/1679/1679  1680/1680/1680  
f 1681/1681/1681  1682/1682/1682  1683/1683/1683  
f 1684/1684/1684  1685/1685/1685  1686/1686/1686  
f 1687/1687/1687  1688/1688/1688  1689/1689/1689  
f 1690/1690/1690  1691/1691/1691  1692/1692/1692  
f 1693/1693/1693  1694/1694/1694  1695/1695/1695  
f 1696/1696/1696  1697/1697/1697  1698/1698/1698  
f 1699/1699/1699  1700/1700/1700  1701/1701/1701  
f 1702/1702/1702  1703/1703/1703  1704/1704/1704  
f 1705/1705/1705  1706/1706/1706  1707/1707/1707  
f 1708/1708/1708  1709/1709/1709  1710/1710/1710  
f 1711/1711/1711  1712/1712/1712  1713/1713/1713  
f 1714/1714/1714  1715/1715/1715  1716/1716/1716  
f 1717/1717/1717  1718/1718/1718  1719/1719/1719  
f 1720/1720/1720  1721/1721/1721  1722/1722/1722  
f 1723/1723/1723  1724/1724/1724  1725/1725/1725  
f 1726/1726/1726  1727/1727/1727  1728/1728/1728  
f 1729/1729/1729  1730/1730/1730  1731/1731/1731  
f 1732/1732/1732  1733/1733/1733  1734/1734/1734  
f 1735/1735/1735  1736/1736/1736  1737/1737/1737  
f 1738/1738/1738  1739/1739/1739  1740/1740/1740  
f 1741/1741/1741  1742/1742/1742  1743/1743/1743  
f 1744/1744/1744  1745/1745/1745  1746/1746/1746  
f 1747/1747/1747  1748/1748/1748  1749/1749/1749  
f 1750/1750/1750  1751/1751/1751  1752/1752/1752  
f 1753/1753/1753  1754/1754/1754  1755/1755/1755  
f 1756/1756/1756  1757/1757/1757  1758/1758/1758  
f 1759/1759/1759  1760/1760/1760  1761/1761/1761  
f 1762/1762/1762  1763/1763/1763  1764/1764/1764  
f 1765/1765/1765  1766/1766/1766  1767/1767/1767  
f 1768/1768/1768  1769/1769/1769  1770/1770/1770  
f 1771/1771/1771  1772/1772/1772  1773/1773/1773  
f 1774/1774/1774  1775/1775/1775  1776/1776/1776  
f 1777/1777/1777  1778/1778/1778  1779/1779/1779  
f 1780/1780/1780  1781/1781/1781  1782/1782/1782  
f 1783/1783/1783  1784/1784/1784  1785/1785/1785  
f 1786/1786/1786  1787/1787/1787  1788/1788/1788  
f 1789/1789/1789  1790/1790/1790  1791/1791/1791  
f 1792/1792/1792  1793/1793/1793  1794/1794/1794  
f 1795/1795/1795  1796/1796/1796  1797/1797/1797  
f 1798/1798/1798  1799/1799/1799  1800/1800/1800  
f 1801/1801/1801  1802/1802/1802  1803/1803/1803  
f 1804/1804/1804  1805/1805/1805  1806/1806/1806  
f 1807/1807/1807  1808/1808/1808  1809/1809/1809  
f 1810/1810/1810  1811/1811/1811  1812/1812/1812  
f 1813/1813/1813  1814/1814/1814  1815/1815/1815  
f 1816/1816/1816  1817/1817/1817  1818/1818/1818  
f 1819/1819/1819  1820/1820/1820  1821/1821/1821  
f 1822/1822/1822  1823/1823/1823  1824/1824/1824  
f 1825/1825/1825  1826/1826/1826  1827/1827/1827  
f 1828/1828/1828  1829/1829/1829  1830/1830/1830  
f 1831/1831/1831  1832/1832/1832  1833/1833/1833  
f 1834/1834/1834  1835/1835/1835  1836/1836/1836  
f 1837/1837/1837  1838/1838/1838  1839/1839/1839  
f 1840/1840/1840  1841/1841/1841  1842/1842/1842  
f 1843/1843/1843  1844/1844/1844  1845/1845/1845  
f 1846/1846/1846  1847/1847/1847  1848/1848/1848  
f 1849/1849/1849  1850/1850/1850  1851/1851/1851  
f 1852/1852/1852  1853/1853/1853  1854/1854/1854  
f 1855/1855/1855  1856/1856/1856  1857/1857/1857  
f 1858/1858/1858  1859/1859/1859  1860/1860/1860  
f 1861/1861/1861  1862/1862/1862  1863/1863/1863  
f 1864/1864/1864  1865/1865/1865  1866/1866/1866  
f 1867/1867/1867  1868/1868/1868  1869/1869/1869  
f 1870/1870/1870  1871/1871/1871  1872/1872/1872  
f 1873/1873/1873  1874/1874/1874  1875/1875/1875  
f 1876/1876/1876  1877/1877/1877  1878/1878/1878  
f 1879/1879/1879  1880/1880/1880  1881/1881/1881  
f 1882/1882/1882  1883/1883/1883  1884/1884/1884  
f 1885/1885/1885  1886/1886/1886  1887/1887/1887  
f 1888/1888/1888  1889/1889/1889  1890/1890/1890  
f 1891/1891/1891  1892/1892/1892  1893/1893/1893  
f 1894/1894/1894  1895/1895/1895  1896/1896/1896  
f 1897/1897/1897  1898/1898/1898  1899/1899/1899  
f 1900/1900/1900  1901/1901/1901  1902/1902/1902  
f 1903/1903/1903  1904/1904/1904  1905/1905/1905  
f 1906/1906/1906  1907/1907/1907  1908/1908/1908  
f 1909/1909/1909  1910/1910/1910  1911/1911/1911  
f 1912/1912/1912  1913/1913/1913  1914/1914/1914  
f 1915/1915/1915  1916/1916/1916  1917/1917/1917  
f 1918/1918/1918  1919/1919/1919  1920/1920/1920  
f 1921/1921/1921  1922/1922/1922  1923/1923/1923  
f 1924/1924/1924  1925/1925/1925  1926/1926/1926  
f 1927/1927/1927  1928/1928/1928  1929/1929/1929  
f 1930/1930/1930  1931/1931/1931  1932/1932/1932  
f 1933/1933/1933  1934/1934/1934  1935/1935/1935  
f 1936/1936/1936  1937/1937/1937  1938/1938/1938  
f 1939/1939/1939  1940/1940/1940  1941/1941/1941  
f 1942/1942/1942  1943/1943/1943  1944/1944/1944  
f 1945/1945/1945  1946/1946/1946  1947/1947/1947  
f 1948/1948/1948  1949/1949/1949  1950/1950/1950  
f 1951/1951/1951  1952/1952/1952  1953/1953/1953  
f 1954/1954/1954  1955/1955/1955  1956/1956/1956  
f 1957/1957/1957  1958/1958/1958  1959/1959/1959  
f 1960/1960/1960  1961/1961/1961  1962/1962/1962  
f 1963/1963/1963  1964/1964/1964  1965/1965/1965  
f 1966/1966/1966  1967/1967/1967  1968/1968/1968  
f 1969/1969/1969  1970/1970/1970  1971/1971/1971  
f 1972/1972/1972  1973/1973/1973  1974/1974/1974  
f 1975/1975/1975  1976/1976/1976  1977/1977/1977  
f 1978/1978/1978  1979/1979/1979  1980/1980/1980  
f 1981/1981/1981  1982/1982/1982  1983/1983/1983  
f 1984/1984/1984  1985/1985/1985  1986/1986/1986  
f 1987/1987/1987  1988/1988/1988  1989/1989/1989  
f 1990/1990/1990  1991/1991/1991  1992/1992/1992  
f 1993/1993/1993  1994/1994/1994  1995/1995/1995  
f 1996/1996/1996  1997/1997/1997  1998/1998/1998  
f 1999/1999/1999  2000/2000/2000  2001/2001/2001  
f 2002/2002/2002  2003/2003/2003  2004/2004/2004  
f 2005/2005/2005  2006/2006/2006  2007/2007/2007  
f 2008/2008/2008  2009/2009/2009  2010/2010/2010  
f 2011/2011/2011  2012/2012/2012  2013/2013/2013  
f 2014/2014/2014  2015/2015/2015  2016/2016/2016  
f 2017/2017/2017  2018/2018/2018  2019/2019/2019  
f 2020/2020/2020  2021/2021/2021  2022/2022/2022  
f 2023/2023/2023  2024/2024/2024  2025/2025/2025  
f 2026/2026/2026  2027/2027/2027  2028/2028/2028  
f 2029/2029/2029  2030/2030/2030  2031/2031/2031  
f 2032/2032/2032  2033/2033/2033  2034/2034/2034  
f 2035/2035/2035  2036/2036/2036  2037/2037/2037  
f 2038/2038/2038  2039/2039/2039  2040/2040/2040  
f 2041/2041/2041  2042/2042/2042  2043/2043/2043  
f 2044/2044/2044  2045/2045/2045  2046/2046/2046  
f 2047/2047/2047  2048/2048/2048  2049/2049/2049  
f 2050/2050/2050  2051/2051/2051  2052/2052/2052  
f 2053/2053/2053  2054/2054/2054  2055/2055/2055  
f 2056/2056/2056  2057/2057/2057  2058/2058/2058  
f 2059/2059/2059  2060/2060/2060  2061/2061/2061  
f 2062/2062/2062  2063/2063/2063  2064/2064/2064  
f 2065/2065/2065  2066/2066/2066  2067/2067/2067  
f 2068/2068/2068  2069/2069/2069  2070/2070/2070  
f 2071/2071/2071  2072/2072/2072  2073/2073/2073  
f 2074/2074/2074  2075/2075/2075  2076/2076/2076  
f 2077/2077/2077  2078/2078/2078  2079/2079/2079  
f 2080/2080/2080  2081/2081/2081  2082/2082/2082  
f 2083/2083/2083  2084/2084/2084  2085/2085/2085  
f 2086/2086/2086  2087/2087/2087  2088/2088/2088  
f 2089/2089/2089  2090/2090/2090  2091/2091/2091  
f 2092/2092/2092  2093/2093/2093  2094/2094/2094  
f 2095/2095/2095  2096/2096/2096  2097/2097/2097  
f 2098/2098/2098  2099/2099/2099  2100/2100/2100  
f 2101/2101/2101  2102/2102/2102  2103/2103/2103  
f 2104/2104/2104  2105/2105/2105  2106/2106/2106  
f 2107/2107/2107  2108/2108/2108  2109/2109/2109  
f 2110/2110/2110  2111/2111/2111  2112/2112/2112  
f 2113/2113/2113  2114/2114/2114  2115/2115/2115  
f 2116/2116/2116  2117/2117/2117  2118/2118/2118  
f 2119/2119/2119  2120/2120/2120  2121/2121/2121  
f 2122/2122/2122  2123/2123/2123  2124/2124/2124  
f 2125/2125/2125  2126/2126/2126  2127/2127/2127  
f 2128/2128/2128  2129/2129/2129  2130/2130/2130  
f 2131/2131/2131  2132/2132/2132  2133/2133/2133  
f 2134/2134/2134  2135/2135/2135  2136/2136/2136  
f 2137/2137/2137  2138/2138/2138  2139/2139/2139  
f 2140/2140/2140  2141/2141/2141  2142/2142/2142  
f 2143/2143/2143  2144/2144/2144  2145/2145/2145  
f 2146/2146/2146  2147/2147/2147  2148/2148/2148  
f 2149/2149/2149  2150/2150/2150  2151/2151/2151  
f 2152/2152/2152  2153/2153/2153  2154/2154/2154  
f 2155/2155/2155  2156/2156/2156  2157/2157/2157  
f 2158/2158/2158  2159/2159/2159  2160/2160/2160  
f 2161/2161/2161  2162/2162/2162  2163/2163/2163  
f 2164/2164/2164  2165/2165/2165  2166/2166/2166  
f 2167/2167/2167  2168/2168/2168  2169/2169/2169  
f 2170/2170/2170  2171/2171/2171  2172/2172/2172  
f 2173/2173/2173  2174/2174/2174  2175/2175/2175  
f 2176/2176/2176  2177/2177/2177  2178/2178/2178  
f 2179/2179/2179  2180/2180/2180  2181/2181/2181  
f 2182/2182/2182  2183/2183/2183  2184/2184/2184  
f 2185/2185/2185  2186/2186/2186  2187/2187/2187  
f 2188/2188/2188  2189/2189/2189  2190/2190/2190  
f 2191/2191/2191  2192/2192/2192  2193/2193/2193  
f 2194/2194/2194  2195/2195/2195  2196/2196/2196  
f 2197/2197/2197  2198/2198/2198  2199/2199/2199  
f 2200/2200/2200  2201/2201/2201  2202/2202/2202  
f 2203/2203/2203  2204/2204/2204  2205/2205/2205  
f 2206/2206/2206  2207/2207/2207  2208/2208/2208  
f 2209/2209/2209  2210/2210/2210  2211/2211/2211  
f 2212/2212/2212  2213/2213/2213  2214/2214/2214  
f 2215/2215/2215  2216/2216/2216  2217/2217/2217  
f 2218/2218/2218  2219/2219/2219  2220/2220/2220  
f 2221/2221/2221  2222/2222/2222  2223/2223/2223  
f 2224/2224/2224  2225/2225/2225  2226/2226/2226  
f 2227/2227/2227  2228/2228/2228  2229/2229/2229  
f 2230/2230/2230  2231/2231/2231  2232/2232/2232  
f 2233/2233/2233  2234/2234/2234  2235/2235/2235  
f 2236/2236/2236  2237/2237/2237  2238/2238/2238  
f 2239/2239/2239  2240/2240/2240  2241/2241/2241  
f 2242/2242/2242  2243/2243/2243  2244/2244/2244  
f 2245/2245/2245  2246/2246/2246  2247/2247/2247  
f 2248/2248/2248  2249/2249/2249  2250/2250/2250  
f 2251/2251/2251  2252/2252/2252  2253/2253/2253  
f 2254/2254/2254  2255/2255/2255  2256/2256/2256  
f 2257/2257/2257  2258/2258/2258  2259/2259/2259  
f 2260/2260/2260  2261/2261/2261  2262/2262/2262  
f 2263/2263/2263  2264/2264/2264  2265/2265/2265  
f 2266/2266/2266  2267/2267/2267  2268/2268/2268  
f 2269/2269/2269  2270/2270/2270  2271/2271/2271  
f 2272/2272/2272  2273/2273/2273  2274/2274/2274  
f 2275/2275/2275  2276/2276/2276  2277/2277/2277  
f 2278/2278/2278  2279/2279/2279  2280/2280/2280  
f 2281/2281/2281  2282/2282/2282  2283/2283/2283  
f 2284/2284/2284  2285/2285/2285  2286/2286/2286  
f 2287/2287/2287  2288/2288/2288  2289/2289/2289  
f 2290/2290/2290  2291/2291/2291  2292/2292/2292  
f 2293/2293/2293  2294/2294/2294  2295/2295/2295  
f 2296/2296/2296  2297/2297/2297  2298/2298/2298  
f 2299/2299/2299  2300/2300/2300  2301/2301/2301  
f 2302/2302/2302  2303/2303/2303  2304/2304/2304  
f 2305/2305/2305  2306/2306/2306  2307/2307/2307  
f 2308/2308/2308  2309/2309/2309  2310/2310/2310  
f 2311/2311/2311  2312/2312/2312  2313/2313/2313  
f 2314/2314/2314  2315/2315/2315  2316/2316/2316  
f 2317/2317/2317  2318/2318/2318  2319/2319/2319  
f 2320/2320/2320  2321/2321/2321  2322/2322/2322  
f 2323/2323/2323  2324/2324/2324  2325/2325/2325  
f 2326/2326/2326  2327/2327/2327  2328/2328/2328  
