####
#
# OBJ File Generated by Meshlab
#
####
# Object r_conjunctiva_uv_trim.obj
#
# Vertices: 1848
# Faces: 616
#
####
mtllib ./r_conjunctiva_uv_trim.obj.mtl

vn -0.192829 -0.011271 0.981168
v -4.468868 -2.423642 12.779126
vn -0.192829 -0.011271 0.981168
v -4.517277 -1.681119 12.778142
vn -0.192829 -0.011271 0.981168
v -5.876812 -1.681119 12.510953
vn -0.190510 -0.036253 0.981016
v -4.320606 -3.149320 12.781101
vn -0.190510 -0.036253 0.981016
v -4.468868 -2.423642 12.779126
vn -0.190510 -0.036253 0.981016
v -5.817307 -2.594418 12.510953
vn -0.190385 0.009643 0.981662
v -4.466846 -0.943570 12.777158
vn -0.190385 0.009643 0.981662
v -5.815289 -0.767850 12.513913
vn -0.190385 0.009643 0.981662
v -5.876812 -1.681119 12.510953
vn -0.181939 0.024190 0.983012
v -4.319599 -0.215909 12.777158
vn -0.181939 0.024190 0.983012
v -5.632744 0.124576 12.525739
vn -0.181939 0.024190 0.983012
v -5.815289 -0.767850 12.513913
vn -0.171151 0.046732 0.984136
v -4.076534 0.487918 12.779126
vn -0.171151 0.046732 0.984136
v -5.333199 0.993167 12.536588
vn -0.171151 0.046732 0.984136
v -5.632744 0.124576 12.525739
vn -0.159340 0.067579 0.984908
v -3.742702 1.151004 12.783071
vn -0.159340 0.067579 0.984908
v -4.919689 1.810153 12.547429
vn -0.159340 0.067579 0.984908
v -5.333199 0.993167 12.536588
vn -0.144154 0.089399 0.985509
v -3.321125 1.768466 12.785039
vn -0.144154 0.089399 0.985509
v -4.400284 2.571567 12.554334
vn -0.144154 0.089399 0.985509
v -4.919689 1.810153 12.547429
vn -0.126465 0.112337 0.985590
v -2.821892 2.324374 12.785039
vn -0.126465 0.112337 0.985590
v -3.785065 3.255527 12.555318
vn -0.126465 0.112337 0.985590
v -4.400284 2.571567 12.554334
vn -0.107573 0.133938 0.985134
v -2.253063 2.810794 12.783072
vn -0.107573 0.133938 0.985134
v -3.084118 3.862033 12.549398
vn -0.107573 0.133938 0.985134
v -3.785065 3.255527 12.555318
vn -0.090249 0.150617 0.984464
v -2.253063 2.810794 12.783072
vn -0.090249 0.150617 0.984464
v -1.626751 3.224734 12.777158
vn -0.090249 0.150617 0.984464
v -2.308537 4.369327 12.539540
vn -0.074674 0.166133 0.983272
v -1.626751 3.224734 12.777158
vn -0.074674 0.166133 0.983272
v -0.950008 3.552310 12.773206
vn -0.074674 0.166133 0.983272
v -1.472443 4.776309 12.526723
vn -0.058009 0.180229 0.981913
v -0.950008 3.552310 12.773206
vn -0.058009 0.180229 0.981913
v -0.233932 3.793552 12.771230
vn -0.058009 0.180229 0.981913
v -0.589954 5.070132 12.515882
vn -0.037173 0.187005 0.981655
v -0.233932 3.793552 12.771230
vn -0.037173 0.187005 0.981655
v 0.506348 3.935489 12.772223
vn -0.037173 0.187005 0.981655
v 0.321781 5.254764 12.513913
vn -0.018899 0.193418 0.980934
v 0.506348 3.935489 12.772223
vn -0.018899 0.193418 0.980934
v 1.259741 3.989108 12.776166
vn -0.018899 0.193418 0.980934
v 1.251673 5.313357 12.514898
vn 0.007945 0.191867 0.981389
v 2.011116 3.940463 12.777158
vn 0.007945 0.191867 0.981389
v 2.179544 5.254764 12.518842
vn 0.007945 0.191867 0.981389
v 1.251673 5.313357 12.514898
vn 0.031782 0.189054 0.981452
v 2.011116 3.940463 12.777158
vn 0.031782 0.189054 0.981452
v 2.751398 3.795535 12.781102
vn 0.031782 0.189054 0.981452
v 3.093298 5.079074 12.522786
vn 0.056212 0.182392 0.981618
v 2.751398 3.795535 12.781102
vn 0.056212 0.182392 0.981618
v 3.466463 3.559268 12.784055
vn 0.056212 0.182392 0.981618
v 3.975786 4.787234 12.526723
vn 0.079704 0.172848 0.981718
v 4.143208 3.231662 12.787015
vn 0.079704 0.172848 0.981718
v 4.809862 4.380222 12.530667
vn 0.079704 0.172848 0.981718
v 3.975786 4.787234 12.526723
vn 0.099722 0.162037 0.981733
v 4.143208 3.231662 12.787015
vn 0.099722 0.162037 0.981733
v 4.770529 2.821689 12.790960
vn 0.099722 0.162037 0.981733
v 5.584435 3.879886 12.533628
vn 0.118152 0.146839 0.982079
v 5.339355 2.336276 12.793912
vn 0.118152 0.146839 0.982079
v 6.285383 3.276340 12.539540
vn 0.118152 0.146839 0.982079
v 5.584435 3.879886 12.533628
vn 0.137752 0.127548 0.982220
v 5.836575 1.779391 12.796872
vn 0.137752 0.127548 0.982220
v 6.897577 2.592380 12.542500
vn 0.137752 0.127548 0.982220
v 6.285383 3.276340 12.539540
vn 0.153840 0.108014 0.982174
v 6.254118 1.159946 12.800817
vn 0.153840 0.108014 0.982174
v 7.413958 1.829990 12.545461
vn 0.153840 0.108014 0.982174
v 6.897577 2.592380 12.542500
vn 0.165714 0.086288 0.982392
v 6.586941 0.499820 12.801801
vn 0.165714 0.086288 0.982392
v 7.824442 1.008060 12.548412
vn 0.165714 0.086288 0.982392
v 7.413958 1.829990 12.545461
vn 0.177040 0.062043 0.982246
v 6.827986 -0.206967 12.804761
vn 0.177040 0.062043 0.982246
v 8.121965 0.143466 12.549398
vn 0.177041 0.062043 0.982246
v 7.824442 1.008060 12.548412
vn 0.183653 0.038112 0.982252
v 6.974226 -0.932614 12.805745
vn 0.183653 0.038112 0.982252
v 8.302496 -0.751981 12.550388
vn 0.183653 0.038112 0.982252
v 8.121965 0.143466 12.549398
vn 0.186780 0.013406 0.982310
v 7.020620 -1.675168 12.806728
vn 0.186780 0.013406 0.982310
v 8.363012 -1.667233 12.551373
vn 0.186780 0.013406 0.982310
v 8.302496 -0.751981 12.550388
vn 0.187856 -0.011389 0.982131
v 6.972212 -2.416684 12.808706
vn 0.187856 -0.011389 0.982131
v 8.302496 -2.580502 12.552358
vn 0.187856 -0.011389 0.982131
v 8.363012 -1.667233 12.551373
vn 0.184241 -0.037314 0.982173
v 6.821936 -3.143338 12.808705
vn 0.184241 -0.037314 0.982173
v 8.119949 -3.481839 12.552358
vn 0.184241 -0.037314 0.982173
v 8.302496 -2.580502 12.552358
vn 0.177615 -0.062436 0.982117
v 6.579882 -3.846188 12.807714
vn 0.177615 -0.062436 0.982117
v 7.820408 -4.349454 12.551373
vn 0.177615 -0.062436 0.982117
v 8.119949 -3.481839 12.552358
vn 0.169376 -0.086072 0.981786
v 6.244032 -4.516232 12.808705
vn 0.169376 -0.086072 0.981786
v 7.406898 -5.174405 12.550388
vn 0.169376 -0.086072 0.981786
v 7.820408 -4.349454 12.551373
vn 0.156219 -0.106149 0.982002
v 6.244032 -4.516232 12.808705
vn 0.156219 -0.106149 0.982002
v 5.824472 -5.133695 12.808705
vn 0.156219 -0.106149 0.982002
v 6.887491 -5.940762 12.552358
vn 0.140287 -0.124623 0.982237
v 5.824472 -5.133695 12.808705
vn 0.140287 -0.124623 0.982237
v 5.326244 -5.694547 12.808705
vn 0.140287 -0.124623 0.982237
v 6.271261 -6.635617 12.554334
vn 0.123852 -0.140831 0.982256
v 5.326244 -5.694547 12.808705
vn 0.123852 -0.140831 0.982256
v 4.757418 -6.187924 12.809690
vn 0.123852 -0.140831 0.982256
v 5.568298 -7.242123 12.556301
vn 0.103005 -0.158067 0.982041
v 4.757418 -6.187924 12.809690
vn 0.103005 -0.158067 0.982041
v 4.130095 -6.602841 12.808705
vn 0.103005 -0.158067 0.982041
v 4.792719 -7.751401 12.554334
vn 0.080614 -0.169505 0.982227
v 4.130095 -6.602841 12.808705
vn 0.080614 -0.169505 0.982227
v 3.455370 -6.929471 12.807714
vn 0.080614 -0.169505 0.982227
v 3.958639 -8.158383 12.554334
vn 0.057917 -0.178012 0.982322
v 3.455370 -6.929471 12.807714
vn 0.057917 -0.178012 0.982322
v 2.741312 -7.172665 12.805744
vn 0.057917 -0.178012 0.982322
v 3.074137 -8.457211 12.553341
vn 0.036717 -0.185784 0.981904
v 2.741312 -7.172665 12.805744
vn 0.036717 -0.185784 0.981904
v 2.003048 -7.318570 12.805744
vn 0.036717 -0.185784 0.981904
v 2.156347 -8.637877 12.550388
vn 0.006769 -0.187945 0.982156
v 2.003048 -7.318570 12.805744
vn 0.006769 -0.187945 0.982156
v 1.251673 -7.366238 12.801801
vn 0.006769 -0.187945 0.982156
v 1.226458 -8.696439 12.547428
vn -0.013288 -0.188903 0.981906
v 1.251673 -7.366238 12.801801
vn -0.013288 -0.188903 0.981906
v 0.501308 -7.318570 12.800817
vn -0.013288 -0.188903 0.981906
v 0.299595 -8.636868 12.544468
vn -0.039683 -0.188096 0.981349
v 0.501308 -7.318570 12.800817
vn -0.039683 -0.188096 0.981349
v -0.238976 -7.172665 12.798847
vn -0.039683 -0.188096 0.981349
v -0.616177 -8.456235 12.537571
vn -0.064717 -0.179682 0.981594
v -0.952026 -6.929471 12.794904
vn -0.064717 -0.179682 0.981594
v -1.494633 -8.161374 12.533628
vn -0.064717 -0.179682 0.981594
v -0.616177 -8.456235 12.537571
vn -0.084952 -0.170598 0.981672
v -0.952026 -6.929471 12.794904
vn -0.084952 -0.170598 0.981672
v -1.630787 -6.602841 12.792928
vn -0.084952 -0.170598 0.981672
v -2.322659 -7.750394 12.533628
vn -0.106611 -0.158859 0.981528
v -1.630787 -6.602841 12.792928
vn -0.106611 -0.158859 0.981528
v -2.258106 -6.187924 12.791944
vn -0.106611 -0.158859 0.981528
v -3.094204 -7.241147 12.530666
vn -0.127877 -0.144680 0.981181
v -2.258106 -6.187924 12.791944
vn -0.127877 -0.144680 0.981181
v -2.826935 -5.698514 12.789974
vn -0.127877 -0.144680 0.981181
v -3.794140 -6.635617 12.525739
vn -0.148194 -0.124706 0.981064
v -2.826935 -5.698514 12.789974
vn -0.148194 -0.124706 0.981064
v -3.324154 -5.138669 12.786031
vn -0.148194 -0.124706 0.981064
v -4.407345 -5.945706 12.519826
vn -0.163467 -0.108027 0.980617
v -3.324154 -5.138669 12.786031
vn -0.163467 -0.108027 0.980617
v -3.744724 -4.520200 12.784055
vn -0.163467 -0.108027 0.980617
v -4.925743 -5.185300 12.513912
vn -0.176273 -0.085711 0.980603
v -3.744724 -4.520200 12.784055
vn -0.176273 -0.085711 0.980603
v -4.079563 -3.854092 12.782086
vn -0.176273 -0.085711 0.980603
v -5.336224 -4.360379 12.511936
vn -0.185140 -0.061950 0.980758
v -4.079563 -3.854092 12.782086
vn -0.185140 -0.061950 0.980758
v -4.320606 -3.149320 12.781101
vn -0.185140 -0.061950 0.980758
v -5.635769 -3.495755 12.510952
vn -0.397622 -0.198993 0.895711
v -6.513210 -4.818021 11.890804
vn -0.397622 -0.198993 0.895711
v -6.052303 -5.778928 11.881931
vn -0.397622 -0.198993 0.895711
v -4.925743 -5.185300 12.513912
vn -0.414919 -0.150729 0.897287
v -6.849064 -3.805478 11.905590
vn -0.414919 -0.150729 0.897287
v -6.513210 -4.818021 11.890804
vn -0.414919 -0.150729 0.897287
v -5.336224 -4.360379 12.511936
vn -0.372025 -0.245663 0.895124
v -6.052303 -5.778928 11.881931
vn -0.372025 -0.245663 0.895124
v -5.458260 -6.671353 11.883901
vn -0.372025 -0.245663 0.895124
v -4.407345 -5.945706 12.519826
vn -0.339622 -0.284798 0.896408
v -5.458260 -6.671353 11.883901
vn -0.339622 -0.284798 0.896408
v -4.744205 -7.479398 11.897710
vn -0.339622 -0.284798 0.896408
v -3.794140 -6.635617 12.525739
vn -0.298288 -0.321641 0.898650
v -4.744205 -7.479398 11.897710
vn -0.298288 -0.321641 0.898650
v -3.922230 -8.192136 11.915447
vn -0.298288 -0.321641 0.898650
v -3.094204 -7.241147 12.530666
vn -0.248293 -0.359630 0.899454
v -3.922230 -8.192136 11.915447
vn -0.248293 -0.359630 0.899454
v -3.026630 -8.790738 11.923336
vn -0.248293 -0.359630 0.899454
v -2.322659 -7.750394 12.533628
vn -0.197128 -0.391661 0.898745
v -3.026630 -8.790738 11.923336
vn -0.197128 -0.391661 0.898745
v -2.064465 -9.268216 11.926296
vn -0.197128 -0.391661 0.898745
v -1.494633 -8.161374 12.533628
vn -0.150577 -0.408985 0.900032
v -2.064465 -9.268216 11.926296
vn -0.150577 -0.408985 0.900032
v -1.038761 -9.617642 11.939115
vn -0.150577 -0.408985 0.900032
v -0.616177 -8.456235 12.537571
vn -0.096247 -0.424379 0.900355
v -1.038761 -9.617642 11.939115
vn -0.096247 -0.424379 0.900355
v 0.045437 -9.830075 11.954885
vn -0.096247 -0.424379 0.900355
v 0.299595 -8.636868 12.544468
vn -0.041918 -0.428176 0.902723
v 0.045437 -9.830075 11.954885
vn -0.041918 -0.428176 0.902723
v 1.122576 -9.908505 11.967701
vn -0.041918 -0.428176 0.902723
v 1.226458 -8.696439 12.547428
vn 0.017758 -0.428677 0.903283
v 1.122576 -9.908505 11.967701
vn 0.017758 -0.428677 0.903283
v 2.219887 -9.836026 11.980526
vn 0.017758 -0.428677 0.903283
v 2.156347 -8.637877 12.550388
vn 0.074890 -0.421788 0.903596
v 2.219887 -9.836026 11.980526
vn 0.074890 -0.421788 0.903596
v 3.305096 -9.628568 11.987423
vn 0.074890 -0.421788 0.903596
v 3.074137 -8.457211 12.553341
vn 0.130440 -0.406657 0.904221
v 3.305096 -9.628568 11.987423
vn 0.130440 -0.406657 0.904221
v 4.350969 -9.282132 11.992352
vn 0.130440 -0.406657 0.904221
v 3.958639 -8.158383 12.554334
vn 0.185170 -0.385330 0.904010
v 4.350969 -9.282132 11.992352
vn 0.185170 -0.385330 0.904010
v 5.334312 -8.802640 11.995313
vn 0.185170 -0.385330 0.904010
v 4.792719 -7.751401 12.554334
vn 0.234735 -0.359819 0.903012
v 5.334312 -8.802640 11.995313
vn 0.234735 -0.359819 0.903012
v 6.248066 -8.204068 11.996296
vn 0.234735 -0.359819 0.903012
v 5.568298 -7.242123 12.556301
vn 0.286651 -0.324898 0.901262
v 6.248066 -8.204068 11.996296
vn 0.286651 -0.324898 0.901262
v 7.087187 -7.488339 11.987424
vn 0.286651 -0.324898 0.901262
v 6.271261 -6.635617 12.554334
vn 0.325219 -0.286957 0.901049
v 7.087187 -7.488339 11.987424
vn 0.325219 -0.286957 0.901049
v 7.816374 -6.674313 11.983479
vn 0.325219 -0.286957 0.901049
v 6.887491 -5.940762 12.552358
vn 0.353161 -0.244868 0.902949
v 7.816374 -6.674313 11.983479
vn 0.353161 -0.244868 0.902949
v 8.417473 -5.781918 11.990383
vn 0.353161 -0.244868 0.902949
v 7.406898 -5.174405 12.550388
vn 0.378665 -0.196378 0.904460
v 8.417473 -5.781918 11.990383
vn 0.378665 -0.196378 0.904460
v 8.892504 -4.816007 12.001225
vn 0.378665 -0.196378 0.904460
v 7.820408 -4.349454 12.551373
vn 0.401392 -0.139607 0.905204
v 9.244492 -3.796536 12.005170
vn 0.401392 -0.139607 0.905204
v 8.119949 -3.481839 12.552358
vn 0.401392 -0.139607 0.905204
v 7.820408 -4.349454 12.551373
vn 0.419649 -0.084991 0.903699
v 9.467381 -2.741330 11.996297
vn 0.419649 -0.084991 0.903699
v 8.302496 -2.580502 12.552358
vn 0.419649 -0.084991 0.903699
v 8.119949 -3.481839 12.552358
vn 0.430278 -0.027538 0.902276
v 9.554117 -1.663266 11.983479
vn 0.430278 -0.027538 0.902276
v 8.363012 -1.667233 12.551373
vn 0.430278 -0.027538 0.902276
v 8.302496 -2.580502 12.552358
vn 0.434461 0.029695 0.900201
v 9.494614 -0.589169 11.969669
vn 0.434461 0.029695 0.900201
v 8.302496 -0.751981 12.550388
vn 0.434461 0.029695 0.900201
v 8.363012 -1.667233 12.551373
vn 0.426343 0.086950 0.900373
v 9.284834 0.465060 11.967702
vn 0.426343 0.086950 0.900373
v 8.121965 0.143466 12.549398
vn 0.426343 0.086950 0.900373
v 8.302496 -0.751981 12.550388
vn 0.411658 0.142686 0.900099
v 8.937889 1.477634 11.964742
vn 0.411658 0.142686 0.900099
v 7.824442 1.008060 12.548412
vn 0.411658 0.142686 0.900099
v 8.121965 0.143466 12.549398
vn 0.388486 0.197248 0.900096
v 8.457815 2.437534 11.961789
vn 0.388486 0.197248 0.900096
v 7.413958 1.829990 12.545461
vn 0.388486 0.197248 0.900096
v 7.824442 1.008060 12.548412
vn 0.359936 0.247286 0.899608
v 7.851673 3.326999 11.958829
vn 0.359937 0.247286 0.899608
v 6.897577 2.592380 12.542500
vn 0.359937 0.247286 0.899608
v 7.413958 1.829990 12.545461
vn 0.323137 0.293125 0.899811
v 7.132570 4.131076 11.956861
vn 0.323137 0.293125 0.899811
v 6.285383 3.276340 12.539540
vn 0.323137 0.293125 0.899811
v 6.897577 2.592380 12.542500
vn 0.280410 0.334477 0.899720
v 6.310596 4.835849 11.951924
vn 0.280410 0.334477 0.899720
v 5.584435 3.879886 12.533628
vn 0.280410 0.334477 0.899720
v 6.285383 3.276340 12.539540
vn 0.236191 0.365613 0.900301
v 6.310596 4.835849 11.951924
vn 0.236191 0.365613 0.900301
v 5.402893 5.429507 11.948972
vn 0.236191 0.365613 0.900301
v 4.809862 4.380222 12.530667
vn 0.188100 0.394184 0.899576
v 4.421568 5.902011 11.945028
vn 0.188100 0.394184 0.899576
v 3.975786 4.787234 12.526723
vn 0.188100 0.394184 0.899576
v 4.809862 4.380222 12.530667
vn 0.133059 0.416604 0.899298
v 4.421568 5.902011 11.945028
vn 0.133059 0.416604 0.899298
v 3.381744 6.240512 11.942067
vn 0.133059 0.416604 0.899298
v 3.093298 5.079074 12.522786
vn 0.078599 0.428991 0.899883
v 2.310658 6.450961 11.937140
vn 0.078599 0.428991 0.899883
v 2.179544 5.254764 12.518842
vn 0.078599 0.428991 0.899883
v 3.093298 5.079074 12.522786
vn 0.022514 0.435966 0.899682
v 2.310658 6.450961 11.937140
vn 0.022514 0.435966 0.899682
v 1.219398 6.517490 11.932210
vn 0.022514 0.435966 0.899682
v 1.251673 5.313357 12.514898
vn -0.028491 0.437045 0.898988
v 0.131165 6.446994 11.928267
vn -0.028491 0.437045 0.898988
v 0.321781 5.254764 12.513913
vn -0.028491 0.437045 0.898988
v 1.251673 5.313357 12.514898
vn -0.074229 0.424078 0.902579
v 0.131165 6.446994 11.928267
vn -0.074229 0.424078 0.902579
v -0.932865 6.235568 11.940099
vn -0.074229 0.424078 0.902579
v -0.589954 5.070132 12.515882
vn -0.119567 0.408059 0.905092
v -0.932865 6.235568 11.940099
vn -0.119567 0.408059 0.905092
v -1.966633 5.891116 11.958829
vn -0.119567 0.408059 0.905092
v -1.472443 4.776309 12.526723
vn -0.171202 0.384600 0.907068
v -1.966633 5.891116 11.958829
vn -0.171202 0.384600 0.907068
v -2.951996 5.410617 11.976583
vn -0.171202 0.384600 0.907068
v -2.308537 4.369327 12.539540
vn -0.213948 0.354895 0.910097
v -2.951996 5.410617 11.976583
vn -0.213948 0.354895 0.910097
v -3.863731 4.817996 11.993344
vn -0.213948 0.354895 0.910097
v -3.084118 3.862033 12.549398
vn -0.262147 0.314895 0.912206
v -3.863731 4.817996 11.993344
vn -0.262147 0.314895 0.912206
v -4.687725 4.109195 12.001226
vn -0.262147 0.314895 0.912206
v -3.785065 3.255527 12.555318
vn -0.304871 0.272917 0.912453
v -5.407833 3.305148 11.998273
vn -0.304871 0.272917 0.912453
v -4.400284 2.571567 12.554334
vn -0.304871 0.272917 0.912453
v -3.785065 3.255527 12.555318
vn -0.344755 0.226918 0.910852
v -6.014988 2.413730 11.982494
vn -0.344755 0.226918 0.910852
v -4.919689 1.810153 12.547429
vn -0.344755 0.226918 0.910852
v -4.400284 2.571567 12.554334
vn -0.373440 0.176929 0.910626
v -6.493038 1.452792 11.971645
vn -0.373440 0.176929 0.910626
v -5.333199 0.993167 12.536588
vn -0.373440 0.176929 0.910626
v -4.919689 1.810153 12.547429
vn -0.398325 0.126019 0.908546
v -6.842007 0.439273 11.951923
vn -0.398325 0.126019 0.908546
v -5.632744 0.124576 12.525739
vn -0.398325 0.126019 0.908546
v -5.333199 0.993167 12.536588
vn -0.419475 0.073814 0.904761
v -7.055813 -0.614987 11.926296
vn -0.419475 0.073814 0.904761
v -5.815289 -0.767850 12.513913
vn -0.419475 0.073814 0.904761
v -5.632744 0.124576 12.525739
vn -0.431801 0.026166 0.901589
v -7.128429 -1.681119 11.911512
vn -0.431801 0.026166 0.901589
v -5.876812 -1.681119 12.510953
vn -0.431801 0.026166 0.901589
v -5.815289 -0.767850 12.513913
vn -0.432957 -0.030241 0.900907
v -7.128429 -1.681119 11.911512
vn -0.432957 -0.030241 0.900907
v -7.059849 -2.751218 11.908550
vn -0.432957 -0.030241 0.900907
v -5.817307 -2.594418 12.510953
vn -0.426686 -0.087837 0.900124
v -7.059849 -2.751218 11.908550
vn -0.426686 -0.087837 0.900124
v -6.849064 -3.805478 11.905590
vn -0.426686 -0.087837 0.900124
v -5.635769 -3.495755 12.510952
vn -0.590763 -0.120355 0.797818
v -6.849064 -3.805478 11.905590
vn -0.590763 -0.120355 0.797818
v -7.059849 -2.751218 11.908550
vn -0.590763 -0.120355 0.797818
v -8.125896 -2.884244 11.099102
vn -0.600999 -0.040726 0.798212
v -8.125896 -2.884244 11.099102
vn -0.600999 -0.040726 0.798212
v -7.059849 -2.751218 11.908550
vn -0.600999 -0.040726 0.798212
v -7.128429 -1.681119 11.911512
vn -0.596494 0.029506 0.802075
v -8.199520 -1.679135 11.114881
vn -0.596494 0.029506 0.802075
v -7.128429 -1.681119 11.911512
vn -0.596494 0.029506 0.802075
v -7.055813 -0.614987 11.926296
vn -0.581257 0.098245 0.807768
v -8.118839 -0.475980 11.144452
vn -0.581257 0.098245 0.807768
v -7.055813 -0.614987 11.926296
vn -0.581257 0.098245 0.807768
v -6.842007 0.439273 11.951923
vn -0.561142 0.177477 0.808469
v -7.888889 0.713260 11.165157
vn -0.561142 0.177477 0.808469
v -6.842007 0.439273 11.951923
vn -0.561142 0.177477 0.808469
v -6.493038 1.452792 11.971645
vn -0.529653 0.254357 0.809179
v -7.503613 1.860782 11.181920
vn -0.529653 0.254357 0.809179
v -6.493038 1.452792 11.971645
vn -0.529653 0.254357 0.809179
v -6.014988 2.413730 11.982494
vn -0.491997 0.320779 0.809346
v -6.971096 2.949771 11.188826
vn -0.491997 0.320779 0.809346
v -6.014988 2.413730 11.982494
vn -0.491997 0.320779 0.809346
v -5.407833 3.305148 11.998273
vn -0.439062 0.390253 0.809276
v -6.286289 3.950412 11.210515
vn -0.439062 0.390253 0.809276
v -5.407833 3.305148 11.998273
vn -0.439062 0.390253 0.809276
v -4.687725 4.109195 12.001226
vn -0.376206 0.446376 0.811922
v -4.687725 4.109195 12.001226
vn -0.376206 0.446376 0.811922
v -3.863731 4.817996 11.993344
vn -0.376206 0.446376 0.811922
v -4.539463 5.650882 11.222342
vn -0.308045 0.496868 0.811314
v -3.863731 4.817996 11.993344
vn -0.308045 0.496868 0.811314
v -2.951996 5.410617 11.976583
vn -0.308045 0.496868 0.811314
v -3.509727 6.318942 11.208539
vn -0.245849 0.534052 0.808917
v -2.951996 5.410617 11.976583
vn -0.245849 0.534052 0.808917
v -1.966633 5.891116 11.958829
vn -0.245849 0.534052 0.808917
v -2.391239 6.850009 11.196714
vn -0.173515 0.564629 0.806899
v -1.966633 5.891116 11.958829
vn -0.173515 0.564629 0.806899
v -0.932865 6.235568 11.940099
vn -0.173515 0.564629 0.806899
v -1.230389 7.243137 11.171071
vn -0.107131 0.584178 0.804524
v -0.932865 6.235568 11.940099
vn -0.107131 0.584178 0.804524
v 0.131165 6.446994 11.928267
vn -0.107131 0.584178 0.804524
v -0.031216 7.480380 11.156285
vn -0.041378 0.593788 0.803557
v -0.031216 7.480380 11.156285
vn -0.041378 0.593788 0.803557
v 0.131165 6.446994 11.928267
vn -0.041378 0.593788 0.803557
v 1.219398 6.517490 11.932210
vn 0.032295 0.589547 0.807088
v 1.219398 6.517490 11.932210
vn 0.032295 0.589547 0.807088
v 2.310658 6.450961 11.937140
vn 0.032295 0.589547 0.807088
v 2.421598 7.477420 11.182912
vn 0.110393 0.580731 0.806576
v 2.421598 7.477420 11.182912
vn 0.110393 0.580730 0.806576
v 2.310658 6.450961 11.937140
vn 0.110393 0.580730 0.806576
v 3.381744 6.240512 11.942067
vn 0.179639 0.558905 0.809540
v 3.631868 7.241153 11.195723
vn 0.179639 0.558905 0.809540
v 3.381744 6.240512 11.942067
vn 0.179639 0.558905 0.809540
v 4.421568 5.902011 11.945028
vn 0.251809 0.529731 0.809924
v 4.806837 6.856967 11.200658
vn 0.251809 0.529731 0.809924
v 4.421568 5.902011 11.945028
vn 0.251809 0.529731 0.809924
v 5.402893 5.429507 11.948972
vn 0.319189 0.492068 0.809931
v 5.919275 6.327884 11.199666
vn 0.319189 0.492068 0.809931
v 5.402893 5.429507 11.948972
vn 0.319189 0.492068 0.809931
v 6.310596 4.835849 11.951924
vn 0.379592 0.448385 0.809235
v 6.948006 5.662784 11.194738
vn 0.379592 0.448385 0.809235
v 6.310596 4.835849 11.951924
vn 0.379592 0.448385 0.809235
v 7.132570 4.131076 11.956861
vn 0.435996 0.391904 0.810135
v 7.872852 4.866641 11.202626
vn 0.435996 0.391904 0.810135
v 7.132570 4.131076 11.956861
vn 0.435996 0.391904 0.810135
v 7.851673 3.326999 11.958829
vn 0.481515 0.330838 0.811597
v 8.682724 3.965274 11.205587
vn 0.481514 0.330838 0.811597
v 7.851673 3.326999 11.958829
vn 0.481515 0.330838 0.811597
v 8.457815 2.437534 11.961789
vn 0.522226 0.263675 0.811021
v 9.366526 2.960696 11.206572
vn 0.522226 0.263675 0.811021
v 8.457815 2.437534 11.961789
vn 0.522226 0.263675 0.811021
v 8.937889 1.477634 11.964742
vn 0.553097 0.191881 0.810719
v 9.910139 1.882632 11.205587
vn 0.553097 0.191881 0.810719
v 8.937889 1.477634 11.964742
vn 0.553097 0.191881 0.810719
v 9.284834 0.465060 11.967702
vn 0.575063 0.115942 0.809852
v 10.302467 0.741031 11.205587
vn 0.575063 0.115942 0.809852
v 9.284834 0.465060 11.967702
vn 0.575063 0.115942 0.809852
v 9.494614 -0.589169 11.969669
vn 0.577326 0.042466 0.815409
v 10.523342 -0.452176 11.234174
vn 0.577326 0.042466 0.815409
v 9.494614 -0.589169 11.969669
vn 0.577326 0.042466 0.815409
v 9.554117 -1.663266 11.983479
vn 0.569256 -0.036034 0.821370
v 10.567719 -1.674191 11.280515
vn 0.569256 -0.036034 0.821370
v 9.554117 -1.663266 11.983479
vn 0.569256 -0.036034 0.821370
v 9.467381 -2.741330 11.996297
vn 0.548813 -0.108955 0.828814
v 10.449717 -2.893185 11.325864
vn 0.548813 -0.108955 0.828814
v 9.467381 -2.741330 11.996297
vn 0.548813 -0.108955 0.828814
v 9.244492 -3.796536 12.005170
vn 0.525048 -0.184495 0.830835
v 10.184465 -4.087369 11.346569
vn 0.525048 -0.184495 0.830835
v 9.244492 -3.796536 12.005170
vn 0.525048 -0.184495 0.830835
v 8.892504 -4.816007 12.001225
vn 0.497999 -0.254220 0.829077
v 9.786085 -5.235928 11.335720
vn 0.497999 -0.254220 0.829077
v 8.892504 -4.816007 12.001225
vn 0.497999 -0.254220 0.829077
v 8.417473 -5.781918 11.990383
vn 0.473029 -0.324959 0.818930
v 8.417473 -5.781918 11.990383
vn 0.473029 -0.324959 0.818930
v 7.816374 -6.674313 11.983479
vn 0.473029 -0.324959 0.818930
v 8.578842 -7.323544 11.285442
vn 0.433335 -0.384221 0.815227
v 7.816374 -6.674313 11.983479
vn 0.433335 -0.384221 0.815227
v 7.087187 -7.488339 11.987424
vn 0.433335 -0.384221 0.815227
v 7.759893 -8.235806 11.277561
vn 0.378952 -0.434153 0.817255
v 7.087187 -7.488339 11.987424
vn 0.378952 -0.434153 0.817255
v 6.248066 -8.204068 11.996296
vn 0.378952 -0.434153 0.817255
v 6.795712 -9.041898 11.297276
vn 0.316777 -0.484917 0.815173
v 6.248066 -8.204068 11.996296
vn 0.316777 -0.484917 0.815173
v 5.334312 -8.802640 11.995313
vn 0.316777 -0.484917 0.815173
v 5.760933 -9.713956 11.287418
vn 0.254571 -0.527081 0.810789
v 5.334312 -8.802640 11.995313
vn 0.254571 -0.527081 0.810789
v 4.350969 -9.282132 11.992352
vn 0.254571 -0.527081 0.810789
v 4.650511 -10.243073 11.273609
vn 0.180466 -0.556359 0.811108
v 4.350969 -9.282132 11.992352
vn 0.180466 -0.556359 0.811108
v 3.305096 -9.628568 11.987423
vn 0.180466 -0.556359 0.811108
v 3.470499 -10.637143 11.258816
vn 0.105547 -0.578993 0.808472
v 3.305096 -9.628568 11.987423
vn 0.105547 -0.578993 0.808472
v 2.219887 -9.836026 11.980526
vn 0.105547 -0.578993 0.808472
v 2.242075 -10.871396 11.236141
vn 0.029840 -0.594015 0.803901
v 2.219887 -9.836026 11.980526
vn 0.029840 -0.594015 0.803901
v 1.122576 -9.908505 11.967701
vn 0.029840 -0.594015 0.803901
v 0.997515 -10.944852 11.206571
vn -0.052822 -0.594304 0.802504
v 1.122576 -9.908505 11.967701
vn -0.052822 -0.594304 0.802504
v 0.045437 -9.830075 11.954885
vn -0.052822 -0.594304 0.802504
v -0.205692 -10.859494 11.176006
vn -0.127172 -0.589855 0.797433
v 0.045437 -9.830075 11.954885
vn -0.127172 -0.589855 0.797433
v -1.038761 -9.617642 11.939115
vn -0.127172 -0.589855 0.797433
v -1.439159 -10.616299 11.136562
vn -0.204814 -0.572075 0.794217
v -1.038761 -9.617642 11.939115
vn -0.204814 -0.572075 0.794217
v -2.064465 -9.268216 11.926296
vn -0.204814 -0.572075 0.794217
v -2.584881 -10.215237 11.109951
vn -0.274059 -0.547354 0.790756
v -2.064465 -9.268216 11.926296
vn -0.274059 -0.547354 0.790756
v -3.026630 -8.790738 11.923336
vn -0.274059 -0.547354 0.790756
v -3.663029 -9.674253 11.091213
vn -0.343925 -0.504124 0.792196
v -3.026630 -8.790738 11.923336
vn -0.343925 -0.504124 0.792196
v -3.922230 -8.192136 11.915447
vn -0.343925 -0.504124 0.792196
v -4.689739 -9.007138 11.063603
vn -0.405251 -0.447523 0.797179
v -3.922230 -8.192136 11.915447
vn -0.405251 -0.447523 0.797179
v -4.744205 -7.479398 11.897710
vn -0.405251 -0.447523 0.797179
v -5.644848 -8.226895 11.020229
vn -0.463354 -0.395909 0.792817
v -4.744205 -7.479398 11.897710
vn -0.463354 -0.395909 0.792817
v -5.458260 -6.671353 11.883901
vn -0.463354 -0.395909 0.792817
v -6.444630 -7.307675 10.989667
vn -0.513648 -0.340172 0.787686
v -5.458260 -6.671353 11.883901
vn -0.513648 -0.340172 0.787686
v -6.052303 -5.778928 11.881931
vn -0.513648 -0.340172 0.787686
v -7.079014 -6.290158 10.991634
vn -0.552985 -0.272514 0.787365
v -6.052303 -5.778928 11.881931
vn -0.552985 -0.272514 0.787365
v -6.513210 -4.818021 11.890804
vn -0.552985 -0.272514 0.787365
v -7.549000 -5.200192 11.031072
vn -0.574285 -0.202071 0.793325
v -6.513210 -4.818021 11.890804
vn -0.574285 -0.202071 0.793325
v -6.849064 -3.805478 11.905590
vn -0.574285 -0.202071 0.793325
v -7.904011 -4.062589 11.076428
vn -0.693337 -0.323779 0.643779
v -8.336681 -5.229977 10.170354
vn -0.693337 -0.323779 0.643779
v -7.844509 -6.415250 10.104298
vn -0.693337 -0.323779 0.643779
v -7.079014 -6.290158 10.991634
vn -0.709459 -0.252414 0.657993
v -8.734058 -3.987119 10.218671
vn -0.709459 -0.252414 0.657993
v -8.336681 -5.229977 10.170354
vn -0.709459 -0.252414 0.657993
v -7.549000 -5.200192 11.031072
vn -0.650169 -0.351713 0.673482
v -7.844509 -6.415250 10.104298
vn -0.650169 -0.351713 0.673482
v -7.243404 -7.571744 10.080639
vn -0.650169 -0.351713 0.673482
v -6.444630 -7.307675 10.989667
vn -0.582428 -0.473101 0.661024
v -7.243404 -7.571744 10.080639
vn -0.582428 -0.473101 0.661024
v -6.366970 -8.576324 10.133877
vn -0.582428 -0.473101 0.661024
v -5.644848 -8.226895 11.020229
vn -0.497971 -0.611321 0.615070
v -6.366970 -8.576324 10.133877
vn -0.497971 -0.611321 0.615070
v -5.272686 -9.395291 10.205853
vn -0.497971 -0.611321 0.615070
v -4.689739 -9.007138 11.063603
vn -0.447658 -0.656636 0.606985
v -5.272686 -9.395291 10.205853
vn -0.447658 -0.656636 0.606985
v -4.123940 -10.121945 10.266973
vn -0.447658 -0.656636 0.606985
v -3.663029 -9.674253 11.091213
vn -0.373618 -0.703774 0.604244
v -4.123940 -10.121945 10.266973
vn -0.373618 -0.703774 0.604244
v -2.949978 -10.715543 10.301487
vn -0.373618 -0.703774 0.604244
v -2.584881 -10.215237 11.109951
vn -0.280063 -0.752469 0.596117
v -2.949978 -10.715543 10.301487
vn -0.280063 -0.752469 0.596117
v -1.708443 -11.146390 10.340923
vn -0.280063 -0.752469 0.596117
v -1.439159 -10.616299 11.136562
vn -0.183592 -0.779935 0.598327
v -1.708443 -11.146390 10.340923
vn -0.183592 -0.779935 0.598327
v -0.357983 -11.417386 10.402050
vn -0.183592 -0.779935 0.598327
v -0.205692 -10.859494 11.176006
vn -0.078753 -0.795966 0.600197
v -0.357983 -11.417386 10.402050
vn -0.078753 -0.795966 0.600197
v 0.948097 -11.508698 10.452328
vn -0.078753 -0.795966 0.600197
v 0.997515 -10.944852 11.206571
vn 0.026740 -0.796769 0.603692
v 0.948097 -11.508698 10.452328
vn 0.026740 -0.796769 0.603692
v 2.311666 -11.426328 10.500645
vn 0.026740 -0.796769 0.603692
v 2.242075 -10.871396 11.236141
vn 0.135754 -0.782782 0.607308
v 2.311666 -11.426328 10.500645
vn 0.135754 -0.782782 0.607308
v 3.657082 -11.166226 10.535153
vn 0.135754 -0.782782 0.607308
v 3.470499 -10.637143 11.258816
vn 0.234139 -0.748377 0.620574
v 3.657082 -11.166226 10.535153
vn 0.234139 -0.748377 0.620574
v 4.929882 -10.739407 10.569654
vn 0.234139 -0.748377 0.620574
v 4.650511 -10.243073 11.273609
vn 0.323624 -0.695899 0.641087
v 6.152254 -10.169583 10.595295
vn 0.323624 -0.695899 0.641087
v 5.760933 -9.713956 11.287418
vn 0.323624 -0.695899 0.641087
v 4.650511 -10.243073 11.273609
vn 0.401305 -0.627680 0.667063
v 7.280828 -9.456815 10.615009
vn 0.401305 -0.627680 0.667063
v 6.795712 -9.041898 11.297276
vn 0.401305 -0.627680 0.667063
v 5.760933 -9.713956 11.287418
vn 0.472640 -0.556310 0.683470
v 7.280828 -9.456815 10.615009
vn 0.472640 -0.556310 0.683470
v 8.351917 -8.578305 10.589382
vn 0.472640 -0.556310 0.683470
v 7.759893 -8.235806 11.277561
vn 0.509970 -0.485962 0.709769
v 8.351917 -8.578305 10.589382
vn 0.509970 -0.485962 0.709769
v 9.226336 -7.591580 10.636700
vn 0.509970 -0.485962 0.709769
v 8.578842 -7.323544 11.285442
vn 0.541424 -0.400496 0.739231
v 9.226336 -7.591580 10.636700
vn 0.541424 -0.400496 0.739231
v 9.958548 -6.501614 10.690930
vn 0.541424 -0.400496 0.739231
v 9.252560 -6.314999 11.309110
vn 0.566891 -0.299216 0.767531
v 10.537460 -5.327268 10.745153
vn 0.566891 -0.299216 0.767531
v 9.786085 -5.235928 11.335720
vn 0.566891 -0.299216 0.767531
v 9.252560 -6.314999 11.309110
vn 0.580289 -0.208710 0.787213
v 10.982235 -4.074490 10.761913
vn 0.580289 -0.208710 0.787213
v 10.184465 -4.087369 11.346569
vn 0.580289 -0.208710 0.787213
v 9.786085 -5.235928 11.335720
vn 0.590680 -0.117360 0.798325
v 11.297913 -2.762143 10.717548
vn 0.590680 -0.117360 0.798325
v 10.449717 -2.893185 11.325864
vn 0.590680 -0.117360 0.798325
v 10.184465 -4.087369 11.346569
vn 0.595806 -0.027816 0.802647
v 11.452221 -1.420041 10.632755
vn 0.595806 -0.027816 0.802647
v 10.567719 -1.674191 11.280515
vn 0.595806 -0.027816 0.802647
v 10.449717 -2.893185 11.325864
vn 0.588543 0.051968 0.806794
v 11.410872 -0.079923 10.562757
vn 0.588543 0.051968 0.806794
v 10.523342 -0.452176 11.234174
vn 0.588543 0.051968 0.806794
v 10.567719 -1.674191 11.280515
vn 0.568433 0.124706 0.813223
v 11.174870 1.226443 10.521352
vn 0.568433 0.124706 0.813223
v 10.302467 0.741031 11.205587
vn 0.568434 0.124706 0.813223
v 10.523342 -0.452176 11.234174
vn 0.530317 0.182251 0.827978
v 10.738163 2.465335 10.546979
vn 0.530317 0.182251 0.827978
v 9.910139 1.882632 11.205587
vn 0.530317 0.182251 0.827978
v 10.302467 0.741031 11.205587
vn 0.489071 0.245850 0.836880
v 10.145132 3.643649 10.550924
vn 0.489071 0.245850 0.836880
v 9.366526 2.960696 11.206572
vn 0.489071 0.245850 0.836880
v 9.910139 1.882632 11.205587
vn 0.443724 0.302863 0.843436
v 9.400818 4.733615 10.551908
vn 0.443724 0.302863 0.843436
v 8.682724 3.965274 11.205587
vn 0.443724 0.302863 0.843436
v 9.366526 2.960696 11.206572
vn 0.390274 0.353451 0.850152
v 8.517321 5.727298 10.548956
vn 0.390274 0.353451 0.850152
v 7.872852 4.866641 11.202626
vn 0.390274 0.353451 0.850152
v 8.682724 3.965274 11.205587
vn 0.338699 0.401881 0.850749
v 7.514814 6.593906 10.529234
vn 0.338699 0.401881 0.850749
v 6.948006 5.662784 11.194738
vn 0.338699 0.401881 0.850749
v 7.872852 4.866641 11.202626
vn 0.285594 0.435412 0.853728
v 6.389263 7.322543 10.535154
vn 0.285594 0.435412 0.853728
v 5.919275 6.327884 11.199666
vn 0.285594 0.435412 0.853728
v 6.948006 5.662784 11.194738
vn 0.222069 0.465311 0.856838
v 5.172943 7.902286 10.538107
vn 0.222069 0.465311 0.856838
v 4.806837 6.856967 11.200658
vn 0.222069 0.465311 0.856838
v 5.919275 6.327884 11.199666
vn 0.157682 0.493235 0.855486
v 3.893085 8.322177 10.524305
vn 0.157682 0.493235 0.855486
v 3.631868 7.241153 11.195723
vn 0.157682 0.493235 0.855486
v 4.806837 6.856967 11.200658
vn 0.092314 0.518951 0.849805
v 2.572884 8.582278 10.491774
vn 0.092314 0.518951 0.849805
v 2.421598 7.477420 11.182912
vn 0.092314 0.518951 0.849805
v 3.631868 7.241153 11.195723
vn 0.010345 0.539129 0.842160
v 2.572884 8.582278 10.491774
vn 0.010345 0.539129 0.842160
v 1.230494 8.669650 10.452330
vn 0.010345 0.539129 0.842160
v 1.191160 7.553836 11.167128
vn -0.040317 0.547554 0.835799
v -0.103832 8.593204 10.423742
vn -0.040317 0.547554 0.835799
v -0.031216 7.480380 11.156285
vn -0.040317 0.547554 0.835799
v 1.191160 7.553836 11.167128
vn -0.102871 0.546064 0.831404
v -0.103832 8.593204 10.423742
vn -0.102871 0.546064 0.831404
v -1.415962 8.343019 10.425711
vn -0.102871 0.546064 0.831404
v -1.230389 7.243137 11.171071
vn -0.155500 0.531554 0.832628
v -1.415962 8.343019 10.425711
vn -0.155500 0.531554 0.832628
v -2.678677 7.921115 10.459233
vn -0.155500 0.531554 0.832628
v -2.391239 6.850009 11.196714
vn -0.246192 0.512448 0.822671
v -2.678677 7.921115 10.459233
vn -0.246192 0.512447 0.822671
v -3.905083 7.349338 10.448384
vn -0.246192 0.512448 0.822671
v -3.509727 6.318942 11.208539
vn -0.336295 0.491633 0.803245
v -3.905083 7.349338 10.448384
vn -0.336295 0.491633 0.803245
v -5.021557 6.596896 10.441487
vn -0.336295 0.491633 0.803245
v -4.539463 5.650882 11.222342
vn -0.421264 0.460921 0.781082
v -5.021557 6.596896 10.441487
vn -0.421264 0.460921 0.781082
v -6.025074 5.706454 10.425711
vn -0.421264 0.460921 0.781082
v -5.473392 4.860690 11.222342
vn -0.472620 0.411938 0.779062
v -6.931759 4.742557 10.400083
vn -0.472620 0.411938 0.779062
v -6.286289 3.950412 11.210515
vn -0.472620 0.411938 0.779062
v -5.473392 4.860690 11.222342
vn -0.530335 0.346170 0.773893
v -7.699276 3.672458 10.366552
vn -0.530335 0.346170 0.773893
v -6.971096 2.949771 11.188826
vn -0.530335 0.346170 0.773893
v -6.286289 3.950412 11.210515
vn -0.579838 0.278687 0.765586
v -8.287266 2.489169 10.359655
vn -0.579838 0.278687 0.765586
v -7.503613 1.860782 11.181920
vn -0.579838 0.278687 0.765586
v -6.971096 2.949771 11.188826
vn -0.629667 0.200444 0.750561
v -8.707829 1.234409 10.338947
vn -0.629667 0.200444 0.750561
v -7.888889 0.713260 11.165157
vn -0.629667 0.200444 0.750561
v -7.503613 1.860782 11.181920
vn -0.663168 0.115354 0.739528
v -8.951908 -0.075955 10.335004
vn -0.663168 0.115354 0.739528
v -8.118839 -0.475980 11.144452
vn -0.663168 0.115354 0.739528
v -7.888889 0.713260 11.165157
vn -0.693260 0.028789 0.720113
v -9.045696 -1.389279 10.288671
vn -0.693259 0.028789 0.720113
v -8.199520 -1.679135 11.114881
vn -0.693260 0.028789 0.720113
v -8.118839 -0.475980 11.144452
vn -0.710004 -0.052571 0.702233
v -8.971066 -2.703610 10.258101
vn -0.710004 -0.052571 0.702233
v -8.125896 -2.884244 11.099102
vn -0.710004 -0.052571 0.702233
v -8.199520 -1.679135 11.114881
vn -0.716834 -0.153264 0.680191
v -8.971066 -2.703610 10.258101
vn -0.716834 -0.153264 0.680191
v -8.734058 -3.987119 10.218671
vn -0.716834 -0.153264 0.680191
v -7.904011 -4.062589 11.076428
vn -0.700966 -0.056338 0.710966
v -10.028034 -2.790921 9.209081
vn -0.700966 -0.056338 0.710966
v -8.971066 -2.703610 10.258101
vn -0.700966 -0.056338 0.710966
v -9.045696 -1.389279 10.288671
vn -0.689669 -0.147738 0.708893
v -10.028034 -2.790921 9.209081
vn -0.689669 -0.147738 0.708893
v -9.764805 -4.199551 9.171604
vn -0.689669 -0.147738 0.708893
v -8.734058 -3.987119 10.218671
vn -0.698951 0.024698 0.714743
v -10.099644 -1.342587 9.256397
vn -0.698951 0.024698 0.714743
v -9.045696 -1.389279 10.288671
vn -0.698951 0.024698 0.714743
v -8.951908 -0.075955 10.335004
vn -0.683648 0.125178 0.718997
v -9.968533 0.102756 9.337247
vn -0.683648 0.125178 0.718997
v -8.951908 -0.075955 10.335004
vn -0.683648 0.125178 0.718997
v -8.707829 1.234409 10.338947
vn -0.664249 0.210804 0.717171
v -9.687145 1.553073 9.338230
vn -0.664249 0.210804 0.717171
v -8.707829 1.234409 10.338947
vn -0.664249 0.210804 0.717171
v -8.287266 2.489169 10.359655
vn -0.631228 0.309519 0.711161
v -9.201015 2.940829 9.352033
vn -0.631228 0.309519 0.711161
v -8.287266 2.489169 10.359655
vn -0.631228 0.309519 0.711161
v -7.699276 3.672458 10.366552
vn -0.604948 0.412552 0.681057
v -8.478886 4.156864 9.380634
vn -0.604948 0.412552 0.681057
v -7.699276 3.672458 10.366552
vn -0.604948 0.412552 0.681057
v -6.931759 4.742557 10.400083
vn -0.549534 0.499103 0.670006
v -7.608509 5.302433 9.427953
vn -0.549534 0.499103 0.670006
v -6.931759 4.742557 10.400083
vn -0.549534 0.499103 0.670006
v -6.025074 5.706454 10.425711
vn -0.527580 0.536350 0.658778
v -5.492550 7.344364 9.518660
vn -0.527580 0.536350 0.658778
v -6.577763 6.322909 9.481198
vn -0.527580 0.536350 0.658778
v -6.025074 5.706454 10.425711
vn -0.461716 0.559182 0.688574
v -4.316574 8.265594 9.559079
vn -0.461716 0.559182 0.688574
v -5.492550 7.344364 9.518660
vn -0.461716 0.559182 0.688574
v -5.021557 6.596896 10.441487
vn -0.302620 0.590352 0.748268
v -2.980236 8.906863 9.593596
vn -0.302620 0.590352 0.748268
v -4.316574 8.265594 9.559079
vn -0.302620 0.590352 0.748268
v -3.905083 7.349338 10.448384
vn -0.188785 0.614739 0.765804
v -1.577332 9.363498 9.572882
vn -0.188785 0.614739 0.765804
v -2.980236 8.906863 9.593596
vn -0.188785 0.614739 0.765804
v -2.678677 7.921115 10.459233
vn -0.075396 0.632390 0.770972
v -0.119968 9.582919 9.535421
vn -0.075396 0.632390 0.770972
v -1.577332 9.363498 9.572882
vn -0.075396 0.632390 0.770972
v -1.415962 8.343019 10.425711
vn -0.054115 0.666490 0.743547
v -0.119968 9.582919 9.535421
vn -0.054115 0.666490 0.743547
v -0.103832 8.593204 10.423742
vn -0.054115 0.666490 0.743547
v 1.230494 8.669650 10.452330
vn -0.017325 0.668059 0.743907
v 2.833090 9.562045 9.688246
vn -0.017325 0.668059 0.743907
v 1.355553 9.633517 9.589650
vn -0.017325 0.668059 0.743907
v 1.230494 8.669650 10.452330
vn 0.039698 0.627311 0.777756
v 4.282387 9.313876 9.814436
vn 0.039698 0.627311 0.777756
v 2.833090 9.562045 9.688246
vn 0.039698 0.627312 0.777756
v 2.572884 8.582278 10.491774
vn 0.162701 0.531276 0.831429
v 5.684282 8.841342 9.842047
vn 0.162701 0.531276 0.831429
v 4.282387 9.313876 9.814436
vn 0.162701 0.531276 0.831429
v 3.893085 8.322177 10.524305
vn 0.236602 0.492133 0.837750
v 5.684282 8.841342 9.842047
vn 0.236602 0.492133 0.837750
v 5.172943 7.902286 10.538107
vn 0.236602 0.492133 0.837750
v 6.389263 7.322543 10.535154
vn 0.296786 0.451619 0.841403
v 7.013561 8.198093 9.844999
vn 0.296786 0.451619 0.841402
v 6.389263 7.322543 10.535154
vn 0.296786 0.451619 0.841403
v 7.514814 6.593906 10.529234
vn 0.336539 0.408621 0.848393
v 8.247026 7.391025 9.854856
vn 0.336539 0.408621 0.848393
v 7.514814 6.593906 10.529234
vn 0.336539 0.408621 0.848393
v 8.517321 5.727298 10.548956
vn 0.382275 0.342435 0.858257
v 9.347364 6.424167 9.901204
vn 0.382275 0.342435 0.858257
v 8.517321 5.727298 10.548956
vn 0.382275 0.342435 0.858257
v 9.400818 4.733615 10.551908
vn 0.413243 0.281414 0.866046
v 10.317595 5.329227 9.920919
vn 0.413243 0.281414 0.866046
v 9.400818 4.733615 10.551908
vn 0.413243 0.281414 0.866046
v 10.145132 3.643649 10.550924
vn 0.436848 0.216937 0.872985
v 11.133518 4.125095 9.936689
vn 0.436848 0.216937 0.872985
v 10.145132 3.643649 10.550924
vn 0.436848 0.216937 0.872985
v 10.738163 2.465335 10.546979
vn 0.463309 0.145232 0.874215
v 11.786057 2.825687 9.931760
vn 0.463309 0.145232 0.874215
v 10.738163 2.465335 10.546979
vn 0.463309 0.145232 0.874215
v 11.174870 1.226443 10.521352
vn 0.477416 0.113863 0.871269
v 12.263103 1.461734 9.894300
vn 0.477416 0.113863 0.871269
v 11.174870 1.226443 10.521352
vn 0.477416 0.113863 0.871269
v 11.410872 -0.079923 10.562757
vn 0.480717 0.060525 0.874785
v 12.516251 0.018375 9.948522
vn 0.480717 0.060525 0.874785
v 11.410872 -0.079923 10.562757
vn 0.480717 0.060525 0.874785
v 11.452221 -1.420041 10.632755
vn 0.476992 0.000687 0.878907
v 12.531380 -1.459744 10.047115
vn 0.476992 0.000687 0.878907
v 11.452221 -1.420041 10.632755
vn 0.476992 0.000687 0.878907
v 11.297913 -2.762143 10.717548
vn 0.476686 -0.085086 0.874946
v 12.296385 -2.926938 10.157537
vn 0.476686 -0.085086 0.874946
v 11.297913 -2.762143 10.717548
vn 0.476686 -0.085086 0.874946
v 10.982235 -4.074490 10.761913
vn 0.459341 -0.147208 0.875977
v 11.424992 -5.778928 10.243313
vn 0.459341 -0.147208 0.875977
v 11.875816 -4.366330 10.244298
vn 0.459341 -0.147208 0.875977
v 10.982235 -4.074490 10.761913
vn 0.386825 -0.231629 0.892588
v 10.811789 -7.080350 10.171337
vn 0.386825 -0.231629 0.892588
v 11.424992 -5.778928 10.243313
vn 0.386825 -0.231629 0.892588
v 10.537460 -5.327268 10.745153
vn 0.335208 -0.305850 0.891118
v 10.000908 -8.273557 10.066830
vn 0.335208 -0.305850 0.891118
v 10.811789 -7.080350 10.171337
vn 0.335208 -0.305850 0.891118
v 9.958548 -6.501614 10.690930
vn 0.317068 -0.369692 0.873382
v 9.043787 -9.343655 9.961338
vn 0.317068 -0.369692 0.873382
v 10.000908 -8.273557 10.066830
vn 0.317068 -0.369692 0.873382
v 9.226336 -7.591580 10.636700
vn 0.341855 -0.391877 0.854147
v 9.043787 -9.343655 9.961338
vn 0.341855 -0.391877 0.854147
v 8.351917 -8.578305 10.589382
vn 0.341855 -0.391877 0.854147
v 7.280828 -9.456815 10.615009
vn 0.273382 -0.456285 0.846798
v 7.862766 -10.295651 9.975141
vn 0.273382 -0.456285 0.846798
v 7.280828 -9.456815 10.615009
vn 0.273382 -0.456285 0.846798
v 6.152254 -10.169583 10.595295
vn 0.221088 -0.511634 0.830271
v 6.602070 -11.039182 9.939648
vn 0.221088 -0.511634 0.830271
v 6.152254 -10.169583 10.595295
vn 0.221088 -0.511634 0.830271
v 4.929882 -10.739407 10.569654
vn 0.152813 -0.560020 0.814264
v 3.879972 -12.105344 9.827252
vn 0.152813 -0.560020 0.814264
v 5.251612 -11.640744 9.889370
vn 0.152813 -0.560020 0.814264
v 4.929882 -10.739407 10.569654
vn 0.087783 -0.586244 0.805364
v 2.380247 -12.392209 9.781902
vn 0.087783 -0.586244 0.805364
v 3.879972 -12.105344 9.827252
vn 0.087783 -0.586244 0.805364
v 3.657082 -11.166226 10.535153
vn -0.003715 -0.597148 0.802122
v 0.882540 -12.487515 9.704014
vn -0.003715 -0.597148 0.802122
v 2.380247 -12.392209 9.781902
vn -0.003715 -0.597148 0.802122
v 2.311666 -11.426328 10.500645
vn -0.085452 -0.601511 0.794281
v -0.550621 -12.397183 9.618237
vn -0.085452 -0.601511 0.794281
v 0.882540 -12.487515 9.704014
vn -0.085452 -0.601511 0.794281
v 0.948097 -11.508698 10.452328
vn -0.164035 -0.596355 0.785782
v -2.044292 -12.116241 9.519642
vn -0.164035 -0.596355 0.785782
v -0.550621 -12.397183 9.618237
vn -0.164035 -0.596355 0.785782
v -0.357983 -11.417386 10.402050
vn -0.232725 -0.580299 0.780444
v -3.406857 -11.646695 9.462461
vn -0.232725 -0.580299 0.780444
v -2.044292 -12.116241 9.519642
vn -0.232725 -0.580299 0.780444
v -1.708443 -11.146390 10.340923
vn -0.322308 -0.541498 0.776464
v -4.694782 -10.987546 9.387531
vn -0.322308 -0.541498 0.776464
v -3.406857 -11.646695 9.462461
vn -0.322308 -0.541498 0.776464
v -2.949978 -10.715543 10.301487
vn -0.414417 -0.499577 0.760711
v -5.920185 -10.155698 9.266255
vn -0.414417 -0.499577 0.760711
v -4.694782 -10.987546 9.387531
vn -0.414417 -0.499577 0.760711
v -4.123940 -10.121945 10.266973
vn -0.494811 -0.476568 0.726667
v -7.013454 -9.173917 9.165692
vn -0.494811 -0.476568 0.726667
v -5.920185 -10.155698 9.266255
vn -0.494811 -0.476568 0.726667
v -5.272686 -9.395291 10.205853
vn -0.592834 -0.445540 0.670852
v -7.976627 -8.045224 9.064144
vn -0.592834 -0.445540 0.670852
v -7.013454 -9.173917 9.165692
vn -0.592834 -0.445540 0.670852
v -6.366970 -8.576324 10.133877
vn -0.644035 -0.401121 0.651399
v -8.723972 -6.842099 9.066113
vn -0.644035 -0.401121 0.651399
v -7.976627 -8.045224 9.064144
vn -0.644035 -0.401121 0.651399
v -7.243404 -7.571744 10.080639
vn -0.648111 -0.331820 0.685454
v -9.332134 -5.560544 9.111469
vn -0.648111 -0.331820 0.685454
v -8.723972 -6.842099 9.066113
vn -0.648111 -0.331820 0.685454
v -7.844509 -6.415250 10.104298
vn -0.667632 -0.243334 0.703603
v -9.764805 -4.199551 9.171604
vn -0.667632 -0.243334 0.703603
v -9.332134 -5.560544 9.111469
vn -0.667632 -0.243334 0.703603
v -8.336681 -5.229977 10.170354
vn -0.764151 -0.388338 0.515041
v -10.464741 -5.558559 7.451169
vn -0.764151 -0.388338 0.515041
v -9.709332 -6.944333 7.527081
vn -0.764151 -0.388338 0.515041
v -8.723972 -6.842099 9.066113
vn -0.795843 -0.268781 0.542578
v -10.823788 -4.073514 7.660184
vn -0.795843 -0.268781 0.542578
v -10.464741 -5.558559 7.451169
vn -0.795843 -0.268781 0.542578
v -9.332134 -5.560544 9.111469
vn -0.727372 -0.520654 0.447046
v -9.709332 -6.944333 7.527081
vn -0.727372 -0.520654 0.447046
v -8.780453 -8.174283 7.605961
vn -0.727372 -0.520654 0.447046
v -7.976627 -8.045224 9.064144
vn -0.703098 -0.560959 0.437011
v -8.780453 -8.174283 7.605961
vn -0.703098 -0.560959 0.437011
v -7.726505 -9.341672 7.803144
vn -0.703098 -0.560959 0.437011
v -7.013454 -9.173917 9.165692
vn -0.663136 -0.540127 0.518182
v -7.726505 -9.341672 7.803144
vn -0.663136 -0.540127 0.518182
v -6.637264 -10.521970 7.966801
vn -0.663136 -0.540127 0.518182
v -5.920185 -10.155698 9.266255
vn -0.564338 -0.588822 0.578629
v -6.637264 -10.521970 7.966801
vn -0.564338 -0.588822 0.578629
v -5.376568 -11.493832 8.207379
vn -0.564338 -0.588822 0.578629
v -4.694782 -10.987546 9.387531
vn -0.418999 -0.705447 0.571651
v -5.376568 -11.493832 8.207379
vn -0.418999 -0.705447 0.571651
v -3.978710 -12.190671 8.372021
vn -0.418999 -0.705447 0.571651
v -3.406857 -11.646695 9.462461
vn -0.283389 -0.799554 0.529532
v -3.978710 -12.190671 8.372021
vn -0.283389 -0.799554 0.529532
v -2.501171 -12.656247 8.459767
vn -0.283389 -0.799554 0.529532
v -2.044292 -12.116241 9.519642
vn -0.183572 -0.847205 0.498543
v -2.501171 -12.656247 8.459767
vn -0.183572 -0.847205 0.498543
v -0.885464 -12.919309 8.607662
vn -0.183572 -0.847205 0.498543
v -0.550621 -12.397183 9.618237
vn -0.080284 -0.876494 0.474672
v -0.885464 -12.919309 8.607662
vn -0.080284 -0.876494 0.474672
v 0.655613 -12.987851 8.741749
vn -0.080284 -0.876494 0.474672
v 0.882540 -12.487515 9.704014
vn 0.022499 -0.883199 0.468458
v 0.655613 -12.987851 8.741749
vn 0.022499 -0.883199 0.468458
v 2.252161 -12.907437 8.816677
vn 0.022499 -0.883199 0.468458
v 2.380247 -12.392209 9.781902
vn 0.154143 -0.877613 0.453910
v 3.857784 -12.633451 8.813717
vn 0.154143 -0.877613 0.453910
v 3.879972 -12.105344 9.827252
vn 0.154143 -0.877613 0.453910
v 2.380247 -12.392209 9.781902
vn 0.273702 -0.864436 0.421708
v 5.317167 -12.120206 8.864002
vn 0.273702 -0.864436 0.421708
v 5.251612 -11.640744 9.889370
vn 0.273702 -0.864436 0.421708
v 3.879972 -12.105344 9.827252
vn 0.357557 -0.837262 0.413696
v 6.775541 -11.458097 8.941891
vn 0.357557 -0.837262 0.413696
v 6.602070 -11.039182 9.939648
vn 0.357557 -0.837262 0.413696
v 5.251612 -11.640744 9.889370
vn 0.436132 -0.762312 0.478194
v 8.110872 -10.787015 8.965550
vn 0.436132 -0.762312 0.478194
v 7.862766 -10.295651 9.975141
vn 0.436132 -0.762312 0.478194
v 6.602070 -11.039182 9.939648
vn 0.548473 -0.673231 0.495920
v 9.360474 -9.800290 8.991192
vn 0.548473 -0.673231 0.495920
v 9.043787 -9.343655 9.961338
vn 0.548473 -0.673231 0.495920
v 7.862766 -10.295651 9.975141
vn 0.622706 -0.608112 0.492379
v 9.360474 -9.800290 8.991192
vn 0.622706 -0.608112 0.492379
v 10.359955 -8.629941 9.172596
vn 0.622706 -0.608112 0.492379
v 10.000908 -8.273557 10.066830
vn 0.733332 -0.506285 0.453762
v 10.359955 -8.629941 9.172596
vn 0.733332 -0.506285 0.453762
v 11.175877 -7.266964 9.374714
vn 0.733332 -0.506285 0.453762
v 10.811789 -7.080350 10.171337
vn 0.814105 -0.406524 0.414694
v 11.796141 -5.857358 9.437809
vn 0.814105 -0.406524 0.414694
v 11.424992 -5.778928 10.243313
vn 0.814105 -0.406524 0.414694
v 10.811789 -7.080350 10.171337
vn 0.864766 -0.276279 0.419345
v 12.302437 -4.367337 9.363866
vn 0.864766 -0.276279 0.419345
v 11.875816 -4.366330 10.244298
vn 0.864766 -0.276279 0.419345
v 11.424992 -5.778928 10.243313
vn 0.855091 -0.221591 0.468739
v 12.829912 -2.851498 9.219921
vn 0.855091 -0.221591 0.468739
v 12.296385 -2.926938 10.157537
vn 0.855091 -0.221591 0.468739
v 11.875816 -4.366330 10.244298
vn 0.848572 -0.096765 0.520156
v 13.127438 -1.293973 9.105558
vn 0.848572 -0.096765 0.520156
v 12.531380 -1.459744 10.047115
vn 0.848572 -0.096765 0.520156
v 12.296385 -2.926938 10.157537
vn 0.790878 0.048785 0.610026
v 13.210138 0.234775 9.031614
vn 0.790878 0.048785 0.610026
v 12.516251 0.018375 9.948522
vn 0.790878 0.048785 0.610026
v 12.531380 -1.459744 10.047115
vn 0.759738 0.156953 0.631002
v 12.958000 1.792270 8.975414
vn 0.759738 0.156953 0.631002
v 12.263103 1.461734 9.894300
vn 0.759738 0.156953 0.631002
v 12.516251 0.018375 9.948522
vn 0.724992 0.235794 0.647139
v 12.470867 3.255527 9.007947
vn 0.724992 0.235794 0.647139
v 11.786057 2.825687 9.931760
vn 0.724992 0.235794 0.647139
v 12.263103 1.461734 9.894300
vn 0.674224 0.332722 0.659331
v 12.470867 3.255527 9.007947
vn 0.674224 0.332722 0.659331
v 11.765884 4.629398 9.035549
vn 0.674224 0.332722 0.659331
v 11.133518 4.125095 9.936689
vn 0.612041 0.414761 0.673334
v 11.765884 4.629398 9.035549
vn 0.612041 0.414761 0.673334
v 10.895500 5.908969 9.038510
vn 0.612041 0.414761 0.673334
v 10.317595 5.329227 9.920919
vn 0.540792 0.526293 0.656170
v 10.895500 5.908969 9.038510
vn 0.540792 0.526293 0.656170
v 9.854668 7.125980 8.920201
vn 0.540792 0.526293 0.656170
v 9.347364 6.424167 9.901204
vn 0.484555 0.582726 0.652408
v 8.672638 8.186191 8.828511
vn 0.484555 0.582726 0.652408
v 8.247026 7.391025 9.854856
vn 0.484555 0.582726 0.652408
v 9.347364 6.424167 9.901204
vn 0.407040 0.630167 0.661217
v 7.363531 9.070682 8.797949
vn 0.407040 0.630167 0.661217
v 7.013561 8.198093 9.844999
vn 0.407040 0.630167 0.661217
v 8.247026 7.391025 9.854856
vn 0.318547 0.661398 0.679029
v 5.951550 9.777469 8.804846
vn 0.318547 0.661398 0.679029
v 5.684282 8.841342 9.842047
vn 0.318547 0.661398 0.679029
v 7.013561 8.198093 9.844999
vn 0.233459 0.677786 0.697211
v 5.951550 9.777469 8.804846
vn 0.233459 0.677786 0.697211
v 4.458885 10.295657 8.800908
vn 0.233459 0.677786 0.697211
v 4.282387 9.313876 9.814436
vn 0.103651 0.664948 0.739662
v 4.458885 10.295657 8.800908
vn 0.103651 0.664948 0.739662
v 2.904697 10.589478 8.754560
vn 0.103651 0.664948 0.739662
v 2.833090 9.562045 9.688246
vn -0.010600 0.667541 0.744497
v 2.904697 10.589478 8.754560
vn -0.010600 0.667541 0.744497
v 1.318235 10.690738 8.641179
vn -0.010600 0.667541 0.744497
v 1.355553 9.633517 9.589650
vn -0.050132 0.719121 0.693074
v -0.273266 10.622226 8.445967
vn -0.050132 0.719121 0.693074
v -0.119968 9.582919 9.535421
vn -0.050132 0.719121 0.693074
v 1.355553 9.633517 9.589650
vn -0.100175 0.772416 0.627167
v -1.846615 10.374057 8.285269
vn -0.100175 0.772416 0.627167
v -1.577332 9.363498 9.572882
vn -0.100175 0.772416 0.627167
v -0.119968 9.582919 9.535421
vn -0.234451 0.748438 0.620381
v -3.376598 9.910495 8.233007
vn -0.234451 0.748438 0.620381
v -2.980236 8.906863 9.593596
vn -0.234451 0.748438 0.620381
v -1.577332 9.363498 9.572882
vn -0.382530 0.702453 0.600192
v -3.376598 9.910495 8.233007
vn -0.382530 0.702453 0.600192
v -4.777485 9.183841 8.190619
vn -0.382530 0.702453 0.600192
v -4.316574 8.265594 9.559079
vn -0.560439 0.616847 0.552637
v -4.777485 9.183841 8.190619
vn -0.560439 0.616847 0.552637
v -5.994816 8.116702 8.147229
vn -0.560439 0.616847 0.552637
v -5.492550 7.344364 9.518660
vn -0.607608 0.591570 0.529960
v -5.994816 8.116702 8.147229
vn -0.607608 0.591570 0.529960
v -7.151630 6.985049 8.084134
vn -0.607608 0.591570 0.529960
v -6.577763 6.322909 9.481198
vn -0.614130 0.593148 0.520596
v -8.269108 5.893100 7.975682
vn -0.614130 0.593148 0.520596
v -7.608509 5.302433 9.427953
vn -0.614130 0.593148 0.520596
v -6.577763 6.322909 9.481198
vn -0.685651 0.499052 0.529934
v -9.247410 4.703860 7.871167
vn -0.685651 0.499052 0.529934
v -8.478886 4.156864 9.380634
vn -0.685651 0.499052 0.529934
v -7.608509 5.302433 9.427953
vn -0.725502 0.417972 0.546760
v -10.110737 3.502689 7.715398
vn -0.725502 0.417972 0.546760
v -9.201015 2.940829 9.352033
vn -0.725502 0.417972 0.546760
v -8.478886 4.156864 9.380634
vn -0.784444 0.269233 0.558713
v -10.715870 2.052371 7.653279
vn -0.784444 0.269233 0.558713
v -9.687145 1.553073 9.338230
vn -0.784444 0.269233 0.558713
v -9.201015 2.940829 9.352033
vn -0.805262 0.155847 0.572071
v -11.122318 0.499820 7.604978
vn -0.805262 0.155847 0.572071
v -9.968533 0.102756 9.337247
vn -0.805262 0.155847 0.572071
v -9.687145 1.553073 9.338230
vn -0.810324 0.071520 0.581601
v -11.122318 0.499820 7.604978
vn -0.810324 0.071520 0.581601
v -11.280666 -1.053738 7.575399
vn -0.810324 0.071520 0.581601
v -10.099644 -1.342587 9.256397
vn -0.819816 -0.055137 0.569967
v -11.280666 -1.053738 7.575399
vn -0.819816 -0.055137 0.569967
v -11.192921 -2.572537 7.554685
vn -0.819816 -0.055137 0.569967
v -10.028034 -2.790921 9.209081
vn -0.814541 -0.161150 0.557273
v -11.192921 -2.572537 7.554685
vn -0.814541 -0.161150 0.557273
v -10.823788 -4.073514 7.660184
vn -0.814541 -0.161150 0.557273
v -9.764805 -4.199551 9.171604
vn -0.896514 -0.024129 0.442358
v -12.283169 -0.835355 5.439870
vn -0.896514 -0.024129 0.442358
v -12.128857 -2.429622 5.665647
vn -0.896514 -0.024129 0.442358
v -11.192921 -2.572537 7.554685
vn -0.883210 -0.171639 0.436440
v -12.128857 -2.429622 5.665647
vn -0.883210 -0.171639 0.436440
v -11.676022 -4.037777 5.949597
vn -0.883210 -0.171639 0.436440
v -10.823788 -4.073514 7.660184
vn -0.892224 0.130834 0.432225
v -12.124828 0.768832 5.281141
vn -0.892224 0.130834 0.432225
v -12.283169 -0.835355 5.439870
vn -0.892224 0.130834 0.432225
v -11.280666 -1.053738 7.575399
vn -0.886347 0.219354 0.407766
v -12.124828 0.768832 5.281141
vn -0.886347 0.219354 0.407766
v -11.122318 0.499820 7.604978
vn -0.886347 0.219354 0.407766
v -10.715870 2.052371 7.653279
vn -0.863318 0.344413 0.368867
v -11.500530 2.411716 5.481290
vn -0.863317 0.344413 0.368867
v -10.715870 2.052371 7.653279
vn -0.863318 0.344413 0.368867
v -10.110737 3.502689 7.715398
vn -0.780934 0.515558 0.352622
v -10.746128 3.903751 5.721852
vn -0.780934 0.515558 0.352622
v -10.110737 3.502689 7.715398
vn -0.780934 0.515558 0.352623
v -9.247410 4.703860 7.871167
vn -0.733452 0.570939 0.368886
v -9.820271 5.133670 6.066922
vn -0.733452 0.570939 0.368886
v -9.247410 4.703860 7.871167
vn -0.733452 0.570939 0.368886
v -8.269108 5.893100 7.975682
vn -0.654693 0.628252 0.420328
v -8.802639 6.430119 6.342000
vn -0.654693 0.628252 0.420328
v -8.269108 5.893100 7.975682
vn -0.654693 0.628252 0.420328
v -7.151630 6.985049 8.084134
vn -0.739275 -0.548196 0.391093
v -10.470791 -7.120052 5.888471
vn -0.739275 -0.548196 0.391093
v -9.410801 -8.426419 6.061009
vn -0.739275 -0.548196 0.391093
v -8.780453 -8.174283 7.605961
vn -0.813691 -0.400734 0.421094
v -11.292767 -5.601254 5.745511
vn -0.813691 -0.400734 0.421093
v -10.470791 -7.120052 5.888471
vn -0.813691 -0.400734 0.421093
v -9.709332 -6.944333 7.527081
vn -0.864175 -0.267471 0.426216
v -11.676022 -4.037777 5.949597
vn -0.864175 -0.267471 0.426216
v -11.292767 -5.601254 5.745511
vn -0.864175 -0.267471 0.426216
v -10.464741 -5.558559 7.451169
vn -0.681809 0.240637 0.690819
v -9.820271 5.133670 6.066922
vn -0.681809 0.240637 0.690819
v -11.665928 6.736850 3.686894
vn -0.681809 0.240637 0.690819
v -12.872166 5.376865 2.970120
vn -0.736215 0.163956 0.656586
v -10.746128 3.903751 5.721852
vn -0.736215 0.163956 0.656586
v -12.872166 5.376865 2.970120
vn -0.736215 0.163956 0.656586
v -13.837360 3.664494 2.315465
vn -0.757964 0.174476 0.628529
v -11.500530 2.411716 5.481290
vn -0.757964 0.174476 0.628529
v -13.837360 3.664494 2.315465
vn -0.757964 0.174476 0.628529
v -14.708752 1.700962 1.809690
vn -0.776520 0.137489 0.614909
v -12.283169 -0.835355 5.439870
vn -0.776520 0.137489 0.614909
v -12.124828 0.768832 5.281141
vn -0.776520 0.137489 0.614909
v -14.708752 1.700962 1.809690
vn -0.764551 0.017247 0.644333
v -12.128857 -2.429622 5.665647
vn -0.764551 0.017247 0.644333
v -12.283169 -0.835355 5.439870
vn -0.764551 0.017247 0.644333
v -15.141422 -0.170254 2.030530
vn -0.749350 -0.095305 0.655280
v -11.676022 -4.037777 5.949597
vn -0.749350 -0.095305 0.655280
v -12.128857 -2.429622 5.665647
vn -0.749350 -0.095305 0.655280
v -15.011318 -2.305507 2.387441
vn -0.703927 -0.258890 0.661409
v -11.292767 -5.601254 5.745511
vn -0.703927 -0.258890 0.661409
v -11.676022 -4.037777 5.949597
vn -0.703927 -0.258890 0.661409
v -14.866085 -4.001035 2.568845
vn -0.656744 -0.289903 0.696164
v -10.470791 -7.120052 5.888471
vn -0.656744 -0.289903 0.696164
v -11.292767 -5.601254 5.745511
vn -0.656744 -0.289903 0.696164
v -14.274067 -5.744198 2.873502
vn -0.589429 -0.384427 0.710486
v -9.410801 -8.426419 6.061009
vn -0.589429 -0.384427 0.710486
v -10.470791 -7.120052 5.888471
vn -0.589429 -0.384427 0.710486
v -13.146496 -7.696805 3.356603
vn -0.193505 -0.012608 0.981018
v -5.817307 -2.594418 12.510953
vn -0.193505 -0.012608 0.981018
v -4.468868 -2.423642 12.779126
vn -0.193505 -0.012608 0.981018
v -5.876812 -1.681119 12.510953
vn -0.191312 -0.038533 0.980773
v -5.635769 -3.495755 12.510952
vn -0.191312 -0.038533 0.980773
v -4.320606 -3.149320 12.781101
vn -0.191312 -0.038533 0.980773
v -5.817307 -2.594418 12.510953
vn -0.192821 0.014494 0.981127
v -4.517277 -1.681119 12.778142
vn -0.192821 0.014494 0.981127
v -4.466846 -0.943570 12.777158
vn -0.192821 0.014494 0.981127
v -5.876812 -1.681119 12.510953
vn -0.186722 0.037784 0.981686
v -4.466846 -0.943570 12.777158
vn -0.186722 0.037784 0.981686
v -4.319599 -0.215909 12.777158
vn -0.186722 0.037784 0.981686
v -5.815289 -0.767850 12.513913
vn -0.173428 0.057143 0.983187
v -4.319599 -0.215909 12.777158
vn -0.173428 0.057143 0.983187
v -4.076534 0.487918 12.779126
vn -0.173428 0.057143 0.983187
v -5.632744 0.124576 12.525739
vn -0.159949 0.074671 0.984297
v -4.076534 0.487918 12.779126
vn -0.159949 0.074671 0.984297
v -3.742702 1.151004 12.783071
vn -0.159949 0.074671 0.984297
v -5.333199 0.993167 12.536588
vn -0.143930 0.095129 0.985005
v -3.742702 1.151004 12.783071
vn -0.143930 0.095129 0.985005
v -3.321125 1.768466 12.785039
vn -0.143930 0.095129 0.985005
v -4.919689 1.810153 12.547429
vn -0.126283 0.113408 0.985490
v -3.321125 1.768466 12.785039
vn -0.126283 0.113408 0.985490
v -2.821892 2.324374 12.785039
vn -0.126283 0.113408 0.985490
v -4.400284 2.571567 12.554334
vn -0.108508 0.130875 0.985443
v -2.821892 2.324374 12.785039
vn -0.108508 0.130875 0.985443
v -2.253063 2.810794 12.783072
vn -0.108508 0.130875 0.985443
v -3.785065 3.255527 12.555318
vn -0.086129 0.150817 0.984803
v -3.084118 3.862033 12.549398
vn -0.086129 0.150817 0.984803
v -2.253063 2.810794 12.783072
vn -0.086129 0.150817 0.984803
v -2.308537 4.369327 12.539540
vn -0.065395 0.165339 0.984066
v -2.308537 4.369327 12.539540
vn -0.065395 0.165339 0.984066
v -1.626751 3.224734 12.777158
vn -0.065395 0.165339 0.984066
v -1.472443 4.776309 12.526723
vn -0.047130 0.177822 0.982933
v -1.472443 4.776309 12.526723
vn -0.047130 0.177822 0.982933
v -0.950008 3.552310 12.773206
vn -0.047130 0.177822 0.982933
v -0.589954 5.070132 12.515882
vn -0.035638 0.186450 0.981818
v -0.589954 5.070132 12.515882
vn -0.035638 0.186450 0.981818
v -0.233932 3.793552 12.771230
vn -0.035638 0.186450 0.981818
v 0.321781 5.254764 12.513913
vn -0.013036 0.190376 0.981625
v 0.321781 5.254764 12.513913
vn -0.013036 0.190376 0.981625
v 0.506348 3.935489 12.772223
vn -0.013036 0.190376 0.981625
v 1.251673 5.313357 12.514898
vn 0.011240 0.193617 0.981013
v 1.259741 3.989108 12.776166
vn 0.011240 0.193617 0.981013
v 2.011116 3.940463 12.777158
vn 0.011240 0.193617 0.981013
v 1.251673 5.313357 12.514898
vn 0.032064 0.188796 0.981493
v 2.179544 5.254764 12.518842
vn 0.032064 0.188796 0.981493
v 2.011116 3.940463 12.777158
vn 0.032064 0.188796 0.981493
v 3.093298 5.079074 12.522786
vn 0.056016 0.182626 0.981585
v 3.093298 5.079074 12.522786
vn 0.056016 0.182626 0.981585
v 2.751398 3.795535 12.781102
vn 0.056016 0.182626 0.981585
v 3.975786 4.787234 12.526723
vn 0.079365 0.172817 0.981751
v 3.466463 3.559268 12.784055
vn 0.079365 0.172817 0.981751
v 4.143208 3.231662 12.787015
vn 0.079365 0.172817 0.981751
v 3.975786 4.787234 12.526723
vn 0.100224 0.160969 0.981858
v 4.809862 4.380222 12.530667
vn 0.100224 0.160969 0.981858
v 4.143208 3.231662 12.787015
vn 0.100224 0.160969 0.981858
v 5.584435 3.879886 12.533628
vn 0.119944 0.146526 0.981908
v 4.770529 2.821689 12.790960
vn 0.119944 0.146526 0.981908
v 5.339355 2.336276 12.793912
vn 0.119944 0.146526 0.981908
v 5.584435 3.879886 12.533628
vn 0.137201 0.127722 0.982274
v 5.339355 2.336276 12.793912
vn 0.137201 0.127722 0.982274
v 5.836575 1.779391 12.796872
vn 0.137201 0.127722 0.982274
v 6.285383 3.276340 12.539540
vn 0.152142 0.108808 0.982351
v 5.836575 1.779391 12.796872
vn 0.152142 0.108808 0.982351
v 6.254118 1.159946 12.800817
vn 0.152142 0.108808 0.982351
v 6.897577 2.592380 12.542500
vn 0.166824 0.085574 0.982266
v 6.254118 1.159946 12.800817
vn 0.166824 0.085574 0.982266
v 6.586941 0.499820 12.801801
vn 0.166824 0.085574 0.982266
v 7.413958 1.829990 12.545461
vn 0.174977 0.063790 0.982504
v 6.586941 0.499820 12.801801
vn 0.174977 0.063790 0.982504
v 6.827986 -0.206967 12.804761
vn 0.174977 0.063790 0.982504
v 7.824442 1.008060 12.548412
vn 0.183475 0.038308 0.982278
v 6.827986 -0.206967 12.804761
vn 0.183475 0.038308 0.982278
v 6.974226 -0.932614 12.805745
vn 0.183475 0.038308 0.982278
v 8.121965 0.143466 12.549398
vn 0.187071 0.012989 0.982261
v 6.974226 -0.932614 12.805745
vn 0.187071 0.012989 0.982261
v 7.020620 -1.675168 12.806728
vn 0.187071 0.012989 0.982261
v 8.302496 -0.751981 12.550388
vn 0.186920 -0.009582 0.982329
v 7.020620 -1.675168 12.806728
vn 0.186920 -0.009582 0.982329
v 6.972212 -2.416684 12.808706
vn 0.186920 -0.009582 0.982329
v 8.363012 -1.667233 12.551373
vn 0.184549 -0.038167 0.982082
v 6.972212 -2.416684 12.808706
vn 0.184549 -0.038167 0.982082
v 6.821936 -3.143338 12.808705
vn 0.184549 -0.038167 0.982082
v 8.302496 -2.580502 12.552358
vn 0.177643 -0.062563 0.982104
v 6.821936 -3.143338 12.808705
vn 0.177643 -0.062563 0.982104
v 6.579882 -3.846188 12.807714
vn 0.177643 -0.062563 0.982104
v 8.119949 -3.481839 12.552358
vn 0.169131 -0.083322 0.982065
v 6.579882 -3.846188 12.807714
vn 0.169131 -0.083322 0.982065
v 6.244032 -4.516232 12.808705
vn 0.169131 -0.083322 0.982065
v 7.820408 -4.349454 12.551373
vn 0.158650 -0.105004 0.981735
v 7.406898 -5.174405 12.550388
vn 0.158650 -0.105004 0.981735
v 6.244032 -4.516232 12.808705
vn 0.158650 -0.105004 0.981735
v 6.887491 -5.940762 12.552358
vn 0.142785 -0.123836 0.981976
v 6.887491 -5.940762 12.552358
vn 0.142785 -0.123836 0.981976
v 5.824472 -5.133695 12.808705
vn 0.142785 -0.123836 0.981976
v 6.271261 -6.635617 12.554334
vn 0.124203 -0.140770 0.982221
v 6.271261 -6.635617 12.554334
vn 0.124203 -0.140770 0.982221
v 5.326244 -5.694547 12.808705
vn 0.124203 -0.140770 0.982221
v 5.568298 -7.242123 12.556301
vn 0.101344 -0.158131 0.982204
v 5.568298 -7.242123 12.556301
vn 0.101344 -0.158131 0.982204
v 4.757418 -6.187924 12.809690
vn 0.101344 -0.158131 0.982204
v 4.792719 -7.751401 12.554334
vn 0.082809 -0.169711 0.982009
v 4.792719 -7.751401 12.554334
vn 0.082809 -0.169711 0.982009
v 4.130095 -6.602841 12.808705
vn 0.082809 -0.169711 0.982009
v 3.958639 -8.158383 12.554334
vn 0.059134 -0.178296 0.982198
v 3.958639 -8.158383 12.554334
vn 0.059134 -0.178296 0.982198
v 3.455370 -6.929471 12.807714
vn 0.059134 -0.178296 0.982198
v 3.074137 -8.457211 12.553341
vn 0.033144 -0.184424 0.982288
v 3.074137 -8.457211 12.553341
vn 0.033144 -0.184424 0.982288
v 2.741312 -7.172665 12.805744
vn 0.033144 -0.184424 0.982288
v 2.156347 -8.637877 12.550388
vn 0.008779 -0.189036 0.981931
v 2.156347 -8.637877 12.550388
vn 0.008779 -0.189036 0.981931
v 2.003048 -7.318570 12.805744
vn 0.008779 -0.189036 0.981931
v 1.226458 -8.696439 12.547428
vn -0.015189 -0.187526 0.982142
v 1.226458 -8.696439 12.547428
vn -0.015189 -0.187526 0.982142
v 1.251673 -7.366238 12.801801
vn -0.015189 -0.187526 0.982142
v 0.299595 -8.636868 12.544468
vn -0.043736 -0.184244 0.981907
v 0.299595 -8.636868 12.544468
vn -0.043736 -0.184244 0.981907
v 0.501308 -7.318570 12.800817
vn -0.043736 -0.184244 0.981907
v -0.616177 -8.456235 12.537571
vn -0.066858 -0.180115 0.981371
v -0.238976 -7.172665 12.798847
vn -0.066858 -0.180115 0.981371
v -0.952026 -6.929471 12.794904
vn -0.066858 -0.180115 0.981371
v -0.616177 -8.456235 12.537571
vn -0.084798 -0.170847 0.981642
v -1.494633 -8.161374 12.533628
vn -0.084798 -0.170847 0.981642
v -0.952026 -6.929471 12.794904
vn -0.084798 -0.170847 0.981642
v -2.322659 -7.750394 12.533628
vn -0.107433 -0.157058 0.981729
v -2.322659 -7.750394 12.533628
vn -0.107433 -0.157058 0.981729
v -1.630787 -6.602841 12.792928
vn -0.107433 -0.157058 0.981729
v -3.094204 -7.241147 12.530666
vn -0.128984 -0.141105 0.981556
v -3.094204 -7.241147 12.530666
vn -0.128984 -0.141105 0.981556
v -2.258106 -6.187924 12.791944
vn -0.128984 -0.141105 0.981556
v -3.794140 -6.635617 12.525739
vn -0.148404 -0.123495 0.981186
v -3.794140 -6.635617 12.525739
vn -0.148404 -0.123495 0.981186
v -2.826935 -5.698514 12.789974
vn -0.148404 -0.123495 0.981186
v -4.407345 -5.945706 12.519826
vn -0.163655 -0.103941 0.981027
v -4.407345 -5.945706 12.519826
vn -0.163655 -0.103941 0.981027
v -3.324154 -5.138669 12.786031
vn -0.163655 -0.103941 0.981027
v -4.925743 -5.185300 12.513912
vn -0.176243 -0.085350 0.980640
v -4.925743 -5.185300 12.513912
vn -0.176243 -0.085350 0.980640
v -3.744724 -4.520200 12.784055
vn -0.176243 -0.085350 0.980640
v -5.336224 -4.360379 12.511936
vn -0.185386 -0.063110 0.980637
v -5.336224 -4.360379 12.511936
vn -0.185386 -0.063110 0.980637
v -4.079563 -3.854092 12.782086
vn -0.185386 -0.063110 0.980637
v -5.635769 -3.495755 12.510952
vn -0.397189 -0.195494 0.896673
v -5.336224 -4.360379 12.511936
vn -0.397189 -0.195494 0.896673
v -6.513210 -4.818021 11.890804
vn -0.397189 -0.195494 0.896673
v -4.925743 -5.185300 12.513912
vn -0.412684 -0.141948 0.899746
v -5.635769 -3.495755 12.510952
vn -0.412684 -0.141948 0.899746
v -6.849064 -3.805478 11.905590
vn -0.412684 -0.141948 0.899746
v -5.336224 -4.360379 12.511936
vn -0.372021 -0.246662 0.894851
v -4.925743 -5.185300 12.513912
vn -0.372021 -0.246662 0.894851
v -6.052303 -5.778928 11.881931
vn -0.372021 -0.246662 0.894851
v -4.407345 -5.945706 12.519826
vn -0.338546 -0.293243 0.894089
v -4.407345 -5.945706 12.519826
vn -0.338546 -0.293243 0.894089
v -5.458260 -6.671353 11.883901
vn -0.338546 -0.293243 0.894089
v -3.794140 -6.635617 12.525739
vn -0.295186 -0.333923 0.895188
v -3.794140 -6.635617 12.525739
vn -0.295186 -0.333923 0.895188
v -4.744205 -7.479398 11.897710
vn -0.295186 -0.333923 0.895188
v -3.094204 -7.241147 12.530666
vn -0.245511 -0.366747 0.897341
v -3.094204 -7.241147 12.530666
vn -0.245511 -0.366747 0.897341
v -3.922230 -8.192136 11.915447
vn -0.245511 -0.366747 0.897341
v -2.322659 -7.750394 12.533628
vn -0.195707 -0.394302 0.897900
v -2.322659 -7.750394 12.533628
vn -0.195707 -0.394302 0.897900
v -3.026630 -8.790738 11.923336
vn -0.195707 -0.394302 0.897900
v -1.494633 -8.161374 12.533628
vn -0.144293 -0.417887 0.896967
v -1.494633 -8.161374 12.533628
vn -0.144293 -0.417887 0.896967
v -2.064465 -9.268216 11.926296
vn -0.144293 -0.417887 0.896967
v -0.616177 -8.456235 12.537571
vn -0.091506 -0.429618 0.898362
v -0.616177 -8.456235 12.537571
vn -0.091506 -0.429618 0.898362
v -1.038761 -9.617642 11.939115
vn -0.091506 -0.429618 0.898362
v 0.299595 -8.636868 12.544468
vn -0.030987 -0.437463 0.898702
v 0.299595 -8.636868 12.544468
vn -0.030987 -0.437463 0.898702
v 0.045437 -9.830075 11.954885
vn -0.030987 -0.437463 0.898702
v 1.226458 -8.696439 12.547428
vn 0.024404 -0.433055 0.901037
v 1.226458 -8.696439 12.547428
vn 0.024404 -0.433055 0.901037
v 1.122576 -9.908505 11.967701
vn 0.024404 -0.433055 0.901037
v 2.156347 -8.637877 12.550388
vn 0.080685 -0.424620 0.901769
v 2.156347 -8.637877 12.550388
vn 0.080685 -0.424620 0.901769
v 2.219887 -9.836026 11.980526
vn 0.080685 -0.424620 0.901769
v 3.074137 -8.457211 12.553341
vn 0.137120 -0.408861 0.902236
v 3.074137 -8.457211 12.553341
vn 0.137120 -0.408861 0.902236
v 3.305096 -9.628568 11.987423
vn 0.137120 -0.408861 0.902236
v 3.958639 -8.158383 12.554334
vn 0.188299 -0.385905 0.903117
v 3.958639 -8.158383 12.554334
vn 0.188299 -0.385905 0.903117
v 4.350969 -9.282132 11.992352
vn 0.188299 -0.385905 0.903117
v 4.792719 -7.751401 12.554334
vn 0.233956 -0.359780 0.903229
v 4.792719 -7.751401 12.554334
vn 0.233956 -0.359780 0.903229
v 5.334312 -8.802640 11.995313
vn 0.233956 -0.359780 0.903229
v 5.568298 -7.242123 12.556301
vn 0.283107 -0.325205 0.902271
v 5.568298 -7.242123 12.556301
vn 0.283107 -0.325205 0.902271
v 6.248066 -8.204068 11.996296
vn 0.283107 -0.325205 0.902271
v 6.271261 -6.635617 12.554334
vn 0.326200 -0.286728 0.900767
v 6.271261 -6.635617 12.554334
vn 0.326200 -0.286728 0.900767
v 7.087187 -7.488339 11.987424
vn 0.326200 -0.286728 0.900767
v 6.887491 -5.940762 12.552358
vn 0.360534 -0.242041 0.900795
v 6.887491 -5.940762 12.552358
vn 0.360534 -0.242041 0.900795
v 7.816374 -6.674313 11.983479
vn 0.360534 -0.242041 0.900795
v 7.406898 -5.174405 12.550388
vn 0.383958 -0.193538 0.902840
v 7.406898 -5.174405 12.550388
vn 0.383958 -0.193538 0.902840
v 8.417473 -5.781918 11.990383
vn 0.383958 -0.193538 0.902840
v 7.820408 -4.349454 12.551373
vn 0.402163 -0.142352 0.904434
v 8.892504 -4.816007 12.001225
vn 0.402163 -0.142352 0.904434
v 9.244492 -3.796536 12.005170
vn 0.402163 -0.142352 0.904434
v 7.820408 -4.349454 12.551373
vn 0.417778 -0.080637 0.904964
v 9.244492 -3.796536 12.005170
vn 0.417778 -0.080637 0.904964
v 9.467381 -2.741330 11.996297
vn 0.417778 -0.080637 0.904964
v 8.119949 -3.481839 12.552358
vn 0.428002 -0.023693 0.903467
v 9.467381 -2.741330 11.996297
vn 0.428002 -0.023693 0.903467
v 9.554117 -1.663266 11.983479
vn 0.428002 -0.023693 0.903467
v 8.302496 -2.580502 12.552358
vn 0.430001 0.035420 0.902134
v 9.554117 -1.663266 11.983479
vn 0.430001 0.035420 0.902134
v 9.494614 -0.589169 11.969669
vn 0.430001 0.035420 0.902134
v 8.363012 -1.667233 12.551373
vn 0.426708 0.086590 0.900235
v 9.494614 -0.589169 11.969669
vn 0.426708 0.086590 0.900235
v 9.284834 0.465060 11.967702
vn 0.426708 0.086590 0.900235
v 8.302496 -0.751981 12.550388
vn 0.410755 0.143372 0.900403
v 9.284834 0.465060 11.967702
vn 0.410755 0.143372 0.900403
v 8.937889 1.477634 11.964742
vn 0.410755 0.143372 0.900403
v 8.121965 0.143466 12.549398
vn 0.388660 0.197149 0.900042
v 8.937889 1.477634 11.964742
vn 0.388660 0.197149 0.900042
v 8.457815 2.437534 11.961789
vn 0.388660 0.197149 0.900042
v 7.824442 1.008060 12.548412
vn 0.359022 0.247657 0.899872
v 8.457815 2.437534 11.961789
vn 0.359022 0.247657 0.899872
v 7.851673 3.326999 11.958829
vn 0.359022 0.247657 0.899872
v 7.413958 1.829990 12.545461
vn 0.324816 0.292692 0.899348
v 7.851673 3.326999 11.958829
vn 0.324816 0.292692 0.899348
v 7.132570 4.131076 11.956861
vn 0.324816 0.292692 0.899348
v 6.897577 2.592380 12.542500
vn 0.281295 0.334373 0.899482
v 7.132570 4.131076 11.956861
vn 0.281295 0.334373 0.899482
v 6.310596 4.835849 11.951924
vn 0.281295 0.334373 0.899482
v 6.285383 3.276340 12.539540
vn 0.234830 0.368864 0.899330
v 5.584435 3.879886 12.533628
vn 0.234830 0.368864 0.899330
v 6.310596 4.835849 11.951924
vn 0.234830 0.368864 0.899330
v 4.809862 4.380222 12.530667
vn 0.186032 0.393874 0.900142
v 5.402893 5.429507 11.948972
vn 0.186032 0.393874 0.900142
v 4.421568 5.902011 11.945028
vn 0.186032 0.393874 0.900142
v 4.809862 4.380222 12.530667
vn 0.133549 0.415968 0.899519
v 3.975786 4.787234 12.526723
vn 0.133549 0.415968 0.899519
v 4.421568 5.902011 11.945028
vn 0.133549 0.415968 0.899519
v 3.093298 5.079074 12.522786
vn 0.080300 0.429744 0.899373
v 3.381744 6.240512 11.942067
vn 0.080300 0.429744 0.899373
v 2.310658 6.450961 11.937140
vn 0.080300 0.429744 0.899373
v 3.093298 5.079074 12.522786
vn 0.023650 0.435104 0.900069
v 2.179544 5.254764 12.518842
vn 0.023650 0.435104 0.900069
v 2.310658 6.450961 11.937140
vn 0.023650 0.435104 0.900069
v 1.251673 5.313357 12.514898
vn -0.031421 0.434690 0.900032
v 1.219398 6.517490 11.932210
vn -0.031421 0.434690 0.900032
v 0.131165 6.446994 11.928267
vn -0.031421 0.434690 0.900032
v 1.251673 5.313357 12.514898
vn -0.084802 0.428354 0.899623
v 0.321781 5.254764 12.513913
vn -0.084802 0.428354 0.899623
v 0.131165 6.446994 11.928267
vn -0.084802 0.428354 0.899623
v -0.589954 5.070132 12.515882
vn -0.125268 0.409581 0.903633
v -0.589954 5.070132 12.515882
vn -0.125268 0.409581 0.903632
v -0.932865 6.235568 11.940099
vn -0.125268 0.409581 0.903632
v -1.472443 4.776309 12.526723
vn -0.173457 0.384895 0.906515
v -1.472443 4.776309 12.526723
vn -0.173457 0.384895 0.906515
v -1.966633 5.891116 11.958829
vn -0.173457 0.384895 0.906515
v -2.308537 4.369327 12.539540
vn -0.220571 0.354877 0.908521
v -2.308537 4.369327 12.539540
vn -0.220571 0.354877 0.908521
v -2.951996 5.410617 11.976583
vn -0.220571 0.354877 0.908521
v -3.084118 3.862033 12.549398
vn -0.264491 0.314573 0.911640
v -3.084118 3.862033 12.549398
vn -0.264491 0.314573 0.911640
v -3.863731 4.817996 11.993344
vn -0.264491 0.314573 0.911640
v -3.785065 3.255527 12.555318
vn -0.305218 0.270000 0.913204
v -4.687725 4.109195 12.001226
vn -0.305218 0.270000 0.913204
v -5.407833 3.305148 11.998273
vn -0.305218 0.270000 0.913204
v -3.785065 3.255527 12.555318
vn -0.344673 0.218601 0.912915
v -5.407833 3.305148 11.998273
vn -0.344673 0.218601 0.912915
v -6.014988 2.413730 11.982494
vn -0.344673 0.218601 0.912915
v -4.400284 2.571567 12.554334
vn -0.373230 0.175390 0.911009
v -6.014988 2.413730 11.982494
vn -0.373230 0.175391 0.911009
v -6.493038 1.452792 11.971645
vn -0.373231 0.175391 0.911009
v -4.919689 1.810153 12.547429
vn -0.396370 0.118761 0.910377
v -6.493038 1.452792 11.971645
vn -0.396370 0.118761 0.910377
v -6.842007 0.439273 11.951923
vn -0.396370 0.118761 0.910377
v -5.333199 0.993167 12.536588
vn -0.414655 0.062024 0.907863
v -6.842007 0.439273 11.951923
vn -0.414655 0.062024 0.907863
v -7.055813 -0.614987 11.926296
vn -0.414655 0.062024 0.907863
v -5.632744 0.124576 12.525739
vn -0.426367 0.016499 0.904400
v -7.055813 -0.614987 11.926296
vn -0.426367 0.016499 0.904400
v -7.128429 -1.681119 11.911512
vn -0.426367 0.016499 0.904400
v -5.815289 -0.767850 12.513913
vn -0.431778 -0.028132 0.901541
v -5.876812 -1.681119 12.510953
vn -0.431778 -0.028132 0.901541
v -7.128429 -1.681119 11.911512
vn -0.431778 -0.028132 0.901541
v -5.817307 -2.594418 12.510953
vn -0.425857 -0.085773 0.900716
v -5.817307 -2.594418 12.510953
vn -0.425857 -0.085773 0.900716
v -7.059849 -2.751218 11.908550
vn -0.425857 -0.085773 0.900716
v -5.635769 -3.495755 12.510952
vn -0.593611 -0.127069 0.794657
v -7.904011 -4.062589 11.076428
vn -0.593611 -0.127069 0.794657
v -6.849064 -3.805478 11.905590
vn -0.593611 -0.127069 0.794657
v -8.125896 -2.884244 11.099102
vn -0.596188 -0.046917 0.801473
v -8.199520 -1.679135 11.114881
vn -0.596188 -0.046917 0.801473
v -8.125896 -2.884244 11.099102
vn -0.596188 -0.046917 0.801473
v -7.128429 -1.681119 11.911512
vn -0.590696 0.019785 0.806652
v -8.118839 -0.475980 11.144452
vn -0.590696 0.019785 0.806652
v -8.199520 -1.679135 11.114881
vn -0.590696 0.019785 0.806652
v -7.055813 -0.614987 11.926296
vn -0.581297 0.098336 0.807727
v -7.888889 0.713260 11.165157
vn -0.581297 0.098336 0.807727
v -8.118839 -0.475980 11.144452
vn -0.581297 0.098336 0.807727
v -6.842007 0.439273 11.951923
vn -0.560858 0.176490 0.808882
v -7.503613 1.860782 11.181920
vn -0.560858 0.176490 0.808882
v -7.888889 0.713260 11.165157
vn -0.560858 0.176490 0.808882
v -6.493038 1.452792 11.971645
vn -0.529574 0.253830 0.809396
v -6.971096 2.949771 11.188826
vn -0.529574 0.253830 0.809396
v -7.503613 1.860782 11.181920
vn -0.529574 0.253830 0.809396
v -6.014988 2.413730 11.982494
vn -0.491968 0.319130 0.810015
v -6.286289 3.950412 11.210515
vn -0.491968 0.319130 0.810015
v -6.971096 2.949771 11.188826
vn -0.491968 0.319130 0.810015
v -5.407833 3.305148 11.998273
vn -0.439917 0.382298 0.812602
v -5.473392 4.860690 11.222342
vn -0.439917 0.382298 0.812602
v -6.286289 3.950412 11.210515
vn -0.439917 0.382298 0.812602
v -4.687725 4.109195 12.001226
vn -0.377552 0.446230 0.811377
v -5.473392 4.860690 11.222342
vn -0.377552 0.446230 0.811378
v -4.687725 4.109195 12.001226
vn -0.377552 0.446230 0.811377
v -4.539463 5.650882 11.222342
vn -0.311559 0.496964 0.809912
v -4.539463 5.650882 11.222342
vn -0.311559 0.496964 0.809912
v -3.863731 4.817996 11.993344
vn -0.311559 0.496964 0.809912
v -3.509727 6.318942 11.208539
vn -0.244945 0.533902 0.809290
v -3.509727 6.318942 11.208539
vn -0.244945 0.533902 0.809290
v -2.951996 5.410617 11.976583
vn -0.244945 0.533902 0.809290
v -2.391239 6.850009 11.196714
vn -0.173375 0.564588 0.806959
v -2.391239 6.850009 11.196714
vn -0.173375 0.564588 0.806959
v -1.966633 5.891116 11.958829
vn -0.173375 0.564588 0.806959
v -1.230389 7.243137 11.171071
vn -0.105503 0.583461 0.805259
v -1.230389 7.243137 11.171071
vn -0.105503 0.583461 0.805259
v -0.932865 6.235568 11.940099
vn -0.105503 0.583461 0.805259
v -0.031216 7.480380 11.156285
vn -0.042747 0.592636 0.804335
v 1.191160 7.553836 11.167128
vn -0.042747 0.592636 0.804335
v -0.031216 7.480380 11.156285
vn -0.042747 0.592636 0.804335
v 1.219398 6.517490 11.932210
vn 0.026590 0.594192 0.803884
v 1.191160 7.553836 11.167128
vn 0.026590 0.594192 0.803884
v 1.219398 6.517490 11.932210
vn 0.026590 0.594192 0.803884
v 2.421598 7.477420 11.182912
vn 0.104219 0.577752 0.809532
v 3.631868 7.241153 11.195723
vn 0.104219 0.577752 0.809532
v 2.421598 7.477420 11.182912
vn 0.104219 0.577752 0.809532
v 3.381744 6.240512 11.942067
vn 0.179311 0.558795 0.809688
v 4.806837 6.856967 11.200658
vn 0.179311 0.558795 0.809688
v 3.631868 7.241153 11.195723
vn 0.179311 0.558795 0.809688
v 4.421568 5.902011 11.945028
vn 0.252750 0.529909 0.809515
v 5.919275 6.327884 11.199666
vn 0.252750 0.529909 0.809515
v 4.806837 6.856967 11.200658
vn 0.252750 0.529909 0.809515
v 5.402893 5.429507 11.948972
vn 0.322098 0.492207 0.808694
v 6.948006 5.662784 11.194738
vn 0.322098 0.492207 0.808694
v 5.919275 6.327884 11.199666
vn 0.322098 0.492207 0.808694
v 6.310596 4.835849 11.951924
vn 0.379119 0.448427 0.809433
v 7.872852 4.866641 11.202626
vn 0.379119 0.448427 0.809433
v 6.948006 5.662784 11.194738
vn 0.379119 0.448427 0.809433
v 7.132570 4.131076 11.956861
vn 0.433769 0.392403 0.811088
v 8.682724 3.965274 11.205587
vn 0.433769 0.392403 0.811088
v 7.872852 4.866641 11.202626
vn 0.433769 0.392403 0.811088
v 7.851673 3.326999 11.958829
vn 0.483693 0.330037 0.810627
v 9.366526 2.960696 11.206572
vn 0.483693 0.330037 0.810627
v 8.682724 3.965274 11.205587
vn 0.483693 0.330037 0.810627
v 8.457815 2.437534 11.961789
vn 0.523273 0.263120 0.810527
v 9.910139 1.882632 11.205587
vn 0.523273 0.263120 0.810527
v 9.366526 2.960696 11.206572
vn 0.523273 0.263120 0.810527
v 8.937889 1.477634 11.964742
vn 0.554795 0.190664 0.809846
v 10.302467 0.741031 11.205587
vn 0.554795 0.190664 0.809846
v 9.910139 1.882632 11.205587
vn 0.554795 0.190664 0.809846
v 9.284834 0.465060 11.967702
vn 0.566080 0.124311 0.814923
v 10.523342 -0.452176 11.234174
vn 0.566080 0.124311 0.814923
v 10.302467 0.741031 11.205587
vn 0.566080 0.124311 0.814923
v 9.494614 -0.589169 11.969669
vn 0.569501 0.051791 0.820358
v 10.567719 -1.674191 11.280515
vn 0.569501 0.051791 0.820358
v 10.523342 -0.452176 11.234174
vn 0.569501 0.051791 0.820358
v 9.554117 -1.663266 11.983479
vn 0.561074 -0.023532 0.827431
v 10.449717 -2.893185 11.325864
vn 0.561074 -0.023532 0.827431
v 10.567719 -1.674191 11.280515
vn 0.561074 -0.023532 0.827431
v 9.467381 -2.741330 11.996297
vn 0.548019 -0.107342 0.829550
v 10.184465 -4.087369 11.346569
vn 0.548019 -0.107342 0.829550
v 10.449717 -2.893185 11.325864
vn 0.548019 -0.107342 0.829550
v 9.244492 -3.796536 12.005170
vn 0.527146 -0.190664 0.828109
v 9.786085 -5.235928 11.335720
vn 0.527146 -0.190664 0.828109
v 10.184465 -4.087369 11.346569
vn 0.527146 -0.190664 0.828109
v 8.892504 -4.816007 12.001225
vn 0.500613 -0.267819 0.823201
v 9.252560 -6.314999 11.309110
vn 0.500613 -0.267819 0.823201
v 9.786085 -5.235928 11.335720
vn 0.500613 -0.267819 0.823201
v 8.417473 -5.781918 11.990383
vn 0.462426 -0.328234 0.823665
v 9.252560 -6.314999 11.309110
vn 0.462426 -0.328234 0.823665
v 8.417473 -5.781918 11.990383
vn 0.462426 -0.328234 0.823665
v 8.578842 -7.323544 11.285442
vn 0.422162 -0.386066 0.820203
v 8.578842 -7.323544 11.285442
vn 0.422162 -0.386066 0.820203
v 7.816374 -6.674313 11.983479
vn 0.422162 -0.386066 0.820203
v 7.759893 -8.235806 11.277561
vn 0.379663 -0.434142 0.816931
v 7.759893 -8.235806 11.277561
vn 0.379663 -0.434142 0.816931
v 7.087187 -7.488339 11.987424
vn 0.379663 -0.434142 0.816931
v 6.795712 -9.041898 11.297276
vn 0.306370 -0.483747 0.819833
v 6.795712 -9.041898 11.297276
vn 0.306370 -0.483747 0.819833
v 6.248066 -8.204068 11.996296
vn 0.306370 -0.483747 0.819833
v 5.760933 -9.713956 11.287418
vn 0.239196 -0.523330 0.817870
v 5.760933 -9.713956 11.287418
vn 0.239196 -0.523330 0.817870
v 5.334312 -8.802640 11.995313
vn 0.239196 -0.523330 0.817870
v 4.650511 -10.243073 11.273609
vn 0.174871 -0.554188 0.813815
v 4.650511 -10.243073 11.273609
vn 0.174871 -0.554188 0.813815
v 4.350969 -9.282132 11.992352
vn 0.174871 -0.554188 0.813815
v 3.470499 -10.637143 11.258816
vn 0.094198 -0.572791 0.814271
v 3.470499 -10.637143 11.258816
vn 0.094198 -0.572791 0.814271
v 3.305096 -9.628568 11.987423
vn 0.094198 -0.572791 0.814271
v 2.242075 -10.871396 11.236141
vn 0.015144 -0.583465 0.811997
v 2.242075 -10.871396 11.236141
vn 0.015144 -0.583465 0.811997
v 2.219887 -9.836026 11.980526
vn 0.015144 -0.583465 0.811997
v 0.997515 -10.944852 11.206571
vn -0.062091 -0.585921 0.807986
v 0.997515 -10.944852 11.206571
vn -0.062091 -0.585921 0.807986
v 1.122576 -9.908505 11.967701
vn -0.062091 -0.585921 0.807986
v -0.205692 -10.859494 11.176006
vn -0.139266 -0.575664 0.805740
v -0.205692 -10.859494 11.176006
vn -0.139266 -0.575664 0.805740
v 0.045437 -9.830075 11.954885
vn -0.139266 -0.575664 0.805740
v -1.439159 -10.616299 11.136562
vn -0.214057 -0.558317 0.801537
v -1.439159 -10.616299 11.136562
vn -0.214057 -0.558317 0.801537
v -1.038761 -9.617642 11.939115
vn -0.214057 -0.558317 0.801537
v -2.584881 -10.215237 11.109951
vn -0.281381 -0.533141 0.797863
v -2.584881 -10.215237 11.109951
vn -0.281381 -0.533141 0.797863
v -2.064465 -9.268216 11.926296
vn -0.281381 -0.533141 0.797863
v -3.663029 -9.674253 11.091213
vn -0.345749 -0.499236 0.794494
v -3.663029 -9.674253 11.091213
vn -0.345749 -0.499236 0.794494
v -3.026630 -8.790738 11.923336
vn -0.345749 -0.499236 0.794494
v -4.689739 -9.007138 11.063603
vn -0.404431 -0.450835 0.795728
v -4.689739 -9.007138 11.063603
vn -0.404431 -0.450835 0.795728
v -3.922230 -8.192136 11.915447
vn -0.404431 -0.450835 0.795728
v -5.644848 -8.226895 11.020229
vn -0.465473 -0.378390 0.800098
v -5.644848 -8.226895 11.020229
vn -0.465473 -0.378390 0.800098
v -4.744205 -7.479398 11.897710
vn -0.465473 -0.378390 0.800098
v -6.444630 -7.307675 10.989667
vn -0.513580 -0.321736 0.795438
v -6.444630 -7.307675 10.989667
vn -0.513580 -0.321736 0.795438
v -5.458260 -6.671353 11.883901
vn -0.513580 -0.321736 0.795438
v -7.079014 -6.290158 10.991634
vn -0.552182 -0.266678 0.789922
v -7.079014 -6.290158 10.991634
vn -0.552182 -0.266678 0.789922
v -6.052303 -5.778928 11.881931
vn -0.552182 -0.266678 0.789922
v -7.549000 -5.200192 11.031072
vn -0.576858 -0.211477 0.788994
v -7.549000 -5.200192 11.031072
vn -0.576858 -0.211477 0.788994
v -6.513210 -4.818021 11.890804
vn -0.576858 -0.211477 0.788994
v -7.904011 -4.062589 11.076428
vn -0.692824 -0.322085 0.645180
v -7.549000 -5.200192 11.031072
vn -0.692824 -0.322085 0.645180
v -8.336681 -5.229977 10.170354
vn -0.692824 -0.322085 0.645180
v -7.079014 -6.290158 10.991634
vn -0.707111 -0.247083 0.662528
v -7.904011 -4.062589 11.076428
vn -0.707111 -0.247083 0.662528
v -8.734058 -3.987119 10.218671
vn -0.707111 -0.247083 0.662528
v -7.549000 -5.200192 11.031072
vn -0.660084 -0.412751 0.627635
v -7.079014 -6.290158 10.991634
vn -0.660084 -0.412751 0.627635
v -7.844509 -6.415250 10.104298
vn -0.660084 -0.412751 0.627635
v -6.444630 -7.307675 10.989667
vn -0.582282 -0.484928 0.652528
v -6.444630 -7.307675 10.989667
vn -0.582282 -0.484928 0.652528
v -7.243404 -7.571744 10.080639
vn -0.582282 -0.484928 0.652528
v -5.644848 -8.226895 11.020229
vn -0.503649 -0.580983 0.639372
v -5.644848 -8.226895 11.020229
vn -0.503649 -0.580983 0.639372
v -6.366970 -8.576324 10.133877
vn -0.503649 -0.580983 0.639372
v -4.689739 -9.007138 11.063603
vn -0.446133 -0.661671 0.602625
v -4.689739 -9.007138 11.063603
vn -0.446133 -0.661671 0.602625
v -5.272686 -9.395291 10.205853
vn -0.446133 -0.661671 0.602625
v -3.663029 -9.674253 11.091213
vn -0.368882 -0.714572 0.594401
v -3.663029 -9.674253 11.091213
vn -0.368882 -0.714572 0.594401
v -4.123940 -10.121945 10.266973
vn -0.368882 -0.714572 0.594401
v -2.584881 -10.215237 11.109951
vn -0.278233 -0.755476 0.593163
v -2.584881 -10.215237 11.109951
vn -0.278233 -0.755476 0.593163
v -2.949978 -10.715543 10.301487
vn -0.278233 -0.755476 0.593163
v -1.439159 -10.616299 11.136562
vn -0.174722 -0.791100 0.586202
v -1.439159 -10.616299 11.136562
vn -0.174722 -0.791100 0.586202
v -1.708443 -11.146390 10.340923
vn -0.174722 -0.791100 0.586202
v -0.205692 -10.859494 11.176006
vn -0.071971 -0.802339 0.592513
v -0.205692 -10.859494 11.176006
vn -0.071971 -0.802339 0.592513
v -0.357983 -11.417386 10.402050
vn -0.071971 -0.802339 0.592513
v 0.997515 -10.944852 11.206571
vn 0.033122 -0.801535 0.597030
v 0.997515 -10.944852 11.206571
vn 0.033122 -0.801535 0.597030
v 0.948097 -11.508698 10.452328
vn 0.033122 -0.801535 0.597030
v 2.242075 -10.871396 11.236141
vn 0.138388 -0.784252 0.604812
v 2.242075 -10.871396 11.236141
vn 0.138388 -0.784252 0.604812
v 2.311666 -11.426328 10.500645
vn 0.138388 -0.784252 0.604812
v 3.470499 -10.637143 11.258816
vn 0.243452 -0.751993 0.612566
v 3.470499 -10.637143 11.258816
vn 0.243452 -0.751993 0.612566
v 3.657082 -11.166226 10.535153
vn 0.243452 -0.751993 0.612566
v 4.650511 -10.243073 11.273609
vn 0.318162 -0.710745 0.627387
v 4.929882 -10.739407 10.569654
vn 0.318162 -0.710745 0.627387
v 6.152254 -10.169583 10.595295
vn 0.318162 -0.710745 0.627387
v 4.650511 -10.243073 11.273609
vn 0.397336 -0.647125 0.650656
v 6.152254 -10.169583 10.595295
vn 0.397336 -0.647125 0.650656
v 7.280828 -9.456815 10.615009
vn 0.397336 -0.647125 0.650656
v 5.760933 -9.713956 11.287418
vn 0.479028 -0.556369 0.678959
v 6.795712 -9.041898 11.297276
vn 0.479028 -0.556369 0.678959
v 7.280828 -9.456815 10.615009
vn 0.479028 -0.556369 0.678959
v 7.759893 -8.235806 11.277561
vn 0.530778 -0.482505 0.696753
v 7.759893 -8.235806 11.277561
vn 0.530778 -0.482505 0.696753
v 8.351917 -8.578305 10.589382
vn 0.530778 -0.482505 0.696753
v 8.578842 -7.323544 11.285442
vn 0.564092 -0.393849 0.725729
v 8.578842 -7.323544 11.285442
vn 0.564092 -0.393849 0.725729
v 9.226336 -7.591580 10.636700
vn 0.564092 -0.393849 0.725729
v 9.252560 -6.314999 11.309110
vn 0.575433 -0.318451 0.753303
v 9.958548 -6.501614 10.690930
vn 0.575433 -0.318451 0.753303
v 10.537460 -5.327268 10.745153
vn 0.575433 -0.318451 0.753303
v 9.252560 -6.314999 11.309110
vn 0.586434 -0.218636 0.779932
v 10.537460 -5.327268 10.745153
vn 0.586434 -0.218636 0.779932
v 10.982235 -4.074490 10.761913
vn 0.586434 -0.218636 0.779932
v 9.786085 -5.235928 11.335720
vn 0.588432 -0.114486 0.800400
v 10.982235 -4.074490 10.761913
vn 0.588432 -0.114486 0.800400
v 11.297913 -2.762143 10.717548
vn 0.588432 -0.114486 0.800400
v 10.184465 -4.087369 11.346569
vn 0.584348 -0.015925 0.811347
v 11.297913 -2.762143 10.717548
vn 0.584348 -0.015925 0.811347
v 11.452221 -1.420041 10.632755
vn 0.584348 -0.015925 0.811347
v 10.449717 -2.893185 11.325864
vn 0.578425 0.060339 0.813501
v 11.452221 -1.420041 10.632755
vn 0.578425 0.060339 0.813501
v 11.410872 -0.079923 10.562757
vn 0.578425 0.060339 0.813501
v 10.567719 -1.674191 11.280515
vn 0.563750 0.127708 0.816013
v 11.410872 -0.079923 10.562757
vn 0.563750 0.127708 0.816013
v 11.174870 1.226443 10.521352
vn 0.563750 0.127708 0.816013
v 10.523342 -0.452176 11.234174
vn 0.545353 0.175280 0.819675
v 11.174870 1.226443 10.521352
vn 0.545353 0.175280 0.819675
v 10.738163 2.465335 10.546979
vn 0.545353 0.175280 0.819675
v 10.302467 0.741031 11.205587
vn 0.492123 0.244882 0.835373
v 10.738163 2.465335 10.546979
vn 0.492123 0.244882 0.835373
v 10.145132 3.643649 10.550924
vn 0.492123 0.244882 0.835373
v 9.910139 1.882632 11.205587
vn 0.444428 0.302730 0.843113
v 10.145132 3.643649 10.550924
vn 0.444428 0.302730 0.843113
v 9.400818 4.733615 10.551908
vn 0.444428 0.302730 0.843113
v 9.366526 2.960696 11.206572
vn 0.394384 0.353173 0.848369
v 9.400818 4.733615 10.551908
vn 0.394384 0.353173 0.848369
v 8.517321 5.727298 10.548956
vn 0.394384 0.353173 0.848369
v 8.682724 3.965274 11.205587
vn 0.330263 0.401494 0.854242
v 8.517321 5.727298 10.548956
vn 0.330263 0.401494 0.854242
v 7.514814 6.593906 10.529234
vn 0.330263 0.401494 0.854242
v 7.872852 4.866641 11.202626
vn 0.286451 0.435557 0.853367
v 7.514814 6.593906 10.529234
vn 0.286451 0.435557 0.853367
v 6.389263 7.322543 10.535154
vn 0.286451 0.435557 0.853367
v 6.948006 5.662784 11.194738
vn 0.224157 0.465931 0.855957
v 6.389263 7.322543 10.535154
vn 0.224157 0.465931 0.855957
v 5.172943 7.902286 10.538107
vn 0.224157 0.465931 0.855957
v 5.919275 6.327884 11.199666
vn 0.151732 0.490694 0.858019
v 5.172943 7.902286 10.538107
vn 0.151732 0.490694 0.858019
v 3.893085 8.322177 10.524305
vn 0.151732 0.490694 0.858019
v 4.806837 6.856967 11.200658
vn 0.079786 0.511945 0.855305
v 3.893085 8.322177 10.524305
vn 0.079786 0.511945 0.855305
v 2.572884 8.582278 10.491774
vn 0.079786 0.511945 0.855305
v 3.631868 7.241153 11.195723
vn 0.021904 0.528046 0.848933
v 2.421598 7.477420 11.182912
vn 0.021904 0.528046 0.848933
v 2.572884 8.582278 10.491774
vn 0.021904 0.528046 0.848933
v 1.191160 7.553836 11.167128
vn -0.048939 0.539992 0.840246
v 1.230494 8.669650 10.452330
vn -0.048939 0.539992 0.840246
v -0.103832 8.593204 10.423742
vn -0.048939 0.539992 0.840246
v 1.191160 7.553836 11.167128
vn -0.097103 0.542811 0.834223
v -0.031216 7.480380 11.156285
vn -0.097103 0.542811 0.834223
v -0.103832 8.593204 10.423742
vn -0.097103 0.542811 0.834223
v -1.230389 7.243137 11.171071
vn -0.162711 0.534557 0.829322
v -1.230389 7.243137 11.171071
vn -0.162711 0.534557 0.829322
v -1.415962 8.343019 10.425711
vn -0.162711 0.534557 0.829322
v -2.391239 6.850009 11.196714
vn -0.232636 0.508419 0.829090
v -2.391239 6.850009 11.196714
vn -0.232636 0.508419 0.829091
v -2.678677 7.921115 10.459233
vn -0.232636 0.508419 0.829091
v -3.509727 6.318942 11.208539
vn -0.304895 0.486871 0.818533
v -3.509727 6.318942 11.208539
vn -0.304895 0.486871 0.818533
v -3.905083 7.349338 10.448384
vn -0.304895 0.486871 0.818533
v -4.539463 5.650882 11.222342
vn -0.389354 0.460179 0.797897
v -4.539463 5.650882 11.222342
vn -0.389354 0.460179 0.797897
v -5.021557 6.596896 10.441487
vn -0.389354 0.460179 0.797897
v -5.473392 4.860690 11.222342
vn -0.470899 0.422356 0.774512
v -6.025074 5.706454 10.425711
vn -0.470899 0.422356 0.774512
v -6.931759 4.742557 10.400083
vn -0.470899 0.422356 0.774512
v -5.473392 4.860690 11.222342
vn -0.529819 0.355885 0.769830
v -6.931759 4.742557 10.400083
vn -0.529819 0.355885 0.769830
v -7.699276 3.672458 10.366552
vn -0.529819 0.355885 0.769830
v -6.286289 3.950412 11.210515
vn -0.580253 0.283885 0.763358
v -7.699276 3.672458 10.366552
vn -0.580253 0.283885 0.763358
v -8.287266 2.489169 10.359655
vn -0.580253 0.283885 0.763358
v -6.971096 2.949771 11.188826
vn -0.629260 0.198511 0.751416
v -8.287266 2.489169 10.359655
vn -0.629260 0.198511 0.751416
v -8.707829 1.234409 10.338947
vn -0.629260 0.198511 0.751416
v -7.503613 1.860782 11.181920
vn -0.665483 0.121742 0.736418
v -8.707829 1.234409 10.338947
vn -0.665483 0.121742 0.736418
v -8.951908 -0.075955 10.335004
vn -0.665483 0.121742 0.736418
v -7.888889 0.713260 11.165157
vn -0.690758 0.023833 0.722693
v -8.951908 -0.075955 10.335004
vn -0.690758 0.023833 0.722693
v -9.045696 -1.389279 10.288671
vn -0.690758 0.023833 0.722693
v -8.118839 -0.475980 11.144452
vn -0.707347 -0.056552 0.704601
v -9.045696 -1.389279 10.288671
vn -0.707347 -0.056552 0.704601
v -8.971066 -2.703610 10.258101
vn -0.707347 -0.056552 0.704601
v -8.199520 -1.679135 11.114881
vn -0.713303 -0.147501 0.685159
v -8.125896 -2.884244 11.099102
vn -0.713303 -0.147501 0.685159
v -8.971066 -2.703610 10.258101
vn -0.713303 -0.147501 0.685159
v -7.904011 -4.062589 11.076428
vn -0.699858 -0.057861 0.711935
v -10.099644 -1.342587 9.256397
vn -0.699858 -0.057861 0.711935
v -10.028034 -2.790921 9.209081
vn -0.699858 -0.057861 0.711935
v -9.045696 -1.389279 10.288671
vn -0.690310 -0.149219 0.707959
v -8.971066 -2.703610 10.258101
vn -0.690310 -0.149219 0.707959
v -10.028034 -2.790921 9.209081
vn -0.690310 -0.149219 0.707959
v -8.734058 -3.987119 10.218671
vn -0.698173 0.023307 0.715550
v -9.968533 0.102756 9.337247
vn -0.698173 0.023307 0.715550
v -10.099644 -1.342587 9.256397
vn -0.698173 0.023307 0.715550
v -8.951908 -0.075955 10.335004
vn -0.686912 0.132789 0.714506
v -9.687145 1.553073 9.338230
vn -0.686912 0.132789 0.714506
v -9.968533 0.102756 9.337247
vn -0.686912 0.132789 0.714506
v -8.707829 1.234409 10.338947
vn -0.668570 0.227157 0.708106
v -9.201015 2.940829 9.352033
vn -0.668570 0.227157 0.708106
v -9.687145 1.553073 9.338230
vn -0.668570 0.227157 0.708106
v -8.287266 2.489169 10.359655
vn -0.636465 0.361938 0.681111
v -8.478886 4.156864 9.380634
vn -0.636465 0.361938 0.681111
v -9.201015 2.940829 9.352033
vn -0.636465 0.361938 0.681111
v -7.699276 3.672458 10.366552
vn -0.604547 0.431668 0.669466
v -7.608509 5.302433 9.427953
vn -0.604547 0.431668 0.669466
v -8.478886 4.156864 9.380634
vn -0.604547 0.431668 0.669466
v -6.931759 4.742557 10.400083
vn -0.546723 0.517896 0.657935
v -6.577763 6.322909 9.481198
vn -0.546723 0.517896 0.657935
v -7.608509 5.302433 9.427953
vn -0.546723 0.517896 0.657935
v -6.025074 5.706454 10.425711
vn -0.488922 0.538855 0.685996
v -5.021557 6.596896 10.441487
vn -0.488922 0.538855 0.685996
v -5.492550 7.344364 9.518660
vn -0.488922 0.538855 0.685996
v -6.025074 5.706454 10.425711
vn -0.376877 0.552395 0.743521
v -3.905083 7.349338 10.448384
vn -0.376877 0.552395 0.743521
v -4.316574 8.265594 9.559079
vn -0.376877 0.552395 0.743521
v -5.021557 6.596896 10.441487
vn -0.279029 0.584028 0.762269
v -2.678677 7.921115 10.459233
vn -0.279029 0.584028 0.762269
v -2.980236 8.906863 9.593596
vn -0.279029 0.584028 0.762269
v -3.905083 7.349338 10.448384
vn -0.184399 0.612934 0.768316
v -1.415962 8.343019 10.425711
vn -0.184399 0.612934 0.768316
v -1.577332 9.363498 9.572882
vn -0.184399 0.612934 0.768316
v -2.678677 7.921115 10.459233
vn -0.125036 0.661586 0.739372
v -0.103832 8.593204 10.423742
vn -0.125036 0.661586 0.739372
v -0.119968 9.582919 9.535421
vn -0.125036 0.661586 0.739372
v -1.415962 8.343019 10.425711
vn -0.050196 0.669679 0.740952
v 1.355553 9.633517 9.589650
vn -0.050196 0.669679 0.740952
v -0.119968 9.582919 9.535421
vn -0.050196 0.669679 0.740952
v 1.230494 8.669650 10.452330
vn 0.018292 0.631121 0.775469
v 2.572884 8.582278 10.491774
vn 0.018292 0.631121 0.775469
v 2.833090 9.562045 9.688246
vn 0.018292 0.631121 0.775469
v 1.230494 8.669650 10.452330
vn 0.089249 0.556333 0.826152
v 3.893085 8.322177 10.524305
vn 0.089249 0.556333 0.826152
v 4.282387 9.313876 9.814436
vn 0.089249 0.556333 0.826152
v 2.572884 8.582278 10.491774
vn 0.164273 0.528101 0.833141
v 5.172943 7.902286 10.538107
vn 0.164273 0.528101 0.833141
v 5.684282 8.841342 9.842047
vn 0.164273 0.528101 0.833141
v 3.893085 8.322177 10.524305
vn 0.236239 0.492037 0.837909
v 7.013561 8.198093 9.844999
vn 0.236239 0.492037 0.837909
v 5.684282 8.841342 9.842047
vn 0.236239 0.492037 0.837909
v 6.389263 7.322543 10.535154
vn 0.287973 0.450438 0.845090
v 8.247026 7.391025 9.854856
vn 0.287973 0.450438 0.845090
v 7.013561 8.198093 9.844999
vn 0.287973 0.450438 0.845090
v 7.514814 6.593906 10.529234
vn 0.323089 0.408613 0.853610
v 9.347364 6.424167 9.901204
vn 0.323089 0.408613 0.853610
v 8.247026 7.391025 9.854856
vn 0.323089 0.408613 0.853610
v 8.517321 5.727298 10.548956
vn 0.370493 0.343832 0.862853
v 10.317595 5.329227 9.920919
vn 0.370493 0.343832 0.862853
v 9.347364 6.424167 9.901204
vn 0.370493 0.343832 0.862853
v 9.400818 4.733615 10.551908
vn 0.402438 0.284091 0.870251
v 11.133518 4.125095 9.936689
vn 0.402438 0.284091 0.870251
v 10.317595 5.329227 9.920919
vn 0.402438 0.284091 0.870251
v 10.145132 3.643649 10.550924
vn 0.437826 0.216558 0.872588
v 11.786057 2.825687 9.931760
vn 0.437826 0.216558 0.872588
v 11.133518 4.125095 9.936689
vn 0.437826 0.216558 0.872588
v 10.738163 2.465335 10.546979
vn 0.471231 0.140902 0.870682
v 12.263103 1.461734 9.894300
vn 0.471231 0.140902 0.870682
v 11.786057 2.825687 9.931760
vn 0.471231 0.140902 0.870682
v 11.174870 1.226443 10.521352
vn 0.474543 0.116008 0.872554
v 12.516251 0.018375 9.948522
vn 0.474543 0.116008 0.872554
v 12.263103 1.461734 9.894300
vn 0.474543 0.116008 0.872554
v 11.410872 -0.079923 10.562757
vn 0.477814 0.063333 0.876175
v 12.531380 -1.459744 10.047115
vn 0.477814 0.063333 0.876175
v 12.516251 0.018375 9.948522
vn 0.477814 0.063333 0.876175
v 11.452221 -1.420041 10.632755
vn 0.487585 -0.012393 0.872988
v 12.296385 -2.926938 10.157537
vn 0.487585 -0.012393 0.872987
v 12.531380 -1.459744 10.047115
vn 0.487585 -0.012393 0.872987
v 11.297913 -2.762143 10.717548
vn 0.477924 -0.086956 0.874087
v 11.875816 -4.366330 10.244298
vn 0.477924 -0.086956 0.874087
v 12.296385 -2.926938 10.157537
vn 0.477924 -0.086956 0.874087
v 10.982235 -4.074490 10.761913
vn 0.422053 -0.161775 0.892020
v 10.537460 -5.327268 10.745153
vn 0.422053 -0.161775 0.892020
v 11.424992 -5.778928 10.243313
vn 0.422053 -0.161775 0.892020
v 10.982235 -4.074490 10.761913
vn 0.386458 -0.231730 0.892721
v 9.958548 -6.501614 10.690930
vn 0.386458 -0.231730 0.892721
v 10.811789 -7.080350 10.171337
vn 0.386458 -0.231730 0.892721
v 10.537460 -5.327268 10.745153
vn 0.380458 -0.299122 0.875087
v 9.226336 -7.591580 10.636700
vn 0.380458 -0.299122 0.875087
v 10.000908 -8.273557 10.066830
vn 0.380458 -0.299122 0.875088
v 9.958548 -6.501614 10.690930
vn 0.368534 -0.367535 0.853874
v 8.351917 -8.578305 10.589382
vn 0.368534 -0.367535 0.853874
v 9.043787 -9.343655 9.961338
vn 0.368534 -0.367535 0.853874
v 9.226336 -7.591580 10.636700
vn 0.340140 -0.409696 0.846436
v 7.862766 -10.295651 9.975141
vn 0.340140 -0.409696 0.846436
v 9.043787 -9.343655 9.961338
vn 0.340140 -0.409696 0.846436
v 7.280828 -9.456815 10.615009
vn 0.265167 -0.489266 0.830846
v 6.602070 -11.039182 9.939648
vn 0.265167 -0.489266 0.830846
v 7.862766 -10.295651 9.975141
vn 0.265167 -0.489266 0.830846
v 6.152254 -10.169583 10.595295
vn 0.210224 -0.540049 0.814956
v 5.251612 -11.640744 9.889370
vn 0.210224 -0.540049 0.814956
v 6.602070 -11.039182 9.939648
vn 0.210224 -0.540049 0.814956
v 4.929882 -10.739407 10.569654
vn 0.168468 -0.567526 0.805936
v 3.657082 -11.166226 10.535153
vn 0.168468 -0.567526 0.805936
v 3.879972 -12.105344 9.827252
vn 0.168468 -0.567526 0.805936
v 4.929882 -10.739407 10.569654
vn 0.093509 -0.590085 0.801908
v 2.311666 -11.426328 10.500645
vn 0.093509 -0.590085 0.801908
v 2.380247 -12.392209 9.781902
vn 0.093509 -0.590085 0.801908
v 3.657082 -11.166226 10.535153
vn 0.008570 -0.607691 0.794127
v 0.948097 -11.508698 10.452328
vn 0.008570 -0.607691 0.794127
v 0.882540 -12.487515 9.704014
vn 0.008570 -0.607691 0.794127
v 2.311666 -11.426328 10.500645
vn -0.073188 -0.614194 0.785754
v -0.357983 -11.417386 10.402050
vn -0.073188 -0.614194 0.785754
v -0.550621 -12.397183 9.618237
vn -0.073188 -0.614194 0.785754
v 0.948097 -11.508698 10.452328
vn -0.156908 -0.606023 0.779818
v -1.708443 -11.146390 10.340923
vn -0.156908 -0.606023 0.779818
v -2.044292 -12.116241 9.519642
vn -0.156908 -0.606023 0.779818
v -0.357983 -11.417386 10.402050
vn -0.228511 -0.587419 0.776351
v -2.949978 -10.715543 10.301487
vn -0.228511 -0.587419 0.776351
v -3.406857 -11.646695 9.462461
vn -0.228511 -0.587419 0.776351
v -1.708443 -11.146390 10.340923
vn -0.310163 -0.569134 0.761502
v -4.123940 -10.121945 10.266973
vn -0.310163 -0.569134 0.761502
v -4.694782 -10.987546 9.387531
vn -0.310163 -0.569134 0.761502
v -2.949978 -10.715543 10.301487
vn -0.394365 -0.562306 0.726834
v -5.272686 -9.395291 10.205853
vn -0.394365 -0.562306 0.726834
v -5.920185 -10.155698 9.266255
vn -0.394365 -0.562306 0.726834
v -4.123940 -10.121945 10.266973
vn -0.472854 -0.572985 0.669401
v -6.366970 -8.576324 10.133877
vn -0.472854 -0.572985 0.669401
v -7.013454 -9.173917 9.165692
vn -0.472854 -0.572985 0.669401
v -5.272686 -9.395291 10.205853
vn -0.589874 -0.480225 0.649178
v -7.243404 -7.571744 10.080639
vn -0.589874 -0.480225 0.649178
v -7.976627 -8.045224 9.064144
vn -0.589874 -0.480225 0.649178
v -6.366970 -8.576324 10.133877
vn -0.640461 -0.346906 0.685176
v -7.844509 -6.415250 10.104298
vn -0.640461 -0.346906 0.685176
v -8.723972 -6.842099 9.066113
vn -0.640461 -0.346906 0.685176
v -7.243404 -7.571744 10.080639
vn -0.643931 -0.306454 0.701027
v -8.336681 -5.229977 10.170354
vn -0.643931 -0.306455 0.701027
v -9.332134 -5.560544 9.111469
vn -0.643931 -0.306454 0.701027
v -7.844509 -6.415250 10.104298
vn -0.666848 -0.240628 0.705274
v -8.734058 -3.987119 10.218671
vn -0.666848 -0.240628 0.705274
v -9.764805 -4.199551 9.171604
vn -0.666848 -0.240628 0.705274
v -8.336681 -5.229977 10.170354
vn -0.764001 -0.380986 0.520723
v -9.332134 -5.560544 9.111469
vn -0.764001 -0.380986 0.520723
v -10.464741 -5.558559 7.451169
vn -0.764001 -0.380986 0.520723
v -8.723972 -6.842099 9.066113
vn -0.797590 -0.277231 0.535717
v -9.764805 -4.199551 9.171604
vn -0.797590 -0.277231 0.535717
v -10.823788 -4.073514 7.660184
vn -0.797590 -0.277231 0.535717
v -9.332134 -5.560544 9.111469
vn -0.734858 -0.457292 0.500867
v -8.723972 -6.842099 9.066113
vn -0.734858 -0.457292 0.500867
v -9.709332 -6.944333 7.527081
vn -0.734858 -0.457292 0.500867
v -7.976627 -8.045224 9.064144
vn -0.703158 -0.560703 0.437243
v -7.976627 -8.045224 9.064144
vn -0.703158 -0.560703 0.437243
v -8.780453 -8.174283 7.605961
vn -0.703158 -0.560703 0.437243
v -7.013454 -9.173917 9.165692
vn -0.629809 -0.659255 0.410759
v -7.013454 -9.173917 9.165692
vn -0.629809 -0.659255 0.410759
v -7.726505 -9.341672 7.803144
vn -0.629809 -0.659255 0.410759
v -5.920185 -10.155698 9.266255
vn -0.523265 -0.699964 0.486050
v -5.920185 -10.155698 9.266255
vn -0.523265 -0.699964 0.486050
v -6.637264 -10.521970 7.966801
vn -0.523265 -0.699964 0.486050
v -4.694782 -10.987546 9.387531
vn -0.406076 -0.731117 0.548243
v -4.694782 -10.987546 9.387531
vn -0.406076 -0.731117 0.548244
v -5.376568 -11.493832 8.207379
vn -0.406076 -0.731117 0.548244
v -3.406857 -11.646695 9.462461
vn -0.293427 -0.785058 0.545513
v -3.406857 -11.646695 9.462461
vn -0.293427 -0.785058 0.545513
v -3.978710 -12.190671 8.372021
vn -0.293427 -0.785058 0.545513
v -2.044292 -12.116241 9.519642
vn -0.191405 -0.838711 0.509832
v -2.044292 -12.116241 9.519642
vn -0.191405 -0.838711 0.509832
v -2.501171 -12.656247 8.459767
vn -0.191405 -0.838711 0.509832
v -0.550621 -12.397183 9.618237
vn -0.083749 -0.873719 0.479167
v -0.550621 -12.397183 9.618237
vn -0.083749 -0.873719 0.479167
v -0.885464 -12.919309 8.607662
vn -0.083749 -0.873719 0.479167
v 0.882540 -12.487515 9.704014
vn 0.032970 -0.889912 0.454940
v 0.882540 -12.487515 9.704014
vn 0.032970 -0.889912 0.454940
v 0.655613 -12.987851 8.741749
vn 0.032970 -0.889912 0.454940
v 2.380247 -12.392209 9.781902
vn 0.151037 -0.880252 0.449827
v 2.252161 -12.907437 8.816677
vn 0.151037 -0.880252 0.449828
v 3.857784 -12.633451 8.813717
vn 0.151037 -0.880252 0.449827
v 2.380247 -12.392209 9.781902
vn 0.284774 -0.852655 0.438046
v 3.857784 -12.633451 8.813717
vn 0.284774 -0.852655 0.438046
v 5.317167 -12.120206 8.864002
vn 0.284774 -0.852655 0.438046
v 3.879972 -12.105344 9.827252
vn 0.357831 -0.836892 0.414208
v 5.317167 -12.120206 8.864002
vn 0.357831 -0.836892 0.414208
v 6.775541 -11.458097 8.941891
vn 0.357831 -0.836892 0.414208
v 5.251612 -11.640744 9.889370
vn 0.403110 -0.816674 0.412972
v 6.775541 -11.458097 8.941891
vn 0.403110 -0.816674 0.412972
v 8.110872 -10.787015 8.965550
vn 0.403110 -0.816674 0.412972
v 6.602070 -11.039182 9.939648
vn 0.540408 -0.696642 0.471858
v 8.110872 -10.787015 8.965550
vn 0.540408 -0.696642 0.471858
v 9.360474 -9.800290 8.991192
vn 0.540408 -0.696642 0.471858
v 7.862766 -10.295651 9.975141
vn 0.625181 -0.607483 0.490013
v 9.043787 -9.343655 9.961338
vn 0.625181 -0.607483 0.490013
v 9.360474 -9.800290 8.991192
vn 0.625181 -0.607483 0.490014
v 10.000908 -8.273557 10.066830
vn 0.701201 -0.519308 0.488504
v 10.000908 -8.273557 10.066830
vn 0.701201 -0.519308 0.488505
v 10.359955 -8.629941 9.172596
vn 0.701201 -0.519308 0.488504
v 10.811789 -7.080350 10.171337
vn 0.806614 -0.375369 0.456587
v 11.175877 -7.266964 9.374714
vn 0.806614 -0.375369 0.456587
v 11.796141 -5.857358 9.437809
vn 0.806614 -0.375369 0.456587
v 10.811789 -7.080350 10.171337
vn 0.863538 -0.272361 0.424408
v 11.796141 -5.857358 9.437809
vn 0.863538 -0.272361 0.424408
v 12.302437 -4.367337 9.363866
vn 0.863538 -0.272361 0.424408
v 11.424992 -5.778928 10.243313
vn 0.868321 -0.262171 0.421052
v 12.302437 -4.367337 9.363866
vn 0.868321 -0.262171 0.421052
v 12.829912 -2.851498 9.219921
vn 0.868321 -0.262171 0.421052
v 11.875816 -4.366330 10.244298
vn 0.866222 -0.130046 0.482439
v 12.829912 -2.851498 9.219921
vn 0.866222 -0.130046 0.482439
v 13.127438 -1.293973 9.105558
vn 0.866222 -0.130046 0.482439
v 12.296385 -2.926938 10.157537
vn 0.846346 -0.020040 0.532256
v 13.127438 -1.293973 9.105558
vn 0.846346 -0.020040 0.532256
v 13.210138 0.234775 9.031614
vn 0.846346 -0.020040 0.532256
v 12.531380 -1.459744 10.047115
vn 0.771677 0.147251 0.618734
v 13.210138 0.234775 9.031614
vn 0.771677 0.147251 0.618734
v 12.958000 1.792270 8.975414
vn 0.771677 0.147251 0.618734
v 12.516251 0.018375 9.948522
vn 0.734506 0.230333 0.638316
v 12.958000 1.792270 8.975414
vn 0.734506 0.230333 0.638316
v 12.470867 3.255527 9.007947
vn 0.734506 0.230333 0.638316
v 12.263103 1.461734 9.894300
vn 0.674865 0.336413 0.656798
v 11.786057 2.825687 9.931760
vn 0.674865 0.336413 0.656798
v 12.470867 3.255527 9.007947
vn 0.674865 0.336413 0.656798
v 11.133518 4.125095 9.936689
vn 0.612629 0.423856 0.667107
v 11.133518 4.125095 9.936689
vn 0.612629 0.423856 0.667107
v 11.765884 4.629398 9.035549
vn 0.612629 0.423856 0.667107
v 10.317595 5.329227 9.920919
vn 0.542895 0.493299 0.679648
v 10.317595 5.329227 9.920919
vn 0.542895 0.493299 0.679648
v 10.895500 5.908969 9.038510
vn 0.542895 0.493299 0.679648
v 9.347364 6.424167 9.901204
vn 0.471825 0.583224 0.661234
v 9.854668 7.125980 8.920201
vn 0.471825 0.583224 0.661234
v 8.672638 8.186191 8.828511
vn 0.471825 0.583224 0.661234
v 9.347364 6.424167 9.901204
vn 0.410594 0.630469 0.658727
v 8.672638 8.186191 8.828511
vn 0.410594 0.630469 0.658727
v 7.363531 9.070682 8.797949
vn 0.410594 0.630469 0.658727
v 8.247026 7.391025 9.854856
vn 0.336216 0.665169 0.666715
v 7.363531 9.070682 8.797949
vn 0.336216 0.665169 0.666715
v 5.951550 9.777469 8.804846
vn 0.336216 0.665169 0.666715
v 7.013561 8.198093 9.844999
vn 0.220803 0.695050 0.684215
v 5.684282 8.841342 9.842047
vn 0.220803 0.695050 0.684215
v 5.951550 9.777469 8.804846
vn 0.220803 0.695050 0.684215
v 4.282387 9.313876 9.814436
vn 0.060909 0.711611 0.699928
v 4.282387 9.313876 9.814436
vn 0.060909 0.711611 0.699928
v 4.458885 10.295657 8.800908
vn 0.060909 0.711611 0.699928
v 2.833090 9.562045 9.688246
vn -0.016780 0.673083 0.739377
v 2.833090 9.562045 9.688246
vn -0.016780 0.673083 0.739377
v 2.904697 10.589478 8.754560
vn -0.016780 0.673083 0.739377
v 1.355553 9.633517 9.589650
vn -0.119347 0.660676 0.741123
v 1.318235 10.690738 8.641179
vn -0.119347 0.660676 0.741123
v -0.273266 10.622226 8.445967
vn -0.119347 0.660676 0.741123
v 1.355553 9.633517 9.589650
vn -0.180909 0.698786 0.692077
v -0.273266 10.622226 8.445967
vn -0.180909 0.698786 0.692077
v -1.846615 10.374057 8.285269
vn -0.180909 0.698786 0.692077
v -0.119968 9.582919 9.535421
vn -0.244866 0.737178 0.629770
v -1.846615 10.374057 8.285269
vn -0.244866 0.737178 0.629770
v -3.376598 9.910495 8.233007
vn -0.244866 0.737178 0.629770
v -1.577332 9.363498 9.572882
vn -0.352455 0.701115 0.619850
v -2.980236 8.906863 9.593596
vn -0.352455 0.701115 0.619850
v -3.376598 9.910495 8.233007
vn -0.352455 0.701115 0.619850
v -4.316574 8.265594 9.559079
vn -0.509906 0.624974 0.591104
v -4.316574 8.265594 9.559079
vn -0.509906 0.624974 0.591104
v -4.777485 9.183841 8.190619
vn -0.509906 0.624974 0.591104
v -5.492550 7.344364 9.518660
vn -0.582284 0.598449 0.550277
v -5.492550 7.344364 9.518660
vn -0.582284 0.598449 0.550277
v -5.994816 8.116702 8.147229
vn -0.582284 0.598449 0.550277
v -6.577763 6.322909 9.481198
vn -0.618684 0.580578 0.529300
v -7.151630 6.985049 8.084134
vn -0.618684 0.580578 0.529300
v -8.269108 5.893100 7.975682
vn -0.618684 0.580578 0.529300
v -6.577763 6.322909 9.481198
vn -0.681684 0.515110 0.519585
v -8.269108 5.893100 7.975682
vn -0.681684 0.515110 0.519585
v -9.247410 4.703860 7.871167
vn -0.681684 0.515110 0.519585
v -7.608509 5.302433 9.427953
vn -0.720013 0.448868 0.529244
v -9.247410 4.703860 7.871167
vn -0.720013 0.448868 0.529244
v -10.110737 3.502689 7.715398
vn -0.720013 0.448868 0.529244
v -8.478886 4.156864 9.380634
vn -0.784465 0.304163 0.540463
v -10.110737 3.502689 7.715398
vn -0.784465 0.304163 0.540463
v -10.715870 2.052371 7.653279
vn -0.784465 0.304163 0.540463
v -9.201015 2.940829 9.352033
vn -0.810369 0.194960 0.552532
v -10.715870 2.052371 7.653279
vn -0.810369 0.194960 0.552532
v -11.122318 0.499820 7.604978
vn -0.810369 0.194960 0.552532
v -9.687145 1.553073 9.338230
vn -0.826849 0.043640 0.560729
v -9.968533 0.102756 9.337247
vn -0.826849 0.043640 0.560729
v -11.122318 0.499820 7.604978
vn -0.826849 0.043640 0.560729
v -10.099644 -1.342587 9.256397
vn -0.821562 -0.059145 0.567043
v -10.099644 -1.342587 9.256397
vn -0.821562 -0.059145 0.567043
v -11.280666 -1.053738 7.575399
vn -0.821562 -0.059145 0.567043
v -10.028034 -2.790921 9.209081
vn -0.816387 -0.167263 0.552752
v -10.028034 -2.790921 9.209081
vn -0.816387 -0.167263 0.552752
v -11.192921 -2.572537 7.554685
vn -0.816387 -0.167263 0.552752
v -9.764805 -4.199551 9.171604
vn -0.905963 -0.058060 0.419358
v -11.280666 -1.053738 7.575399
vn -0.905963 -0.058060 0.419358
v -12.283169 -0.835355 5.439870
vn -0.905963 -0.058060 0.419358
v -11.192921 -2.572537 7.554685
vn -0.885661 -0.187967 0.424586
v -11.192921 -2.572537 7.554685
vn -0.885661 -0.187967 0.424586
v -12.128857 -2.429622 5.665647
vn -0.885661 -0.187967 0.424586
v -10.823788 -4.073514 7.660184
vn -0.911237 0.085206 0.402974
v -11.122318 0.499820 7.604978
vn -0.911237 0.085206 0.402974
v -12.124828 0.768832 5.281141
vn -0.911237 0.085206 0.402974
v -11.280666 -1.053738 7.575399
vn -0.883427 0.290958 0.367288
v -11.500530 2.411716 5.481290
vn -0.883427 0.290958 0.367287
v -12.124828 0.768832 5.281141
vn -0.883427 0.290958 0.367288
v -10.715870 2.052371 7.653279
vn -0.857680 0.377346 0.349278
v -10.746128 3.903751 5.721852
vn -0.857680 0.377346 0.349278
v -11.500530 2.411716 5.481290
vn -0.857680 0.377346 0.349278
v -10.110737 3.502689 7.715398
vn -0.789604 0.491227 0.367726
v -9.820271 5.133670 6.066922
vn -0.789604 0.491227 0.367726
v -10.746128 3.903751 5.721852
vn -0.789604 0.491227 0.367726
v -9.247410 4.703860 7.871167
vn -0.756753 0.506256 0.413557
v -8.802639 6.430119 6.342000
vn -0.756753 0.506256 0.413557
v -9.820271 5.133670 6.066922
vn -0.756753 0.506256 0.413557
v -8.269108 5.893100 7.975682
vn -0.715990 -0.581053 0.386956
v -8.780453 -8.174283 7.605961
vn -0.715990 -0.581053 0.386956
v -9.410801 -8.426419 6.061009
vn -0.715990 -0.581053 0.386956
v -7.726505 -9.341672 7.803144
vn -0.742724 -0.535103 0.402525
v -9.709332 -6.944333 7.527081
vn -0.742724 -0.535103 0.402525
v -10.470791 -7.120052 5.888471
vn -0.742724 -0.535103 0.402525
v -8.780453 -8.174283 7.605961
vn -0.812028 -0.420479 0.404731
v -10.464741 -5.558559 7.451169
vn -0.812028 -0.420479 0.404731
v -11.292767 -5.601254 5.745511
vn -0.812028 -0.420479 0.404731
v -9.709332 -6.944333 7.527081
vn -0.864355 -0.268799 0.425016
v -10.823788 -4.073514 7.660184
vn -0.864355 -0.268799 0.425016
v -11.676022 -4.037777 5.949597
vn -0.864355 -0.268799 0.425016
v -10.464741 -5.558559 7.451169
vn -0.620556 0.336849 0.708127
v -9.820271 5.133670 6.066922
vn -0.620556 0.336849 0.708127
v -8.802639 6.430119 6.342000
vn -0.620556 0.336849 0.708127
v -11.665928 6.736850 3.686894
vn -0.664918 0.309863 0.679610
v -10.746128 3.903751 5.721852
vn -0.664918 0.309863 0.679610
v -9.820271 5.133670 6.066922
vn -0.664918 0.309863 0.679610
v -12.872166 5.376865 2.970120
vn -0.723590 0.262968 0.638174
v -11.500530 2.411716 5.481290
vn -0.723590 0.262968 0.638174
v -10.746128 3.903751 5.721852
vn -0.723590 0.262968 0.638174
v -13.837360 3.664494 2.315465
vn -0.755893 0.211768 0.619500
v -12.124828 0.768832 5.281141
vn -0.755893 0.211768 0.619500
v -11.500530 2.411716 5.481290
vn -0.755893 0.211768 0.619500
v -14.708752 1.700962 1.809690
vn -0.719453 0.243138 0.650593
v -15.141422 -0.170254 2.030530
vn -0.719453 0.243138 0.650593
v -12.283169 -0.835355 5.439870
vn -0.719453 0.243138 0.650593
v -14.708752 1.700962 1.809690
vn -0.748186 0.064785 0.660318
v -15.011318 -2.305507 2.387441
vn -0.748186 0.064785 0.660318
v -12.128857 -2.429622 5.665647
vn -0.748186 0.064785 0.660318
v -15.141422 -0.170254 2.030530
vn -0.727216 0.011138 0.686319
v -14.866085 -4.001035 2.568845
vn -0.727216 0.011138 0.686319
v -11.676022 -4.037777 5.949597
vn -0.727216 0.011138 0.686319
v -15.011318 -2.305507 2.387441
vn -0.687059 -0.107755 0.718567
v -14.274067 -5.744198 2.873502
vn -0.687059 -0.107755 0.718567
v -11.292767 -5.601254 5.745511
vn -0.687059 -0.107755 0.718567
v -14.866085 -4.001035 2.568845
vn -0.651634 -0.194931 0.733059
v -13.146496 -7.696805 3.356603
vn -0.651634 -0.194930 0.733059
v -10.470791 -7.120052 5.888471
vn -0.651634 -0.194931 0.733059
v -14.274067 -5.744198 2.873502
# 1848 vertices, 0 vertices normals


usemtl material_0
vt 0.544402 0.628411
vt 0.543141 0.654749
vt 0.507711 0.653541
f 1/1/1 2/2/2 3/3/3
vt 0.548262 0.602671
vt 0.509247 0.621394
f 4/4/4 5/1/5 6/5/6
vt 0.544452 0.680909
vt 0.509300 0.685704
f 7/6/7 8/7/8 9/3/9
vt 0.548283 0.706723
vt 0.514017 0.717195
f 10/8/10 11/9/11 12/7/12
vt 0.554609 0.731705
vt 0.521760 0.747861
f 13/10/13 14/11/14 15/9/15
vt 0.563302 0.755260
vt 0.532452 0.776728
f 16/12/16 17/13/17 18/11/18
vt 0.574276 0.777184
vt 0.545883 0.803619
f 19/14/19 20/15/20 21/13/21
vt 0.587266 0.796910
vt 0.561785 0.827734
f 22/16/22 23/17/23 24/15/24
vt 0.602062 0.814152
vt 0.579889 0.849050
f 25/18/25 26/19/26 27/17/27
vt 0.618338 0.828782
vt 0.599903 0.866821
f 28/18/28 29/20/29 30/21/30
vt 0.635928 0.840363
vt 0.621457 0.881016
f 31/20/31 32/22/32 33/23/33
vt 0.654546 0.848900
vt 0.644202 0.891239
f 34/22/34 35/24/35 36/25/36
vt 0.673806 0.853944
vt 0.667730 0.897716
f 37/24/37 38/26/38 39/27/39
vt 0.693425 0.855888
vt 0.691741 0.899790
f 40/26/40 41/28/41 42/29/42
vt 0.712978 0.854172
vt 0.715720 0.897773
f 43/30/43 44/31/44 45/29/45
vt 0.732264 0.849072
vt 0.739340 0.891633
f 46/30/46 47/32/47 48/33/48
vt 0.750890 0.840718
vt 0.762157 0.881401
f 49/32/49 50/34/50 51/35/51
vt 0.768523 0.829123
vt 0.783730 0.867110
f 52/36/52 53/37/53 54/35/54
vt 0.784881 0.814611
vt 0.803762 0.849518
f 55/36/55 56/38/56 57/39/57
vt 0.799711 0.797410
vt 0.821923 0.828316
f 58/40/58 59/41/59 60/39/60
vt 0.812680 0.777669
vt 0.837768 0.804247
f 61/42/61 62/43/62 63/41/63
vt 0.823586 0.755710
vt 0.851140 0.777411
f 64/44/64 65/45/65 66/43/66
vt 0.832261 0.732283
vt 0.861778 0.748471
f 67/46/67 68/47/68 69/45/69
vt 0.838566 0.707209
vt 0.869477 0.718011
f 70/48/70 71/49/71 72/47/72
vt 0.842383 0.681451
vt 0.874153 0.686461
f 73/50/73 74/51/74 75/49/75
vt 0.843601 0.655091
vt 0.875728 0.654212
f 76/52/76 77/53/77 78/51/78
vt 0.842360 0.628770
vt 0.874175 0.622031
f 79/54/79 80/55/80 81/53/81
vt 0.838447 0.602967
vt 0.869457 0.590266
f 82/56/82 83/57/83 84/55/84
vt 0.832135 0.578008
vt 0.861705 0.559688
f 85/58/85 86/59/86 87/57/87
vt 0.823399 0.554218
vt 0.851008 0.530614
f 88/60/88 89/61/89 90/59/90
vt 0.812474 0.532293
vt 0.837605 0.503608
f 91/60/91 92/62/92 93/63/93
vt 0.799500 0.512378
vt 0.821697 0.479119
f 94/62/94 95/64/95 96/65/96
vt 0.784697 0.494859
vt 0.803546 0.457740
f 97/64/97 98/66/98 99/67/99
vt 0.768353 0.480126
vt 0.783483 0.439794
f 100/66/100 101/68/101 102/69/102
vt 0.750776 0.468529
vt 0.761926 0.425450
f 103/68/103 104/70/104 105/71/105
vt 0.732170 0.459896
vt 0.739058 0.414920
f 106/70/106 107/72/107 108/73/108
vt 0.712947 0.454716
vt 0.715319 0.408561
f 109/72/109 110/74/110 111/75/111
vt 0.693361 0.453029
vt 0.691272 0.406505
f 112/74/112 113/76/113 114/77/114
vt 0.673821 0.454722
vt 0.667307 0.408612
f 115/76/115 116/78/116 117/79/117
vt 0.654540 0.459904
vt 0.643616 0.414994
f 118/78/118 119/80/119 120/81/120
vt 0.635962 0.468541
vt 0.620908 0.425390
f 121/82/121 122/83/122 123/81/123
vt 0.618288 0.480135
vt 0.599520 0.439865
f 124/82/124 125/84/125 126/85/126
vt 0.601958 0.494861
vt 0.579584 0.457806
f 127/84/127 128/86/128 129/87/129
vt 0.587148 0.512230
vt 0.561498 0.479136
f 130/86/130 131/88/131 132/89/132
vt 0.574199 0.532095
vt 0.545654 0.503431
f 133/88/133 134/90/134 135/91/135
vt 0.563251 0.554038
vt 0.532264 0.530198
f 136/90/136 137/92/137 138/93/138
vt 0.554535 0.577669
vt 0.521666 0.559234
f 139/92/139 140/94/140 141/95/141
vt 0.513933 0.589667
f 142/94/142 143/4/143 144/96/144
vt 0.491439 0.542357
vt 0.503124 0.509132
f 145/97/145 146/98/146 147/93/147
vt 0.482916 0.577397
f 148/99/148 149/97/149 150/95/150
vt 0.518182 0.478285
f 151/98/151 152/100/152 153/91/153
vt 0.536297 0.450334
f 154/100/154 155/101/155 156/89/156
vt 0.557171 0.425649
f 157/101/157 158/102/158 159/87/159
vt 0.579912 0.404917
f 160/102/160 161/103/161 162/85/162
vt 0.604338 0.388384
f 163/103/163 164/104/164 165/83/165
vt 0.630418 0.376246
f 166/104/166 167/105/167 168/81/168
vt 0.658016 0.368831
f 169/105/169 170/106/170 171/79/171
vt 0.685444 0.366066
f 172/106/172 173/107/173 174/77/174
vt 0.713406 0.368528
f 175/107/175 176/108/176 177/75/177
vt 0.741039 0.375695
f 178/108/178 179/109/179 180/73/180
vt 0.767667 0.387690
f 181/109/181 182/110/182 183/71/183
vt 0.792697 0.404308
f 184/110/184 185/111/185 186/69/186
vt 0.815942 0.425062
f 187/111/187 188/112/188 189/67/189
vt 0.837196 0.449896
f 190/112/190 191/113/191 192/65/192
vt 0.855695 0.478120
f 193/113/193 194/114/194 195/63/195
vt 0.871049 0.509057
f 196/114/196 197/115/197 198/61/198
vt 0.883247 0.542561
f 199/115/199 200/116/200 201/59/201
vt 0.892244 0.577929
f 202/117/202 203/57/203 204/59/204
vt 0.897812 0.614501
f 205/118/205 206/55/206 207/57/207
vt 0.899871 0.651831
f 208/119/208 209/53/209 210/55/210
vt 0.898200 0.688990
f 211/120/211 212/51/212 213/53/213
vt 0.892847 0.725508
f 214/121/214 215/49/215 216/51/216
vt 0.883998 0.760572
f 217/122/217 218/47/218 219/49/219
vt 0.871769 0.793804
f 220/123/220 221/45/221 222/47/222
vt 0.856339 0.824591
f 223/124/223 224/43/224 225/45/225
vt 0.838053 0.852426
f 226/125/226 227/41/227 228/43/228
vt 0.817128 0.876785
f 229/126/229 230/39/230 231/41/231
vt 0.794049 0.897312
f 232/126/232 233/127/233 234/37/234
vt 0.769096 0.913629
f 235/128/235 236/35/236 237/37/237
vt 0.742671 0.925314
f 238/128/238 239/129/239 240/33/240
vt 0.715444 0.932539
f 241/130/241 242/31/242 243/33/243
vt 0.687713 0.934781
f 244/130/244 245/131/245 246/29/246
vt 0.660071 0.932292
f 247/132/247 248/27/248 249/29/249
vt 0.633110 0.925119
f 250/132/250 251/133/251 252/25/252
vt 0.606921 0.913415
f 253/133/253 254/134/254 255/23/255
vt 0.581931 0.896973
f 256/134/256 257/135/257 258/21/258
vt 0.558786 0.876615
f 259/135/259 260/136/260 261/19/261
vt 0.537842 0.852117
f 262/136/262 263/137/263 264/17/264
vt 0.519525 0.824202
f 265/138/265 266/15/266 267/17/267
vt 0.504081 0.793154
f 268/139/268 269/13/269 270/15/270
vt 0.491931 0.759763
f 271/140/271 272/11/272 273/13/273
vt 0.483073 0.724513
f 274/141/274 275/9/275 276/11/276
vt 0.477659 0.687861
f 277/142/277 278/7/278 279/9/279
vt 0.475826 0.650900
f 280/143/280 281/3/281 282/7/282
vt 0.477568 0.613871
f 283/143/283 284/144/284 285/5/285
f 286/144/286 287/99/287 288/96/288
vt 0.451649 0.606789
f 289/99/289 290/144/290 291/145/291
f 292/145/292 293/144/293 294/143/294
vt 0.449802 0.647594
f 295/146/295 296/143/296 297/142/297
vt 0.451763 0.688442
f 298/147/298 299/142/299 300/141/300
vt 0.457446 0.728829
f 301/148/301 302/141/302 303/140/303
vt 0.466999 0.767820
f 304/149/304 305/140/305 306/139/306
vt 0.480228 0.804779
f 307/150/307 308/139/308 309/138/309
vt 0.497246 0.838899
f 310/151/310 311/138/311 312/137/312
vt 0.540700 0.896696
f 313/137/313 314/136/314 315/152/315
vt 0.566291 0.919196
f 316/136/316 317/135/317 318/153/318
vt 0.594074 0.937059
f 319/135/319 320/134/320 321/154/321
vt 0.622843 0.950061
f 322/134/322 323/133/323 324/155/324
vt 0.652568 0.957907
f 325/133/325 326/132/326 327/156/327
f 328/156/328 329/132/329 330/131/330
vt 0.713633 0.958150
f 331/131/331 332/130/332 333/157/333
f 334/157/334 335/130/335 336/129/336
vt 0.743795 0.950306
f 337/158/337 338/129/338 339/128/339
vt 0.773040 0.937344
f 340/159/340 341/128/341 342/127/342
vt 0.800689 0.919395
f 343/160/343 344/127/344 345/126/345
vt 0.826219 0.896792
f 346/161/346 347/126/347 348/125/348
vt 0.849286 0.869887
f 349/162/349 350/125/350 351/124/351
vt 0.869453 0.839355
f 352/163/352 353/124/353 354/123/354
vt 0.886466 0.805302
f 355/164/355 356/123/356 357/122/357
vt 0.899973 0.768739
f 358/165/358 359/122/359 360/121/360
vt 0.909728 0.730031
f 361/166/361 362/121/362 363/120/363
vt 0.915554 0.689726
f 364/167/364 365/120/365 366/119/366
vt 0.917203 0.648451
f 367/168/367 368/119/368 369/118/369
vt 0.914793 0.607168
f 370/169/370 371/118/371 372/117/372
vt 0.908414 0.566578
f 373/170/373 374/117/374 375/116/375
vt 0.898346 0.527471
f 376/171/376 377/116/377 378/115/378
vt 0.867696 0.456488
f 379/115/379 380/114/380 381/172/381
vt 0.847209 0.425502
f 382/114/382 383/113/383 384/173/384
vt 0.823366 0.398058
f 385/113/385 386/112/386 387/174/387
vt 0.797487 0.375246
f 388/112/388 389/111/389 390/175/390
vt 0.769707 0.357320
f 391/111/391 392/110/392 393/176/393
vt 0.740210 0.343997
f 394/110/394 395/109/395 396/177/396
vt 0.709485 0.336147
f 397/109/397 398/108/398 399/178/399
vt 0.678364 0.333793
f 400/108/400 401/107/401 402/179/402
vt 0.648318 0.336828
f 403/107/403 404/106/404 405/180/405
vt 0.617543 0.345238
f 406/106/406 407/105/407 408/181/408
vt 0.589043 0.358916
f 409/105/409 410/104/410 411/182/411
vt 0.562274 0.377275
f 412/104/412 413/103/413 414/183/414
vt 0.536798 0.399899
f 415/103/415 416/102/416 417/184/417
vt 0.513127 0.426339
f 418/102/418 419/101/419 420/185/420
vt 0.493349 0.457382
f 421/101/421 422/100/422 423/186/423
vt 0.477669 0.491674
f 424/100/424 425/98/425 426/187/426
vt 0.466016 0.528442
f 427/98/427 428/97/428 429/188/429
vt 0.457177 0.566911
f 430/97/430 431/99/431 432/189/432
vt 0.447784 0.526792
vt 0.459748 0.487762
f 433/190/433 434/191/434 435/187/435
vt 0.438101 0.567830
f 436/192/436 437/190/437 438/188/438
vt 0.474262 0.449760
f 439/191/439 440/193/440 441/186/441
vt 0.495379 0.416621
f 442/193/442 443/194/443 444/185/444
vt 0.521836 0.389448
f 445/194/445 446/195/446 447/184/447
vt 0.549701 0.365258
f 448/195/448 449/196/449 450/183/450
vt 0.578215 0.345502
f 451/196/451 452/197/452 453/182/453
vt 0.608437 0.331073
f 454/197/454 455/198/455 456/181/456
vt 0.641457 0.321803
f 457/198/457 458/199/458 459/180/459
vt 0.673455 0.318525
f 460/199/460 461/200/461 462/179/462
vt 0.706932 0.321021
f 463/200/463 464/201/464 465/178/465
vt 0.739964 0.329507
f 466/201/466 467/202/467 468/177/468
vt 0.771285 0.343562
f 469/202/469 470/203/470 471/176/471
vt 0.801358 0.362446
f 472/204/472 473/175/473 474/176/474
vt 0.829126 0.386144
f 475/205/475 476/174/476 477/175/477
vt 0.855072 0.415505
f 478/205/478 479/206/479 480/173/480
vt 0.876937 0.448324
f 481/206/481 482/207/482 483/172/483
vt 0.895451 0.484676
vt 0.884742 0.490755
f 484/207/484 485/208/485 486/209/486
vt 0.910257 0.523963
f 487/210/487 488/171/488 489/209/489
vt 0.921371 0.565928
f 490/211/490 491/170/491 492/171/492
vt 0.928596 0.609742
f 493/212/493 494/169/494 495/170/495
vt 0.931365 0.654270
f 496/213/496 497/168/497 498/169/498
vt 0.929521 0.698603
f 499/214/499 500/167/500 501/168/501
vt 0.923273 0.741835
f 502/215/502 503/166/503 504/167/504
vt 0.912911 0.783249
f 505/216/505 506/165/506 507/166/507
vt 0.898477 0.822511
f 508/217/508 509/164/509 510/165/510
vt 0.880315 0.858810
f 511/218/511 512/163/512 513/164/513
vt 0.858714 0.891862
f 514/219/514 515/162/515 516/163/516
vt 0.834056 0.920484
f 517/220/517 518/161/518 519/162/519
vt 0.806642 0.944801
f 520/221/520 521/160/521 522/161/522
vt 0.776981 0.964133
f 523/222/523 524/159/524 525/160/525
vt 0.745650 0.977925
f 526/223/526 527/158/527 528/159/528
vt 0.713249 0.986142
f 529/224/529 530/157/530 531/158/531
vt 0.680331 0.988515
vt 0.682976 0.960535
f 532/224/532 533/225/533 534/226/534
vt 0.647725 0.985594
f 535/227/535 536/156/536 537/226/537
vt 0.615807 0.977320
f 538/227/538 539/228/539 540/155/540
vt 0.585162 0.963749
f 541/228/541 542/229/542 543/154/543
vt 0.555278 0.944628
f 544/229/544 545/230/545 546/153/546
vt 0.528090 0.919567
f 547/230/547 548/231/548 549/152/549
vt 0.503661 0.889841
vt 0.517467 0.869891
f 550/231/550 551/232/551 552/233/552
vt 0.481613 0.857607
f 553/234/553 554/151/554 555/233/555
vt 0.462986 0.821831
f 556/235/556 557/150/557 558/151/558
vt 0.448712 0.782580
f 559/236/559 560/149/560 561/150/561
vt 0.438533 0.740887
f 562/237/562 563/148/563 564/149/564
vt 0.432616 0.697493
f 565/238/565 566/147/566 567/148/567
vt 0.430428 0.653831
f 568/239/568 569/146/569 570/147/570
vt 0.432294 0.610294
f 571/240/571 572/145/572 573/146/573
f 574/240/574 575/192/575 576/189/576
vt 0.409301 0.604409
f 577/241/577 578/240/578 579/239/579
vt 0.415583 0.559127
f 580/241/580 581/242/581 582/192/582
vt 0.407499 0.651097
f 583/243/583 584/239/584 585/238/585
vt 0.410396 0.697983
f 586/244/586 587/238/587 588/237/588
vt 0.417041 0.744710
f 589/245/589 590/237/590 591/236/591
vt 0.428499 0.789523
f 592/246/592 593/236/593 594/235/594
vt 0.445524 0.828963
f 595/247/595 596/235/596 597/234/597
vt 0.466066 0.866373
f 598/248/598 599/234/599 600/232/600
vt 0.516213 0.933365
vt 0.490461 0.899897
f 601/249/601 602/250/602 603/232/603
vt 0.544177 0.963689
f 604/251/604 605/249/605 606/231/606
vt 0.576005 0.984920
f 607/252/607 608/251/608 609/230/609
vt 0.609314 0.999453
f 610/253/610 611/252/611 612/229/612
vt 0.643816 1.006056
f 613/254/613 614/253/614 615/228/615
f 616/254/616 617/227/617 618/225/618
vt 0.714831 1.007464
vt 0.679119 1.008436
f 619/255/619 620/256/620 621/225/621
vt 0.750244 1.001100
f 622/257/622 623/255/623 624/224/624
vt 0.784002 0.986045
f 625/258/625 626/257/626 627/223/627
f 628/258/628 629/222/629 630/221/630
vt 0.815859 0.965077
f 631/259/631 632/221/632 633/220/633
vt 0.845491 0.938838
f 634/260/634 635/220/635 636/219/636
vt 0.872317 0.907767
f 637/261/637 638/219/638 639/218/639
vt 0.895800 0.872154
f 640/262/640 641/218/641 642/217/642
vt 0.915558 0.832892
f 643/263/643 644/217/644 645/216/645
vt 0.931167 0.790312
f 646/264/646 647/216/647 648/215/648
vt 0.942169 0.745415
f 649/265/649 650/215/650 651/214/651
vt 0.948900 0.698508
f 652/266/652 653/214/653 654/213/654
vt 0.950470 0.650504
f 655/267/655 656/213/656 657/212/657
vt 0.946153 0.602635
f 658/268/658 659/212/659 660/211/660
vt 0.926105 0.508723
vt 0.937031 0.555359
f 661/269/661 662/270/662 663/211/663
vt 0.910450 0.465826
f 664/271/664 665/269/665 666/210/666
vt 0.889744 0.426721
f 667/272/667 668/271/668 669/208/669
vt 0.865633 0.391874
f 670/273/670 671/272/671 672/207/672
f 673/273/673 674/206/674 675/205/675
vt 0.837386 0.360634
f 676/274/676 677/205/677 678/204/678
vt 0.806791 0.336424
f 679/275/679 680/204/680 681/203/681
vt 0.740699 0.302121
vt 0.773993 0.316979
f 682/276/682 683/277/683 684/203/684
vt 0.704549 0.293012
f 685/278/685 686/276/686 687/202/687
vt 0.668387 0.290347
f 688/279/688 689/278/689 690/201/690
vt 0.633886 0.293763
f 691/280/691 692/279/692 693/200/693
vt 0.598073 0.303403
f 694/281/694 695/280/695 696/199/696
vt 0.565626 0.318882
f 697/282/697 698/281/698 699/198/699
vt 0.535028 0.340507
f 700/283/700 701/282/701 702/197/702
vt 0.506021 0.367769
f 703/284/703 704/283/704 705/196/705
vt 0.480296 0.399606
f 706/285/706 707/284/707 708/195/708
vt 0.457760 0.435972
f 709/286/709 710/285/710 711/194/711
vt 0.440230 0.474448
f 712/287/712 713/286/713 714/193/714
vt 0.425877 0.515453
f 715/288/715 716/287/716 717/191/717
f 718/242/718 719/288/719 720/190/720
vt 0.403537 0.514861
vt 0.420372 0.472309
f 721/289/721 722/290/722 723/287/723
vt 0.394903 0.560727
f 724/291/724 725/289/725 726/288/726
vt 0.441184 0.434384
f 727/290/727 728/292/728 729/286/729
vt 0.464804 0.397927
f 730/292/730 731/293/731 732/285/732
vt 0.489478 0.360817
f 733/293/733 734/294/734 735/284/735
vt 0.518321 0.329559
f 736/294/736 737/295/737 738/283/738
vt 0.550592 0.306944
f 739/295/739 740/296/740 741/282/741
vt 0.584812 0.291848
f 742/296/742 743/297/743 744/281/744
vt 0.622580 0.282729
f 745/297/745 746/298/746 747/280/747
vt 0.658848 0.279789
f 748/298/748 749/299/749 750/279/750
vt 0.696360 0.281909
f 751/299/751 752/300/752 753/278/753
vt 0.733752 0.290630
f 754/301/754 755/276/755 756/278/756
vt 0.768107 0.306679
f 757/302/757 758/277/758 759/276/759
vt 0.802751 0.327387
f 760/303/760 761/275/761 762/277/762
vt 0.834175 0.348685
f 763/304/763 764/274/764 765/275/765
vt 0.863652 0.380077
f 766/305/766 767/273/767 768/274/768
vt 0.888915 0.417034
f 769/305/769 770/306/770 771/272/771
vt 0.910312 0.460536
f 772/306/772 773/307/773 774/271/774
vt 0.925698 0.506001
f 775/308/775 776/269/776 777/271/777
vt 0.936825 0.554023
f 778/309/778 779/270/779 780/269/780
vt 0.947572 0.602494
f 781/310/781 782/268/782 783/270/783
vt 0.953198 0.652048
f 784/311/784 785/267/785 786/268/786
vt 0.954247 0.700597
f 787/312/787 788/266/788 789/267/789
vt 0.947672 0.749991
f 790/313/790 791/265/791 792/266/792
vt 0.936651 0.796933
f 793/314/793 794/264/794 795/265/795
vt 0.920449 0.841054
f 796/314/796 797/315/797 798/263/798
vt 0.900083 0.881974
f 799/315/799 800/316/800 801/262/801
vt 0.874515 0.919552
f 802/316/802 803/317/803 804/261/804
vt 0.846061 0.952233
f 805/318/805 806/260/806 807/261/807
vt 0.815296 0.979957
f 808/319/808 809/259/809 810/260/810
vt 0.782465 1.002493
f 811/320/811 812/258/812 813/259/813
vt 0.747672 1.018898
f 814/320/814 815/321/815 816/257/816
vt 0.711218 1.027585
f 817/321/817 818/322/818 819/255/819
vt 0.673796 1.029218
f 820/322/820 821/323/821 822/256/822
vt 0.636188 1.024365
f 823/324/823 824/254/824 825/256/825
vt 0.599468 1.014399
f 826/325/826 827/253/827 828/254/828
vt 0.564225 0.999196
f 829/326/829 830/252/830 831/253/831
vt 0.532045 0.975935
f 832/326/832 833/327/833 834/251/834
vt 0.504138 0.942083
f 835/327/835 836/328/836 837/249/837
vt 0.477689 0.906088
f 838/328/838 839/329/839 840/250/840
vt 0.452279 0.871012
f 841/330/841 842/248/842 843/250/843
vt 0.430168 0.833149
f 844/331/844 845/247/845 846/248/846
vt 0.410899 0.794733
f 847/332/847 848/246/848 849/247/849
vt 0.397361 0.749556
f 850/333/850 851/245/851 852/246/852
vt 0.388311 0.701448
f 853/334/853 854/244/854 855/245/855
vt 0.384823 0.653500
f 856/334/856 857/335/857 858/243/858
vt 0.386862 0.606717
f 859/335/859 860/336/860 861/241/861
f 862/336/862 863/291/863 864/242/864
vt 0.369328 0.651937
vt 0.371929 0.606003
f 865/337/865 866/338/866 867/336/867
vt 0.380847 0.559237
f 868/338/868 869/339/869 870/291/870
vt 0.373203 0.697978
f 871/340/871 872/337/872 873/335/873
f 874/340/874 875/334/875 876/333/876
vt 0.385958 0.746917
f 877/341/877 878/333/878 879/332/879
vt 0.401541 0.792194
f 880/342/880 881/332/881 882/331/882
vt 0.420819 0.831108
f 883/343/883 884/331/884 885/330/885
vt 0.442539 0.872030
f 886/344/886 887/330/887 888/329/888
vt 0.407095 0.468236
vt 0.429725 0.429407
f 889/345/889 890/346/890 891/292/891
vt 0.389701 0.512988
f 892/347/892 893/345/893 894/290/894
f 895/339/895 896/347/896 897/289/897
vt 0.387315 0.857678
vt 0.364808 0.814384
f 898/343/898 899/348/899 900/349/900
vt 0.347601 0.763306
f 901/342/901 902/349/902 903/350/903
vt 0.332179 0.707684
f 904/341/904 905/350/905 906/351/906
f 907/337/907 908/340/908 909/351/909
vt 0.322799 0.658279
f 910/338/910 911/337/911 912/352/912
vt 0.323965 0.601543
f 913/339/913 914/338/914 915/353/915
vt 0.326148 0.555707
f 916/347/916 917/339/917 918/354/918
vt 0.336866 0.508211
f 919/345/919 920/347/920 921/355/921
vt 0.358017 0.454071
f 922/346/922 923/345/923 924/356/924
f 925/5/925 926/1/926 927/3/927
f 928/96/928 929/4/929 930/5/930
f 931/2/931 932/6/932 933/3/933
f 934/6/934 935/8/935 936/7/936
f 937/8/937 938/10/938 939/9/939
f 940/10/940 941/12/941 942/11/942
f 943/12/943 944/14/944 945/13/945
f 946/14/946 947/16/947 948/15/948
f 949/16/949 950/18/950 951/17/951
f 952/19/952 953/18/953 954/21/954
f 955/21/955 956/20/956 957/23/957
f 958/23/958 959/22/959 960/25/960
f 961/25/961 962/24/962 963/27/963
f 964/27/964 965/26/965 966/29/966
f 967/28/967 968/30/968 969/29/969
f 970/31/970 971/30/971 972/33/972
f 973/33/973 974/32/974 975/35/975
f 976/34/976 977/36/977 978/35/978
f 979/37/979 980/36/980 981/39/981
f 982/38/982 983/40/983 984/39/984
f 985/40/985 986/42/986 987/41/987
f 988/42/988 989/44/989 990/43/990
f 991/44/991 992/46/992 993/45/993
f 994/46/994 995/48/995 996/47/996
f 997/48/997 998/50/998 999/49/999
f 1000/50/1000 1001/52/1001 1002/51/1002
f 1003/52/1003 1004/54/1004 1005/53/1005
f 1006/54/1006 1007/56/1007 1008/55/1008
f 1009/56/1009 1010/58/1010 1011/57/1011
f 1012/58/1012 1013/60/1013 1014/59/1014
f 1015/61/1015 1016/60/1016 1017/63/1017
f 1018/63/1018 1019/62/1019 1020/65/1020
f 1021/65/1021 1022/64/1022 1023/67/1023
f 1024/67/1024 1025/66/1025 1026/69/1026
f 1027/69/1027 1028/68/1028 1029/71/1029
f 1030/71/1030 1031/70/1031 1032/73/1032
f 1033/73/1033 1034/72/1034 1035/75/1035
f 1036/75/1036 1037/74/1037 1038/77/1038
f 1039/77/1039 1040/76/1040 1041/79/1041
f 1042/79/1042 1043/78/1043 1044/81/1044
f 1045/80/1045 1046/82/1046 1047/81/1047
f 1048/83/1048 1049/82/1049 1050/85/1050
f 1051/85/1051 1052/84/1052 1053/87/1053
f 1054/87/1054 1055/86/1055 1056/89/1056
f 1057/89/1057 1058/88/1058 1059/91/1059
f 1060/91/1060 1061/90/1061 1062/93/1062
f 1063/93/1063 1064/92/1064 1065/95/1065
f 1066/95/1066 1067/94/1067 1068/96/1068
f 1069/95/1069 1070/97/1070 1071/93/1071
f 1072/96/1072 1073/99/1073 1074/95/1074
f 1075/93/1075 1076/98/1076 1077/91/1077
f 1078/91/1078 1079/100/1079 1080/89/1080
f 1081/89/1081 1082/101/1082 1083/87/1083
f 1084/87/1084 1085/102/1085 1086/85/1086
f 1087/85/1087 1088/103/1088 1089/83/1089
f 1090/83/1090 1091/104/1091 1092/81/1092
f 1093/81/1093 1094/105/1094 1095/79/1095
f 1096/79/1096 1097/106/1097 1098/77/1098
f 1099/77/1099 1100/107/1100 1101/75/1101
f 1102/75/1102 1103/108/1103 1104/73/1104
f 1105/73/1105 1106/109/1106 1107/71/1107
f 1108/71/1108 1109/110/1109 1110/69/1110
f 1111/69/1111 1112/111/1112 1113/67/1113
f 1114/67/1114 1115/112/1115 1116/65/1116
f 1117/65/1117 1118/113/1118 1119/63/1119
f 1120/63/1120 1121/114/1121 1122/61/1122
f 1123/61/1123 1124/115/1124 1125/59/1125
f 1126/116/1126 1127/117/1127 1128/59/1128
f 1129/117/1129 1130/118/1130 1131/57/1131
f 1132/118/1132 1133/119/1133 1134/55/1134
f 1135/119/1135 1136/120/1136 1137/53/1137
f 1138/120/1138 1139/121/1139 1140/51/1140
f 1141/121/1141 1142/122/1142 1143/49/1143
f 1144/122/1144 1145/123/1145 1146/47/1146
f 1147/123/1147 1148/124/1148 1149/45/1149
f 1150/124/1150 1151/125/1151 1152/43/1152
f 1153/125/1153 1154/126/1154 1155/41/1155
f 1156/39/1156 1157/126/1157 1158/37/1158
f 1159/127/1159 1160/128/1160 1161/37/1161
f 1162/35/1162 1163/128/1163 1164/33/1164
f 1165/129/1165 1166/130/1166 1167/33/1167
f 1168/31/1168 1169/130/1169 1170/29/1170
f 1171/131/1171 1172/132/1172 1173/29/1173
f 1174/27/1174 1175/132/1175 1176/25/1176
f 1177/25/1177 1178/133/1178 1179/23/1179
f 1180/23/1180 1181/134/1181 1182/21/1182
f 1183/21/1183 1184/135/1184 1185/19/1185
f 1186/19/1186 1187/136/1187 1188/17/1188
f 1189/137/1189 1190/138/1190 1191/17/1191
f 1192/138/1192 1193/139/1193 1194/15/1194
f 1195/139/1195 1196/140/1196 1197/13/1197
f 1198/140/1198 1199/141/1199 1200/11/1200
f 1201/141/1201 1202/142/1202 1203/9/1203
f 1204/142/1204 1205/143/1205 1206/7/1206
f 1207/3/1207 1208/143/1208 1209/5/1209
f 1210/5/1210 1211/144/1211 1212/96/1212
f 1213/189/1213 1214/99/1214 1215/145/1215
f 1216/146/1216 1217/145/1217 1218/143/1218
f 1219/147/1219 1220/146/1220 1221/142/1221
f 1222/148/1222 1223/147/1223 1224/141/1224
f 1225/149/1225 1226/148/1226 1227/140/1227
f 1228/150/1228 1229/149/1229 1230/139/1230
f 1231/151/1231 1232/150/1232 1233/138/1233
f 1234/233/1234 1235/151/1235 1236/137/1236
f 1237/233/1237 1238/137/1238 1239/152/1239
f 1240/152/1240 1241/136/1241 1242/153/1242
f 1243/153/1243 1244/135/1244 1245/154/1245
f 1246/154/1246 1247/134/1247 1248/155/1248
f 1249/155/1249 1250/133/1250 1251/156/1251
f 1252/226/1252 1253/156/1253 1254/131/1254
f 1255/226/1255 1256/131/1256 1257/157/1257
f 1258/158/1258 1259/157/1259 1260/129/1260
f 1261/159/1261 1262/158/1262 1263/128/1263
f 1264/160/1264 1265/159/1265 1266/127/1266
f 1267/161/1267 1268/160/1268 1269/126/1269
f 1270/162/1270 1271/161/1271 1272/125/1272
f 1273/163/1273 1274/162/1274 1275/124/1275
f 1276/164/1276 1277/163/1277 1278/123/1278
f 1279/165/1279 1280/164/1280 1281/122/1281
f 1282/166/1282 1283/165/1283 1284/121/1284
f 1285/167/1285 1286/166/1286 1287/120/1287
f 1288/168/1288 1289/167/1289 1290/119/1290
f 1291/169/1291 1292/168/1292 1293/118/1293
f 1294/170/1294 1295/169/1295 1296/117/1296
f 1297/171/1297 1298/170/1298 1299/116/1299
f 1300/209/1300 1301/171/1301 1302/115/1302
f 1303/209/1303 1304/115/1304 1305/172/1305
f 1306/172/1306 1307/114/1307 1308/173/1308
f 1309/173/1309 1310/113/1310 1311/174/1311
f 1312/174/1312 1313/112/1313 1314/175/1314
f 1315/175/1315 1316/111/1316 1317/176/1317
f 1318/176/1318 1319/110/1319 1320/177/1320
f 1321/177/1321 1322/109/1322 1323/178/1323
f 1324/178/1324 1325/108/1325 1326/179/1326
f 1327/179/1327 1328/107/1328 1329/180/1329
f 1330/180/1330 1331/106/1331 1332/181/1332
f 1333/181/1333 1334/105/1334 1335/182/1335
f 1336/182/1336 1337/104/1337 1338/183/1338
f 1339/183/1339 1340/103/1340 1341/184/1341
f 1342/184/1342 1343/102/1343 1344/185/1344
f 1345/185/1345 1346/101/1346 1347/186/1347
f 1348/186/1348 1349/100/1349 1350/187/1350
f 1351/187/1351 1352/98/1352 1353/188/1353
f 1354/188/1354 1355/97/1355 1356/189/1356
f 1357/188/1357 1358/190/1358 1359/187/1359
f 1360/189/1360 1361/192/1361 1362/188/1362
f 1363/187/1363 1364/191/1364 1365/186/1365
f 1366/186/1366 1367/193/1367 1368/185/1368
f 1369/185/1369 1370/194/1370 1371/184/1371
f 1372/184/1372 1373/195/1373 1374/183/1374
f 1375/183/1375 1376/196/1376 1377/182/1377
f 1378/182/1378 1379/197/1379 1380/181/1380
f 1381/181/1381 1382/198/1382 1383/180/1383
f 1384/180/1384 1385/199/1385 1386/179/1386
f 1387/179/1387 1388/200/1388 1389/178/1389
f 1390/178/1390 1391/201/1391 1392/177/1392
f 1393/177/1393 1394/202/1394 1395/176/1395
f 1396/203/1396 1397/204/1397 1398/176/1398
f 1399/204/1399 1400/205/1400 1401/175/1401
f 1402/174/1402 1403/205/1403 1404/173/1404
f 1405/173/1405 1406/206/1406 1407/172/1407
f 1408/172/1408 1409/207/1409 1410/209/1410
f 1411/208/1411 1412/210/1412 1413/209/1413
f 1414/210/1414 1415/211/1415 1416/171/1416
f 1417/211/1417 1418/212/1418 1419/170/1419
f 1420/212/1420 1421/213/1421 1422/169/1422
f 1423/213/1423 1424/214/1424 1425/168/1425
f 1426/214/1426 1427/215/1427 1428/167/1428
f 1429/215/1429 1430/216/1430 1431/166/1431
f 1432/216/1432 1433/217/1433 1434/165/1434
f 1435/217/1435 1436/218/1436 1437/164/1437
f 1438/218/1438 1439/219/1439 1440/163/1440
f 1441/219/1441 1442/220/1442 1443/162/1443
f 1444/220/1444 1445/221/1445 1446/161/1446
f 1447/221/1447 1448/222/1448 1449/160/1449
f 1450/222/1450 1451/223/1451 1452/159/1452
f 1453/223/1453 1454/224/1454 1455/158/1455
f 1456/157/1456 1457/224/1457 1458/226/1458
f 1459/225/1459 1460/227/1460 1461/226/1461
f 1462/156/1462 1463/227/1463 1464/155/1464
f 1465/155/1465 1466/228/1466 1467/154/1467
f 1468/154/1468 1469/229/1469 1470/153/1470
f 1471/153/1471 1472/230/1472 1473/152/1473
f 1474/152/1474 1475/231/1475 1476/233/1476
f 1477/232/1477 1478/234/1478 1479/233/1479
f 1480/234/1480 1481/235/1481 1482/151/1482
f 1483/235/1483 1484/236/1484 1485/150/1485
f 1486/236/1486 1487/237/1487 1488/149/1488
f 1489/237/1489 1490/238/1490 1491/148/1491
f 1492/238/1492 1493/239/1493 1494/147/1494
f 1495/239/1495 1496/240/1496 1497/146/1497
f 1498/145/1498 1499/240/1499 1500/189/1500
f 1501/243/1501 1502/241/1502 1503/239/1503
f 1504/240/1504 1505/241/1505 1506/192/1506
f 1507/244/1507 1508/243/1508 1509/238/1509
f 1510/245/1510 1511/244/1511 1512/237/1512
f 1513/246/1513 1514/245/1514 1515/236/1515
f 1516/247/1516 1517/246/1517 1518/235/1518
f 1519/248/1519 1520/247/1520 1521/234/1521
f 1522/250/1522 1523/248/1523 1524/232/1524
f 1525/231/1525 1526/249/1526 1527/232/1527
f 1528/230/1528 1529/251/1529 1530/231/1530
f 1531/229/1531 1532/252/1532 1533/230/1533
f 1534/228/1534 1535/253/1535 1536/229/1536
f 1537/227/1537 1538/254/1538 1539/228/1539
f 1540/256/1540 1541/254/1541 1542/225/1542
f 1543/224/1543 1544/255/1544 1545/225/1545
f 1546/223/1546 1547/257/1547 1548/224/1548
f 1549/222/1549 1550/258/1550 1551/223/1551
f 1552/259/1552 1553/258/1553 1554/221/1554
f 1555/260/1555 1556/259/1556 1557/220/1557
f 1558/261/1558 1559/260/1559 1560/219/1560
f 1561/262/1561 1562/261/1562 1563/218/1563
f 1564/263/1564 1565/262/1565 1566/217/1566
f 1567/264/1567 1568/263/1568 1569/216/1569
f 1570/265/1570 1571/264/1571 1572/215/1572
f 1573/266/1573 1574/265/1574 1575/214/1575
f 1576/267/1576 1577/266/1577 1578/213/1578
f 1579/268/1579 1580/267/1580 1581/212/1581
f 1582/270/1582 1583/268/1583 1584/211/1584
f 1585/210/1585 1586/269/1586 1587/211/1587
f 1588/208/1588 1589/271/1589 1590/210/1590
f 1591/207/1591 1592/272/1592 1593/208/1593
f 1594/206/1594 1595/273/1595 1596/207/1596
f 1597/274/1597 1598/273/1598 1599/205/1599
f 1600/275/1600 1601/274/1601 1602/204/1602
f 1603/277/1603 1604/275/1604 1605/203/1605
f 1606/202/1606 1607/276/1607 1608/203/1608
f 1609/201/1609 1610/278/1610 1611/202/1611
f 1612/200/1612 1613/279/1613 1614/201/1614
f 1615/199/1615 1616/280/1616 1617/200/1617
f 1618/198/1618 1619/281/1619 1620/199/1620
f 1621/197/1621 1622/282/1622 1623/198/1623
f 1624/196/1624 1625/283/1625 1626/197/1626
f 1627/195/1627 1628/284/1628 1629/196/1629
f 1630/194/1630 1631/285/1631 1632/195/1632
f 1633/193/1633 1634/286/1634 1635/194/1635
f 1636/191/1636 1637/287/1637 1638/193/1638
f 1639/190/1639 1640/288/1640 1641/191/1641
f 1642/192/1642 1643/242/1643 1644/190/1644
f 1645/288/1645 1646/289/1646 1647/287/1647
f 1648/242/1648 1649/291/1649 1650/288/1650
f 1651/287/1651 1652/290/1652 1653/286/1653
f 1654/286/1654 1655/292/1655 1656/285/1656
f 1657/285/1657 1658/293/1658 1659/284/1659
f 1660/284/1660 1661/294/1661 1662/283/1662
f 1663/283/1663 1664/295/1664 1665/282/1665
f 1666/282/1666 1667/296/1667 1668/281/1668
f 1669/281/1669 1670/297/1670 1671/280/1671
f 1672/280/1672 1673/298/1673 1674/279/1674
f 1675/279/1675 1676/299/1676 1677/278/1677
f 1678/300/1678 1679/301/1679 1680/278/1680
f 1681/301/1681 1682/302/1682 1683/276/1683
f 1684/302/1684 1685/303/1685 1686/277/1686
f 1687/303/1687 1688/304/1688 1689/275/1689
f 1690/304/1690 1691/305/1691 1692/274/1692
f 1693/273/1693 1694/305/1694 1695/272/1695
f 1696/272/1696 1697/306/1697 1698/271/1698
f 1699/307/1699 1700/308/1700 1701/271/1701
f 1702/308/1702 1703/309/1703 1704/269/1704
f 1705/309/1705 1706/310/1706 1707/270/1707
f 1708/310/1708 1709/311/1709 1710/268/1710
f 1711/311/1711 1712/312/1712 1713/267/1713
f 1714/312/1714 1715/313/1715 1716/266/1716
f 1717/313/1717 1718/314/1718 1719/265/1719
f 1720/264/1720 1721/314/1721 1722/263/1722
f 1723/263/1723 1724/315/1724 1725/262/1725
f 1726/262/1726 1727/316/1727 1728/261/1728
f 1729/317/1729 1730/318/1730 1731/261/1731
f 1732/318/1732 1733/319/1733 1734/260/1734
f 1735/319/1735 1736/320/1736 1737/259/1737
f 1738/258/1738 1739/320/1739 1740/257/1740
f 1741/257/1741 1742/321/1742 1743/255/1743
f 1744/255/1744 1745/322/1745 1746/256/1746
f 1747/323/1747 1748/324/1748 1749/256/1749
f 1750/324/1750 1751/325/1751 1752/254/1752
f 1753/325/1753 1754/326/1754 1755/253/1755
f 1756/252/1756 1757/326/1757 1758/251/1758
f 1759/251/1759 1760/327/1760 1761/249/1761
f 1762/249/1762 1763/328/1763 1764/250/1764
f 1765/329/1765 1766/330/1766 1767/250/1767
f 1768/330/1768 1769/331/1769 1770/248/1770
f 1771/331/1771 1772/332/1772 1773/247/1773
f 1774/332/1774 1775/333/1775 1776/246/1776
f 1777/333/1777 1778/334/1778 1779/245/1779
f 1780/244/1780 1781/334/1781 1782/243/1782
f 1783/243/1783 1784/335/1784 1785/241/1785
f 1786/241/1786 1787/336/1787 1788/242/1788
f 1789/335/1789 1790/337/1790 1791/336/1791
f 1792/336/1792 1793/338/1793 1794/291/1794
f 1795/334/1795 1796/340/1796 1797/335/1797
f 1798/341/1798 1799/340/1799 1800/333/1800
f 1801/342/1801 1802/341/1802 1803/332/1803
f 1804/343/1804 1805/342/1805 1806/331/1806
f 1807/344/1807 1808/343/1808 1809/330/1809
f 1810/292/1810 1811/346/1811 1812/293/1812
f 1813/290/1813 1814/345/1814 1815/292/1815
f 1816/289/1816 1817/347/1817 1818/290/1818
f 1819/291/1819 1820/339/1820 1821/289/1821
f 1822/343/1822 1823/344/1823 1824/348/1824
f 1825/342/1825 1826/343/1826 1827/349/1827
f 1828/341/1828 1829/342/1829 1830/350/1830
f 1831/340/1831 1832/341/1832 1833/351/1833
f 1834/352/1834 1835/337/1835 1836/351/1836
f 1837/353/1837 1838/338/1838 1839/352/1839
f 1840/354/1840 1841/339/1841 1842/353/1842
f 1843/355/1843 1844/347/1844 1845/354/1845
f 1846/356/1846 1847/345/1847 1848/355/1848
# 616 faces, 356 coords texture

# End of File
