# Blender v2.76 (sub 0) OBJ File: ''
# www.blender.org
mtllib r_sclera.mtl
o r_sclera_r_sclera_r_Iris_r_Iris.001
v 4.657085 -0.116542 -15.318764
v 4.508446 -0.341426 -15.390629
v 4.485027 -0.325221 -15.374878
v 4.678463 -0.134761 -15.336483
v 4.853577 0.069860 -15.255756
v 4.872921 0.046544 -15.274460
v 5.070427 0.224828 -15.186840
v 5.303574 0.348394 -15.111034
v 5.086720 0.201543 -15.205544
v 5.549950 0.438573 -15.032276
v 5.316807 0.322088 -15.130722
v 5.804474 0.494268 -14.950562
v 5.560131 0.413244 -15.051968
v 6.063068 0.512517 -14.866879
v 5.811600 0.466924 -14.971237
v 6.322681 0.496312 -14.782211
v 6.067139 0.485173 -14.887554
v 6.576187 0.440618 -14.700500
v 6.321663 0.466924 -14.804855
v 6.821545 0.352453 -14.620758
v 6.572113 0.413244 -14.723145
v 7.054688 0.229894 -14.544949
v 6.814419 0.325109 -14.644382
v 7.269505 0.073888 -14.475048
v 7.042469 0.201543 -14.569561
v 7.463963 -0.111506 -14.412045
v 7.254234 0.048558 -14.499660
v 7.632965 -0.320155 -14.355927
v 7.445633 -0.132746 -14.436653
v 7.776512 -0.555140 -14.308670
v 7.612602 -0.341426 -14.382507
v 7.889523 -0.805354 -14.271259
v 7.753098 -0.571376 -14.335255
v 7.971989 -1.072810 -14.244678
v 7.864071 -0.819545 -14.297840
v 8.020855 -1.346278 -14.227943
v 7.944500 -1.079890 -14.271259
v 8.036125 -1.627925 -14.222034
v 7.992352 -1.351344 -14.254524
v 8.016785 -1.908503 -14.226959
v 8.007622 -1.627925 -14.248615
v 7.963844 -2.184016 -14.242710
v 7.988277 -1.903407 -14.254524
v 7.879341 -2.451442 -14.270275
v 7.936356 -2.174922 -14.269291
v 7.762260 -2.702662 -14.307686
v 7.851852 -2.437251 -14.295872
v 7.615658 -2.936671 -14.352970
v 7.736809 -2.686457 -14.333286
v 7.442581 -3.148371 -14.409088
v 7.593258 -2.915370 -14.378571
v 7.245071 -3.333735 -14.473083
v 7.422218 -3.125087 -14.432720
v 7.028217 -3.488734 -14.542980
v 7.228783 -3.308406 -14.494740
v 6.793037 -3.614344 -14.617805
v 7.014984 -3.461390 -14.563656
v 6.546661 -3.705531 -14.697548
v 6.783875 -3.581935 -14.638477
v 6.291122 -3.758174 -14.780243
v 6.540554 -3.673091 -14.716251
v 6.031509 -3.777430 -14.863926
v 6.289085 -3.725764 -14.798950
v 5.771896 -3.758174 -14.947605
v 6.033543 -3.744014 -14.880665
v 5.517372 -3.702479 -15.030304
v 5.778004 -3.725764 -14.964344
v 5.272011 -3.612329 -15.110050
v 5.527554 -3.670038 -15.046059
v 5.039886 -3.486720 -15.185856
v 5.286266 -3.581934 -15.124817
v 4.825069 -3.329707 -15.255756
v 5.057194 -3.459346 -15.198650
v 4.631634 -3.143306 -15.317776
v 4.845432 -3.305384 -15.268551
v 4.462631 -2.932611 -15.373894
v 4.655048 -3.122035 -15.331558
v 4.320099 -2.699610 -15.420162
v 4.488083 -2.915370 -15.386692
v 4.208107 -2.446376 -15.457577
v 4.347584 -2.683406 -15.432964
v 4.126659 -2.182002 -15.484158
v 4.236614 -2.437251 -15.470375
v 4.078808 -1.908503 -15.500893
v 4.156185 -2.174922 -15.496956
v 4.064556 -1.627925 -15.506802
v 4.108334 -1.903407 -15.513691
v 4.083900 -1.349330 -15.500893
v 4.094082 -1.627925 -15.519596
v 4.136841 -1.074824 -15.484158
v 4.113426 -1.351344 -15.514675
v 4.222359 -0.810420 -15.457577
v 4.165348 -1.081904 -15.498924
v 4.339439 -0.559230 -15.420162
v 4.249851 -0.819545 -15.472340
v 4.364891 -0.571376 -15.436901
v 8.167461 -0.729399 12.275623
v 8.974808 -1.627928 11.919238
v 8.908630 -0.634184 11.916278
v 8.179680 -2.526396 12.278583
v 8.918812 -2.622648 11.919238
v 8.002533 -3.412748 12.273653
v 8.725376 -3.602171 11.919237
v 7.709320 -4.264677 12.277591
v 8.398567 -4.548307 11.918254
v 7.305138 -5.075041 12.276607
v 7.950607 -5.443785 11.916278
v 6.797112 -5.823637 12.273653
v 7.387604 -6.271360 11.912349
v 6.194401 -6.501310 12.269716
v 6.720753 -7.022001 11.908411
v 5.509228 -7.094938 12.265780
v 5.960243 -7.676359 11.903490
v 4.750748 -7.595335 12.261844
v 5.121334 -8.230467 11.900530
v 3.938313 -8.006590 12.257907
v 4.221340 -8.678190 11.895609
v 3.077007 -8.301359 12.255939
v 3.269428 -9.006407 11.892656
v 2.184143 -8.477629 12.252977
v 2.281879 -9.200865 11.889705
v 1.277023 -8.535368 12.250025
v 1.279060 -9.262663 11.886751
v 0.367870 -8.484709 12.247080
v 0.276241 -9.202940 11.883791
v -0.526016 -8.311521 12.244121
v -0.711308 -9.013487 11.878870
v -1.386303 -8.019773 12.240184
v -1.662205 -8.688322 11.875925
v -2.201790 -7.617613 12.236239
v -2.561180 -8.242613 11.871982
v -2.954163 -7.113157 12.231318
v -3.390923 -7.686521 11.867061
v -3.631191 -6.517546 12.227382
v -4.139217 -7.027067 11.862131
v -4.222702 -5.838835 12.220492
v -4.791817 -6.279447 11.856227
v -4.716476 -5.089231 12.215571
v -5.334457 -5.449827 11.849338
v -5.105385 -4.283903 12.207698
v -5.763073 -4.559446 11.842447
v -5.383324 -3.430967 12.200801
v -6.069523 -3.620420 11.833583
v -5.544186 -2.551725 12.192928
v -6.245651 -2.647978 11.825710
v -5.588982 -1.657286 12.187015
v -6.294518 -1.661344 11.818820
v -5.519749 -0.760801 12.181110
v -6.217144 -0.674711 11.811923
v -5.335476 0.117464 12.177173
v -6.015560 0.296755 11.807002
v -5.024960 0.964296 12.186038
v -5.696899 1.237795 11.804057
v -4.603470 1.753389 12.194896
v -5.248936 2.125185 11.803064
v -4.697132 2.954805 11.803065
v -4.117840 2.506044 12.188007
v -4.047588 3.707430 11.804057
v -3.529381 3.184755 12.189975
v -3.305405 4.369906 11.806018
v -2.873730 3.794527 12.183078
v -2.478714 4.921969 11.810939
v -2.128490 4.306093 12.182095
v -1.592976 5.369722 11.817836
v -1.326233 4.705202 12.186038
v -0.660404 5.698946 11.825710
v -0.480202 5.002016 12.192928
v 0.308819 5.903566 11.833583
v 0.397392 5.188387 12.199818
v 1.296368 5.980532 11.842448
v 1.292297 5.254244 12.207698
v 2.287987 5.918764 11.850322
v 2.190250 5.202578 12.214581
v 3.264336 5.728304 11.858203
v 3.072937 5.022249 12.222461
v 4.213196 5.411257 11.866069
v 3.930168 4.736605 12.229358
v 5.115227 4.974642 11.872966
v 4.745659 4.343569 12.236240
v 5.951080 4.416506 11.880847
v 5.500065 3.839113 12.243137
v 6.704464 3.755037 11.888713
v 6.179131 3.236391 12.250026
v 7.371315 3.006441 11.896594
v 6.780823 2.560732 12.256923
v 7.935337 2.180880 11.902498
v 7.289867 1.814180 12.262828
v 8.385334 1.287417 11.909396
v 7.696087 1.005831 12.267749
v 8.712139 0.342348 11.912349
v 7.991333 0.153933 12.272670
v 9.838150 -0.515654 11.428966
v 9.615185 0.582399 11.425021
v 9.247658 1.640963 11.420099
v 8.742683 2.641756 11.414188
v 8.109428 3.569643 11.407298
v 7.360115 4.408388 11.399426
v 6.508991 5.143831 11.391544
v 5.570312 5.761751 11.383678
v 4.560368 6.251009 11.375796
v 3.499516 6.604525 11.368900
v 2.406086 6.813204 11.362019
v 1.297386 6.878023 11.354137
v 0.192757 6.794985 11.345279
v -0.890491 6.565035 11.336414
v -1.934032 6.198336 11.328540
v -2.922600 5.696932 11.320666
v -3.838882 5.069857 11.315746
v -4.668625 4.331423 11.311810
v -5.399616 3.490664 11.310825
v -6.018616 2.566805 11.310825
v -6.514427 1.571047 11.311809
v -6.878902 0.519594 11.315746
v -7.105938 -0.566282 11.321651
v -7.192474 -1.669432 11.329524
v -7.135460 -2.774595 11.337398
v -6.933876 -3.858457 11.346254
v -6.591801 -4.907926 11.355121
v -6.112282 -5.901640 11.362993
v -5.503460 -6.825468 11.369890
v -4.774506 -7.663206 11.375795
v -3.939674 -8.398619 11.379732
v -3.011173 -9.021574 11.384662
v -2.007336 -9.515928 11.388598
v -0.944450 -9.877563 11.392534
v 0.156105 -10.098387 11.395487
v 1.277023 -10.172331 11.398440
v 2.398960 -10.100431 11.400408
v 3.502571 -9.884672 11.403360
v 4.570549 -9.525053 11.406322
v 5.583546 -9.032713 11.410257
v 6.523243 -8.410765 11.415178
v 7.375385 -7.675352 11.419108
v 8.122665 -6.834562 11.423053
v 8.753880 -5.905699 11.426990
v 9.255802 -4.902830 11.429941
v 9.620277 -3.844297 11.431911
v 9.841202 -2.746244 11.431911
v 9.914505 -1.629942 11.430925
v 10.804317 -1.629942 10.733905
v 10.720833 -0.399168 10.731943
v 10.723888 -2.860685 10.734889
v 10.479546 -4.070188 10.734889
v 10.077400 -5.237120 10.732921
v 9.522541 -6.344297 10.728983
v 8.826164 -7.368406 10.725046
v 8.001514 -8.294279 10.720125
v 7.062832 -9.107695 10.716181
v 6.026417 -9.791471 10.711260
v 4.909573 -10.337461 10.707323
v 3.732658 -10.732512 10.704371
v 2.516041 -10.971586 10.702402
v 1.280079 -11.050596 10.700434
v 0.044117 -10.969543 10.698465
v -1.170467 -10.725431 10.695505
v -2.341270 -10.326292 10.692560
v -3.447933 -9.778257 10.688616
v -4.471115 -9.093534 10.684679
v -5.391472 -8.281096 10.679758
v -6.193729 -7.359281 10.674837
v -6.863628 -6.340269 10.668932
v -7.389980 -5.244230 10.661052
v -7.766674 -4.088407 10.653177
v -7.985565 -2.893095 10.644313
v -8.046650 -1.676512 10.636438
v -7.949932 -0.459928 10.628566
v -7.698463 0.735354 10.622653
v -7.296318 1.892183 10.618715
v -6.750622 2.990236 10.616748
v -6.068501 4.008272 10.616748
v -5.264210 4.935152 10.617732
v -4.350983 5.749575 10.621677
v -3.342052 6.439425 10.627575
v -2.255753 6.994539 10.634472
v -1.106327 7.400728 10.642352
v 0.085857 7.652956 10.651211
v 1.302475 7.746157 10.659084
v 2.524185 7.677279 10.666958
v 3.729603 7.447329 10.673855
v 4.899391 7.057314 10.679760
v 6.012165 6.518435 10.687640
v 7.047562 5.837710 10.694523
v 7.986240 5.028353 10.702402
v 8.812931 4.104525 10.710283
v 9.511341 3.080385 10.717166
v 10.068237 1.975252 10.724063
v 10.474453 0.807283 10.728984
v 11.752159 -0.267485 9.681482
v 11.478292 1.074709 9.678531
v 11.027279 2.370302 9.673601
v 10.408279 3.596010 9.666713
v 9.633511 4.730532 9.659824
v 8.716213 5.754641 9.652934
v 7.673687 6.653170 9.646037
v 6.526299 7.407808 9.639149
v 5.292374 8.006502 9.633244
v 3.996346 8.436007 9.628315
v 2.659592 8.691256 9.622410
v 1.305531 8.768252 9.616505
v -0.043438 8.662905 9.608630
v -1.363903 8.382296 9.600750
v -2.635498 7.929506 9.593861
v -3.838882 7.312594 9.585986
v -4.953693 6.546816 9.580082
v -5.965675 5.643221 9.577129
v -6.856503 4.617098 9.575160
v -7.610909 3.486605 9.576143
v -8.216675 2.270022 9.577129
v -8.662598 0.988619 9.582050
v -8.942570 -0.339384 9.588939
v -9.051506 -1.685636 9.596811
v -8.986351 -3.031889 9.604694
v -8.745064 -4.356840 9.611583
v -8.330700 -5.639280 9.618471
v -7.748352 -6.855863 9.625368
v -7.007183 -7.983305 9.629305
v -6.118385 -9.007414 9.633242
v -5.099277 -9.907928 9.637179
v -3.965126 -10.669706 9.641115
v -2.737309 -11.275450 9.644068
v -1.438225 -11.719145 9.647028
v -0.091290 -11.987577 9.648989
v 1.279060 -12.078764 9.650957
v 2.650429 -11.992643 9.651949
v 3.999397 -11.725218 9.652933
v 5.303574 -11.286589 9.655886
v 6.540554 -10.683867 9.658838
v 7.689976 -9.924131 9.662775
v 8.730465 -9.023619 9.667696
v 9.645729 -7.995451 9.672617
v 10.419479 -6.857878 9.677538
v 11.035423 -5.632170 9.680498
v 11.483383 -4.336576 9.683452
v 11.754196 -2.994383 9.683452
v 11.843788 -1.629942 9.683452
v 12.727489 -0.136808 8.249043
v 12.829298 -1.629942 8.251010
v 12.729527 -3.122038 8.251010
v 12.432243 -4.589841 8.250034
v 11.941525 -6.005979 8.247072
v 11.266529 -7.347166 8.243136
v 10.419479 -8.592100 8.238215
v 9.417675 -9.715483 8.233294
v 8.279453 -10.699064 8.228365
v 7.024147 -11.530729 8.224428
v 5.672119 -12.192198 8.222468
v 4.246796 -12.673368 8.221477
v 2.772598 -12.963072 8.220492
v 1.272953 -13.060331 8.220492
v -0.226696 -12.961027 8.218523
v -1.699875 -12.666258 8.217531
v -3.121128 -12.183105 8.215571
v -4.463989 -11.516539 8.212610
v -5.703007 -10.685911 8.210650
v -6.817818 -9.701292 8.207689
v -7.788059 -8.582975 8.204744
v -8.596420 -7.347166 8.201784
v -9.232727 -6.017118 8.197847
v -9.682724 -4.617186 8.193913
v -9.944374 -3.168638 8.187021
v -10.013599 -1.694761 8.180124
v -9.892452 -0.222929 8.172252
v -9.586006 1.227663 8.166348
v -9.100376 2.629641 8.162401
v -8.438618 3.959658 8.160442
v -7.612946 5.197513 8.159456
v -6.639648 6.318881 8.161427
v -5.535023 7.307528 8.164378
v -4.315346 8.145266 8.169299
v -3.002010 8.818880 8.176189
v -1.613335 9.315248 8.183086
v -0.170700 9.627260 8.188992
v 1.302475 9.740694 8.194897
v 2.782780 9.659670 8.198833
v 4.244759 9.381106 8.202769
v 5.661938 8.909060 8.205730
v 7.009892 8.254671 8.210651
v 8.265198 7.431125 8.215572
v 9.405460 6.448549 8.221478
v 10.408279 5.327181 8.228366
v 11.256348 4.085268 8.234271
v 11.934397 2.746126 8.241168
v 12.428171 1.329958 8.246089
v 13.119455 1.515352 6.773288
v 13.437099 -0.044615 6.776241
v 12.595139 3.019625 6.768367
v 11.874331 4.444858 6.762462
v 10.972301 5.766818 6.756549
v 9.905342 6.957034 6.751628
v 8.693813 8.001436 6.746707
v 7.360115 8.878664 6.742763
v 5.927662 9.573549 6.739818
v 4.421906 10.072968 6.737842
v 2.869320 10.369753 6.735873
v 1.296368 10.455843 6.732921
v -0.269455 10.332277 6.729968
v -1.801682 10.003054 6.725039
v -3.276897 9.475313 6.720119
v -4.673717 8.759127 6.715198
v -5.969746 7.866702 6.710277
v -7.144623 6.818271 6.707324
v -8.179005 5.627017 6.706340
v -9.055580 4.313173 6.706340
v -9.757046 2.897037 6.708308
v -10.272198 1.405947 6.712253
v -10.596970 -0.136808 6.718158
v -10.724228 -1.701841 6.724063
v -10.651947 -3.268919 6.729968
v -10.376045 -4.807614 6.733905
v -9.898560 -6.295682 6.736857
v -9.224583 -7.709775 6.738826
v -8.365311 -9.021574 6.739818
v -7.336025 -10.211851 6.741778
v -6.151985 -11.256193 6.742762
v -4.834576 -12.141569 6.744738
v -3.408230 -12.847593 6.745722
v -1.897385 -13.360168 6.747683
v -0.331562 -13.671141 6.748675
v 1.261753 -13.777494 6.749659
v 2.856083 -13.676206 6.749659
v 4.422924 -13.364195 6.750643
v 5.935806 -12.853666 6.750643
v 7.371315 -12.152708 6.752604
v 8.705013 -11.270384 6.755564
v 9.915524 -10.220976 6.759501
v 10.980446 -9.025663 6.764422
v 11.881456 -7.704740 6.769343
v 12.600227 -6.279447 6.774272
v 13.122509 -4.775206 6.777225
v 13.439137 -3.215208 6.778209
v 13.543999 -1.629942 6.778209
v 13.924765 0.023226 5.253230
v 14.034718 -1.627928 5.254207
v 13.924765 -3.280057 5.254207
v 13.595921 -4.902830 5.253230
v 13.051243 -6.467894 5.250270
v 12.302946 -7.950864 5.246333
v 11.366302 -9.327513 5.241412
v 10.257603 -10.569395 5.235507
v 8.998222 -11.660398 5.231569
v 7.611584 -12.580168 5.227625
v 6.119064 -13.311521 5.225664
v 4.545094 -13.843321 5.224680
v 2.914112 -14.165495 5.223688
v 1.255642 -14.272825 5.221720
v -0.402828 -14.163450 5.220743
v -2.032791 -13.838285 5.218767
v -3.604721 -13.304441 5.216799
v -5.090115 -12.571043 5.214830
v -6.461483 -11.651274 5.212862
v -7.693375 -10.562346 5.211879
v -8.764404 -9.325498 5.210887
v -9.656254 -7.959989 5.209910
v -10.356697 -6.488156 5.209910
v -10.852509 -4.940306 5.208926
v -11.138596 -3.338804 5.206958
v -11.214951 -1.705899 5.204005
v -11.083614 -0.075041 5.199077
v -10.748665 1.531557 5.194156
v -10.214165 3.084445 5.191203
v -9.484196 4.556307 5.190219
v -8.571987 5.923831 5.190219
v -7.495865 7.163669 5.191203
v -6.272118 8.256716 5.195140
v -4.922131 9.183565 5.199077
v -3.467278 9.929110 5.204005
v -1.930981 10.476107 5.207942
v -0.336651 10.819489 5.210887
v 1.293312 10.947146 5.213848
v 2.929386 10.859011 5.215816
v 4.546112 10.551058 5.217784
v 6.112953 10.030398 5.219751
v 7.602421 9.308169 5.222705
v 8.990078 8.393435 5.225665
v 10.250477 7.307528 5.229602
v 11.361214 6.067659 5.234523
v 12.298874 4.693057 5.240428
v 13.049206 3.210054 5.245349
v 13.594902 1.643008 5.250270
v 13.884041 1.725039 3.742030
v 14.222046 0.062746 3.746951
v 13.327145 3.328554 3.735133
v 12.560524 4.847017 3.727260
v 11.600464 6.254062 3.717410
v 10.464275 7.525301 3.708552
v 9.175373 8.637576 3.698710
v 7.754116 9.573550 3.689845
v 6.228001 10.314059 3.680003
v 4.623489 10.847873 3.669177
v 2.969090 11.160892 3.659328
v 1.293312 11.254062 3.650471
v -0.375336 11.121402 3.640621
v -2.008354 10.770905 3.630777
v -3.583340 10.206668 3.620936
v -5.074844 9.445926 3.610103
v -6.459446 8.498782 3.599277
v -7.712715 7.381503 3.591395
v -8.815311 6.112247 3.584514
v -9.748898 4.710299 3.579585
v -10.495159 3.203981 3.575647
v -11.041874 1.610567 3.575647
v -11.383953 -0.037535 3.575647
v -11.516304 -1.708951 3.577617
v -11.436893 -3.380368 3.579585
v -11.143684 -5.021359 3.580569
v -10.636673 -6.608702 3.582538
v -9.920956 -8.115994 3.585490
v -9.007729 -9.513913 3.589435
v -7.911243 -10.781125 3.595340
v -6.650848 -11.895383 3.602228
v -5.245884 -12.835446 3.611094
v -3.724854 -13.587064 3.620935
v -2.114239 -14.133054 3.630776
v -0.445587 -14.465329 3.641603
v 1.253609 -14.578763 3.651453
v 2.951782 -14.467343 3.662279
v 4.621452 -14.138120 3.672129
v 6.233089 -13.592130 3.681971
v 7.761242 -12.844571 3.691820
v 9.180462 -11.902493 3.701662
v 10.468346 -10.785184 3.712489
v 11.602499 -9.510861 3.723323
v 12.561541 -8.104855 3.732181
v 13.327145 -6.584379 3.740054
v 13.884041 -4.979825 3.744983
v 14.222046 -3.317533 3.747935
v 14.335056 -1.627928 3.748919
v 14.315712 0.073886 2.410991
v 14.429737 -1.627927 2.414927
v 14.315712 -3.329710 2.412959
v 13.975670 -5.000090 2.403117
v 13.415718 -6.615781 2.387362
v 12.646042 -8.143369 2.364718
v 11.681911 -9.562497 2.337153
v 10.541649 -10.843930 2.304667
v 9.247658 -11.969357 2.268244
v 7.820293 -12.916470 2.230822
v 6.283993 -13.671140 2.189478
v 4.662174 -14.219144 2.147150
v 2.983345 -14.550385 2.102846
v 1.273972 -14.662839 2.057558
v -0.434387 -14.550385 2.012270
v -2.114239 -14.216122 1.967966
v -3.734020 -13.666074 1.924654
v -5.265228 -12.909390 1.884287
v -6.677319 -11.962247 1.847864
v -7.945862 -10.841916 1.815379
v -9.048454 -9.566586 1.787807
v -9.965752 -8.157529 1.766147
v -10.684525 -6.644133 1.749408
v -11.194592 -5.046689 1.737597
v -11.489834 -3.394529 1.732677
v -11.570263 -1.710965 1.731691
v -11.436893 -0.026395 1.736613
v -11.093800 1.631869 1.745471
v -10.544025 3.233340 1.760242
v -9.792679 4.751803 1.778941
v -8.854000 6.162875 1.803561
v -7.746315 7.439211 1.831126
v -6.484901 8.565646 1.863612
v -5.093170 9.519870 1.898074
v -3.591484 10.285678 1.937449
v -2.006317 10.849918 1.977809
v -0.362103 11.203433 2.019169
v 1.315712 11.337161 2.061497
v 3.001671 11.244968 2.104816
v 4.665230 10.928897 2.148129
v 6.278904 10.393069 2.189479
v 7.814186 9.645480 2.229846
v 9.243584 8.705447 2.267253
v 10.540630 7.584078 2.301715
v 11.680893 6.304690 2.333217
v 12.646042 4.888554 2.360782
v 13.416737 3.360995 2.383426
v 13.976686 1.745303 2.400165
v 14.295349 0.059695 1.281779
v 13.959381 1.719974 1.259135
v 13.405537 3.319461 1.222705
v 12.644005 4.834871 1.174464
v 11.690056 6.239872 1.113429
v 10.560993 7.507083 1.043529
v 9.278198 8.617311 0.964763
v 7.864071 9.550265 0.877147
v 6.344063 10.290744 0.783618
v 4.746677 10.822543 0.684184
v 3.100422 11.137576 0.582790
v 1.431774 11.228732 0.480395
v -0.228733 11.096072 0.378994
v -1.855640 10.745578 0.279559
v -3.424519 10.186404 0.185046
v -4.908894 9.424655 0.096446
v -6.285355 8.479556 0.015723
v -7.531498 7.361239 -0.056145
v -8.626961 6.092959 -0.121125
v -9.555466 4.693058 -0.178224
v -10.298668 3.189792 -0.225484
v -10.844364 1.599429 -0.261907
v -11.185425 -0.044614 -0.288491
v -11.319813 -1.712979 -0.303254
v -11.241421 -3.380367 -0.303254
v -10.951267 -5.019346 -0.289472
v -10.446293 -6.602598 -0.261907
v -9.734646 -8.106900 -0.219571
v -8.826511 -9.501740 -0.164441
v -7.735115 -10.766965 -0.098481
v -6.479809 -11.879178 -0.020712
v -5.081970 -12.816190 0.065931
v -3.567051 -13.566800 0.159449
v -1.963558 -14.111783 0.259874
v -0.302032 -14.444028 0.363238
v 1.390030 -14.555447 0.469568
v 3.081081 -14.444028 0.575891
v 4.744640 -14.114835 0.680254
v 6.349152 -13.570859 0.780672
v 7.870178 -12.823270 0.875185
v 9.282269 -11.883267 0.963785
v 10.563030 -10.768979 1.044513
v 11.690056 -9.497708 1.116382
v 12.642988 -8.090665 1.177417
v 13.404520 -6.574244 1.225657
v 13.958363 -4.972744 1.261104
v 14.294331 -3.314511 1.282763
v 14.407339 -1.627927 1.289653
v 14.307566 -1.624875 0.320910
v 14.199650 0.020206 0.308109
v 14.198631 -3.272977 0.309093
v 13.872841 -4.893734 0.272670
v 13.334270 -6.455748 0.213595
v 12.595139 -7.937712 0.131885
v 11.669693 -9.311307 0.029506
v 10.575245 -10.551175 -0.091588
v 9.331139 -11.640134 -0.229421
v 7.959770 -12.556851 -0.381029
v 6.481503 -13.288236 -0.544455
v 4.920769 -13.817014 -0.716742
v 3.305061 -14.140164 -0.895922
v 1.660843 -14.246518 -1.077065
v 0.017647 -14.138120 -1.259197
v -1.597046 -13.814999 -1.437393
v -3.155743 -13.281155 -1.608696
v -4.626884 -12.549771 -1.770149
v -5.985016 -11.633054 -1.919800
v -7.204689 -10.549159 -2.052700
v -8.265541 -9.313319 -2.167885
v -9.148224 -7.950864 -2.263378
v -9.840527 -6.484065 -2.338203
v -10.330231 -4.940305 -2.387428
v -10.610207 -3.342862 -2.410072
v -10.681469 -1.718045 -2.407120
v -10.548100 -0.090207 -2.382507
v -10.212128 1.511325 -2.337223
v -9.681705 3.062167 -2.273232
v -8.958858 4.533023 -2.192501
v -8.056835 5.898502 -2.095032
v -6.994965 7.138372 -1.982800
v -5.787510 8.231387 -1.858757
v -4.454826 9.158237 -1.720928
v -3.016266 9.902774 -1.570297
v -1.494221 10.450809 -1.407856
v 0.086876 10.792148 -1.236553
v 1.700550 10.919803 -1.060329
v 3.321350 10.828616 -0.883122
v 4.921787 10.522708 -0.707879
v 6.473358 10.005099 -0.537568
v 7.950607 9.282840 -0.376107
v 9.326050 8.373172 -0.226464
v 10.573210 7.289310 -0.091588
v 11.669693 6.051456 0.028518
v 12.596155 4.681919 0.129916
v 13.335289 3.203982 0.211635
v 13.872841 1.640964 0.271686
v 14.042862 -0.044614 -0.586793
v 13.733364 1.509280 -0.637982
v 13.221264 3.008488 -0.721669
v 12.517763 4.428652 -0.835870
v 11.636097 5.742496 -0.979608
v 10.591536 6.931705 -1.147953
v 9.404442 7.972048 -1.339924
v 8.093140 8.844211 -1.552574
v 6.685123 9.536075 -1.780983
v 5.205833 10.035466 -2.022182
v 3.680737 10.330266 -2.270275
v 2.136292 10.416356 -2.522308
v 0.597958 10.294805 -2.772366
v -0.906780 9.965581 -3.015537
v -2.353489 9.438848 -3.245911
v -3.719765 8.721654 -3.460529
v -4.984234 7.830236 -3.656441
v -6.130608 6.778782 -3.833652
v -7.140553 5.585485 -3.992157
v -7.997784 4.273686 -4.130970
v -8.686012 2.862614 -4.245171
v -9.194042 1.376591 -4.333775
v -9.515759 -0.160090 -4.396782
v -9.647091 -1.718043 -4.431240
v -9.582951 -3.276028 -4.434193
v -9.319267 -4.805600 -4.401707
v -8.854000 -6.286557 -4.332790
v -8.195293 -7.693570 -4.228432
v -7.352314 -9.000331 -4.091591
v -6.341351 -10.186519 -3.927177
v -5.178688 -11.228848 -3.738155
v -3.885715 -12.109126 -3.526489
v -2.483803 -12.812129 -3.297100
v -1.000446 -13.322658 -3.054916
v 0.537891 -13.636683 -2.801899
v 2.103714 -13.741023 -2.544949
v 3.669537 -13.638697 -2.287994
v 5.207870 -13.329768 -2.034981
v 6.694286 -12.821256 -1.790825
v 8.102303 -12.120267 -1.558487
v 9.409531 -11.241025 -1.343864
v 10.594589 -10.193604 -1.149918
v 11.636097 -9.002347 -0.979608
v 12.516747 -7.684443 -0.835870
v 13.220245 -6.263272 -0.720677
v 13.731327 -4.762052 -0.637002
v 14.042862 -3.208126 -0.586793
v 14.146708 -1.624875 -0.570054
v 13.911530 -1.624875 -1.469879
v 13.814810 -0.134763 -1.490559
v 13.814810 -3.115964 -1.490559
v 13.525673 -4.580716 -1.552574
v 13.048187 -5.996854 -1.654964
v 12.393557 -7.336026 -1.796730
v 11.571957 -8.577909 -1.973938
v 10.600698 -9.701289 -2.183640
v 9.496071 -10.685908 -2.422874
v 8.276398 -11.516536 -2.687702
v 6.962044 -12.175990 -2.973202
v 5.575401 -12.656154 -3.274456
v 4.139893 -12.946864 -3.586544
v 2.678936 -13.044125 -3.903549
v 1.218994 -12.944850 -4.220558
v -0.215496 -12.649043 -4.531658
v -1.599083 -12.166865 -4.829960
v -2.907330 -11.502345 -5.112511
v -4.114784 -10.673762 -5.373402
v -5.200069 -9.690150 -5.606728
v -6.145874 -8.572841 -5.810516
v -6.932861 -7.338039 -5.978863
v -7.549824 -6.013059 -6.107830
v -7.983528 -4.617185 -6.193481
v -8.229908 -3.175746 -6.234833
v -8.288960 -1.710963 -6.233849
v -8.164753 -0.244166 -6.193481
v -7.862377 1.200322 -6.118660
v -7.387947 2.602269 -6.010368
v -6.744514 3.930303 -5.869587
v -5.944294 5.167149 -5.699268
v -5.004597 6.293552 -5.501385
v -3.937637 7.284215 -5.279873
v -2.759705 8.127048 -5.035717
v -1.487091 8.804723 -4.769905
v -0.138123 9.301061 -4.484402
v 1.265823 9.610021 -4.184132
v 2.702351 9.724492 -3.875000
v 4.146004 9.640416 -3.563900
v 5.569294 9.361852 -3.256737
v 6.950844 8.892858 -2.960403
v 8.266216 8.240484 -2.678841
v 9.488941 7.418948 -2.416965
v 10.597645 6.439427 -2.179703
v 11.571957 5.320071 -1.971973
v 12.393557 4.081211 -1.795746
v 13.049206 2.741062 -1.655949
v 13.526691 1.329959 -1.553566
v 13.473751 -0.251279 -2.479973
v 13.211082 1.102084 -2.547901
v 12.777378 2.406772 -2.660133
v 12.179756 3.642582 -2.814701
v 11.429424 4.784215 -3.007660
v 10.540630 5.817477 -3.237049
v 9.527630 6.723056 -3.497940
v 8.409767 7.481753 -3.786396
v 7.207401 8.085515 -4.097496
v 5.943951 8.519048 -4.425331
v 4.641815 8.777379 -4.763016
v 3.321350 8.856389 -5.106606
v 2.006996 8.752048 -5.447235
v 0.722164 8.468419 -5.779011
v -0.510742 8.008519 -6.094048
v -1.673401 7.384524 -6.389400
v -2.750542 6.606540 -6.660137
v -3.724854 5.689822 -6.907242
v -4.584126 4.651524 -7.126785
v -5.315113 3.509923 -7.316792
v -5.904591 2.282201 -7.472343
v -6.338295 0.988622 -7.589497
v -6.614197 -0.343440 -7.670227
v -6.726185 -1.699824 -7.711575
v -6.671211 -3.053157 -7.708618
v -6.443157 -4.383204 -7.661366
v -6.045086 -5.671687 -7.566856
v -5.480042 -6.897396 -7.425087
v -4.758217 -8.034938 -7.240002
v -3.892841 -9.068202 -7.015537
v -2.900204 -9.975825 -6.757599
v -1.795574 -10.743648 -6.471111
v -0.600338 -11.356502 -6.160015
v 0.664131 -11.802211 -5.830208
v 1.974415 -12.073695 -5.487602
v 3.308113 -12.164851 -5.139091
v 4.641815 -12.075709 -4.789593
v 5.953114 -11.809291 -4.445023
v 7.219620 -11.365596 -4.112263
v 8.419949 -10.757838 -3.798210
v 9.534756 -9.991999 -3.505817
v 10.543684 -9.081355 -3.242954
v 11.429424 -8.044063 -3.011600
v 12.177721 -6.897396 -2.816669
v 12.774323 -5.659542 -2.661118
v 13.208027 -4.354824 -2.547901
v 13.472733 -3.001491 -2.479973
v 13.560287 -1.624875 -2.456341
v 13.019682 -1.624873 -3.579651
v 12.943325 -0.386014 -3.602295
v 12.940269 -2.864713 -3.602295
v 12.705091 -4.083341 -3.671211
v 12.318218 -5.260434 -3.783440
v 11.786774 -6.374690 -3.938007
v 11.120943 -7.409940 -4.132938
v 10.330902 -8.343898 -4.364292
v 9.431931 -9.162379 -4.627155
v 8.438274 -9.852229 -4.918564
v 7.368259 -10.402278 -5.232616
v 6.240215 -10.801387 -5.564392
v 5.071445 -11.040431 -5.907982
v 3.881298 -11.122493 -6.255508
v 2.691151 -11.038417 -6.604019
v 1.521366 -10.792262 -6.945637
v 0.392303 -10.391139 -7.274456
v -0.675674 -9.841090 -7.584576
v -1.664242 -9.149226 -7.871063
v -2.554050 -8.329738 -8.128017
v -3.329838 -7.398799 -8.352478
v -3.977341 -6.370631 -8.536583
v -4.484352 -5.267512 -8.678345
v -4.842720 -4.106623 -8.773846
v -5.049393 -2.904231 -8.823067
v -5.103352 -1.683619 -8.827007
v -5.005615 -0.461970 -8.789597
v -4.760254 0.740453 -8.709850
v -4.372360 1.905339 -8.593681
v -3.846008 3.012517 -8.438129
v -3.192394 4.041723 -8.248123
v -2.422718 4.976690 -8.027599
v -1.549194 5.801244 -7.779507
v -0.585064 6.502202 -7.505817
v 0.457458 7.061374 -7.209484
v 1.562088 7.474704 -6.894444
v 2.712532 7.729922 -6.562672
v 3.889442 7.821109 -6.222034
v 5.070427 7.748172 -5.879429
v 6.236145 7.516208 -5.541748
v 7.365204 7.124210 -5.214893
v 8.437256 6.581242 -4.904781
v 9.433968 5.896457 -4.617310
v 10.335995 5.080998 -4.356419
v 11.127052 4.151126 -4.128017
v 11.793900 3.119907 -3.935055
v 12.324326 2.007664 -3.781471
v 12.710182 0.830569 -3.670223
v 12.157360 -0.543025 -4.850632
v 11.955776 0.522649 -4.911671
v 11.621843 1.550817 -5.013073
v 11.161667 2.523290 -5.152874
v 10.584408 3.423772 -5.328114
v 9.898216 4.236209 -5.535839
v 9.116322 4.949313 -5.772121
v 8.251965 5.548008 -6.033997
v 7.321426 6.024112 -6.315559
v 6.341007 6.367497 -6.612881
v 5.328007 6.574163 -6.920044
v 4.301773 6.636935 -7.232128
v 3.277573 6.557958 -7.543224
v 2.275772 6.337102 -7.844482
v 1.312656 5.979528 -8.132938
v 0.402485 5.490239 -8.404655
v -0.439476 4.879430 -8.655704
v -1.202026 4.160253 -8.884106
v -1.873966 3.342748 -9.085930
v -2.444099 2.441228 -9.260185
v -2.902241 1.475835 -9.400967
v -3.239227 0.454747 -9.507294
v -3.450989 -0.596675 -9.577190
v -3.532436 -1.669429 -9.610664
v -3.482552 -2.737117 -9.604755
v -3.299294 -3.790583 -9.557499
v -2.984703 -4.807612 -9.469883
v -2.540817 -5.774012 -9.340912
v -1.976795 -6.672511 -9.171581
v -1.300781 -7.486933 -8.968773
v -0.527035 -8.202113 -8.734463
v 0.330200 -8.807858 -8.473576
v 1.257679 -9.291041 -8.192005
v 2.238102 -9.640529 -7.892723
v 3.252121 -9.854243 -7.582607
v 4.285480 -9.927180 -7.266582
v 5.317825 -9.857295 -6.949577
v 6.332863 -9.647609 -6.637493
v 7.313282 -9.300166 -6.335251
v 8.242802 -8.818995 -6.049747
v 9.105122 -8.215266 -5.784920
v 9.885998 -7.501126 -5.545689
v 10.572193 -6.683650 -5.335007
v 11.151485 -5.778043 -5.157795
v 11.612680 -4.805600 -5.017014
v 11.949669 -3.774379 -4.914627
v 12.154305 -2.708735 -4.851620
v 12.223534 -1.627925 -4.830944
v 11.126034 -0.717219 -6.108818
v 11.181009 -1.627925 -6.092079
v 11.121960 -2.537532 -6.110786
v 10.950922 -3.434016 -6.163948
v 10.668911 -4.297086 -6.250587
v 10.282036 -5.116574 -6.370693
v 9.798443 -5.875302 -6.520336
v 9.224239 -6.563106 -6.698532
v 8.569607 -7.163784 -6.900352
v 7.847782 -7.670285 -7.123833
v 7.069962 -8.074458 -7.366016
v 6.249378 -8.367213 -7.621002
v 5.400291 -8.543483 -7.883862
v 4.535931 -8.601192 -8.152630
v 3.671574 -8.540431 -8.419426
v 2.822483 -8.360104 -8.681301
v 2.002922 -8.065333 -8.933331
v 1.227139 -7.661189 -9.171581
v 0.509384 -7.152644 -9.392105
v -0.139141 -6.550959 -9.589993
v -0.705200 -5.866175 -9.762276
v -1.178612 -5.109492 -9.904045
v -1.552250 -4.297084 -10.015293
v -1.818989 -3.440089 -10.091095
v -1.974758 -2.553736 -10.132446
v -2.019554 -1.653224 -10.140324
v -1.952358 -0.751673 -10.113739
v -1.777248 0.134679 -10.054672
v -1.494221 0.993657 -9.966068
v -1.110401 1.806066 -9.845959
v -0.631897 2.562780 -9.698284
v -0.066856 3.247533 -9.525997
v 0.574543 3.853307 -9.331066
v 1.283134 4.363836 -9.116447
v 2.048737 4.773076 -8.885094
v 2.858120 5.071935 -8.638969
v 3.699062 5.255254 -8.382999
v 4.558331 5.320073 -8.120140
v 5.418617 5.267431 -7.856297
v 6.266685 5.093175 -7.596390
v 7.087269 4.802465 -7.345345
v 7.865089 4.403354 -7.107094
v 8.586914 3.899907 -6.886570
v 9.240528 3.301213 -6.686714
v 9.813713 2.616460 -6.511475
v 10.296291 1.859746 -6.363804
v 10.680109 1.042302 -6.246647
v 10.958048 0.178228 -6.160995
v 9.777065 -0.197596 -7.305962
v 9.909416 -0.905635 -7.265602
v 9.558174 0.485173 -7.373890
v 9.256821 1.132451 -7.466434
v 8.877071 1.732152 -7.583591
v 8.426056 2.275090 -7.721420
v 7.910904 2.748143 -7.879921
v 7.341789 3.147252 -8.054176
v 6.727882 3.465337 -8.242218
v 6.081394 3.695287 -8.441082
v 5.411491 3.835088 -8.646843
v 4.731403 3.878606 -8.856541
v 4.051323 3.827977 -9.065254
v 3.385490 3.684148 -9.269047
v 2.743076 3.449102 -9.465942
v 2.136292 3.126989 -9.651031
v 1.573288 2.722814 -9.823315
v 1.064243 2.244695 -9.978867
v 0.616283 1.701757 -10.116695
v 0.237553 1.102086 -10.234833
v -0.065838 0.459844 -10.329346
v -0.288799 -0.220881 -10.400227
v -0.427258 -0.925898 -10.444530
v -0.478165 -1.641078 -10.464218
v -0.440495 -2.356227 -10.456345
v -0.314251 -3.060237 -10.421890
v -0.102489 -3.739924 -10.359863
v 0.193775 -4.385218 -10.272243
v 0.569450 -4.983882 -10.158043
v 1.017410 -5.527858 -10.021198
v 1.529510 -6.002925 -9.864662
v 2.096588 -6.405085 -9.690407
v 2.708458 -6.725154 -9.502369
v 3.354946 -6.960200 -9.302517
v 4.024849 -7.100978 -9.094791
v 4.706970 -7.150630 -8.884106
v 5.389091 -7.104029 -8.672443
v 6.058994 -6.962214 -8.463726
v 6.706501 -6.732264 -8.261906
v 7.321426 -6.412165 -8.070915
v 7.891560 -6.010035 -7.893703
v 8.407730 -5.534938 -7.733231
v 8.860783 -4.990962 -7.592449
v 9.242565 -4.390254 -7.474312
v 9.547993 -3.741999 -7.378819
v 9.770954 -3.057215 -7.309902
v 9.905342 -2.349116 -7.267567
v 9.952175 -1.627925 -7.252800
v 8.587933 -1.627925 -8.273720
v 8.557388 -1.110255 -8.282581
v 8.554337 -2.147547 -8.284550
v 8.456600 -2.656062 -8.315071
v 8.296757 -3.150416 -8.365280
v 8.077869 -3.614344 -8.433208
v 7.804005 -4.048915 -8.518860
v 7.479233 -4.438899 -8.620262
v 7.108646 -4.782283 -8.735451
v 6.699375 -5.069972 -8.862450
v 6.258541 -5.299922 -9.000278
v 5.793274 -5.467067 -9.145000
v 5.312737 -5.567347 -9.294640
v 4.823032 -5.601802 -9.446255
v 4.333332 -5.567347 -9.597866
v 3.852795 -5.465052 -9.747509
v 3.388546 -5.297908 -9.891247
v 2.949745 -5.065913 -10.026123
v 2.542511 -4.777217 -10.152134
v 2.175999 -4.433833 -10.264370
v 1.854282 -4.043849 -10.362816
v 1.583469 -3.612330 -10.444530
v 1.369671 -3.145320 -10.510494
v 1.214920 -2.656062 -10.555779
v 1.123291 -2.147547 -10.582363
v 1.094788 -1.631953 -10.589252
v 1.130417 -1.117366 -10.575470
v 1.228157 -0.608851 -10.543964
v 1.387997 -0.118556 -10.494740
v 1.605869 0.345403 -10.425823
v 1.878716 0.777898 -10.340172
v 2.202469 1.167913 -10.240738
v 2.570000 1.511327 -10.127522
v 2.975197 1.798986 -10.001511
v 3.413994 2.030950 -9.866634
v 3.876209 2.198125 -9.723881
v 4.355728 2.302434 -9.576210
v 4.844414 2.337896 -9.425579
v 5.333096 2.304479 -9.274952
v 5.813637 2.205175 -9.127277
v 6.277885 2.038060 -8.983540
v 6.717701 1.811162 -8.848667
v 7.125954 1.522466 -8.722649
v 7.494503 1.179052 -8.609432
v 7.817238 0.789037 -8.509998
v 8.089069 0.359533 -8.426319
v 8.305920 -0.107417 -8.360355
v 8.462708 -0.599726 -8.312115
v 7.511810 -0.882350 -8.921516
v 7.580021 -1.251063 -8.900845
v 7.398804 -0.526789 -8.955975
v 7.243034 -0.190486 -9.004219
v 7.046543 0.122533 -9.064270
v 6.813400 0.406163 -9.136139
v 6.546661 0.652318 -9.218834
v 6.252434 0.860997 -9.309410
v 5.934788 1.026098 -9.406876
v 5.598816 1.146642 -9.511230
v 5.251648 1.218541 -9.618538
v 4.898373 1.243871 -9.727821
v 4.544075 1.218541 -9.837097
v 4.196907 1.144597 -9.944405
v 3.861958 1.024053 -10.047779
v 3.544312 0.856939 -10.146229
v 3.249065 0.647252 -10.237785
v 2.983345 0.399053 -10.320484
v 2.749184 0.118444 -10.393337
v 2.551674 -0.195582 -10.455360
v 2.393871 -0.531886 -10.505569
v 2.277809 -0.886409 -10.541012
v 2.207558 -1.254115 -10.564640
v 2.182106 -1.629939 -10.572514
v 2.203487 -2.003718 -10.566608
v 2.271698 -2.372432 -10.546917
v 2.383690 -2.727992 -10.513447
v 2.538441 -3.064296 -10.465206
v 2.733913 -3.378321 -10.406136
v 2.967052 -3.658900 -10.334267
v 3.232777 -3.907099 -10.252556
v 3.527004 -4.118800 -10.161983
v 3.843632 -4.285945 -10.064518
v 4.179600 -4.406489 -9.961143
v 4.526768 -4.480433 -9.852852
v 4.881065 -4.503749 -9.742584
v 5.234344 -4.480433 -9.633308
v 5.582531 -4.408503 -9.525013
v 5.918499 -4.287959 -9.420658
v 6.237164 -4.120814 -9.321224
v 6.533424 -3.912165 -9.228680
v 6.801186 -3.662959 -9.145000
v 7.035343 -3.380366 -9.072147
v 7.233871 -3.067317 -9.010120
v 7.392696 -2.730037 -8.960896
v 7.507736 -2.372432 -8.924469
v 7.577988 -2.003718 -8.901829
v 7.602421 -1.627925 -8.893951
v 7.107628 -1.627925 -9.221790
v 7.089302 -1.326014 -9.226711
v 7.087269 -1.931788 -9.227695
v 7.031273 -2.228572 -9.246403
v 6.938625 -2.516291 -9.274952
v 6.810349 -2.787745 -9.315315
v 6.651524 -3.041011 -9.365524
v 6.462158 -3.268916 -9.424591
v 6.246323 -3.470485 -9.491539
v 6.008091 -3.637660 -9.565380
v 5.750515 -3.772364 -9.646103
v 5.479702 -3.869593 -9.730774
v 5.198708 -3.928370 -9.817406
v 4.914661 -3.946620 -9.906010
v 4.629597 -3.925318 -9.995602
v 4.349621 -3.867579 -10.082237
v 4.079826 -3.768306 -10.164936
v 3.824287 -3.633570 -10.244678
v 3.587070 -3.466456 -10.317528
v 3.374290 -3.263850 -10.383495
v 3.186962 -3.036952 -10.440594
v 3.030174 -2.785731 -10.489819
v 2.904949 -2.514247 -10.527229
v 2.815357 -2.226557 -10.555779
v 2.760380 -1.928736 -10.571529
v 2.744091 -1.627925 -10.575470
v 2.763435 -1.326014 -10.569561
v 2.820450 -1.031245 -10.550858
v 2.913094 -0.745600 -10.522305
v 3.040356 -0.474116 -10.481941
v 3.199181 -0.222926 -10.431732
v 3.387527 0.004003 -10.373646
v 3.602345 0.204564 -10.306702
v 3.839558 0.373723 -10.232864
v 4.095097 0.506444 -10.153122
v 4.364891 0.605718 -10.069439
v 4.644867 0.663457 -9.982803
v 4.928913 0.684697 -9.894199
v 5.213982 0.665471 -9.806576
v 5.492939 0.607732 -9.719944
v 5.763752 0.510503 -9.636261
v 6.019291 0.377782 -9.557499
v 6.256504 0.208623 -9.483665
v 6.471321 0.011113 -9.417702
v 6.658649 -0.215815 -9.359619
v 6.817474 -0.469050 -9.310394
v 6.942699 -0.740535 -9.271999
v 7.034325 -1.029231 -9.243446
v 6.737045 -1.130519 -9.661858
v 6.782856 -1.376673 -9.647091
v 6.661705 -0.894496 -9.685486
v 6.556843 -0.668605 -9.719944
v 6.426529 -0.459925 -9.760307
v 6.270760 -0.271510 -9.809532
v 6.093613 -0.107417 -9.864662
v 5.897121 0.030339 -9.926689
v 5.686375 0.138707 -9.992649
v 5.463413 0.217748 -10.062550
v 5.232307 0.266362 -10.135399
v 4.998146 0.280553 -10.208252
v 4.763985 0.264318 -10.282089
v 4.533894 0.215734 -10.353958
v 4.310936 0.134679 -10.423855
v 4.100189 0.023229 -10.489819
v 3.904716 -0.116542 -10.550858
v 3.728588 -0.280635 -10.605988
v 3.572819 -0.469050 -10.654228
v 3.441486 -0.675685 -10.695580
v 3.337639 -0.898555 -10.729050
v 3.260265 -1.135585 -10.753662
v 3.213432 -1.379725 -10.767445
v 3.196125 -1.627925 -10.773350
v 3.210377 -1.878077 -10.769413
v 3.254158 -2.122218 -10.754646
v 3.328476 -2.358241 -10.732002
v 3.430286 -2.584162 -10.700500
v 3.559582 -2.792811 -10.659153
v 3.713314 -2.981227 -10.610909
v 3.888424 -3.148371 -10.555779
v 4.083900 -3.287165 -10.494740
v 4.293625 -3.398585 -10.428780
v 4.516590 -3.479609 -10.358879
v 4.747696 -3.531276 -10.286030
v 4.982876 -3.547480 -10.212193
v 5.219070 -3.533290 -10.138351
v 5.451195 -3.484675 -10.065502
v 5.675175 -3.403620 -9.995602
v 5.887959 -3.294245 -9.927670
v 6.085468 -3.155482 -9.866634
v 6.263630 -2.988307 -9.809532
v 6.420418 -2.799922 -9.761292
v 6.552769 -2.591243 -9.718960
v 6.658649 -2.363307 -9.686470
v 6.735008 -2.126277 -9.661858
v 6.781837 -1.878077 -9.647091
v 6.798130 -1.627925 -9.642170
v 7.024147 -1.365535 -10.293903
v 7.039417 -1.627925 -10.288982
v 7.023129 -1.892268 -10.293903
v 6.974258 -2.152613 -10.308674
v 6.892811 -2.402827 -10.334267
v 6.782856 -2.639857 -10.369713
v 6.643379 -2.860682 -10.414009
v 6.479469 -3.060237 -10.466190
v 6.292141 -3.233454 -10.526245
v 6.085468 -3.380366 -10.592205
v 5.862503 -3.495814 -10.663086
v 5.627327 -3.581935 -10.738895
v 5.384003 -3.630549 -10.816669
v 5.136604 -3.646754 -10.896412
v 4.890228 -3.630549 -10.975170
v 4.647923 -3.577876 -11.052948
v 4.413761 -3.491786 -11.127769
v 4.193855 -3.373255 -11.198654
v 3.989220 -3.226344 -11.264614
v 3.804943 -3.050105 -11.323681
v 3.644085 -2.853572 -11.375862
v 3.509697 -2.632777 -11.420162
v 3.402798 -2.395747 -11.453636
v 3.325424 -2.147547 -11.479233
v 3.278591 -1.890254 -11.494984
v 3.265354 -1.627925 -11.498924
v 3.282661 -1.365535 -11.494003
v 3.332550 -1.110255 -11.478249
v 3.412979 -0.861079 -11.453636
v 3.522934 -0.627101 -11.418194
v 3.661392 -0.408290 -11.374878
v 3.824287 -0.211756 -11.322701
v 4.009579 -0.037532 -11.263630
v 4.214214 0.109349 -11.198654
v 4.435143 0.224828 -11.128754
v 4.668282 0.310949 -11.054920
v 4.910591 0.361577 -10.977142
v 5.155949 0.380834 -10.899368
v 5.401310 0.364629 -10.820606
v 5.643616 0.314977 -10.743816
v 5.876759 0.231908 -10.668995
v 6.098701 0.116430 -10.597126
v 6.303337 -0.030421 -10.532150
v 6.489651 -0.202632 -10.473080
v 6.652542 -0.399165 -10.419918
v 6.789986 -0.617976 -10.376602
v 6.896885 -0.854975 -10.335251
v 6.976295 -1.105189 -10.308674
v 7.349934 -1.083949 -11.815929
v 7.399822 -1.353389 -11.800179
v 7.269505 -0.824610 -11.842514
v 7.157516 -0.578456 -11.881889
v 7.014984 -0.350520 -11.927177
v 6.848015 -0.145900 -11.982311
v 6.655598 0.034368 -12.045319
v 6.443832 0.185338 -12.114231
v 6.215782 0.305883 -12.188072
v 5.974495 0.391973 -12.266830
v 5.724045 0.445653 -12.347557
v 5.469521 0.461858 -12.430256
v 5.216015 0.442632 -12.511967
v 4.965569 0.387914 -12.593681
v 4.724277 0.299810 -12.671459
v 4.495209 0.178228 -12.745293
v 4.283443 0.027288 -12.813225
v 4.091026 -0.153010 -12.875248
v 3.922024 -0.357630 -12.930378
v 3.779491 -0.585536 -12.975666
v 3.665466 -0.828669 -13.012093
v 3.581982 -1.089015 -13.039658
v 3.530060 -1.355403 -13.055408
v 3.510715 -1.627925 -13.060333
v 3.525986 -1.901393 -13.055408
v 3.572819 -2.168849 -13.039658
v 3.653248 -2.428157 -13.013077
v 3.763203 -2.674281 -12.976650
v 3.903698 -2.902217 -12.931366
v 4.069645 -3.108851 -12.876232
v 4.260029 -3.290187 -12.814209
v 4.470772 -3.443141 -12.746281
v 4.698826 -3.565699 -12.671459
v 4.940113 -3.653834 -12.593681
v 5.190563 -3.709559 -12.511967
v 5.446106 -3.728785 -12.429272
v 5.701645 -3.709559 -12.346573
v 5.953114 -3.658900 -12.264862
v 6.195419 -3.570796 -12.186100
v 6.426529 -3.450251 -12.112263
v 6.640324 -3.296290 -12.043350
v 6.833763 -3.115962 -11.980343
v 7.004803 -2.909327 -11.925213
v 7.147335 -2.679377 -11.878941
v 7.262379 -2.433192 -11.842514
v 7.345863 -2.172877 -11.815929
v 7.396767 -1.901393 -11.799194
v 7.415092 -1.627925 -11.794273
v 7.055706 -0.872221 12.479411
v 8.226509 -1.626890 12.277591
v 6.910118 -0.131742 12.479411
v 6.667812 0.582399 12.479411
v 6.500847 0.920717 12.479411
v 6.123135 1.574099 12.479411
v 6.332863 1.260073 12.479411
v 5.661938 2.171755 12.479411
v 5.912392 1.888125 12.479411
v 5.131516 2.710665 12.478435
v 5.412506 2.455385 12.479411
v 4.534912 3.177645 12.478436
v 4.850521 2.965944 12.478436
v 3.878246 3.556490 12.478436
v 4.219307 3.389376 12.478436
v 3.176781 3.846224 12.478436
v 3.537186 3.724642 12.478436
v 2.443756 4.046755 12.478436
v 2.816376 3.967745 12.478436
v 1.690369 4.151125 12.478436
v 2.071136 4.126803 12.478436
v 0.929855 4.151125 12.478436
v 1.309601 4.175417 12.478436
v 0.549088 4.126803 12.478436
v -0.198189 3.978884 12.478436
v 0.175449 4.052858 12.478436
v -0.921036 3.736818 12.478436
v -1.611298 3.409639 12.479411
v -2.253716 2.994295 12.479411
v -2.827919 2.491854 12.479411
v -3.078369 2.204165 12.479411
v -3.540581 1.599428 12.479411
v -3.328819 1.916475 12.479411
v -3.926437 0.943026 12.479411
v -3.753365 1.282351 12.479411
v -4.216595 0.242037 12.480394
v -4.099514 0.603670 12.480394
v -4.407997 -0.493376 12.480394
v -4.334694 -0.119596 12.480394
v -4.507767 -1.246000 12.480394
v -4.482315 -0.867155 12.480394
v -4.507767 -2.004728 12.480394
v -4.532204 -1.624876 12.480394
v -4.410030 -2.757383 12.480394
v -4.483334 -2.384611 12.480394
v -4.212521 -3.490751 12.480394
v -4.336727 -3.130155 12.480394
v -3.920330 -4.191740 12.479410
v -4.089333 -3.850370 12.480394
v -3.326782 -5.166227 12.479410
v -2.821808 -5.735502 12.479410
v -2.246590 -6.235929 12.479410
v -1.611298 -6.659330 12.479410
v -0.926125 -6.994627 12.479410
v -0.202263 -7.238768 12.479410
v 0.548073 -7.380583 12.478435
v 1.310619 -7.420103 12.478435
v 2.070118 -7.368406 12.478435
v 2.817394 -7.220549 12.478435
v 3.539223 -6.975370 12.479410
v 4.214214 -6.626951 12.479410
v 4.845432 -6.206541 12.478435
v 5.415562 -5.709165 12.478435
v 5.915443 -5.139891 12.479410
v 6.338970 -4.511839 12.480394
v 6.674942 -3.835173 12.480394
v 6.907066 -3.116972 12.446924
v 7.064869 -2.378508 12.473514
v 7.102539 -1.624876 12.479411
v 5.988747 -1.567103 -14.903305
v 5.978565 -1.592433 -14.906258
v 5.977547 -1.597499 -14.907246
v 5.974495 -1.624873 -14.908230
v 5.973476 -1.629939 -14.908230
v 5.976532 -1.657283 -14.907246
v 5.978565 -1.662318 -14.906258
v 5.987728 -1.687648 -14.903305
v 5.989765 -1.692744 -14.902321
v 6.005035 -1.716029 -14.897396
v 6.009109 -1.718043 -14.896416
v 6.028454 -1.734278 -14.889523
v 6.033543 -1.739314 -14.888538
v 6.055943 -1.748439 -14.880665
v 6.062050 -1.750483 -14.879677
v 6.086483 -1.752497 -14.871803
v 6.091576 -1.755519 -14.869831
v 6.117027 -1.750483 -14.861958
v 6.122116 -1.748439 -14.859989
v 6.145535 -1.739314 -14.852112
v 6.150623 -1.736293 -14.851128
v 6.169968 -1.720088 -14.844238
v 6.174042 -1.716029 -14.843250
v 6.189312 -1.694758 -14.838329
v 6.192364 -1.687648 -14.837345
v 6.202545 -1.664363 -14.834389
v 6.203564 -1.657283 -14.834389
v 6.207638 -1.631953 -14.832420
v 6.207638 -1.624873 -14.832420
v 6.204582 -1.599543 -14.834389
v 6.202545 -1.592433 -14.834389
v 6.193382 -1.567103 -14.837345
v 6.190327 -1.562037 -14.838329
v 6.176075 -1.541774 -14.843250
v 6.172005 -1.536738 -14.844238
v 6.152660 -1.520533 -14.851128
v 6.147572 -1.518519 -14.852112
v 6.125172 -1.507380 -14.859989
v 6.119064 -1.504328 -14.860973
v 6.094631 -1.502284 -14.868851
v 6.088520 -1.502284 -14.871803
v 6.064087 -1.504328 -14.879677
v 6.058994 -1.507380 -14.880665
v 6.035580 -1.518519 -14.888538
v 6.030491 -1.520533 -14.889523
v 6.011147 -1.536738 -14.896416
v 6.007072 -1.541774 -14.897396
v 5.991802 -1.562037 -14.902321
v 6.202545 -1.627925 -14.829468
v 6.198475 -1.597499 -14.831436
v 6.198475 -1.660304 -14.831436
v 6.187275 -1.567103 -14.835377
v 6.169968 -1.541774 -14.840298
v 6.146553 -1.522547 -14.848171
v 6.120079 -1.511409 -14.856049
v 6.090557 -1.507380 -14.865894
v 6.061031 -1.511409 -14.875740
v 6.034561 -1.522547 -14.884602
v 6.011147 -1.541774 -14.891495
v 5.992821 -1.567103 -14.897396
v 5.980602 -1.597499 -14.901337
v 5.977547 -1.627925 -14.902321
v 5.980602 -1.660304 -14.901337
v 5.991802 -1.687648 -14.897396
v 6.009109 -1.712977 -14.891495
v 6.032524 -1.734278 -14.884602
v 6.060013 -1.745417 -14.875740
v 6.088520 -1.750483 -14.865894
v 6.118046 -1.745417 -14.856049
v 6.145535 -1.734278 -14.848171
v 6.168949 -1.712977 -14.840298
v 6.186256 -1.687648 -14.835377
v 7.079124 -1.249052 12.479411
v 6.982403 -0.502500 12.479411
v 6.788967 0.224825 12.479411
v -0.559612 3.857363 12.478436
v -1.266167 3.572695 12.478436
v -1.931999 3.201967 12.479411
v -2.540817 2.743075 12.479411
v -3.538544 -4.849180 12.479410
v -3.751328 -4.533110 12.479410
v -3.074295 -5.450865 12.479410
v -2.534706 -5.985716 12.479410
v -1.928944 -6.447599 12.479410
v -1.268204 -6.827482 12.479410
v -0.563683 -7.117216 12.479410
v 0.173412 -7.309660 12.478435
v 0.929855 -7.400816 12.478435
v 1.690369 -7.394773 12.478435
v 2.443756 -7.294462 12.478435
v 3.177799 -7.097959 12.478435
v 3.876209 -6.801145 12.479410
v 4.529823 -6.417234 12.478435
v 5.130497 -5.958372 12.478435
v 5.666012 -5.424528 12.478435
v 6.127209 -4.825865 12.479410
v 6.506954 -4.173521 12.480394
v 6.791004 -3.476560 12.463663
v 6.985458 -2.748258 12.460711
v 7.084213 -2.001676 12.476459
vt -0.328600 -0.094100
vt -0.332200 -0.099100
vt -0.331100 -0.099200
vt -0.329700 -0.094000
vt -0.326800 -0.089300
vt -0.327900 -0.089300
vt -0.325800 -0.084900
vt -0.325200 -0.080700
vt -0.326800 -0.084900
vt -0.325300 -0.076800
vt -0.326200 -0.080800
vt -0.325800 -0.073000
vt -0.326200 -0.076800
vt -0.326800 -0.069300
vt -0.326700 -0.073100
vt -0.328100 -0.065800
vt -0.327600 -0.069400
vt -0.330000 -0.062400
vt -0.329000 -0.066000
vt -0.332300 -0.059000
vt -0.330800 -0.062600
vt -0.335100 -0.055600
vt -0.333100 -0.059200
vt -0.338500 -0.052400
vt -0.336000 -0.055900
vt -0.342500 -0.049100
vt -0.339300 -0.052700
vt -0.347000 -0.045900
vt -0.343200 -0.049500
vt -0.352400 -0.042800
vt -0.347800 -0.046300
vt -0.358500 -0.039600
vt -0.353200 -0.043200
vt -0.365800 -0.036500
vt -0.359300 -0.040100
vt -0.374300 -0.033400
vt -0.366500 -0.037100
vt -0.385400 -0.030900
vt -0.375100 -0.034200
vt -0.396800 -0.033400
vt -0.385400 -0.032000
vt -0.405700 -0.036400
vt -0.396000 -0.034200
vt -0.413100 -0.039500
vt -0.404900 -0.037100
vt -0.419300 -0.042600
vt -0.412300 -0.040100
vt -0.424600 -0.045700
vt -0.418500 -0.043100
vt -0.429100 -0.048800
vt -0.423800 -0.046100
vt -0.432800 -0.051800
vt -0.428300 -0.049100
vt -0.436000 -0.054800
vt -0.432100 -0.052100
vt -0.438600 -0.057800
vt -0.435200 -0.055100
vt -0.440600 -0.060800
vt -0.437800 -0.058000
vt -0.442200 -0.063800
vt -0.439900 -0.061000
vt -0.443300 -0.066800
vt -0.441500 -0.064000
vt -0.444100 -0.069800
vt -0.442600 -0.066900
vt -0.444400 -0.072800
vt -0.443300 -0.069900
vt -0.444300 -0.075800
vt -0.443600 -0.072900
vt -0.443900 -0.078800
vt -0.443600 -0.075800
vt -0.443000 -0.081900
vt -0.443100 -0.078800
vt -0.441800 -0.084900
vt -0.442300 -0.081800
vt -0.440200 -0.088000
vt -0.441100 -0.084900
vt -0.438100 -0.091100
vt -0.439500 -0.087900
vt -0.435500 -0.094400
vt -0.437300 -0.091000
vt -0.432300 -0.097700
vt -0.434800 -0.094200
vt -0.428600 -0.101100
vt -0.431600 -0.097500
vt -0.424100 -0.104600
vt -0.427900 -0.100800
vt -0.418900 -0.108200
vt -0.423400 -0.104300
vt -0.412600 -0.112000
vt -0.418100 -0.107800
vt -0.405200 -0.116000
vt -0.411800 -0.111500
vt -0.396300 -0.120200
vt -0.404400 -0.115400
vt -0.335900 -0.104700
vt -0.334600 -0.105000
vt 0.610400 0.974500
vt 0.572700 0.957900
vt 0.610200 0.957300
vt 0.535500 0.975300
vt 0.535400 0.958300
vt 0.498400 0.975600
vt 0.498400 0.958700
vt 0.461700 0.975800
vt 0.461600 0.959000
vt 0.425000 0.975800
vt 0.425000 0.959000
vt 0.388600 0.975600
vt 0.388600 0.958900
vt 0.352300 0.975200
vt 0.352300 0.958500
vt 0.316200 0.974600
vt 0.316100 0.958000
vt 0.280200 0.973800
vt 0.280100 0.957300
vt 0.244300 0.972600
vt 0.244200 0.956200
vt 0.208700 0.971500
vt 0.208300 0.955100
vt 0.173200 0.970400
vt 0.172500 0.954000
vt 0.137700 0.969300
vt 0.136800 0.952900
vt 0.102200 0.967900
vt 0.101000 0.951500
vt 0.066700 0.966800
vt 0.065000 0.950200
vt 0.031100 0.965700
vt 0.028800 0.949100
vt -0.004700 0.964800
vt -0.007600 0.948000
vt -0.040700 0.964100
vt -0.044300 0.947000
vt -0.076800 0.963600
vt -0.081500 0.946200
vt -0.113300 0.963300
vt -0.119100 0.945600
vt -0.150100 0.963500
vt -0.157200 0.945400
vt -0.187200 0.964000
vt -0.195900 0.945400
vt -0.224800 0.965000
vt -0.235300 0.945800
vt -0.262600 0.966400
vt -0.275500 0.946700
vt -0.300600 0.968400
vt -0.316200 0.947800
vt -0.338700 0.970500
vt -0.357400 0.948900
vt -0.375900 0.972300
vt -0.398600 0.949100
vt -0.410600 0.972300
vt -0.438000 0.944500
vt -0.435700 0.953600
vt -0.472800 0.932900
vt 1.394300 0.966500
vt 1.387300 0.927900
vt 1.433500 0.946600
vt 1.348900 0.969000
vt 1.328900 0.949200
vt 1.301300 0.974500
vt 1.278300 0.950500
vt 1.256800 0.973100
vt 1.229400 0.950000
vt 1.212100 0.971100
vt 1.182300 0.948900
vt 1.168300 0.969400
vt 1.136700 0.948000
vt 1.125300 0.967900
vt 1.092200 0.947400
vt 1.083100 0.966800
vt 1.048800 0.947200
vt 1.041400 0.966200
vt 1.006200 0.947500
vt 1.000400 0.966000
vt 0.964300 0.948100
vt 0.959800 0.966500
vt 0.923000 0.948900
vt 0.919600 0.967000
vt 0.882300 0.949900
vt 0.879900 0.967700
vt 0.842100 0.951100
vt 0.840400 0.968700
vt 0.802400 0.952400
vt 0.801200 0.970000
vt 0.763200 0.953500
vt 0.762600 0.971000
vt 0.724500 0.954500
vt 0.724200 0.971900
vt 0.686100 0.955500
vt 0.686000 0.972800
vt 0.647900 0.956400
vt 0.648100 0.973700
vt 0.609800 0.937400
vt 0.647800 0.936400
vt 0.686000 0.935400
vt 0.724700 0.934300
vt 0.763900 0.933000
vt 0.803700 0.931700
vt 0.844000 0.930300
vt 0.885000 0.928900
vt 0.926700 0.927600
vt 0.969100 0.926400
vt 1.012300 0.925400
vt 1.056600 0.924600
vt 1.102100 0.924000
vt 1.149100 0.923800
vt 1.197900 0.923700
vt 1.248800 0.923500
vt 1.302300 0.922500
vt 1.359500 0.917600
vt 1.424200 0.898000
vt 1.477600 0.920700
vt -0.515000 0.906200
vt -0.467300 0.906900
vt -0.423900 0.919000
vt -0.378200 0.921400
vt -0.333200 0.922000
vt -0.289100 0.922200
vt -0.246400 0.922400
vt -0.204900 0.922900
vt -0.164500 0.923600
vt -0.125000 0.924600
vt -0.086200 0.925700
vt -0.048100 0.926900
vt -0.010500 0.928200
vt 0.026500 0.929600
vt 0.063300 0.931000
vt 0.099600 0.932400
vt 0.135800 0.933800
vt 0.171800 0.935000
vt 0.207800 0.936100
vt 0.243800 0.937200
vt 0.279800 0.938000
vt 0.315900 0.938800
vt 0.352100 0.939300
vt 0.388400 0.939600
vt 0.424800 0.939700
vt 0.461400 0.939600
vt 0.498100 0.939300
vt 0.535100 0.938800
vt 0.572400 0.938100
vt 0.572000 0.918800
vt 0.609500 0.917900
vt 0.534800 0.919600
vt 0.497900 0.920100
vt 0.461200 0.920500
vt 0.424600 0.920700
vt 0.388200 0.920800
vt 0.352000 0.920400
vt 0.315800 0.919900
vt 0.279600 0.919200
vt 0.243500 0.918300
vt 0.207400 0.917200
vt 0.171400 0.916000
vt 0.135200 0.914700
vt 0.098700 0.913200
vt 0.062000 0.911600
vt 0.024900 0.909900
vt -0.012800 0.908100
vt -0.051100 0.906400
vt -0.090000 0.904600
vt -0.129800 0.902900
vt -0.170600 0.901300
vt -0.212600 0.899700
vt -0.256000 0.898100
vt -0.301200 0.896600
vt -0.348200 0.894700
vt -0.397000 0.892000
vt -0.447100 0.886100
vt -0.491600 0.855200
vt -0.554300 0.874600
vt 1.457900 0.868400
vt 1.520000 0.890200
vt 1.388700 0.881900
vt 1.324700 0.892000
vt 1.266400 0.895400
vt 1.211800 0.897200
vt 1.160100 0.898500
vt 1.110800 0.899800
vt 1.063400 0.901200
vt 1.017500 0.902700
vt 0.973000 0.904200
vt 0.929500 0.906000
vt 0.887000 0.907800
vt 0.845300 0.909600
vt 0.804500 0.911300
vt 0.764300 0.912800
vt 0.724800 0.914300
vt 0.685800 0.915600
vt 0.647400 0.916800
vt 0.608800 0.894500
vt 0.646800 0.893200
vt 0.685400 0.891700
vt 0.724600 0.890100
vt 0.764400 0.888200
vt 0.805000 0.886200
vt 0.846500 0.884100
vt 0.888800 0.881900
vt 0.932200 0.879500
vt 0.976800 0.877100
vt 1.022500 0.874600
vt 1.069900 0.871900
vt 1.119400 0.869300
vt 1.171300 0.866500
vt 1.226300 0.863300
vt 1.285000 0.859000
vt 1.348800 0.851900
vt 1.421700 0.831500
vt 1.494900 0.827900
vt 1.567000 0.847200
vt -0.598600 0.830800
vt -0.524200 0.814000
vt -0.470800 0.842500
vt -0.415800 0.853800
vt -0.363000 0.859800
vt -0.312800 0.864100
vt -0.265100 0.867600
vt -0.219600 0.870600
vt -0.176000 0.873500
vt -0.134000 0.876200
vt -0.093300 0.878800
vt -0.053500 0.881300
vt -0.014800 0.883700
vt 0.023400 0.886000
vt 0.060900 0.888000
vt 0.097900 0.889900
vt 0.134500 0.891600
vt 0.170900 0.893100
vt 0.207000 0.894500
vt 0.243100 0.895600
vt 0.279200 0.896500
vt 0.315300 0.897200
vt 0.351400 0.897700
vt 0.387700 0.897900
vt 0.424100 0.898000
vt 0.460600 0.897700
vt 0.497300 0.897200
vt 0.534200 0.896500
vt 0.571300 0.895700
vt 0.607800 0.869000
vt 0.570300 0.870300
vt 0.533200 0.871400
vt 0.496300 0.872300
vt 0.459700 0.872900
vt 0.423300 0.873100
vt 0.387000 0.873300
vt 0.350800 0.873100
vt 0.314800 0.872700
vt 0.278800 0.872000
vt 0.242800 0.871000
vt 0.206800 0.869700
vt 0.170700 0.868300
vt 0.134400 0.866500
vt 0.097700 0.864500
vt 0.060600 0.862200
vt 0.022800 0.859600
vt -0.015600 0.856800
vt -0.054800 0.853700
vt -0.094900 0.850200
vt -0.136300 0.846500
vt -0.179300 0.842500
vt -0.224100 0.838000
vt -0.271100 0.832900
vt -0.320900 0.827000
vt -0.373800 0.819600
vt -0.430200 0.809300
vt -0.489100 0.790700
vt -0.551400 0.764100
vt -0.633700 0.774900
vt 1.527800 0.778200
vt 1.609500 0.793100
vt 1.453400 0.766800
vt 1.369900 0.804300
vt 1.300800 0.816500
vt 1.238200 0.824200
vt 1.180300 0.830000
vt 1.126000 0.834800
vt 1.075000 0.839200
vt 1.026100 0.843100
vt 0.979100 0.846700
vt 0.933700 0.850100
vt 0.889600 0.853300
vt 0.846800 0.856200
vt 0.804800 0.858900
vt 0.763900 0.861400
vt 0.723800 0.863700
vt 0.684500 0.865700
vt 0.645900 0.867500
vt 0.644500 0.844600
vt 0.606500 0.846400
vt 0.683100 0.842500
vt 0.722500 0.840200
vt 0.762800 0.837500
vt 0.803800 0.834500
vt 0.845900 0.831200
vt 0.889100 0.827600
vt 0.933500 0.823600
vt 0.979400 0.819300
vt 1.027000 0.814600
vt 1.076700 0.809300
vt 1.129200 0.803400
vt 1.184800 0.796400
vt 1.244500 0.788000
vt 1.309800 0.776900
vt 1.382800 0.759400
vt 1.468900 0.722900
vt 1.548500 0.730100
vt 1.636100 0.740000
vt -0.565100 0.716400
vt -0.651600 0.721300
vt -0.497300 0.742100
vt -0.436200 0.768200
vt -0.377900 0.782600
vt -0.323500 0.793100
vt -0.272600 0.801500
vt -0.224800 0.808500
vt -0.179400 0.814600
vt -0.136100 0.819900
vt -0.094500 0.824700
vt -0.054200 0.829000
vt -0.014900 0.832800
vt 0.023500 0.836200
vt 0.061100 0.839300
vt 0.098200 0.841900
vt 0.134800 0.844200
vt 0.171000 0.846200
vt 0.207000 0.847900
vt 0.242800 0.849200
vt 0.278500 0.850300
vt 0.314300 0.851000
vt 0.350300 0.851400
vt 0.386300 0.851600
vt 0.422500 0.851400
vt 0.458800 0.850900
vt 0.495200 0.850200
vt 0.532000 0.849300
vt 0.569000 0.848000
vt 0.605000 0.825200
vt 0.567600 0.827000
vt 0.530600 0.828400
vt 0.494100 0.829600
vt 0.457800 0.830500
vt 0.421600 0.831000
vt 0.385600 0.831200
vt 0.349800 0.831100
vt 0.314100 0.830700
vt 0.278600 0.829900
vt 0.243000 0.828800
vt 0.207500 0.827400
vt 0.171800 0.825600
vt 0.135800 0.823400
vt 0.099500 0.820700
vt 0.062600 0.817700
vt 0.025200 0.814200
vt -0.013000 0.810200
vt -0.052200 0.805600
vt -0.092400 0.800500
vt -0.133800 0.794700
vt -0.177100 0.788100
vt -0.222500 0.780400
vt -0.270400 0.771500
vt -0.321500 0.760800
vt -0.376500 0.747300
vt -0.435500 0.728800
vt -0.496300 0.695700
vt -0.568100 0.669700
vt -0.658600 0.668700
vt 1.652700 0.686400
vt 1.559100 0.682000
vt 1.474800 0.679500
vt 1.388500 0.715400
vt 1.313000 0.738500
vt 1.246200 0.753100
vt 1.185300 0.764100
vt 1.129000 0.773100
vt 1.076100 0.780800
vt 1.025800 0.787400
vt 0.977900 0.793300
vt 0.931800 0.798600
vt 0.887300 0.803300
vt 0.844000 0.807600
vt 0.801900 0.811500
vt 0.760800 0.814900
vt 0.720700 0.818000
vt 0.681400 0.820800
vt 0.642800 0.823200
vt 0.640900 0.803100
vt 0.603100 0.805400
vt 0.679200 0.800300
vt 0.718400 0.797200
vt 0.758400 0.793600
vt 0.799300 0.789700
vt 0.841200 0.785200
vt 0.884300 0.780100
vt 0.928700 0.774500
vt 0.974600 0.768200
vt 1.022400 0.761000
vt 1.072500 0.752900
vt 1.125400 0.743400
vt 1.181900 0.732200
vt 1.243100 0.718400
vt 1.310400 0.700200
vt 1.387300 0.671100
vt 1.473900 0.635300
vt 1.558400 0.632100
vt 1.656100 0.629500
vt -0.652300 0.614000
vt -0.560400 0.622200
vt -0.487100 0.650300
vt -0.428100 0.689400
vt -0.369600 0.711900
vt -0.315200 0.728400
vt -0.264500 0.741500
vt -0.217000 0.752400
vt -0.172100 0.761600
vt -0.129300 0.769600
vt -0.088400 0.776600
vt -0.048600 0.782600
vt -0.009900 0.787900
vt 0.027900 0.792600
vt 0.065000 0.796700
vt 0.101400 0.800200
vt 0.137400 0.803200
vt 0.173000 0.805700
vt 0.208400 0.807800
vt 0.243600 0.809400
vt 0.278800 0.810600
vt 0.314000 0.811500
vt 0.349500 0.812000
vt 0.385000 0.812100
vt 0.420700 0.811900
vt 0.456600 0.811200
vt 0.492700 0.810300
vt 0.529100 0.809000
vt 0.565900 0.807400
vt 0.601200 0.788300
vt 0.564200 0.790500
vt 0.527700 0.792300
vt 0.491600 0.793600
vt 0.455700 0.794600
vt 0.420100 0.795100
vt 0.384600 0.795200
vt 0.349400 0.794800
vt 0.314300 0.794100
vt 0.279500 0.792900
vt 0.244700 0.791200
vt 0.209900 0.789100
vt 0.175000 0.786500
vt 0.139900 0.783400
vt 0.104600 0.779700
vt 0.068700 0.775500
vt 0.032300 0.770500
vt -0.004800 0.764900
vt -0.042700 0.758500
vt -0.081700 0.751200
vt -0.121900 0.742900
vt -0.163700 0.733300
vt -0.207400 0.722200
vt -0.253600 0.709200
vt -0.302800 0.693500
vt -0.355600 0.673900
vt -0.412100 0.647700
vt -0.469200 0.601700
vt -0.539700 0.571700
vt -0.625200 0.556700
vt 1.642100 0.566100
vt 1.544500 0.578100
vt 1.460800 0.588200
vt 1.376900 0.625400
vt 1.300700 0.660800
vt 1.234200 0.683100
vt 1.173900 0.700100
vt 1.118200 0.713900
vt 1.066000 0.725600
vt 1.016600 0.735600
vt 0.969400 0.744300
vt 0.924100 0.751900
vt 0.880100 0.758700
vt 0.837500 0.764800
vt 0.795900 0.770100
vt 0.755400 0.774800
vt 0.715700 0.778900
vt 0.676900 0.782600
vt 0.638700 0.785700
vt 0.599200 0.774000
vt 0.636300 0.771000
vt 0.673900 0.767400
vt 0.712200 0.763200
vt 0.751300 0.758300
vt 0.791100 0.752800
vt 0.831800 0.746500
vt 0.873600 0.739300
vt 0.916600 0.731100
vt 0.960900 0.721800
vt 1.006800 0.711300
vt 1.054800 0.699100
vt 1.105200 0.685000
vt 1.159000 0.668300
vt 1.216900 0.648000
vt 1.280600 0.621700
vt 1.353400 0.581200
vt 1.432400 0.539400
vt 1.510400 0.522100
vt 1.598300 0.500700
vt -0.584800 0.498000
vt -0.504700 0.519100
vt -0.438900 0.554700
vt -0.385600 0.604200
vt -0.332600 0.633700
vt -0.282700 0.656300
vt -0.235800 0.674700
vt -0.191600 0.690100
vt -0.149600 0.703200
vt -0.109500 0.714600
vt -0.070700 0.724600
vt -0.033000 0.733400
vt 0.003700 0.741100
vt 0.039700 0.748000
vt 0.075200 0.754100
vt 0.110100 0.759400
vt 0.144700 0.764000
vt 0.179000 0.768000
vt 0.213200 0.771400
vt 0.247400 0.774300
vt 0.281600 0.776500
vt 0.315900 0.778300
vt 0.350400 0.779500
vt 0.385200 0.780300
vt 0.420200 0.780500
vt 0.455400 0.780300
vt 0.490900 0.779500
vt 0.526600 0.778200
vt 0.562700 0.776400
vt 0.561300 0.764000
vt 0.597000 0.761400
vt 0.525900 0.765900
vt 0.490900 0.767100
vt 0.456100 0.767600
vt 0.421600 0.767600
vt 0.387400 0.766900
vt 0.353400 0.765600
vt 0.319700 0.763700
vt 0.286200 0.761200
vt 0.252800 0.758100
vt 0.219600 0.754400
vt 0.186400 0.750000
vt 0.153000 0.745000
vt 0.119600 0.739200
vt 0.085800 0.732700
vt 0.051700 0.725400
vt 0.017100 0.717200
vt -0.018100 0.707900
vt -0.054000 0.697500
vt -0.090900 0.685800
vt -0.128900 0.672500
vt -0.168400 0.657200
vt -0.209800 0.639500
vt -0.253300 0.618600
vt -0.299600 0.593100
vt -0.347700 0.560900
vt -0.396300 0.509600
vt -0.454500 0.466400
vt -0.526500 0.439300
vt 1.453800 0.469000
vt 1.528300 0.440300
vt 1.385700 0.492600
vt 1.313100 0.543300
vt 1.247100 0.585700
vt 1.188600 0.615100
vt 1.134800 0.638400
vt 1.084400 0.657800
vt 1.036800 0.674300
vt 0.991300 0.688500
vt 0.947500 0.701000
vt 0.905000 0.711900
vt 0.863700 0.721500
vt 0.823300 0.729900
vt 0.783900 0.737300
vt 0.745200 0.743800
vt 0.707300 0.749400
vt 0.670000 0.754200
vt 0.633300 0.758200
vt 0.594400 0.749800
vt 0.629300 0.746200
vt 0.664700 0.741800
vt 0.700600 0.736500
vt 0.736900 0.730200
vt 0.773900 0.723000
vt 0.811500 0.714600
vt 0.849800 0.705000
vt 0.888800 0.694100
vt 0.928700 0.681800
vt 0.969600 0.667800
vt 1.011800 0.651700
vt 1.055500 0.633300
vt 1.101100 0.611800
vt 1.149300 0.586400
vt 1.200800 0.555300
vt 1.257400 0.513600
vt 1.322600 0.451300
vt 1.378400 0.423200
vt 1.437300 0.389800
vt -0.451000 0.384400
vt -0.389800 0.416200
vt -0.341600 0.468100
vt -0.299000 0.519600
vt -0.256000 0.554500
vt -0.214800 0.582300
vt -0.175300 0.605400
vt -0.137500 0.625200
vt -0.101000 0.642400
vt -0.065600 0.657500
vt -0.031100 0.671000
vt 0.002700 0.682900
vt 0.036000 0.693600
vt 0.068800 0.703200
vt 0.101300 0.711800
vt 0.133500 0.719500
vt 0.165500 0.726400
vt 0.197500 0.732500
vt 0.229400 0.737900
vt 0.261400 0.742500
vt 0.293600 0.746400
vt 0.325900 0.749700
vt 0.358600 0.752200
vt 0.391500 0.754100
vt 0.424600 0.755200
vt 0.458000 0.755600
vt 0.491600 0.755300
vt 0.525600 0.754300
vt 0.559800 0.752400
vt 0.558200 0.740300
vt 0.591200 0.737600
vt 0.525500 0.742200
vt 0.493000 0.743100
vt 0.460800 0.743200
vt 0.428900 0.742400
vt 0.397200 0.740900
vt 0.365800 0.738500
vt 0.334600 0.735400
vt 0.303700 0.731500
vt 0.273000 0.726800
vt 0.242500 0.721400
vt 0.212200 0.715200
vt 0.181900 0.708200
vt 0.151600 0.700300
vt 0.121200 0.691500
vt 0.090700 0.681800
vt 0.059900 0.671000
vt 0.028900 0.659000
vt -0.002500 0.645700
vt -0.034200 0.630900
vt -0.066600 0.614200
vt -0.099600 0.595300
vt -0.133500 0.573800
vt -0.168300 0.548700
vt -0.203800 0.519500
vt -0.240500 0.482800
vt -0.276200 0.432300
vt -0.312600 0.371600
vt -0.361500 0.336600
vt 1.291300 0.387600
vt 1.334500 0.352200
vt 1.246400 0.424600
vt 1.191200 0.491400
vt 1.144900 0.531100
vt 1.101400 0.562700
vt 1.059800 0.589100
vt 1.019600 0.611800
vt 0.980600 0.631500
vt 0.942400 0.648800
vt 0.905100 0.664000
vt 0.868300 0.677400
vt 0.832100 0.689200
vt 0.796400 0.699700
vt 0.761200 0.708800
vt 0.726400 0.716700
vt 0.692100 0.723500
vt 0.658000 0.729200
vt 0.624500 0.733900
vt 0.587200 0.723700
vt 0.618500 0.719800
vt 0.650100 0.715000
vt 0.681800 0.709000
vt 0.713800 0.701900
vt 0.746100 0.693600
vt 0.778600 0.684100
vt 0.811400 0.673100
vt 0.844500 0.660700
vt 0.877700 0.646700
vt 0.911200 0.631000
vt 0.945100 0.613100
vt 0.979200 0.592900
vt 1.013700 0.569900
vt 1.048500 0.543500
vt 1.084000 0.512700
vt 1.120500 0.475700
vt 1.159000 0.427600
vt 1.201000 0.362400
vt 1.229900 0.327400
vt -0.263000 0.298600
vt -0.227000 0.335200
vt -0.203300 0.403900
vt -0.175300 0.452300
vt -0.145500 0.489400
vt -0.115700 0.519900
vt -0.086100 0.545900
vt -0.056700 0.568600
vt -0.027400 0.588600
vt 0.001600 0.606300
vt 0.030400 0.622200
vt 0.059000 0.636600
vt 0.087500 0.649500
vt 0.116000 0.661200
vt 0.144400 0.671800
vt 0.172700 0.681400
vt 0.201100 0.690000
vt 0.229500 0.697700
vt 0.258000 0.704500
vt 0.286800 0.710500
vt 0.315700 0.715700
vt 0.344900 0.720000
vt 0.374300 0.723500
vt 0.404000 0.726200
vt 0.434000 0.728100
vt 0.464200 0.729000
vt 0.494600 0.729100
vt 0.525300 0.728200
vt 0.556200 0.726400
vt 0.553500 0.709300
vt 0.582500 0.706500
vt 0.524600 0.711100
vt 0.495900 0.712000
vt 0.467400 0.711800
vt 0.439100 0.710800
vt 0.411000 0.708900
vt 0.383200 0.706000
vt 0.355700 0.702400
vt 0.328400 0.697800
vt 0.301300 0.692400
vt 0.274500 0.686200
vt 0.248000 0.679000
vt 0.221600 0.671000
vt 0.195300 0.662000
vt 0.169200 0.652000
vt 0.143100 0.640900
vt 0.117100 0.628700
vt 0.091200 0.615300
vt 0.065300 0.600400
vt 0.039700 0.583900
vt 0.014100 0.565600
vt -0.011100 0.545100
vt -0.036000 0.522000
vt -0.060400 0.495900
vt -0.084200 0.465400
vt -0.106900 0.429100
vt -0.127200 0.384000
vt -0.137800 0.308600
vt -0.161300 0.272400
vt 1.107200 0.367100
vt 1.131500 0.313100
vt 1.078000 0.423100
vt 1.050400 0.464000
vt 1.022600 0.498000
vt 0.994300 0.527200
vt 0.965600 0.552700
vt 0.936600 0.575300
vt 0.907300 0.595300
vt 0.877800 0.613000
vt 0.848200 0.628900
vt 0.818500 0.643000
vt 0.788700 0.655500
vt 0.759000 0.666500
vt 0.729400 0.676200
vt 0.699800 0.684600
vt 0.670300 0.691800
vt 0.640900 0.697800
vt 0.611600 0.702700
vt 0.576600 0.685000
vt 0.603600 0.681200
vt 0.630600 0.676400
vt 0.657600 0.670400
vt 0.684600 0.663300
vt 0.711400 0.655100
vt 0.738300 0.645600
vt 0.765000 0.634700
vt 0.791500 0.622500
vt 0.817700 0.608700
vt 0.843600 0.593400
vt 0.869000 0.576200
vt 0.893800 0.557000
vt 0.917800 0.535700
vt 0.940900 0.511700
vt 0.963000 0.484700
vt 0.983600 0.454000
vt 1.002800 0.418700
vt 1.020500 0.376300
vt 1.041000 0.311800
vt -0.061300 0.258500
vt -0.058800 0.319700
vt -0.051600 0.373000
vt -0.038700 0.413400
vt -0.022800 0.447300
vt -0.004900 0.476400
vt 0.014400 0.502000
vt 0.034800 0.524500
vt 0.056100 0.544700
vt 0.078000 0.562900
vt 0.100500 0.579300
vt 0.123300 0.594200
vt 0.146400 0.607700
vt 0.169900 0.620000
vt 0.193600 0.631100
vt 0.217400 0.641100
vt 0.241500 0.650100
vt 0.265900 0.658100
vt 0.290400 0.665200
vt 0.315200 0.671500
vt 0.340400 0.676800
vt 0.365800 0.681300
vt 0.391400 0.684900
vt 0.417300 0.687700
vt 0.443500 0.689500
vt 0.469800 0.690500
vt 0.496400 0.690500
vt 0.523100 0.689600
vt 0.549800 0.687700
vt 0.569600 0.659400
vt 0.545000 0.662200
vt 0.520400 0.664000
vt 0.495800 0.665000
vt 0.471400 0.665000
vt 0.447100 0.664100
vt 0.423100 0.662400
vt 0.399100 0.659800
vt 0.375500 0.656400
vt 0.352100 0.652200
vt 0.329000 0.647000
vt 0.306300 0.641100
vt 0.283800 0.634200
vt 0.261700 0.626400
vt 0.239800 0.617700
vt 0.218400 0.608000
vt 0.197200 0.597200
vt 0.176500 0.585400
vt 0.156200 0.572300
vt 0.136500 0.557900
vt 0.117500 0.542000
vt 0.099200 0.524600
vt 0.082000 0.505400
vt 0.066000 0.484100
vt 0.051700 0.460400
vt 0.039200 0.433800
vt 0.029400 0.403800
vt 0.022900 0.369400
vt 0.021400 0.327900
vt 0.029400 0.269900
vt 0.947900 0.340400
vt 0.940500 0.380600
vt 0.930600 0.414700
vt 0.918200 0.444900
vt 0.903600 0.471800
vt 0.887100 0.496000
vt 0.869000 0.517800
vt 0.849600 0.537500
vt 0.829100 0.555400
vt 0.807700 0.571500
vt 0.785500 0.586000
vt 0.762700 0.599100
vt 0.739500 0.610700
vt 0.715800 0.621100
vt 0.691900 0.630300
vt 0.667700 0.638200
vt 0.643300 0.645100
vt 0.618800 0.650900
vt 0.594200 0.655600
vt 0.582900 0.626100
vt 0.561000 0.629700
vt 0.604600 0.621500
vt 0.626200 0.616000
vt 0.647600 0.609600
vt 0.668700 0.602100
vt 0.689300 0.593500
vt 0.709600 0.583900
vt 0.729300 0.573100
vt 0.748300 0.561200
vt 0.766600 0.548000
vt 0.783900 0.533400
vt 0.800100 0.517500
vt 0.814900 0.500100
vt 0.828200 0.481100
vt 0.839600 0.460400
vt 0.848900 0.437900
vt 0.855700 0.413400
vt 0.859700 0.386700
vt 0.860200 0.357600
vt 0.102400 0.340600
vt 0.110600 0.306300
vt 0.099700 0.371200
vt 0.101200 0.399100
vt 0.106100 0.424100
vt 0.113600 0.446900
vt 0.123400 0.467800
vt 0.135000 0.486800
vt 0.148100 0.504300
vt 0.162400 0.520300
vt 0.177900 0.535000
vt 0.194200 0.548400
vt 0.211200 0.560600
vt 0.228900 0.571800
vt 0.247100 0.582000
vt 0.265900 0.591100
vt 0.285100 0.599300
vt 0.304700 0.606600
vt 0.324700 0.613100
vt 0.345000 0.618700
vt 0.365700 0.623500
vt 0.386700 0.627400
vt 0.407900 0.630600
vt 0.429400 0.633000
vt 0.451100 0.634500
vt 0.472900 0.635300
vt 0.494900 0.635200
vt 0.516900 0.634200
vt 0.539000 0.632500
vt 0.531100 0.597000
vt 0.549800 0.594600
vt 0.512300 0.598600
vt 0.493500 0.599500
vt 0.474700 0.599600
vt 0.456000 0.598900
vt 0.437400 0.597600
vt 0.419000 0.595400
vt 0.400700 0.592600
vt 0.382800 0.589000
vt 0.365200 0.584700
vt 0.347900 0.579600
vt 0.331000 0.573800
vt 0.314500 0.567200
vt 0.298500 0.559800
vt 0.283100 0.551500
vt 0.268200 0.542500
vt 0.254000 0.532500
vt 0.240600 0.521700
vt 0.228100 0.509900
vt 0.216500 0.497200
vt 0.206000 0.483500
vt 0.196900 0.468600
vt 0.189200 0.452900
vt 0.183400 0.435900
vt 0.179600 0.417900
vt 0.178200 0.398800
vt 0.179400 0.378500
vt 0.183800 0.357300
vt 0.191800 0.335200
vt 0.774100 0.376600
vt 0.776800 0.396500
vt 0.776600 0.415600
vt 0.773800 0.433800
vt 0.768700 0.451100
vt 0.761600 0.467400
vt 0.752700 0.482700
vt 0.742400 0.497000
vt 0.730600 0.510300
vt 0.717600 0.522600
vt 0.703600 0.533900
vt 0.688700 0.544200
vt 0.673100 0.553600
vt 0.656700 0.562100
vt 0.639800 0.569600
vt 0.622500 0.576300
vt 0.604800 0.582100
vt 0.586700 0.587100
vt 0.568400 0.591200
vt 0.556200 0.563000
vt 0.540600 0.566000
vt 0.571500 0.559400
vt 0.586500 0.555000
vt 0.601200 0.549900
vt 0.615500 0.544100
vt 0.629200 0.537500
vt 0.642500 0.530100
vt 0.655000 0.522100
vt 0.666900 0.513300
vt 0.677800 0.503800
vt 0.687800 0.493600
vt 0.696700 0.482600
vt 0.704400 0.471000
vt 0.710600 0.458800
vt 0.715300 0.446000
vt 0.718400 0.432700
vt 0.719500 0.419000
vt 0.718600 0.405100
vt 0.715400 0.391000
vt 0.240600 0.370200
vt 0.247100 0.354900
vt 0.236400 0.385600
vt 0.234700 0.400600
vt 0.234900 0.415400
vt 0.237000 0.429600
vt 0.240900 0.443200
vt 0.246200 0.456200
vt 0.252800 0.468400
vt 0.260600 0.480000
vt 0.269600 0.490800
vt 0.279500 0.501000
vt 0.290200 0.510400
vt 0.301700 0.519100
vt 0.313900 0.527100
vt 0.326700 0.534400
vt 0.340200 0.541000
vt 0.354000 0.546900
vt 0.368300 0.552100
vt 0.382900 0.556700
vt 0.398000 0.560600
vt 0.413300 0.563800
vt 0.429000 0.566400
vt 0.444700 0.568300
vt 0.460600 0.569600
vt 0.476600 0.570300
vt 0.492700 0.570200
vt 0.508700 0.569500
vt 0.524700 0.568100
vt 0.521100 0.551300
vt 0.535100 0.549400
vt 0.506800 0.552500
vt 0.492500 0.553100
vt 0.478100 0.553100
vt 0.463800 0.552400
vt 0.449400 0.551200
vt 0.435200 0.549300
vt 0.421200 0.546900
vt 0.407400 0.543900
vt 0.393900 0.540200
vt 0.380700 0.536000
vt 0.367900 0.531100
vt 0.355600 0.525700
vt 0.343800 0.519600
vt 0.332400 0.513000
vt 0.321700 0.505700
vt 0.311700 0.497800
vt 0.302300 0.489300
vt 0.293900 0.480100
vt 0.286300 0.470500
vt 0.279700 0.460200
vt 0.274200 0.449500
vt 0.269900 0.438100
vt 0.266900 0.426300
vt 0.265400 0.414300
vt 0.265400 0.401900
vt 0.266900 0.389400
vt 0.270300 0.377000
vt 0.275700 0.364700
vt 0.685300 0.398400
vt 0.688100 0.409600
vt 0.689100 0.421000
vt 0.688400 0.432400
vt 0.686100 0.443500
vt 0.682300 0.454300
vt 0.677300 0.464800
vt 0.670900 0.474800
vt 0.663500 0.484400
vt 0.655000 0.493400
vt 0.645700 0.501800
vt 0.635500 0.509600
vt 0.624600 0.516900
vt 0.613000 0.523500
vt 0.601000 0.529500
vt 0.588500 0.534800
vt 0.575600 0.539600
vt 0.562400 0.543600
vt 0.548800 0.546800
vt -0.213000 0.016200
vt -0.201200 0.027400
vt -0.218000 0.021100
vt -0.208200 0.011100
vt -0.195300 0.022200
vt -0.203600 0.005900
vt -0.189800 0.016800
vt -0.199200 0.000600
vt -0.184800 0.011400
vt -0.195100 -0.004800
vt -0.180100 0.005800
vt -0.191200 -0.010200
vt -0.175800 0.000200
vt -0.187500 -0.015700
vt -0.171800 -0.005400
vt -0.184100 -0.021100
vt -0.168000 -0.011100
vt -0.180900 -0.026600
vt -0.164600 -0.016700
vt -0.177900 -0.032200
vt -0.161300 -0.022400
vt -0.175100 -0.037700
vt -0.158300 -0.028100
vt -0.172500 -0.043300
vt -0.155500 -0.033900
vt -0.170000 -0.048800
vt -0.152900 -0.039600
vt -0.167700 -0.054400
vt -0.150400 -0.045400
vt -0.165500 -0.060000
vt -0.148200 -0.051200
vt -0.163600 -0.065600
vt -0.146000 -0.057000
vt -0.161900 -0.071100
vt -0.144000 -0.062900
vt -0.160400 -0.076600
vt -0.142300 -0.068900
vt -0.159300 -0.081800
vt -0.141000 -0.075000
vt -0.586800 -0.141100
vt -0.602900 -0.149800
vt -0.585100 -0.146500
vt -0.588400 -0.135400
vt -0.605700 -0.143800
vt -0.589800 -0.129600
vt -0.607900 -0.137700
vt -0.591100 -0.123700
vt -0.609800 -0.131500
vt -0.613000 -0.119000
vt -0.592600 -0.117700
vt -0.593800 -0.111700
vt -0.615800 -0.106400
vt -0.595000 -0.105600
vt -0.616900 -0.100000
vt -0.596000 -0.099500
vt -0.617800 -0.093700
vt -0.596900 -0.093500
vt -0.618500 -0.087300
vt -0.597600 -0.087400
vt -0.619200 -0.081000
vt -0.598100 -0.081300
vt -0.619600 -0.074600
vt -0.598300 -0.075200
vt -0.619800 -0.068200
vt -0.598400 -0.069100
vt -0.619700 -0.061800
vt -0.598200 -0.062900
vt -0.619300 -0.055400
vt -0.597800 -0.056800
vt -0.618800 -0.048900
vt -0.597000 -0.050600
vt -0.617800 -0.042400
vt -0.596000 -0.044400
vt -0.616500 -0.036000
vt -0.594600 -0.038200
vt -0.614900 -0.029400
vt -0.592900 -0.032000
vt -0.612900 -0.022900
vt -0.591000 -0.025800
vt -0.610500 -0.016400
vt -0.588600 -0.019700
vt -0.607700 -0.009900
vt -0.585900 -0.013500
vt -0.604500 -0.003400
vt -0.582800 -0.007400
vt -0.600800 0.003100
vt -0.579400 -0.001300
vt -0.596700 0.009400
vt -0.575600 0.004700
vt -0.592100 0.015700
vt -0.571600 0.010600
vt -0.586900 0.021800
vt -0.567300 0.016300
vt -0.581100 0.027700
vt -0.562700 0.021600
vt -0.207600 0.032400
vt -0.223200 0.025700
vt -0.242900 0.013600
vt -0.247600 0.018600
vt -0.539000 0.009900
vt -0.534800 0.015700
vt -0.543000 0.004200
vt -0.546700 -0.001500
vt -0.550200 -0.007300
vt -0.553400 -0.013100
vt -0.556200 -0.019000
vt -0.558700 -0.024800
vt -0.560900 -0.030600
vt -0.562700 -0.036300
vt -0.564200 -0.042100
vt -0.565400 -0.047900
vt -0.566200 -0.053600
vt -0.566800 -0.059300
vt -0.567100 -0.064900
vt -0.567200 -0.070600
vt -0.567100 -0.076300
vt -0.566700 -0.081900
vt -0.566200 -0.087600
vt -0.565400 -0.093200
vt -0.564500 -0.098800
vt -0.563600 -0.104500
vt -0.562500 -0.110200
vt -0.561300 -0.115800
vt -0.560100 -0.121500
vt -0.558900 -0.127200
vt -0.557700 -0.132900
vt -0.556600 -0.138600
vt -0.555700 -0.144300
vt -0.185900 -0.085800
vt -0.188000 -0.080600
vt -0.190100 -0.075400
vt -0.192100 -0.070100
vt -0.194100 -0.064800
vt -0.196200 -0.059600
vt -0.198400 -0.054300
vt -0.200700 -0.048900
vt -0.203100 -0.043700
vt -0.205700 -0.038400
vt -0.208500 -0.033100
vt -0.211400 -0.027900
vt -0.214600 -0.022600
vt -0.218000 -0.017300
vt -0.221700 -0.012100
vt -0.225500 -0.006900
vt -0.229600 -0.001800
vt -0.233700 0.003400
vt -0.238200 0.008500
vt -0.292400 -0.007600
vt -0.297700 -0.002700
vt -0.287400 -0.012500
vt -0.282800 -0.017500
vt -0.278500 -0.022300
vt -0.274500 -0.027100
vt -0.270900 -0.031900
vt -0.267500 -0.036700
vt -0.264500 -0.041500
vt -0.261700 -0.046200
vt -0.259100 -0.051000
vt -0.256800 -0.055800
vt -0.254700 -0.060600
vt -0.252800 -0.065500
vt -0.251000 -0.070400
vt -0.249200 -0.075400
vt -0.247600 -0.080400
vt -0.245900 -0.085600
vt -0.244200 -0.090800
vt -0.242300 -0.096200
vt -0.493800 -0.133600
vt -0.491700 -0.139400
vt -0.495800 -0.128000
vt -0.497900 -0.122600
vt -0.499900 -0.117400
vt -0.501700 -0.112200
vt -0.503500 -0.107200
vt -0.505000 -0.102300
vt -0.506400 -0.097400
vt -0.507600 -0.092700
vt -0.508600 -0.087900
vt -0.509300 -0.083200
vt -0.509800 -0.078500
vt -0.510100 -0.073800
vt -0.510000 -0.069200
vt -0.509700 -0.064400
vt -0.509100 -0.059700
vt -0.508200 -0.054900
vt -0.506900 -0.050100
vt -0.505300 -0.045200
vt -0.503300 -0.040300
vt -0.500900 -0.035300
vt -0.498100 -0.030200
vt -0.494900 -0.025100
vt -0.491200 -0.019900
vt -0.487100 -0.014600
vt -0.482600 -0.009300
vt -0.477700 -0.003800
vt -0.472400 0.001800
vt -0.303300 0.002400
vt 0.610600 0.989000
vt 0.572800 0.975000
vt 0.648200 0.988200
vt 0.685700 0.987400
vt 0.704600 0.986800
vt 0.742400 0.985800
vt 0.723400 0.986300
vt 0.780300 0.984800
vt 0.761300 0.985300
vt 0.818400 0.983700
vt 0.799200 0.984300
vt 0.856900 0.982700
vt 0.837600 0.983100
vt 0.895700 0.982000
vt 0.876200 0.982300
vt 0.934700 0.981500
vt 0.915100 0.981700
vt 0.974100 0.981200
vt 0.954300 0.981300
vt 1.013900 0.981200
vt 0.993900 0.981000
vt 1.054100 0.981800
vt 1.033900 0.981400
vt 1.074300 0.982100
vt 1.115000 0.983400
vt 1.094700 0.982700
vt 1.156300 0.985100
vt 1.198100 0.986900
vt 1.240100 0.988900
vt 1.281900 0.990600
vt 1.309800 0.989200
vt 1.363600 0.979800
vt 1.337800 0.984800
vt -0.402800 0.985600
vt -0.408600 0.979100
vt -0.375200 0.989600
vt -0.391400 0.989900
vt -0.341600 0.988100
vt -0.358900 0.989300
vt -0.306400 0.985700
vt -0.324300 0.986900
vt -0.270500 0.983400
vt -0.288600 0.984500
vt -0.234200 0.981500
vt -0.252400 0.982300
vt -0.197800 0.980100
vt -0.216000 0.980700
vt -0.161400 0.979100
vt -0.179500 0.979500
vt -0.107100 0.978500
vt -0.071300 0.978600
vt -0.035700 0.978900
vt -0.000200 0.979400
vt 0.035000 0.980100
vt 0.070200 0.981000
vt 0.105300 0.982100
vt 0.140400 0.983300
vt 0.175500 0.984400
vt 0.210700 0.985400
vt 0.246000 0.986400
vt 0.281500 0.987700
vt 0.317200 0.988500
vt 0.353100 0.989100
vt 0.389300 0.989700
vt 0.425600 0.990000
vt 0.462100 0.990100
vt 0.498700 0.990000
vt 0.535800 0.989800
vt 0.573100 0.989600
vt -0.386000 -0.075200
vt -0.395400 -0.119500
vt -0.387700 -0.075300
vt -0.388200 -0.075300
vt -0.389600 -0.075100
vt -0.390000 -0.075000
vt -0.391200 -0.074700
vt -0.391500 -0.074600
vt -0.392500 -0.074200
vt -0.392800 -0.074100
vt -0.393600 -0.073600
vt -0.393700 -0.073400
vt -0.394100 -0.072900
vt -0.394300 -0.072700
vt -0.394400 -0.072100
vt -0.394500 -0.071900
vt -0.394400 -0.071400
vt -0.394500 -0.071200
vt -0.394000 -0.070700
vt -0.393900 -0.070500
vt -0.393400 -0.070000
vt -0.393200 -0.069800
vt -0.392500 -0.069400
vt -0.392200 -0.069300
vt -0.391300 -0.068900
vt -0.390900 -0.068800
vt -0.389800 -0.068600
vt -0.389400 -0.068600
vt -0.388200 -0.068500
vt -0.387800 -0.068500
vt -0.386600 -0.068600
vt -0.386200 -0.068700
vt -0.385100 -0.069000
vt -0.384800 -0.069100
vt -0.384000 -0.069500
vt -0.383700 -0.069700
vt -0.383000 -0.070200
vt -0.382900 -0.070300
vt -0.382400 -0.070900
vt -0.382300 -0.071100
vt -0.382200 -0.071800
vt -0.382200 -0.072000
vt -0.382400 -0.072700
vt -0.382500 -0.072900
vt -0.383100 -0.073500
vt -0.383300 -0.073700
vt -0.384100 -0.074400
vt -0.384400 -0.074500
vt -0.385600 -0.075000
vt -0.388000 -0.068700
vt -0.386600 -0.068800
vt -0.389600 -0.068700
vt -0.385200 -0.069200
vt -0.384000 -0.069700
vt -0.383200 -0.070300
vt -0.382700 -0.071000
vt -0.382600 -0.071900
vt -0.382800 -0.072700
vt -0.383400 -0.073500
vt -0.384500 -0.074300
vt -0.386000 -0.074900
vt -0.388000 -0.075000
vt -0.389700 -0.074800
vt -0.391300 -0.074500
vt -0.392400 -0.074000
vt -0.393300 -0.073400
vt -0.394000 -0.072700
vt -0.394200 -0.072000
vt -0.394100 -0.071300
vt -0.393700 -0.070600
vt -0.393100 -0.070000
vt -0.392000 -0.069400
vt -0.390900 -0.069000
vt -0.140400 -0.081300
vt -0.611600 -0.125300
vt -0.614500 -0.112700
vt 0.591900 0.989300
vt 0.629400 0.988600
vt 0.667000 0.987800
vt 1.135700 0.984200
vt 1.177200 0.986000
vt 1.219100 0.987900
vt 1.261000 0.989800
vt -0.125200 0.978600
vt -0.143200 0.978800
vt -0.089200 0.978500
vt -0.053500 0.978700
vt -0.018000 0.979200
vt 0.017400 0.979800
vt 0.052600 0.980600
vt 0.087700 0.981500
vt 0.122800 0.982700
vt 0.157900 0.983900
vt 0.193100 0.984900
vt 0.228400 0.985900
vt 0.263800 0.987100
vt 0.299400 0.988100
vt 0.335200 0.988800
vt 0.371200 0.989400
vt 0.407500 0.989800
vt 0.443900 0.990000
vt 0.480400 0.990100
vt 0.517300 0.989900
vt 0.554500 0.989700
vt 1.376300 0.976000
vn -0.532900 0.656500 -0.533900
vn -0.004800 0.227500 -0.973800
vn -0.600000 0.563300 -0.568100
vn 0.012100 0.273000 -0.961900
vn -0.433400 0.731400 -0.526500
vn 0.065700 0.289600 -0.954900
vn -0.334400 0.799300 -0.499300
vn -0.222000 0.848100 -0.481100
vn 0.103300 0.319900 -0.941800
vn -0.114700 0.886000 -0.449200
vn 0.154800 0.326800 -0.932300
vn 0.008300 0.903400 -0.428700
vn 0.192300 0.345600 -0.918500
vn 0.128300 0.904500 -0.406800
vn 0.244300 0.339100 -0.908500
vn 0.250700 0.886700 -0.388400
vn 0.290700 0.330600 -0.897900
vn 0.364000 0.858000 -0.362300
vn 0.332500 0.308400 -0.891300
vn 0.469000 0.814600 -0.341200
vn 0.370100 0.296900 -0.880300
vn 0.574300 0.745600 -0.338100
vn 0.404600 0.273300 -0.872700
vn 0.665200 0.674500 -0.320300
vn 0.429000 0.226600 -0.874400
vn 0.744000 0.594700 -0.304500
vn 0.452900 0.202200 -0.868400
vn 0.812600 0.509400 -0.283200
vn 0.473300 0.176500 -0.863000
vn 0.868700 0.411300 -0.275900
vn 0.494700 0.149500 -0.856100
vn 0.910200 0.310500 -0.274200
vn 0.506100 0.116100 -0.854600
vn 0.940000 0.206000 -0.272100
vn 0.508800 0.083700 -0.856800
vn 0.956800 0.099800 -0.273000
vn 0.512500 0.054900 -0.856900
vn 0.962800 -0.007300 -0.270300
vn 0.511800 0.023200 -0.858800
vn 0.957200 -0.114300 -0.266100
vn 0.515200 -0.004400 -0.857000
vn 0.936900 -0.215900 -0.275000
vn 0.518100 -0.034700 -0.854600
vn 0.900500 -0.315000 -0.299800
vn 0.508700 -0.062200 -0.858700
vn 0.858200 -0.414200 -0.303300
vn 0.486400 -0.081800 -0.869900
vn 0.804600 -0.507600 -0.308100
vn 0.483800 -0.112900 -0.867900
vn 0.735900 -0.588000 -0.335600
vn 0.474300 -0.142300 -0.868800
vn 0.658100 -0.663400 -0.356000
vn 0.450000 -0.158300 -0.878900
vn 0.572100 -0.727600 -0.378500
vn 0.431400 -0.178900 -0.884300
vn 0.478300 -0.780500 -0.402600
vn 0.408700 -0.198000 -0.890900
vn 0.373300 -0.820000 -0.433900
vn 0.383100 -0.210200 -0.899500
vn 0.264400 -0.854000 -0.448100
vn 0.356200 -0.219900 -0.908200
vn 0.154000 -0.861300 -0.484100
vn 0.329600 -0.244600 -0.911900
vn 0.036000 -0.865700 -0.499300
vn 0.296800 -0.240200 -0.924300
vn -0.075500 -0.845200 -0.529200
vn 0.264400 -0.259600 -0.928800
vn -0.187700 -0.813100 -0.551100
vn 0.230600 -0.252900 -0.939600
vn -0.291700 -0.759700 -0.581200
vn 0.194000 -0.251300 -0.948300
vn -0.396400 -0.700800 -0.593100
vn 0.162200 -0.235000 -0.958400
vn -0.496700 -0.632500 -0.594400
vn 0.120300 -0.232000 -0.965200
vn -0.574600 -0.544600 -0.611000
vn 0.072300 -0.226000 -0.971400
vn -0.639900 -0.443700 -0.627400
vn 0.039600 -0.198000 -0.979400
vn -0.702900 -0.340700 -0.624300
vn 0.015800 -0.161000 -0.986800
vn -0.740400 -0.228900 -0.631900
vn -0.024800 -0.134100 -0.990700
vn -0.764600 -0.112900 -0.634500
vn -0.040100 -0.089700 -0.995200
vn -0.773700 0.006900 -0.633500
vn -0.053700 -0.046100 -0.997500
vn -0.773700 0.125000 -0.621100
vn -0.061000 -0.000400 -0.998100
vn -0.756900 0.242800 -0.606800
vn -0.071300 0.048400 -0.996300
vn -0.718600 0.356000 -0.597400
vn -0.071800 0.096900 -0.992700
vn -0.682000 0.463900 -0.565300
vn -0.056300 0.143600 -0.988000
vn -0.056400 0.195400 -0.979100
vn 0.311100 0.043600 0.949400
vn 0.447500 0.003900 0.894300
vn 0.443800 0.062100 0.894000
vn 0.308700 -0.041900 0.950200
vn 0.445000 -0.057400 0.893700
vn 0.291300 -0.081300 0.953200
vn 0.432600 -0.116800 0.894000
vn 0.286900 -0.115700 0.950900
vn 0.415100 -0.175900 0.892600
vn 0.271100 -0.161300 0.948900
vn 0.388800 -0.231100 0.891900
vn 0.248100 -0.197900 0.948300
vn 0.355500 -0.281400 0.891300
vn 0.221500 -0.229700 0.947700
vn 0.315900 -0.326100 0.891000
vn 0.191300 -0.259200 0.946700
vn 0.271500 -0.364900 0.890600
vn 0.159500 -0.281500 0.946200
vn 0.224600 -0.396100 0.890300
vn 0.124400 -0.303300 0.944700
vn 0.173500 -0.424200 0.888800
vn 0.082700 -0.317900 0.944500
vn 0.116700 -0.444800 0.888000
vn 0.039500 -0.326900 0.944200
vn 0.056300 -0.457400 0.887500
vn -0.001600 -0.330500 0.943800
vn -0.001600 -0.460800 0.887500
vn -0.044000 -0.329800 0.943000
vn -0.061100 -0.458200 0.886700
vn -0.089000 -0.322500 0.942400
vn -0.122600 -0.447300 0.885900
vn -0.132100 -0.309100 0.941800
vn -0.181300 -0.427500 0.885700
vn -0.173000 -0.290300 0.941100
vn -0.236100 -0.399800 0.885700
vn -0.210600 -0.266700 0.940500
vn -0.286800 -0.365400 0.885600
vn -0.246300 -0.237500 0.939600
vn -0.332800 -0.324300 0.885500
vn -0.277700 -0.204500 0.938700
vn -0.373800 -0.276500 0.885300
vn -0.307200 -0.167900 0.936700
vn -0.409000 -0.224000 0.884600
vn -0.332500 -0.126600 0.934600
vn -0.435800 -0.167600 0.884300
vn -0.351800 -0.082000 0.932500
vn -0.456200 -0.107500 0.883300
vn -0.365000 -0.036000 0.930300
vn -0.467400 -0.047300 0.882800
vn -0.371700 0.010400 0.928300
vn -0.471100 0.012800 0.882000
vn -0.372400 0.057800 0.926300
vn -0.467600 0.072000 0.881000
vn -0.366400 0.102200 0.924800
vn -0.456700 0.128100 0.880300
vn -0.350300 0.147500 0.924900
vn -0.438200 0.186000 0.879400
vn -0.326200 0.190100 0.926000
vn -0.410900 0.240000 0.879500
vn -0.379600 0.288100 0.879100
vn -0.302200 0.230000 0.925100
vn -0.340800 0.333200 0.879100
vn -0.270000 0.264300 0.925900
vn -0.294000 0.373500 0.879800
vn -0.233600 0.298100 0.925500
vn -0.243100 0.405600 0.881100
vn -0.192200 0.323100 0.926600
vn -0.189700 0.429600 0.882900
vn -0.148200 0.338100 0.929400
vn -0.133100 0.448200 0.884000
vn -0.103100 0.348000 0.931800
vn -0.073500 0.460300 0.884700
vn -0.057500 0.352600 0.934000
vn -0.011000 0.464300 0.885600
vn -0.009600 0.351800 0.936000
vn 0.051700 0.460500 0.886200
vn 0.037700 0.346900 0.937200
vn 0.111300 0.447700 0.887200
vn 0.081900 0.333100 0.939300
vn 0.167600 0.428900 0.887700
vn 0.122000 0.317500 0.940400
vn 0.222200 0.402400 0.888100
vn 0.161600 0.296200 0.941400
vn 0.272700 0.367200 0.889200
vn 0.198300 0.268100 0.942800
vn 0.315400 0.327100 0.890800
vn 0.227200 0.236900 0.944600
vn 0.352900 0.283600 0.891600
vn 0.252200 0.204700 0.945800
vn 0.386200 0.234300 0.892200
vn 0.274000 0.167700 0.947000
vn 0.412700 0.179200 0.893000
vn 0.291300 0.128300 0.948000
vn 0.432500 0.121300 0.893400
vn 0.304900 0.086800 0.948400
vn 0.538900 0.074900 0.839100
vn 0.524700 0.146900 0.838500
vn 0.501300 0.217000 0.837600
vn 0.468600 0.282100 0.837200
vn 0.428100 0.341900 0.836600
vn 0.381100 0.395400 0.835700
vn 0.328000 0.443200 0.834200
vn 0.268000 0.483500 0.833300
vn 0.203400 0.514800 0.832900
vn 0.134900 0.537000 0.832800
vn 0.062900 0.550900 0.832200
vn -0.011300 0.555900 0.831200
vn -0.085400 0.550200 0.830700
vn -0.156800 0.535300 0.830000
vn -0.225000 0.511600 0.829200
vn -0.289900 0.480700 0.827600
vn -0.350100 0.442300 0.825700
vn -0.403400 0.395800 0.825000
vn -0.449200 0.342700 0.825100
vn -0.488100 0.284200 0.825200
vn -0.520400 0.220700 0.824900
vn -0.541800 0.153300 0.826400
vn -0.554700 0.084500 0.827800
vn -0.559200 0.013500 0.828900
vn -0.554600 -0.059000 0.830000
vn -0.540900 -0.130800 0.830800
vn -0.518100 -0.201300 0.831300
vn -0.485000 -0.268800 0.832200
vn -0.444600 -0.331300 0.832200
vn -0.395800 -0.388000 0.832400
vn -0.340700 -0.436800 0.832500
vn -0.280500 -0.478100 0.832300
vn -0.214900 -0.510800 0.832400
vn -0.146600 -0.534500 0.832300
vn -0.074700 -0.548500 0.832800
vn -0.002100 -0.552600 0.833400
vn 0.069000 -0.548600 0.833200
vn 0.139400 -0.535300 0.833100
vn 0.207200 -0.511400 0.834000
vn 0.270200 -0.479800 0.834800
vn 0.329300 -0.439600 0.835700
vn 0.383300 -0.393700 0.835500
vn 0.430900 -0.339500 0.836100
vn 0.471200 -0.279600 0.836500
vn 0.503400 -0.213500 0.837200
vn 0.526800 -0.143900 0.837700
vn 0.540700 -0.071300 0.838200
vn 0.544300 0.002300 0.838900
vn 0.666500 0.001800 0.745500
vn 0.660200 0.090900 0.745600
vn 0.661000 -0.087700 0.745300
vn 0.643600 -0.175700 0.744900
vn 0.615000 -0.260700 0.744100
vn 0.575700 -0.340800 0.743200
vn 0.526700 -0.414000 0.742500
vn 0.469000 -0.479500 0.741700
vn 0.403400 -0.536200 0.741500
vn 0.330500 -0.584300 0.741200
vn 0.253000 -0.621800 0.741200
vn 0.170600 -0.649200 0.741200
vn 0.085100 -0.665300 0.741700
vn -0.001900 -0.670900 0.741500
vn -0.089400 -0.664800 0.741700
vn -0.176400 -0.646900 0.741900
vn -0.259000 -0.618500 0.741900
vn -0.338100 -0.578900 0.742000
vn -0.411300 -0.529500 0.741900
vn -0.478300 -0.470700 0.741400
vn -0.536800 -0.402900 0.741300
vn -0.586500 -0.327100 0.740900
vn -0.626100 -0.245800 0.740000
vn -0.654500 -0.160600 0.738800
vn -0.671600 -0.073000 0.737300
vn -0.677100 0.014800 0.735800
vn -0.671300 0.101200 0.734200
vn -0.654600 0.185000 0.733000
vn -0.627200 0.265600 0.732100
vn -0.589200 0.342400 0.731900
vn -0.541400 0.413300 0.732200
vn -0.485400 0.476900 0.732800
vn -0.421100 0.533200 0.733800
vn -0.349600 0.580700 0.735200
vn -0.271100 0.619300 0.736900
vn -0.187300 0.647800 0.738500
vn -0.100800 0.665700 0.739400
vn -0.011300 0.672300 0.740200
vn 0.077800 0.667200 0.740800
vn 0.165700 0.650500 0.741300
vn 0.248800 0.622900 0.741700
vn 0.327400 0.585300 0.741800
vn 0.400400 0.537800 0.741900
vn 0.466100 0.481200 0.742400
vn 0.524100 0.416000 0.743100
vn 0.573600 0.343000 0.743800
vn 0.613200 0.263600 0.744600
vn 0.642300 0.178800 0.745300
vn 0.765000 0.104400 0.635600
vn 0.744200 0.206400 0.635300
vn 0.710400 0.304400 0.634600
vn 0.664500 0.396000 0.633700
vn 0.607200 0.479900 0.633200
vn 0.540000 0.554700 0.633000
vn 0.464000 0.620000 0.632700
vn 0.380200 0.674800 0.632500
vn 0.289100 0.718100 0.633000
vn 0.192400 0.749600 0.633400
vn 0.091800 0.768400 0.633300
vn -0.011300 0.774200 0.632900
vn -0.114300 0.766200 0.632300
vn -0.214600 0.745500 0.631000
vn -0.311400 0.712100 0.629300
vn -0.401300 0.667000 0.627800
vn -0.482600 0.611800 0.626700
vn -0.556100 0.546700 0.626000
vn -0.620500 0.473200 0.625300
vn -0.675100 0.391800 0.625100
vn -0.718800 0.303900 0.625300
vn -0.750800 0.211600 0.625700
vn -0.770400 0.115400 0.627000
vn -0.777400 0.016300 0.628800
vn -0.771300 -0.085000 0.630800
vn -0.752100 -0.185700 0.632300
vn -0.719800 -0.283800 0.633500
vn -0.674400 -0.377700 0.634400
vn -0.617000 -0.464900 0.635000
vn -0.549800 -0.542600 0.635100
vn -0.473600 -0.610300 0.635000
vn -0.388500 -0.668100 0.634600
vn -0.297900 -0.713200 0.634500
vn -0.202000 -0.746400 0.634100
vn -0.102300 -0.767000 0.633500
vn -0.002000 -0.773700 0.633500
vn 0.099400 -0.767900 0.632800
vn 0.198200 -0.748800 0.632400
vn 0.292900 -0.717400 0.632100
vn 0.383100 -0.674100 0.631600
vn 0.467200 -0.619200 0.631100
vn 0.542700 -0.553600 0.631700
vn 0.609600 -0.478300 0.632200
vn 0.666500 -0.393900 0.633000
vn 0.712200 -0.302000 0.633700
vn 0.745400 -0.203800 0.634700
vn 0.765500 -0.102000 0.635200
vn 0.771900 0.001300 0.635700
vn 0.857100 0.116900 0.501800
vn 0.865000 0.000900 0.501700
vn 0.857500 -0.115000 0.501500
vn 0.834700 -0.228800 0.500900
vn 0.797200 -0.338300 0.500000
vn 0.746100 -0.440800 0.499000
vn 0.682400 -0.534700 0.498300
vn 0.607300 -0.618700 0.498300
vn 0.522700 -0.691500 0.498600
vn 0.429800 -0.752700 0.498800
vn 0.329100 -0.801400 0.499400
vn 0.222200 -0.836600 0.500600
vn 0.111500 -0.858000 0.501400
vn -0.001100 -0.864900 0.501900
vn -0.113900 -0.856900 0.502700
vn -0.224600 -0.834200 0.503600
vn -0.332200 -0.796700 0.504800
vn -0.433700 -0.746100 0.505300
vn -0.527600 -0.682600 0.505700
vn -0.613100 -0.606200 0.506600
vn -0.688800 -0.519100 0.506000
vn -0.752400 -0.422300 0.505600
vn -0.802500 -0.317700 0.505000
vn -0.838500 -0.207800 0.503700
vn -0.859700 -0.095100 0.501900
vn -0.865800 0.017700 0.500000
vn -0.857200 0.127500 0.498900
vn -0.834800 0.233600 0.498500
vn -0.798900 0.336400 0.498500
vn -0.749900 0.434600 0.498700
vn -0.689200 0.525500 0.498800
vn -0.617900 0.607800 0.498700
vn -0.536400 0.680600 0.499000
vn -0.445300 0.742900 0.499800
vn -0.346100 0.793700 0.500200
vn -0.239400 0.831700 0.500900
vn -0.126600 0.855800 0.501600
vn -0.011400 0.864700 0.502200
vn 0.103500 0.858400 0.502400
vn 0.217000 0.837400 0.501700
vn 0.325100 0.801900 0.501200
vn 0.425900 0.753400 0.501100
vn 0.519800 0.692200 0.500600
vn 0.605100 0.619300 0.500300
vn 0.680300 0.535500 0.500500
vn 0.744100 0.442200 0.500700
vn 0.795600 0.340300 0.501200
vn 0.833800 0.230700 0.501600
vn 0.894700 0.246800 0.372200
vn 0.919800 0.124700 0.372100
vn 0.853800 0.364100 0.372100
vn 0.798500 0.473300 0.372000
vn 0.729700 0.573600 0.372100
vn 0.649200 0.663500 0.372000
vn 0.558500 0.741400 0.372100
vn 0.457500 0.807100 0.373100
vn 0.348700 0.859600 0.373500
vn 0.233100 0.897800 0.373600
vn 0.111900 0.920800 0.373600
vn -0.011900 0.927600 0.373400
vn -0.135200 0.917800 0.373400
vn -0.255400 0.891800 0.373400
vn -0.369500 0.850800 0.373700
vn -0.476500 0.795800 0.373600
vn -0.573600 0.728900 0.373700
vn -0.660700 0.650900 0.374000
vn -0.737400 0.562400 0.374000
vn -0.802800 0.464300 0.374100
vn -0.855200 0.358800 0.374000
vn -0.893900 0.248200 0.373400
vn -0.918100 0.134700 0.372800
vn -0.927800 0.017600 0.372800
vn -0.921900 -0.102300 0.373600
vn -0.899800 -0.223200 0.375000
vn -0.861500 -0.341100 0.376100
vn -0.807400 -0.453600 0.377200
vn -0.739400 -0.557500 0.377600
vn -0.658300 -0.651400 0.377400
vn -0.566100 -0.732900 0.377400
vn -0.465100 -0.801000 0.376900
vn -0.355600 -0.855900 0.375500
vn -0.240300 -0.895500 0.374600
vn -0.121800 -0.919400 0.374000
vn -0.001400 -0.927600 0.373500
vn 0.120000 -0.920200 0.372700
vn 0.239200 -0.896900 0.371900
vn 0.352700 -0.858800 0.371600
vn 0.460600 -0.806400 0.370900
vn 0.561000 -0.740500 0.370000
vn 0.651900 -0.662300 0.369200
vn 0.731500 -0.572900 0.369700
vn 0.799800 -0.472700 0.370100
vn 0.854900 -0.363000 0.370600
vn 0.895400 -0.245700 0.371300
vn 0.920200 -0.123300 0.371500
vn 0.928400 0.000600 0.371600
vn 0.959200 0.129500 0.251200
vn 0.968000 0.000200 0.250800
vn 0.959500 -0.128700 0.250500
vn 0.933700 -0.256200 0.250100
vn 0.891300 -0.378400 0.249900
vn 0.833900 -0.492200 0.249700
vn 0.762600 -0.596800 0.249600
vn 0.679200 -0.690200 0.249600
vn 0.585400 -0.771400 0.249400
vn 0.481000 -0.840400 0.249600
vn 0.368400 -0.895500 0.249800
vn 0.248900 -0.935700 0.250000
vn 0.125300 -0.960300 0.249300
vn -0.001200 -0.968400 0.249300
vn -0.127300 -0.960000 0.249300
vn -0.251300 -0.935300 0.249000
vn -0.371300 -0.894500 0.248900
vn -0.485500 -0.838000 0.249000
vn -0.592000 -0.766300 0.249700
vn -0.688400 -0.681100 0.249400
vn -0.773400 -0.583000 0.248900
vn -0.844900 -0.474000 0.247900
vn -0.901100 -0.356600 0.246700
vn -0.940900 -0.233400 0.245400
vn -0.963600 -0.107700 0.244500
vn -0.969500 0.016900 0.244600
vn -0.959500 0.138800 0.245200
vn -0.934400 0.257300 0.246400
vn -0.893800 0.373900 0.247500
vn -0.838600 0.485000 0.247900
vn -0.770400 0.587200 0.248300
vn -0.690000 0.679700 0.248700
vn -0.598300 0.761700 0.248900
vn -0.496700 0.831700 0.248200
vn -0.384700 0.889200 0.247800
vn -0.266000 0.931400 0.248400
vn -0.140600 0.958300 0.249000
vn -0.012400 0.968200 0.249900
vn 0.116700 0.961100 0.250200
vn 0.243100 0.936900 0.251200
vn 0.364100 0.896800 0.251500
vn 0.477900 0.841600 0.251700
vn 0.582800 0.772600 0.251800
vn 0.677200 0.691400 0.251900
vn 0.761400 0.597400 0.251600
vn 0.832800 0.492900 0.251800
vn 0.890500 0.379100 0.251800
vn 0.933200 0.256700 0.251400
vn 0.955800 0.262400 0.132900
vn 0.982300 0.132300 0.132900
vn 0.912200 0.387500 0.133000
vn 0.853100 0.504500 0.132800
vn 0.780200 0.611500 0.132100
vn 0.694100 0.707700 0.132000
vn 0.596800 0.791600 0.131300
vn 0.489500 0.862300 0.129400
vn 0.372700 0.919000 0.128200
vn 0.248400 0.960400 0.126300
vn 0.119100 0.985100 0.124000
vn -0.013000 0.992400 0.122000
vn -0.144700 0.982200 0.119600
vn -0.273000 0.954800 0.117800
vn -0.394600 0.911500 0.116000
vn -0.508300 0.853500 0.114700
vn -0.613200 0.781700 0.113500
vn -0.707700 0.697500 0.112400
vn -0.790700 0.602000 0.111200
vn -0.860900 0.496900 0.109600
vn -0.917500 0.382700 0.108100
vn -0.958900 0.262800 0.107400
vn -0.984300 0.140600 0.106500
vn -0.994300 0.015900 0.105800
vn -0.988200 -0.111100 0.105700
vn -0.965200 -0.239100 0.106300
vn -0.924700 -0.365200 0.107600
vn -0.867200 -0.485800 0.109300
vn -0.793900 -0.597900 0.110900
vn -0.706700 -0.698500 0.112500
vn -0.607300 -0.786300 0.113800
vn -0.498100 -0.859400 0.115200
vn -0.381200 -0.917100 0.116900
vn -0.258000 -0.958900 0.118500
vn -0.131200 -0.984000 0.120200
vn -0.001600 -0.992500 0.121900
vn 0.127800 -0.984100 0.123300
vn 0.254600 -0.958900 0.125100
vn 0.376900 -0.917500 0.127100
vn 0.492400 -0.860800 0.128400
vn 0.599400 -0.789900 0.129600
vn 0.695900 -0.706300 0.130000
vn 0.781000 -0.610800 0.130600
vn 0.853700 -0.503900 0.131200
vn 0.912600 -0.387000 0.131600
vn 0.956000 -0.262200 0.131800
vn 0.982300 -0.132200 0.132600
vn 0.991100 0.000100 0.133100
vn 0.990800 0.133200 0.025400
vn 0.999700 0.000000 0.025500
vn 0.990700 -0.133700 0.025100
vn 0.964200 -0.264200 0.024300
vn 0.920500 -0.390100 0.023100
vn 0.861500 -0.507400 0.021200
vn 0.788000 -0.615400 0.019900
vn 0.702400 -0.711600 0.017700
vn 0.604800 -0.796300 0.014300
vn 0.497200 -0.867600 0.010500
vn 0.380200 -0.924900 0.006600
vn 0.256700 -0.966500 0.001900
vn 0.129200 -0.991600 -0.002800
vn -0.000600 -1.000000 -0.007600
vn -0.131200 -0.991300 -0.012000
vn -0.259300 -0.965700 -0.016800
vn -0.383100 -0.923500 -0.021500
vn -0.501100 -0.865000 -0.026000
vn -0.610400 -0.791500 -0.030100
vn -0.710500 -0.702900 -0.033900
vn -0.798300 -0.601000 -0.037600
vn -0.871800 -0.488100 -0.040700
vn -0.929200 -0.367200 -0.042900
vn -0.969600 -0.240500 -0.044600
vn -0.992700 -0.111800 -0.045800
vn -0.998800 0.015700 -0.046400
vn -0.988800 0.141400 -0.047000
vn -0.963300 0.264200 -0.046700
vn -0.921900 0.384700 -0.045400
vn -0.865300 0.499400 -0.043300
vn -0.794800 0.605500 -0.040200
vn -0.711600 0.701600 -0.036300
vn -0.616600 0.786700 -0.031700
vn -0.511000 0.859100 -0.027300
vn -0.395900 0.918000 -0.022600
vn -0.273500 0.961700 -0.018800
vn -0.145500 0.989300 -0.013900
vn -0.012900 0.999900 -0.008700
vn 0.120200 0.992700 -0.003300
vn 0.250800 0.968000 0.001000
vn 0.376200 0.926500 0.005700
vn 0.494000 0.869400 0.010000
vn 0.602000 0.798300 0.014100
vn 0.700800 0.713200 0.017600
vn 0.787400 0.616100 0.020400
vn 0.860900 0.508300 0.022200
vn 0.920300 0.390400 0.023600
vn 0.964200 0.264000 0.024900
vn 0.989400 0.132100 -0.060800
vn 0.962900 0.262300 -0.062700
vn 0.919600 0.387300 -0.065300
vn 0.860800 0.504200 -0.068600
vn 0.787600 0.611700 -0.073900
vn 0.701500 0.708100 -0.080300
vn 0.603900 0.792200 -0.087800
vn 0.496400 0.862700 -0.096100
vn 0.380000 0.919000 -0.105300
vn 0.256000 0.959800 -0.114700
vn 0.126800 0.984100 -0.124500
vn -0.005300 0.991000 -0.133800
vn -0.136400 0.980300 -0.142900
vn -0.263000 0.952800 -0.151800
vn -0.384500 0.908900 -0.161500
vn -0.498200 0.850000 -0.171400
vn -0.602400 0.777500 -0.180700
vn -0.695900 0.692700 -0.189500
vn -0.777200 0.597800 -0.196700
vn -0.845900 0.493700 -0.201800
vn -0.901500 0.380800 -0.205600
vn -0.942400 0.262200 -0.207800
vn -0.967800 0.142000 -0.207700
vn -0.978300 0.017300 -0.206400
vn -0.972800 -0.109300 -0.204500
vn -0.950200 -0.237100 -0.202100
vn -0.910300 -0.362900 -0.199300
vn -0.853500 -0.483100 -0.195300
vn -0.781100 -0.594800 -0.190100
vn -0.694500 -0.695600 -0.183800
vn -0.595600 -0.783700 -0.176200
vn -0.487400 -0.856900 -0.168100
vn -0.371300 -0.914700 -0.159600
vn -0.248800 -0.956800 -0.150200
vn -0.122300 -0.982400 -0.141000
vn 0.006800 -0.991300 -0.131200
vn 0.135600 -0.983300 -0.121100
vn 0.261600 -0.958600 -0.112100
vn 0.384200 -0.917500 -0.102500
vn 0.499800 -0.861000 -0.094000
vn 0.606700 -0.790200 -0.086200
vn 0.703400 -0.706400 -0.079100
vn 0.788700 -0.610300 -0.073200
vn 0.861300 -0.503500 -0.068800
vn 0.919700 -0.387200 -0.065700
vn 0.963000 -0.262200 -0.062500
vn 0.989300 -0.132600 -0.061400
vn 0.998100 -0.000300 -0.060900
vn 0.990200 -0.000200 -0.139400
vn 0.981600 0.129100 -0.140700
vn 0.981700 -0.129100 -0.140200
vn 0.955900 -0.256200 -0.143800
vn 0.914000 -0.377700 -0.148000
vn 0.857300 -0.491200 -0.154000
vn 0.786600 -0.595800 -0.162300
vn 0.703600 -0.689500 -0.171800
vn 0.609800 -0.771300 -0.182300
vn 0.505600 -0.840300 -0.195300
vn 0.392900 -0.895400 -0.209300
vn 0.274000 -0.935200 -0.224200
vn 0.151400 -0.959100 -0.239200
vn 0.026200 -0.966500 -0.255200
vn -0.098400 -0.957700 -0.270300
vn -0.221600 -0.932300 -0.285900
vn -0.340300 -0.891000 -0.300600
vn -0.452700 -0.834500 -0.314200
vn -0.557600 -0.762900 -0.327400
vn -0.653100 -0.677200 -0.338900
vn -0.737000 -0.578900 -0.349000
vn -0.807200 -0.470400 -0.356600
vn -0.862400 -0.353200 -0.362700
vn -0.901300 -0.229300 -0.367500
vn -0.922800 -0.103300 -0.371100
vn -0.927300 0.021000 -0.373800
vn -0.916400 0.141400 -0.374300
vn -0.891400 0.257500 -0.372900
vn -0.852000 0.370700 -0.369700
vn -0.798500 0.479800 -0.363500
vn -0.732800 0.580200 -0.355500
vn -0.655500 0.671800 -0.345100
vn -0.566200 0.754100 -0.332800
vn -0.465600 0.825800 -0.318300
vn -0.355000 0.884300 -0.303100
vn -0.236200 0.928200 -0.287600
vn -0.111900 0.955700 -0.272400
vn 0.015600 0.966100 -0.257700
vn 0.143100 0.959500 -0.242700
vn 0.268100 0.936100 -0.227700
vn 0.388400 0.896500 -0.212900
vn 0.501500 0.842100 -0.198300
vn 0.606300 0.773500 -0.184600
vn 0.701600 0.691200 -0.173000
vn 0.785300 0.597200 -0.163200
vn 0.856600 0.492300 -0.154600
vn 0.913900 0.378000 -0.148100
vn 0.956000 0.256000 -0.143300
vn 0.968400 0.123700 -0.216300
vn 0.944300 0.245000 -0.219600
vn 0.904100 0.362100 -0.226900
vn 0.849800 0.471600 -0.235500
vn 0.782100 0.572300 -0.246600
vn 0.702200 0.662600 -0.260500
vn 0.611000 0.741600 -0.276800
vn 0.510900 0.807500 -0.294900
vn 0.403900 0.859200 -0.314000
vn 0.289800 0.896900 -0.334000
vn 0.170700 0.919300 -0.354500
vn 0.049300 0.925700 -0.375100
vn -0.072500 0.915500 -0.395800
vn -0.191800 0.888700 -0.416500
vn -0.305700 0.846200 -0.436400
vn -0.411900 0.789000 -0.455800
vn -0.507400 0.720100 -0.473300
vn -0.591800 0.641300 -0.488300
vn -0.664500 0.554300 -0.501100
vn -0.726100 0.459300 -0.511700
vn -0.776500 0.356600 -0.519500
vn -0.813700 0.249400 -0.525000
vn -0.837600 0.138900 -0.528300
vn -0.848000 0.024700 -0.529400
vn -0.843500 -0.095300 -0.528600
vn -0.822900 -0.217100 -0.525100
vn -0.785600 -0.337000 -0.519000
vn -0.732600 -0.450400 -0.510300
vn -0.665600 -0.554700 -0.499300
vn -0.586200 -0.647900 -0.486400
vn -0.495600 -0.730000 -0.470700
vn -0.396100 -0.798500 -0.453300
vn -0.289000 -0.853200 -0.434200
vn -0.176800 -0.892600 -0.414700
vn -0.059900 -0.917300 -0.393600
vn 0.059400 -0.926200 -0.372200
vn 0.178200 -0.919000 -0.351700
vn 0.295400 -0.896300 -0.330800
vn 0.408200 -0.858100 -0.311400
vn 0.515600 -0.805600 -0.291900
vn 0.614900 -0.739300 -0.274500
vn 0.704800 -0.660500 -0.258800
vn 0.783300 -0.570800 -0.246100
vn 0.850500 -0.470700 -0.234800
vn 0.904600 -0.361500 -0.226000
vn 0.944100 -0.245400 -0.220300
vn 0.968500 -0.124100 -0.216100
vn 0.976700 -0.000100 -0.214600
vn 0.956100 0.000000 -0.293100
vn 0.948800 0.115600 -0.294000
vn 0.948600 -0.116100 -0.294300
vn 0.926300 -0.229800 -0.298600
vn 0.889700 -0.338900 -0.306000
vn 0.839900 -0.441600 -0.315600
vn 0.777600 -0.536100 -0.328500
vn 0.704400 -0.620900 -0.343900
vn 0.620800 -0.695100 -0.362500
vn 0.528200 -0.757700 -0.383200
vn 0.428000 -0.807200 -0.406500
vn 0.323100 -0.843100 -0.429800
vn 0.213800 -0.864500 -0.454800
vn 0.102900 -0.871300 -0.479900
vn -0.008700 -0.862800 -0.505400
vn -0.117700 -0.839800 -0.529900
vn -0.222700 -0.802300 -0.553800
vn -0.322100 -0.751100 -0.576300
vn -0.414600 -0.686500 -0.597300
vn -0.498800 -0.609700 -0.616000
vn -0.572800 -0.521800 -0.632200
vn -0.635500 -0.423300 -0.645700
vn -0.685300 -0.316400 -0.655900
vn -0.720700 -0.202600 -0.663000
vn -0.741000 -0.087800 -0.665700
vn -0.746400 0.025800 -0.665000
vn -0.737600 0.134100 -0.661800
vn -0.715800 0.237300 -0.656700
vn -0.681500 0.338300 -0.648900
vn -0.634700 0.434500 -0.639100
vn -0.577300 0.522800 -0.627200
vn -0.509300 0.604100 -0.612900
vn -0.430200 0.677900 -0.596100
vn -0.340600 0.742400 -0.576900
vn -0.240400 0.796400 -0.554900
vn -0.132500 0.837100 -0.530800
vn -0.020600 0.861900 -0.506600
vn 0.093800 0.871500 -0.481400
vn 0.207000 0.865100 -0.456900
vn 0.317200 0.843900 -0.432700
vn 0.423300 0.808600 -0.408600
vn 0.523200 0.759600 -0.386300
vn 0.616400 0.697500 -0.365400
vn 0.701300 0.623100 -0.346200
vn 0.775900 0.537900 -0.329600
vn 0.839300 0.442700 -0.315500
vn 0.889500 0.339700 -0.305500
vn 0.926300 0.229900 -0.298400
vn 0.917400 0.104700 -0.384100
vn 0.897500 0.209200 -0.388300
vn 0.865000 0.309600 -0.394800
vn 0.819600 0.405000 -0.405300
vn 0.762700 0.493000 -0.418700
vn 0.695600 0.572000 -0.434700
vn 0.618400 0.641500 -0.453900
vn 0.533700 0.699500 -0.475300
vn 0.442600 0.745400 -0.498500
vn 0.345700 0.778600 -0.523800
vn 0.245300 0.798200 -0.550200
vn 0.142000 0.804200 -0.577100
vn 0.037300 0.796100 -0.604000
vn -0.066200 0.773100 -0.630800
vn -0.165800 0.735800 -0.656600
vn -0.258200 0.687100 -0.679100
vn -0.341800 0.627800 -0.699300
vn -0.414800 0.560300 -0.716900
vn -0.477700 0.486100 -0.731800
vn -0.530600 0.404400 -0.745000
vn -0.573400 0.314600 -0.756400
vn -0.604500 0.221000 -0.765400
vn -0.623400 0.125200 -0.771800
vn -0.629900 0.024200 -0.776300
vn -0.623700 -0.081200 -0.777400
vn -0.604200 -0.186600 -0.774700
vn -0.571100 -0.291000 -0.767500
vn -0.525200 -0.390600 -0.756000
vn -0.467600 -0.481500 -0.741300
vn -0.399900 -0.562500 -0.723600
vn -0.323400 -0.633000 -0.703400
vn -0.238800 -0.692600 -0.680700
vn -0.147600 -0.739900 -0.656300
vn -0.051300 -0.774500 -0.630500
vn 0.048400 -0.795700 -0.603700
vn 0.150200 -0.803200 -0.576500
vn 0.251300 -0.796700 -0.549700
vn 0.351500 -0.776600 -0.522800
vn 0.447500 -0.742800 -0.498000
vn 0.537900 -0.696300 -0.475200
vn 0.622500 -0.638000 -0.453200
vn 0.698400 -0.568900 -0.434200
vn 0.764700 -0.490100 -0.418400
vn 0.820100 -0.402900 -0.406300
vn 0.864700 -0.308600 -0.396200
vn 0.896900 -0.209400 -0.389500
vn 0.916800 -0.105700 -0.385100
vn 0.923700 -0.000200 -0.383200
vn 0.874900 -0.000800 -0.484400
vn 0.869400 0.092000 -0.485500
vn 0.868900 -0.093500 -0.486100
vn 0.852100 -0.184400 -0.489800
vn 0.824100 -0.272500 -0.496600
vn 0.785900 -0.355700 -0.505900
vn 0.737800 -0.433400 -0.517500
vn 0.679700 -0.504600 -0.532400
vn 0.613200 -0.567100 -0.549900
vn 0.539800 -0.620200 -0.569200
vn 0.460200 -0.663300 -0.590200
vn 0.374100 -0.694900 -0.614100
vn 0.284900 -0.714300 -0.639200
vn 0.194400 -0.721300 -0.664800
vn 0.102700 -0.715100 -0.691500
vn 0.013400 -0.696600 -0.717300
vn -0.072500 -0.666500 -0.742000
vn -0.154600 -0.624100 -0.765900
vn -0.230600 -0.570400 -0.788400
vn -0.299300 -0.507100 -0.808300
vn -0.360000 -0.433900 -0.825900
vn -0.412000 -0.351700 -0.840600
vn -0.453700 -0.262600 -0.851600
vn -0.484300 -0.168900 -0.858400
vn -0.502800 -0.073400 -0.861300
vn -0.509200 0.021100 -0.860400
vn -0.504500 0.112900 -0.856000
vn -0.488500 0.201100 -0.849100
vn -0.460800 0.286000 -0.840100
vn -0.422300 0.367500 -0.828600
vn -0.374400 0.442000 -0.815100
vn -0.317000 0.509500 -0.799900
vn -0.250200 0.569600 -0.782900
vn -0.173900 0.622500 -0.763000
vn -0.090200 0.665400 -0.741000
vn -0.000800 0.697100 -0.717000
vn 0.093100 0.717200 -0.690600
vn 0.187000 0.723600 -0.664400
vn 0.278800 0.717000 -0.638900
vn 0.368200 0.698100 -0.614000
vn 0.454600 0.667100 -0.590100
vn 0.535500 0.624900 -0.568100
vn 0.610400 0.571600 -0.548400
vn 0.677900 0.508500 -0.530900
vn 0.736900 0.436800 -0.516000
vn 0.785900 0.357600 -0.504500
vn 0.824600 0.272900 -0.495600
vn 0.852500 0.183900 -0.489300
vn 0.805500 0.078300 -0.587400
vn 0.791600 0.156800 -0.590600
vn 0.768100 0.233100 -0.596300
vn 0.735400 0.305800 -0.604700
vn 0.693700 0.374100 -0.615500
vn 0.643700 0.436500 -0.628600
vn 0.586400 0.491500 -0.643900
vn 0.522500 0.538400 -0.661100
vn 0.453200 0.576300 -0.680100
vn 0.379100 0.604600 -0.700500
vn 0.301700 0.622600 -0.722000
vn 0.221600 0.629100 -0.745000
vn 0.140000 0.624800 -0.768100
vn 0.058000 0.609400 -0.790700
vn -0.020600 0.583500 -0.811900
vn -0.094900 0.546800 -0.831900
vn -0.162300 0.502000 -0.849500
vn -0.221700 0.449600 -0.865300
vn -0.273200 0.390000 -0.879400
vn -0.315700 0.324400 -0.891700
vn -0.349800 0.252400 -0.902200
vn -0.373700 0.176600 -0.910600
vn -0.387300 0.098300 -0.916700
vn -0.390900 0.017700 -0.920200
vn -0.383800 -0.065200 -0.921100
vn -0.366800 -0.148500 -0.918400
vn -0.339900 -0.229700 -0.912000
vn -0.302200 -0.308000 -0.902100
vn -0.256800 -0.378800 -0.889100
vn -0.203300 -0.442700 -0.873300
vn -0.143200 -0.497600 -0.855500
vn -0.077100 -0.543400 -0.835900
vn -0.004700 -0.580300 -0.814400
vn 0.070900 -0.606300 -0.792100
vn 0.148400 -0.621200 -0.769500
vn 0.228000 -0.625100 -0.746500
vn 0.306900 -0.618000 -0.723800
vn 0.383600 -0.600000 -0.702000
vn 0.457700 -0.571700 -0.680900
vn 0.526400 -0.533700 -0.661800
vn 0.588600 -0.487600 -0.644800
vn 0.645200 -0.433300 -0.629300
vn 0.694500 -0.371600 -0.616100
vn 0.735300 -0.304800 -0.605300
vn 0.767500 -0.233500 -0.597000
vn 0.791100 -0.157800 -0.591000
vn 0.805400 -0.079800 -0.587400
vn 0.810100 -0.001000 -0.586300
vn 0.727800 0.063900 -0.682800
vn 0.731600 -0.000900 -0.681700
vn 0.727700 -0.065500 -0.682700
vn 0.716000 -0.130000 -0.685800
vn 0.696700 -0.192000 -0.691100
vn 0.670400 -0.250700 -0.698400
vn 0.637000 -0.305600 -0.707700
vn 0.596200 -0.356800 -0.719100
vn 0.549600 -0.402200 -0.732200
vn 0.498800 -0.439900 -0.746800
vn 0.442400 -0.471300 -0.763000
vn 0.381200 -0.495500 -0.780500
vn 0.317500 -0.511100 -0.798700
vn 0.252200 -0.517400 -0.817700
vn 0.185800 -0.514800 -0.836900
vn 0.120300 -0.503100 -0.855800
vn 0.057600 -0.481900 -0.874300
vn -0.002700 -0.452400 -0.891800
vn -0.058800 -0.414600 -0.908100
vn -0.109700 -0.369200 -0.922900
vn -0.155500 -0.316200 -0.935900
vn -0.193800 -0.257400 -0.946700
vn -0.225100 -0.193200 -0.955000
vn -0.249400 -0.124900 -0.960300
vn -0.264200 -0.056100 -0.962800
vn -0.270600 0.013600 -0.962600
vn -0.268100 0.082400 -0.959900
vn -0.256800 0.148400 -0.955000
vn -0.235900 0.212700 -0.948200
vn -0.206600 0.273700 -0.939400
vn -0.169800 0.329000 -0.929000
vn -0.125600 0.378400 -0.917100
vn -0.075000 0.421900 -0.903600
vn -0.017400 0.458500 -0.888500
vn 0.045100 0.487500 -0.872000
vn 0.111300 0.508000 -0.854100
vn 0.179100 0.519500 -0.835500
vn 0.246400 0.522200 -0.816500
vn 0.312900 0.515600 -0.797600
vn 0.377700 0.499800 -0.779400
vn 0.438600 0.475800 -0.762400
vn 0.495500 0.444200 -0.746400
vn 0.548000 0.405100 -0.731800
vn 0.595200 0.359200 -0.718800
vn 0.636100 0.307500 -0.707700
vn 0.670200 0.251400 -0.698300
vn 0.697000 0.191100 -0.691100
vn 0.716300 0.127900 -0.686000
vn 0.633500 0.100300 -0.767200
vn 0.642600 0.050300 -0.764500
vn 0.618300 0.148900 -0.771700
vn 0.597300 0.195700 -0.777800
vn 0.570700 0.239900 -0.785400
vn 0.538600 0.280800 -0.794400
vn 0.501800 0.316900 -0.804900
vn 0.460700 0.347800 -0.816600
vn 0.416400 0.372700 -0.829300
vn 0.368800 0.391700 -0.842900
vn 0.318500 0.404300 -0.857400
vn 0.265900 0.410200 -0.872400
vn 0.212700 0.408800 -0.887500
vn 0.160200 0.400400 -0.902200
vn 0.108200 0.385000 -0.916600
vn 0.058600 0.362900 -0.930000
vn 0.012500 0.334500 -0.942300
vn -0.028400 0.300300 -0.953400
vn -0.063400 0.261500 -0.963100
vn -0.093300 0.217400 -0.971600
vn -0.116900 0.168800 -0.978700
vn -0.133300 0.116900 -0.984200
vn -0.142600 0.063800 -0.987700
vn -0.144900 0.009800 -0.989400
vn -0.140000 -0.045500 -0.989100
vn -0.127700 -0.099900 -0.986800
vn -0.109100 -0.152900 -0.982200
vn -0.083600 -0.203300 -0.975500
vn -0.052000 -0.249800 -0.966900
vn -0.016300 -0.290800 -0.956700
vn 0.024200 -0.326300 -0.944900
vn 0.068500 -0.355800 -0.932100
vn 0.115800 -0.378700 -0.918200
vn 0.166700 -0.395000 -0.903400
vn 0.218100 -0.403700 -0.888500
vn 0.269400 -0.405600 -0.873500
vn 0.322100 -0.400000 -0.858100
vn 0.372000 -0.387500 -0.843500
vn 0.418900 -0.369400 -0.829500
vn 0.463400 -0.344500 -0.816500
vn 0.503600 -0.314300 -0.804700
vn 0.539900 -0.279000 -0.794200
vn 0.571500 -0.239400 -0.784900
vn 0.597700 -0.196000 -0.777400
vn 0.618400 -0.150200 -0.771400
vn 0.633400 -0.101300 -0.767200
vn 0.642600 -0.051000 -0.764500
vn 0.645600 -0.000800 -0.763600
vn 0.567600 -0.000100 -0.823300
vn 0.565300 0.038100 -0.824000
vn 0.565400 -0.039100 -0.823900
vn 0.558600 -0.076800 -0.825900
vn 0.547000 -0.114200 -0.829300
vn 0.531200 -0.148700 -0.834100
vn 0.511400 -0.181100 -0.840000
vn 0.487100 -0.211700 -0.847300
vn 0.459000 -0.239100 -0.855600
vn 0.428700 -0.261600 -0.864800
vn 0.395200 -0.280000 -0.874900
vn 0.358700 -0.294300 -0.885800
vn 0.320600 -0.303100 -0.897400
vn 0.281500 -0.307000 -0.909100
vn 0.242500 -0.306100 -0.920600
vn 0.203900 -0.299300 -0.932100
vn 0.164200 -0.286700 -0.943800
vn 0.128400 -0.269400 -0.954400
vn 0.094900 -0.247100 -0.964300
vn 0.063600 -0.220200 -0.973400
vn 0.036100 -0.189000 -0.981300
vn 0.013400 -0.155300 -0.987800
vn -0.005900 -0.117300 -0.993100
vn -0.020800 -0.076800 -0.996800
vn -0.029800 -0.035900 -0.998900
vn -0.034000 0.006900 -0.999400
vn -0.032600 0.048600 -0.998300
vn -0.025400 0.087400 -0.995800
vn -0.012100 0.127400 -0.991800
vn 0.007100 0.166000 -0.986100
vn 0.029300 0.199000 -0.979600
vn 0.056400 0.228500 -0.971900
vn 0.089200 0.255100 -0.962800
vn 0.123900 0.276500 -0.953000
vn 0.160500 0.292800 -0.942600
vn 0.199300 0.304400 -0.931500
vn 0.238500 0.310600 -0.920200
vn 0.279100 0.311500 -0.908300
vn 0.318100 0.307200 -0.896900
vn 0.356700 0.297400 -0.885600
vn 0.392900 0.282900 -0.875000
vn 0.426300 0.264100 -0.865200
vn 0.458400 0.239900 -0.855700
vn 0.486100 0.212700 -0.847600
vn 0.510200 0.182400 -0.840500
vn 0.530400 0.149900 -0.834400
vn 0.546500 0.114000 -0.829600
vn 0.558300 0.076100 -0.826100
vn 0.533000 0.069100 -0.843300
vn 0.539800 0.034700 -0.841100
vn 0.522800 0.101800 -0.846400
vn 0.508400 0.133900 -0.850600
vn 0.490500 0.163900 -0.855900
vn 0.468500 0.190800 -0.862600
vn 0.443300 0.215000 -0.870200
vn 0.414600 0.236600 -0.878700
vn 0.384600 0.253300 -0.887600
vn 0.352800 0.265500 -0.897200
vn 0.318300 0.274200 -0.907500
vn 0.283500 0.277600 -0.917900
vn 0.247500 0.277200 -0.928400
vn 0.212200 0.271800 -0.938700
vn 0.178400 0.261500 -0.948600
vn 0.145100 0.246800 -0.958100
vn 0.114800 0.227400 -0.967000
vn 0.087200 0.203900 -0.975100
vn 0.063000 0.177000 -0.982200
vn 0.042300 0.147400 -0.988200
vn 0.025600 0.113000 -0.993300
vn 0.013500 0.078000 -0.996900
vn 0.007000 0.041800 -0.999100
vn 0.005600 0.002600 -1.000000
vn 0.008100 -0.033200 -0.999400
vn 0.015300 -0.069300 -0.997500
vn 0.029300 -0.106300 -0.993900
vn 0.044700 -0.138800 -0.989300
vn 0.066300 -0.169200 -0.983400
vn 0.091100 -0.197100 -0.976100
vn 0.117100 -0.220300 -0.968400
vn 0.146800 -0.239900 -0.959600
vn 0.180300 -0.255100 -0.950000
vn 0.214900 -0.266600 -0.939500
vn 0.251200 -0.273200 -0.928600
vn 0.285100 -0.274400 -0.918400
vn 0.318700 -0.270900 -0.908300
vn 0.353000 -0.263100 -0.897900
vn 0.386400 -0.250300 -0.887700
vn 0.416800 -0.233400 -0.878500
vn 0.444400 -0.213100 -0.870100
vn 0.469600 -0.189500 -0.862300
vn 0.491200 -0.163100 -0.855600
vn 0.509000 -0.134000 -0.850300
vn 0.523100 -0.101900 -0.846200
vn 0.533900 -0.067900 -0.842800
vn 0.539800 -0.034000 -0.841100
vn 0.542000 -0.000500 -0.840400
vn 0.684700 -0.001200 -0.728800
vn 0.681200 0.056900 -0.729900
vn 0.681200 -0.056700 -0.729900
vn 0.671200 -0.111300 -0.732900
vn 0.653700 -0.166800 -0.738100
vn 0.631700 -0.217200 -0.744200
vn 0.602100 -0.264900 -0.753200
vn 0.567000 -0.310000 -0.763200
vn 0.525200 -0.350300 -0.775500
vn 0.480200 -0.383700 -0.788800
vn 0.431800 -0.410200 -0.803300
vn 0.377000 -0.432600 -0.818900
vn 0.320300 -0.446600 -0.835400
vn 0.264700 -0.452900 -0.851300
vn 0.207300 -0.452100 -0.867500
vn 0.148000 -0.440700 -0.885400
vn 0.090500 -0.424200 -0.901000
vn 0.038200 -0.400500 -0.915500
vn -0.013800 -0.366700 -0.930200
vn -0.061700 -0.328200 -0.942600
vn -0.099000 -0.284200 -0.953600
vn -0.135600 -0.232300 -0.963200
vn -0.161600 -0.177400 -0.970800
vn -0.182600 -0.118600 -0.976000
vn -0.195900 -0.056000 -0.979000
vn -0.200800 0.003900 -0.979600
vn -0.195000 0.066200 -0.978600
vn -0.184300 0.126500 -0.974700
vn -0.164000 0.185000 -0.969000
vn -0.135700 0.240900 -0.961000
vn -0.101600 0.290100 -0.951600
vn -0.062800 0.334500 -0.940300
vn -0.016100 0.373600 -0.927400
vn 0.036200 0.405900 -0.913200
vn 0.089000 0.431400 -0.897800
vn 0.146300 0.447200 -0.882400
vn 0.205100 0.457100 -0.865400
vn 0.262600 0.456900 -0.849800
vn 0.319300 0.451200 -0.833300
vn 0.376800 0.435900 -0.817300
vn 0.429300 0.415100 -0.802100
vn 0.480200 0.385700 -0.787800
vn 0.525800 0.352400 -0.774100
vn 0.566000 0.312700 -0.762800
vn 0.602500 0.266300 -0.752400
vn 0.631800 0.217400 -0.744000
vn 0.655100 0.165300 -0.737200
vn 0.671400 0.111500 -0.732600
vn 0.961400 0.229500 -0.151900
vn 0.982400 0.114800 -0.147700
vn 0.926500 0.339700 -0.161600
vn 0.878500 0.446200 -0.170600
vn 0.816900 0.545200 -0.188400
vn 0.741400 0.638500 -0.206400
vn 0.655100 0.720400 -0.227700
vn 0.558100 0.791200 -0.250000
vn 0.453900 0.847200 -0.276100
vn 0.345900 0.887900 -0.303500
vn 0.228200 0.915100 -0.332500
vn 0.110000 0.925600 -0.362100
vn -0.005400 0.920500 -0.390800
vn -0.124400 0.898400 -0.421200
vn -0.240500 0.860300 -0.449500
vn -0.349000 0.806900 -0.476500
vn -0.447900 0.739800 -0.502100
vn -0.537300 0.660500 -0.524400
vn -0.615000 0.570600 -0.544300
vn -0.680600 0.471000 -0.561200
vn -0.734700 0.362300 -0.573500
vn -0.774300 0.246200 -0.583000
vn -0.796800 0.128000 -0.590500
vn -0.805200 0.007400 -0.592900
vn -0.799200 -0.116000 -0.589800
vn -0.774900 -0.236100 -0.586400
vn -0.739100 -0.349200 -0.576100
vn -0.686700 -0.459800 -0.563100
vn -0.618900 -0.564300 -0.546500
vn -0.542100 -0.654800 -0.526600
vn -0.449100 -0.736800 -0.505400
vn -0.347600 -0.806600 -0.478100
vn -0.240700 -0.859000 -0.451900
vn -0.128200 -0.897200 -0.422700
vn -0.008600 -0.919100 -0.393900
vn 0.111200 -0.925000 -0.363400
vn 0.228700 -0.913900 -0.335300
vn 0.348200 -0.886300 -0.305300
vn 0.457100 -0.845600 -0.275700
vn 0.558800 -0.789700 -0.253200
vn 0.657300 -0.718400 -0.227700
vn 0.742600 -0.636700 -0.207800
vn 0.814600 -0.548900 -0.187700
vn 0.876800 -0.448100 -0.174500
vn 0.925700 -0.342400 -0.160900
vn 0.960700 -0.231300 -0.153400
vn 0.982000 -0.118100 -0.147500
vn 0.989200 -0.002100 -0.146500
vn 0.947200 0.125300 0.295100
vn 0.955100 -0.001800 0.296200
vn 0.946900 -0.128800 0.294600
vn 0.921500 -0.258200 0.290000
vn 0.880600 -0.381100 0.281600
vn 0.825400 -0.495800 0.270000
vn 0.755000 -0.603800 0.255800
vn 0.669800 -0.703100 0.238800
vn 0.573100 -0.789800 0.218400
vn 0.465000 -0.863300 0.196100
vn 0.350100 -0.920700 0.172600
vn 0.224600 -0.963400 0.146300
vn 0.094100 -0.988500 0.118000
vn -0.029400 -0.995400 0.091400
vn -0.158700 -0.985300 0.063500
vn -0.289500 -0.956500 0.035700
vn -0.412600 -0.910900 0.008900
vn -0.525500 -0.850600 -0.017000
vn -0.629900 -0.775600 -0.041100
vn -0.723100 -0.687900 -0.062300
vn -0.804300 -0.588700 -0.080500
vn -0.873400 -0.477400 -0.096600
vn -0.924800 -0.364500 -0.108800
vn -0.962000 -0.246200 -0.117800
vn -0.985300 -0.118700 -0.123100
vn -0.992200 0.007800 -0.124600
vn -0.983400 0.132900 -0.123200
vn -0.959100 0.257200 -0.118100
vn -0.920000 0.376400 -0.109200
vn -0.865300 0.491700 -0.097000
vn -0.797500 0.597800 -0.081400
vn -0.717600 0.693500 -0.063100
vn -0.626500 0.778300 -0.042100
vn -0.519900 0.854000 -0.018700
vn -0.407000 0.913400 0.006400
vn -0.285600 0.957800 0.033600
vn -0.160000 0.985200 0.062000
vn -0.034500 0.995300 0.090300
vn 0.096200 0.988200 0.118800
vn 0.223200 0.963700 0.146400
vn 0.346700 0.922000 0.172500
vn 0.467000 0.862000 0.197000
vn 0.574600 0.788600 0.218700
vn 0.668200 0.704600 0.238800
vn 0.754100 0.604400 0.257100
vn 0.826400 0.493400 0.271400
vn 0.881900 0.376800 0.283300
vn 0.922600 0.253500 0.290900
vn 0.938100 0.250700 0.238900
vn 0.961800 0.125000 0.243700
vn 0.898800 0.372700 0.230900
vn 0.842600 0.491900 0.219400
vn 0.772400 0.601200 0.204700
vn 0.688400 0.700800 0.187100
vn 0.591100 0.789200 0.166900
vn 0.485000 0.862600 0.143800
vn 0.366900 0.922800 0.117900
vn 0.244300 0.965400 0.091000
vn 0.115700 0.991300 0.062900
vn -0.017500 0.999300 0.033200
vn -0.147100 0.989100 0.004300
vn -0.272100 0.962000 -0.024400
vn -0.393100 0.918000 -0.052100
vn -0.506500 0.858700 -0.078100
vn -0.611100 0.784900 -0.102200
vn -0.704700 0.698600 -0.123700
vn -0.787200 0.599900 -0.142900
vn -0.855400 0.493000 -0.159000
vn -0.909400 0.378900 -0.171700
vn -0.949000 0.258300 -0.181000
vn -0.973000 0.135900 -0.186600
vn -0.982000 0.007400 -0.188600
vn -0.975100 -0.119400 -0.186700
vn -0.952600 -0.244500 -0.181000
vn -0.914600 -0.365900 -0.172000
vn -0.861500 -0.482100 -0.159600
vn -0.792900 -0.592200 -0.143700
vn -0.712000 -0.691000 -0.124700
vn -0.617300 -0.780000 -0.102800
vn -0.512300 -0.855200 -0.078700
vn -0.395400 -0.917000 -0.052200
vn -0.273900 -0.961400 -0.024900
vn -0.148200 -0.989000 0.003700
vn -0.012100 -0.999400 0.033900
vn 0.115900 -0.991300 0.061600
vn 0.241700 -0.966200 0.089200
vn 0.368000 -0.922500 0.116600
vn 0.485700 -0.862600 0.141400
vn 0.593000 -0.788300 0.164100
vn 0.686300 -0.703600 0.184300
vn 0.772100 -0.602400 0.202400
vn 0.842100 -0.493700 0.217100
vn 0.896200 -0.380200 0.228800
vn 0.937000 -0.256500 0.237300
vn 0.961200 -0.131500 0.242700
vn 0.969500 -0.005100 0.245000
vn 0.176700 0.023600 0.984000
vn 0.311900 0.003500 0.950100
vn 0.174600 0.047400 0.983500
vn 0.171600 0.074400 0.982400
vn 0.172700 0.085300 0.981300
vn 0.165500 0.110700 0.980000
vn 0.167100 0.098800 0.981000
vn 0.154200 0.136000 0.978600
vn 0.157500 0.123900 0.979700
vn 0.141100 0.157700 0.977400
vn 0.145400 0.147000 0.978400
vn 0.121300 0.180800 0.976000
vn 0.130100 0.168700 0.977000
vn 0.098900 0.201300 0.974500
vn 0.107800 0.190600 0.975700
vn 0.073600 0.218300 0.973100
vn 0.084500 0.209000 0.974200
vn 0.049600 0.232600 0.971300
vn 0.059200 0.224200 0.972800
vn 0.015600 0.243600 0.969700
vn 0.031100 0.236800 0.971100
vn -0.016100 0.251700 0.967700
vn -0.002300 0.245800 0.969300
vn -0.035200 0.251400 0.967200
vn -0.066700 0.251100 0.965700
vn 0.015100 -0.000000 -0.999900
vn -0.101600 0.245500 0.964000
vn -0.134300 0.238100 0.961900
vn -0.169400 0.222200 0.960200
vn -0.200300 0.198500 0.959400
vn -0.214500 0.186800 0.958700
vn -0.234100 0.156700 0.959500
vn -0.224400 0.172500 0.959100
vn -0.253500 0.130300 0.958500
vn -0.243400 0.142200 0.959400
vn -0.269600 0.087600 0.959000
vn -0.261600 0.110300 0.958800
vn -0.271600 0.053500 0.960900
vn -0.271600 0.072800 0.959700
vn -0.268100 0.017700 0.963200
vn -0.271300 0.038400 0.961700
vn -0.259100 -0.016700 0.965700
vn -0.265400 0.002700 0.964100
vn -0.244900 -0.048100 0.968400
vn -0.254400 -0.030100 0.966600
vn -0.227100 -0.078100 0.970700
vn -0.238500 -0.061300 0.969200
vn -0.205700 -0.103600 0.973100
vn -0.219200 -0.089400 0.971600
vn -0.180300 -0.137400 0.974000
vn -0.156600 -0.155300 0.975400
vn -0.131900 -0.171400 0.976300
vn -0.106800 -0.183700 0.977200
vn -0.080400 -0.193300 0.977800
vn -0.051700 -0.200100 0.978400
vn -0.024900 -0.202000 0.979100
vn 0.001000 -0.201600 0.979500
vn 0.025600 -0.197600 0.980000
vn 0.050500 -0.190500 0.980400
vn 0.076200 -0.180900 0.980500
vn 0.098500 -0.167300 0.981000
vn 0.114200 -0.151300 0.981900
vn 0.130400 -0.132400 0.982600
vn 0.143000 -0.112600 0.983300
vn 0.154400 -0.091600 0.983800
vn 0.173500 -0.047400 0.983700
vn 0.153500 -0.047000 0.987000
vn 0.160800 -0.034900 0.986400
vn 0.174900 -0.000800 0.984600
vn 0.570500 -0.151700 -0.807200
vn 0.599900 -0.073000 -0.796700
vn 0.637200 -0.011000 -0.770600
vn 0.628300 -0.077000 -0.774100
vn 0.579700 -0.033700 -0.814100
vn 0.593900 0.045000 -0.803300
vn 0.634400 0.132400 -0.761600
vn 0.590500 0.103000 -0.800400
vn 0.548100 0.129900 -0.826200
vn 0.443900 0.216000 -0.869600
vn 0.470400 0.329400 -0.818700
vn 0.512400 0.312800 -0.799800
vn 0.412200 0.282000 -0.866300
vn 0.357300 0.310300 -0.880900
vn 0.305600 0.344000 -0.887800
vn 0.386400 0.532500 -0.753100
vn 0.346100 0.305200 -0.887200
vn 0.202000 0.399100 -0.894400
vn 0.143400 0.418000 -0.897000
vn 0.122600 0.304700 -0.944500
vn 0.046100 0.282800 -0.958100
vn 0.094900 0.233300 -0.967800
vn 0.035300 0.193500 -0.980500
vn 0.079100 0.148300 -0.985800
vn 0.002600 0.135300 -0.990800
vn -0.038600 0.088500 -0.995300
vn -0.129000 0.054800 -0.990100
vn -0.053300 0.054500 -0.997100
vn -0.071000 -0.049700 -0.996200
vn -0.070300 -0.053700 -0.996100
vn -0.041300 -0.088100 -0.995300
vn 0.024400 -0.133000 -0.990800
vn 0.020300 -0.192100 -0.981200
vn -0.042200 -0.246200 -0.968300
vn 0.036700 -0.268900 -0.962500
vn 0.073100 -0.288300 -0.954700
vn 0.090200 -0.376700 -0.921900
vn 0.086800 -0.330000 -0.940000
vn 0.175300 -0.261000 -0.949300
vn 0.328600 -0.331500 -0.884400
vn 0.368600 -0.336100 -0.866700
vn 0.313800 -0.266100 -0.911500
vn 0.399900 -0.330400 -0.854900
vn 0.395100 -0.383400 -0.834800
vn 0.414300 -0.285100 -0.864300
vn 0.513300 -0.268900 -0.815000
vn 0.556400 -0.248500 -0.792900
vn 0.552400 -0.202700 -0.808600
vn -0.464400 0.000900 -0.885600
vn -0.430000 -0.165300 -0.887600
vn -0.480900 0.160100 -0.862000
vn -0.290000 -0.303600 -0.907600
vn -0.309100 -0.494900 -0.812100
vn -0.130700 -0.645200 -0.752800
vn 0.002900 -0.605500 -0.795800
vn 0.276600 -0.636100 -0.720400
vn 0.406900 -0.581600 -0.704400
vn 0.499800 -0.606400 -0.618500
vn 0.697100 -0.480600 -0.532000
vn 0.765500 -0.336500 -0.548500
vn 0.856900 -0.134800 -0.497600
vn 0.844200 -0.040900 -0.534400
vn 0.846000 0.206600 -0.491500
vn 0.768400 0.267900 -0.581100
vn 0.640100 0.462000 -0.613900
vn 0.575600 0.571100 -0.585200
vn 0.377700 0.627000 -0.681300
vn 0.295600 0.753700 -0.586900
vn -0.034300 0.744000 -0.667300
vn -0.153800 0.601700 -0.783700
vn -0.228200 0.424200 -0.876400
vn -0.261900 0.282600 -0.922800
vn 0.176700 0.011000 0.984200
vn 0.175800 0.034500 0.983800
vn 0.172500 0.058500 0.983300
vn -0.082500 0.246600 0.965600
vn -0.113300 0.242700 0.963500
vn -0.150000 0.232100 0.961100
vn -0.185300 0.211800 0.959600
vn -0.191800 -0.128500 0.973000
vn -0.199300 -0.115800 0.973100
vn -0.169000 -0.149900 0.974200
vn -0.144000 -0.165500 0.975600
vn 0.012200 0.000000 0.999900
vn -0.093200 -0.190600 0.977200
vn -0.066800 -0.198300 0.977900
vn -0.037400 -0.202700 0.978500
vn -0.010500 -0.203500 0.979000
vn 0.013800 -0.201100 0.979500
vn 0.038600 -0.195200 0.980000
vn 0.061600 -0.186500 0.980500
vn 0.090500 -0.175500 0.980300
vn 0.107900 -0.160200 0.981200
vn 0.124200 -0.142300 0.982000
vn 0.137700 -0.122900 0.982800
vn 0.149300 -0.102600 0.983500
vn 0.160900 -0.079900 0.983700
vn 0.186600 -0.014500 0.982300
vn 0.139200 -0.065000 0.988100
vn 0.170200 -0.016200 0.985300
usemtl None.010
s 1
f 1/1/1 2/2/2 3/3/3
f 4/4/4 5/5/5 6/6/6
f 7/7/7 6/6/6 5/5/5
f 8/8/8 9/9/9 7/7/7
f 10/10/10 11/11/11 8/8/8
f 12/12/12 13/13/13 10/10/10
f 14/14/14 15/15/15 12/12/12
f 16/16/16 17/17/17 14/14/14
f 18/18/18 19/19/19 16/16/16
f 20/20/20 21/21/21 18/18/18
f 22/22/22 23/23/23 20/20/20
f 24/24/24 25/25/25 22/22/22
f 26/26/26 27/27/27 24/24/24
f 28/28/28 29/29/29 26/26/26
f 30/30/30 31/31/31 28/28/28
f 32/32/32 33/33/33 30/30/30
f 34/34/34 35/35/35 32/32/32
f 36/36/36 37/37/37 34/34/34
f 38/38/38 39/39/39 36/36/36
f 40/40/40 41/41/41 38/38/38
f 42/42/42 43/43/43 40/40/40
f 44/44/44 45/45/45 42/42/42
f 46/46/46 47/47/47 44/44/44
f 48/48/48 49/49/49 46/46/46
f 50/50/50 51/51/51 48/48/48
f 52/52/52 53/53/53 50/50/50
f 54/54/54 55/55/55 52/52/52
f 56/56/56 57/57/57 54/54/54
f 58/58/58 59/59/59 56/56/56
f 60/60/60 61/61/61 58/58/58
f 62/62/62 63/63/63 60/60/60
f 64/64/64 65/65/65 62/62/62
f 66/66/66 67/67/67 64/64/64
f 68/68/68 69/69/69 66/66/66
f 70/70/70 71/71/71 68/68/68
f 72/72/72 73/73/73 70/70/70
f 74/74/74 75/75/75 72/72/72
f 76/76/76 77/77/77 74/74/74
f 78/78/78 79/79/79 76/76/76
f 80/80/80 81/81/81 78/78/78
f 82/82/82 83/83/83 80/80/80
f 84/84/84 85/85/85 82/82/82
f 86/86/86 87/87/87 84/84/84
f 88/88/88 89/89/89 86/86/86
f 90/90/90 91/91/91 88/88/88
f 92/92/92 93/93/93 90/90/90
f 94/94/94 95/95/95 92/92/92
f 3/3/3 96/96/96 94/97/94
f 97/98/97 98/99/98 99/100/99
f 98/99/98 100/101/100 101/102/101
f 101/102/101 102/103/102 103/104/103
f 103/104/103 104/105/104 105/106/105
f 105/106/105 106/107/106 107/108/107
f 107/108/107 108/109/108 109/110/109
f 109/110/109 110/111/110 111/112/111
f 111/112/111 112/113/112 113/114/113
f 113/114/113 114/115/114 115/116/115
f 115/116/115 116/117/116 117/118/117
f 117/118/117 118/119/118 119/120/119
f 119/120/119 120/121/120 121/122/121
f 121/122/121 122/123/122 123/124/123
f 123/124/123 124/125/124 125/126/125
f 125/126/125 126/127/126 127/128/127
f 127/128/127 128/129/128 129/130/129
f 129/130/129 130/131/130 131/132/131
f 131/132/131 132/133/132 133/134/133
f 133/134/133 134/135/134 135/136/135
f 135/136/135 136/137/136 137/138/137
f 137/138/137 138/139/138 139/140/139
f 139/140/139 140/141/140 141/142/141
f 141/142/141 142/143/142 143/144/143
f 143/144/143 144/145/144 145/146/145
f 145/146/145 146/147/146 147/148/147
f 147/148/147 148/149/148 149/150/149
f 149/150/149 150/151/150 151/152/151
f 151/152/151 152/153/152 153/154/153
f 153/154/153 154/155/154 155/156/155
f 154/157/154 156/158/156 155/159/155
f 157/160/157 158/161/158 156/158/156
f 159/162/159 160/163/160 158/161/158
f 161/164/161 162/165/162 160/163/160
f 163/166/163 164/167/164 162/165/162
f 165/168/165 166/169/166 164/167/164
f 167/170/167 168/171/168 166/169/166
f 169/172/169 170/173/170 168/171/168
f 171/174/171 172/175/172 170/173/170
f 173/176/173 174/177/174 172/175/172
f 175/178/175 176/179/176 174/177/174
f 177/180/177 178/181/178 176/179/176
f 179/182/179 180/183/180 178/181/178
f 181/184/181 182/185/182 180/183/180
f 183/186/183 184/187/184 182/185/182
f 185/188/185 186/189/186 184/187/184
f 187/190/187 188/191/188 186/189/186
f 189/192/189 190/193/190 188/191/188
f 191/194/191 99/100/99 190/193/190
f 190/193/190 192/195/192 193/196/193
f 188/191/188 193/196/193 194/197/194
f 186/189/186 194/197/194 195/198/195
f 184/187/184 195/198/195 196/199/196
f 182/185/182 196/199/196 197/200/197
f 180/183/180 197/200/197 198/201/198
f 178/181/178 198/201/198 199/202/199
f 176/179/176 199/202/199 200/203/200
f 174/177/174 200/203/200 201/204/201
f 172/175/172 201/204/201 202/205/202
f 170/173/170 202/205/202 203/206/203
f 168/171/168 203/206/203 204/207/204
f 166/169/166 204/207/204 205/208/205
f 164/167/164 205/208/205 206/209/206
f 162/165/162 206/209/206 207/210/207
f 160/163/160 207/210/207 208/211/208
f 158/161/158 208/211/208 209/212/209
f 156/158/156 209/212/209 210/213/210
f 155/159/155 210/213/210 211/214/211
f 153/154/153 211/215/211 212/216/212
f 213/217/213 153/154/153 212/216/212
f 214/218/214 151/152/151 213/217/213
f 215/219/215 149/150/149 214/218/214
f 216/220/216 147/148/147 215/219/215
f 217/221/217 145/146/145 216/220/216
f 218/222/218 143/144/143 217/221/217
f 219/223/219 141/142/141 218/222/218
f 220/224/220 139/140/139 219/223/219
f 221/225/221 137/138/137 220/224/220
f 222/226/222 135/136/135 221/225/221
f 223/227/223 133/134/133 222/226/222
f 224/228/224 131/132/131 223/227/223
f 225/229/225 129/130/129 224/228/224
f 226/230/226 127/128/127 225/229/225
f 227/231/227 125/126/125 226/230/226
f 228/232/228 123/124/123 227/231/227
f 229/233/229 121/122/121 228/232/228
f 230/234/230 119/120/119 229/233/229
f 231/235/231 117/118/117 230/234/230
f 232/236/232 115/116/115 231/235/231
f 233/237/233 113/114/113 232/236/232
f 234/238/234 111/112/111 233/237/233
f 235/239/235 109/110/109 234/238/234
f 236/240/236 107/108/107 235/239/235
f 237/241/237 105/106/105 236/240/236
f 238/242/238 103/104/103 237/241/237
f 239/243/239 101/102/101 238/242/238
f 99/100/99 239/243/239 192/195/192
f 192/195/192 240/244/240 241/245/241
f 240/244/240 238/242/238 242/246/242
f 242/246/242 237/241/237 243/247/243
f 243/247/243 236/240/236 244/248/244
f 244/248/244 235/239/235 245/249/245
f 245/249/245 234/238/234 246/250/246
f 246/250/246 233/237/233 247/251/247
f 247/251/247 232/236/232 248/252/248
f 248/252/248 231/235/231 249/253/249
f 249/253/249 230/234/230 250/254/250
f 250/254/250 229/233/229 251/255/251
f 251/255/251 228/232/228 252/256/252
f 252/256/252 227/231/227 253/257/253
f 253/257/253 226/230/226 254/258/254
f 254/258/254 225/229/225 255/259/255
f 255/259/255 224/228/224 256/260/256
f 256/260/256 223/227/223 257/261/257
f 257/261/257 222/226/222 258/262/258
f 258/262/258 221/225/221 259/263/259
f 259/263/259 220/224/220 260/264/260
f 260/264/260 219/223/219 261/265/261
f 261/265/261 218/222/218 262/266/262
f 262/266/262 217/221/217 263/267/263
f 263/267/263 216/220/216 264/268/264
f 264/268/264 215/219/215 265/269/265
f 265/269/265 214/218/214 266/270/266
f 266/270/266 213/217/213 267/271/267
f 267/271/267 212/216/212 268/272/268
f 268/272/268 211/215/211 269/273/269
f 211/214/211 270/274/270 269/275/269
f 210/213/210 271/276/271 270/274/270
f 209/212/209 272/277/272 271/276/271
f 208/211/208 273/278/273 272/277/272
f 207/210/207 274/279/274 273/278/273
f 206/209/206 275/280/275 274/279/274
f 205/208/205 276/281/276 275/280/275
f 204/207/204 277/282/277 276/281/276
f 203/206/203 278/283/278 277/282/277
f 202/205/202 279/284/279 278/283/278
f 201/204/201 280/285/280 279/284/279
f 200/203/200 281/286/281 280/285/280
f 199/202/199 282/287/282 281/286/281
f 198/201/198 283/288/283 282/287/282
f 197/200/197 284/289/284 283/288/283
f 196/199/196 285/290/285 284/289/284
f 195/198/195 286/291/286 285/290/285
f 194/197/194 287/292/287 286/291/286
f 193/196/193 241/245/241 287/292/287
f 287/292/287 288/293/288 289/294/289
f 286/291/286 289/294/289 290/295/290
f 285/290/285 290/295/290 291/296/291
f 284/289/284 291/296/291 292/297/292
f 283/288/283 292/297/292 293/298/293
f 294/299/294 283/288/283 293/298/293
f 295/300/295 282/287/282 294/299/294
f 296/301/296 281/286/281 295/300/295
f 297/302/297 280/285/280 296/301/296
f 278/283/278 297/302/297 298/303/298
f 277/282/277 298/303/298 299/304/299
f 276/281/276 299/304/299 300/305/300
f 275/280/275 300/305/300 301/306/301
f 274/279/274 301/306/301 302/307/302
f 273/278/273 302/307/302 303/308/303
f 272/277/272 303/308/303 304/309/304
f 271/276/271 304/309/304 305/310/305
f 270/274/270 305/310/305 306/311/306
f 269/275/269 306/311/306 307/312/307
f 268/272/268 307/313/307 308/314/308
f 309/315/309 268/272/268 308/314/308
f 310/316/310 267/271/267 309/315/309
f 311/317/311 266/270/266 310/316/310
f 312/318/312 265/269/265 311/317/311
f 313/319/313 264/268/264 312/318/312
f 314/320/314 263/267/263 313/319/313
f 315/321/315 262/266/262 314/320/314
f 316/322/316 261/265/261 315/321/315
f 317/323/317 260/264/260 316/322/316
f 318/324/318 259/263/259 317/323/317
f 319/325/319 258/262/258 318/324/318
f 256/260/256 319/325/319 320/326/320
f 255/259/255 320/326/320 321/327/321
f 254/258/254 321/327/321 322/328/322
f 253/257/253 322/328/322 323/329/323
f 252/256/252 323/329/323 324/330/324
f 251/255/251 324/330/324 325/331/325
f 250/254/250 325/331/325 326/332/326
f 249/253/249 326/332/326 327/333/327
f 248/252/248 327/333/327 328/334/328
f 247/251/247 328/334/328 329/335/329
f 246/250/246 329/335/329 330/336/330
f 331/337/331 246/250/246 330/336/330
f 332/338/332 245/249/245 331/337/331
f 333/339/333 244/248/244 332/338/332
f 334/340/334 243/247/243 333/339/333
f 335/341/335 242/246/242 334/340/334
f 241/245/241 335/341/335 288/293/288
f 336/342/336 335/341/335 337/343/337
f 337/343/337 334/340/334 338/344/338
f 338/344/338 333/339/333 339/345/339
f 339/345/339 332/338/332 340/346/340
f 340/346/340 331/337/331 341/347/341
f 331/337/331 342/348/342 341/347/341
f 330/336/330 343/349/343 342/348/342
f 329/335/329 344/350/344 343/349/343
f 328/334/328 345/351/345 344/350/344
f 327/333/327 346/352/346 345/351/345
f 326/332/326 347/353/347 346/352/346
f 325/331/325 348/354/348 347/353/347
f 324/330/324 349/355/349 348/354/348
f 323/329/323 350/356/350 349/355/349
f 322/328/322 351/357/351 350/356/350
f 321/327/321 352/358/352 351/357/351
f 320/326/320 353/359/353 352/358/352
f 319/325/319 354/360/354 353/359/353
f 354/360/354 317/323/317 355/361/355
f 355/361/355 316/322/316 356/362/356
f 356/362/356 315/321/315 357/363/357
f 357/363/357 314/320/314 358/364/358
f 358/364/358 313/319/313 359/365/359
f 359/365/359 312/318/312 360/366/360
f 360/366/360 311/317/311 361/367/361
f 361/367/361 310/316/310 362/368/362
f 362/368/362 309/315/309 363/369/363
f 363/369/363 308/314/308 364/370/364
f 364/370/364 307/313/307 365/371/365
f 307/312/307 366/372/366 365/373/365
f 306/311/306 367/374/367 366/372/366
f 305/310/305 368/375/368 367/374/367
f 304/309/304 369/376/369 368/375/368
f 303/308/303 370/377/370 369/376/369
f 302/307/302 371/378/371 370/377/370
f 301/306/301 372/379/372 371/378/371
f 300/305/300 373/380/373 372/379/372
f 373/380/373 298/303/298 374/381/374
f 374/381/374 297/302/297 375/382/375
f 375/382/375 296/301/296 376/383/376
f 376/383/376 295/300/295 377/384/377
f 377/384/377 294/299/294 378/385/378
f 378/385/378 293/298/293 379/386/379
f 379/386/379 292/297/292 380/387/380
f 380/387/380 291/296/291 381/388/381
f 381/388/381 290/295/290 382/389/382
f 382/389/382 289/294/289 383/390/383
f 383/390/383 288/293/288 336/342/336
f 384/391/384 336/342/336 385/392/385
f 386/393/386 383/390/383 384/391/384
f 387/394/387 382/389/382 386/393/386
f 388/395/388 381/388/381 387/394/387
f 389/396/389 380/387/380 388/395/388
f 390/397/390 379/386/379 389/396/389
f 391/398/391 378/385/378 390/397/390
f 392/399/392 377/384/377 391/398/391
f 393/400/393 376/383/376 392/399/392
f 394/401/394 375/382/375 393/400/393
f 395/402/395 374/381/374 394/401/394
f 396/403/396 373/380/373 395/402/395
f 371/378/371 396/403/396 397/404/397
f 370/377/370 397/404/397 398/405/398
f 369/376/369 398/405/398 399/406/399
f 368/375/368 399/406/399 400/407/400
f 367/374/367 400/407/400 401/408/401
f 366/372/366 401/408/401 402/409/402
f 365/373/365 402/409/402 403/410/403
f 404/411/404 365/371/365 403/412/403
f 405/413/405 364/370/364 404/411/404
f 406/414/406 363/369/363 405/413/405
f 407/415/407 362/368/362 406/414/406
f 408/416/408 361/367/361 407/415/407
f 409/417/409 360/366/360 408/416/408
f 410/418/410 359/365/359 409/417/409
f 411/419/411 358/364/358 410/418/410
f 412/420/412 357/363/357 411/419/411
f 413/421/413 356/362/356 412/420/412
f 354/360/354 413/421/413 414/422/414
f 353/359/353 414/422/414 415/423/415
f 352/358/352 415/423/415 416/424/416
f 351/357/351 416/424/416 417/425/417
f 350/356/350 417/425/417 418/426/418
f 349/355/349 418/426/418 419/427/419
f 348/354/348 419/427/419 420/428/420
f 347/353/347 420/428/420 421/429/421
f 346/352/346 421/429/421 422/430/422
f 345/351/345 422/430/422 423/431/423
f 344/350/344 423/431/423 424/432/424
f 343/349/343 424/432/424 425/433/425
f 342/348/342 425/433/425 426/434/426
f 341/347/341 426/434/426 427/435/427
f 340/346/340 427/435/427 428/436/428
f 339/345/339 428/436/428 429/437/429
f 430/438/430 339/345/339 429/437/429
f 431/439/431 338/344/338 430/438/430
f 385/392/385 337/343/337 431/439/431
f 432/440/432 431/439/431 433/441/433
f 433/441/433 430/438/430 434/442/434
f 430/438/430 435/443/435 434/442/434
f 429/437/429 436/444/436 435/443/435
f 428/436/428 437/445/437 436/444/436
f 427/435/427 438/446/438 437/445/437
f 426/434/426 439/447/439 438/446/438
f 425/433/425 440/448/440 439/447/439
f 424/432/424 441/449/441 440/448/440
f 423/431/423 442/450/442 441/449/441
f 422/430/422 443/451/443 442/450/442
f 421/429/421 444/452/444 443/451/443
f 420/428/420 445/453/445 444/452/444
f 419/427/419 446/454/446 445/453/445
f 418/426/418 447/455/447 446/454/446
f 417/425/417 448/456/448 447/455/447
f 416/424/416 449/457/449 448/456/448
f 415/423/415 450/458/450 449/457/449
f 414/422/414 451/459/451 450/458/450
f 451/459/451 412/420/412 452/460/452
f 452/460/452 411/419/411 453/461/453
f 453/461/453 410/418/410 454/462/454
f 454/462/454 409/417/409 455/463/455
f 455/463/455 408/416/408 456/464/456
f 456/464/456 407/415/407 457/465/457
f 457/465/457 406/414/406 458/466/458
f 458/466/458 405/413/405 459/467/459
f 405/413/405 460/468/460 459/467/459
f 404/411/404 461/469/461 460/468/460
f 461/470/461 402/409/402 462/471/462
f 462/471/462 401/408/401 463/472/463
f 401/408/401 464/473/464 463/472/463
f 400/407/400 465/474/465 464/473/464
f 399/406/399 466/475/466 465/474/465
f 398/405/398 467/476/467 466/475/466
f 397/404/397 468/477/468 467/476/467
f 396/403/396 469/478/469 468/477/468
f 469/478/469 394/401/394 470/479/470
f 470/479/470 393/400/393 471/480/471
f 471/480/471 392/399/392 472/481/472
f 472/481/472 391/398/391 473/482/473
f 473/482/473 390/397/390 474/483/474
f 474/483/474 389/396/389 475/484/475
f 475/484/475 388/395/388 476/485/476
f 476/485/476 387/394/387 477/486/477
f 477/486/477 386/393/386 478/487/478
f 478/487/478 384/391/384 479/488/479
f 479/488/479 385/392/385 432/440/432
f 480/489/480 432/440/432 481/490/481
f 482/491/482 479/488/479 480/489/480
f 483/492/483 478/487/478 482/491/482
f 484/493/484 477/486/477 483/492/483
f 485/494/485 476/485/476 484/493/484
f 486/495/486 475/484/475 485/494/485
f 487/496/487 474/483/474 486/495/486
f 488/497/488 473/482/473 487/496/487
f 489/498/489 472/481/472 488/497/488
f 490/499/490 471/480/471 489/498/489
f 491/500/491 470/479/470 490/499/490
f 492/501/492 469/478/469 491/500/491
f 493/502/493 468/477/468 492/501/492
f 494/503/494 467/476/467 493/502/493
f 495/504/495 466/475/466 494/503/494
f 496/505/496 465/474/465 495/504/495
f 497/506/497 464/473/464 496/505/496
f 462/471/462 497/506/497 498/507/498
f 499/508/499 462/471/462 498/507/498
f 460/468/460 499/509/499 500/510/500
f 459/467/459 500/510/500 501/511/501
f 502/512/502 459/467/459 501/511/501
f 503/513/503 458/466/458 502/512/502
f 504/514/504 457/465/457 503/513/503
f 505/515/505 456/464/456 504/514/504
f 506/516/506 455/463/455 505/515/505
f 507/517/507 454/462/454 506/516/506
f 508/518/508 453/461/453 507/517/507
f 509/519/509 452/460/452 508/518/508
f 450/458/450 509/519/509 510/520/510
f 449/457/449 510/520/510 511/521/511
f 448/456/448 511/521/511 512/522/512
f 447/455/447 512/522/512 513/523/513
f 446/454/446 513/523/513 514/524/514
f 445/453/445 514/524/514 515/525/515
f 444/452/444 515/525/515 516/526/516
f 443/451/443 516/526/516 517/527/517
f 442/450/442 517/527/517 518/528/518
f 441/449/441 518/528/518 519/529/519
f 440/448/440 519/529/519 520/530/520
f 439/447/439 520/530/520 521/531/521
f 438/446/438 521/531/521 522/532/522
f 437/445/437 522/532/522 523/533/523
f 436/444/436 523/533/523 524/534/524
f 435/443/435 524/534/524 525/535/525
f 526/536/526 435/443/435 525/535/525
f 527/537/527 434/442/434 526/536/526
f 481/490/481 433/441/433 527/537/527
f 528/538/528 527/537/527 529/539/529
f 527/537/527 530/540/530 529/539/529
f 526/536/526 531/541/531 530/540/530
f 525/535/525 532/542/532 531/541/531
f 524/534/524 533/543/533 532/542/532
f 523/533/523 534/544/534 533/543/533
f 522/532/522 535/545/535 534/544/534
f 521/531/521 536/546/536 535/545/535
f 520/530/520 537/547/537 536/546/536
f 519/529/519 538/548/538 537/547/537
f 518/528/518 539/549/539 538/548/538
f 517/527/517 540/550/540 539/549/539
f 516/526/516 541/551/541 540/550/540
f 515/525/515 542/552/542 541/551/541
f 514/524/514 543/553/543 542/552/542
f 513/523/513 544/554/544 543/553/543
f 512/522/512 545/555/545 544/554/544
f 511/521/511 546/556/546 545/555/545
f 510/520/510 547/557/547 546/556/546
f 509/519/509 548/558/548 547/557/547
f 548/558/548 507/517/507 549/559/549
f 549/559/549 506/516/506 550/560/550
f 550/560/550 505/515/505 551/561/551
f 551/561/551 504/514/504 552/562/552
f 552/562/552 503/513/503 553/563/553
f 553/563/553 502/512/502 554/564/554
f 502/512/502 555/565/555 554/564/554
f 555/565/555 500/510/500 556/566/556
f 556/566/556 499/509/499 557/567/557
f 557/568/557 498/507/498 558/569/558
f 558/569/558 497/506/497 559/570/559
f 559/570/559 496/505/496 560/571/560
f 560/571/560 495/504/495 561/572/561
f 561/572/561 494/503/494 562/573/562
f 562/573/562 493/502/493 563/574/563
f 563/574/563 492/501/492 564/575/564
f 564/575/564 491/500/491 565/576/565
f 565/576/565 490/499/490 566/577/566
f 566/577/566 489/498/489 567/578/567
f 567/578/567 488/497/488 568/579/568
f 568/579/568 487/496/487 569/580/569
f 569/580/569 486/495/486 570/581/570
f 570/581/570 485/494/485 571/582/571
f 571/582/571 484/493/484 572/583/572
f 572/583/572 483/492/483 573/584/573
f 573/584/573 482/491/482 574/585/574
f 574/585/574 480/489/480 575/586/575
f 575/586/575 481/490/481 528/538/528
f 575/586/575 576/587/576 577/588/577
f 574/585/574 577/588/577 578/589/578
f 573/584/573 578/589/578 579/590/579
f 572/583/572 579/590/579 580/591/580
f 571/582/571 580/591/580 581/592/581
f 570/581/570 581/592/581 582/593/582
f 569/580/569 582/593/582 583/594/583
f 568/579/568 583/594/583 584/595/584
f 567/578/567 584/595/584 585/596/585
f 566/577/566 585/596/585 586/597/586
f 565/576/565 586/597/586 587/598/587
f 564/575/564 587/598/587 588/599/588
f 563/574/563 588/599/588 589/600/589
f 562/573/562 589/600/589 590/601/590
f 561/572/561 590/601/590 591/602/591
f 560/571/560 591/602/591 592/603/592
f 559/570/559 592/603/592 593/604/593
f 558/569/558 593/604/593 594/605/594
f 557/568/557 594/605/594 595/606/595
f 556/566/556 595/607/595 596/608/596
f 555/565/555 596/608/596 597/609/597
f 554/564/554 597/609/597 598/610/598
f 599/611/599 554/564/554 598/610/598
f 600/612/600 553/563/553 599/611/599
f 601/613/601 552/562/552 600/612/600
f 602/614/602 551/561/551 601/613/601
f 603/615/603 550/560/550 602/614/602
f 604/616/604 549/559/549 603/615/603
f 605/617/605 548/558/548 604/616/604
f 606/618/606 547/557/547 605/617/605
f 607/619/607 546/556/546 606/618/606
f 608/620/608 545/555/545 607/619/607
f 609/621/609 544/554/544 608/620/608
f 610/622/610 543/553/543 609/621/609
f 611/623/611 542/552/542 610/622/610
f 612/624/612 541/551/541 611/623/611
f 613/625/613 540/550/540 612/624/612
f 614/626/614 539/549/539 613/625/613
f 615/627/615 538/548/538 614/626/614
f 616/628/616 537/547/537 615/627/615
f 617/629/617 536/546/536 616/628/616
f 618/630/618 535/545/535 617/629/617
f 619/631/619 534/544/534 618/630/618
f 620/632/620 533/543/533 619/631/619
f 621/633/621 532/542/532 620/632/620
f 622/634/622 531/541/531 621/633/621
f 623/635/623 530/540/530 622/634/622
f 528/538/528 623/635/623 576/587/576
f 576/587/576 624/636/624 625/637/625
f 624/636/624 622/634/622 626/638/626
f 626/638/626 621/633/621 627/639/627
f 627/639/627 620/632/620 628/640/628
f 628/640/628 619/631/619 629/641/629
f 629/641/629 618/630/618 630/642/630
f 630/642/630 617/629/617 631/643/631
f 631/643/631 616/628/616 632/644/632
f 632/644/632 615/627/615 633/645/633
f 633/645/633 614/626/614 634/646/634
f 634/646/634 613/625/613 635/647/635
f 635/647/635 612/624/612 636/648/636
f 636/648/636 611/623/611 637/649/637
f 637/649/637 610/622/610 638/650/638
f 638/650/638 609/621/609 639/651/639
f 639/651/639 608/620/608 640/652/640
f 640/652/640 607/619/607 641/653/641
f 641/653/641 606/618/606 642/654/642
f 642/654/642 605/617/605 643/655/643
f 643/655/643 604/616/604 644/656/644
f 644/656/644 603/615/603 645/657/645
f 645/657/645 602/614/602 646/658/646
f 646/658/646 601/613/601 647/659/647
f 647/659/647 600/612/600 648/660/648
f 648/660/648 599/611/599 649/661/649
f 649/661/649 598/610/598 650/662/650
f 598/610/598 651/663/651 650/662/650
f 597/609/597 652/664/652 651/663/651
f 596/608/596 653/665/653 652/664/652
f 595/606/595 654/666/654 653/667/653
f 594/605/594 655/668/655 654/666/654
f 593/604/593 656/669/656 655/668/655
f 592/603/592 657/670/657 656/669/656
f 591/602/591 658/671/658 657/670/657
f 590/601/590 659/672/659 658/671/658
f 589/600/589 660/673/660 659/672/659
f 588/599/588 661/674/661 660/673/660
f 587/598/587 662/675/662 661/674/661
f 586/597/586 663/676/663 662/675/662
f 585/596/585 664/677/664 663/676/663
f 584/595/584 665/678/665 664/677/664
f 583/594/583 666/679/666 665/678/665
f 582/593/582 667/680/667 666/679/666
f 581/592/581 668/681/668 667/680/667
f 580/591/580 669/682/669 668/681/668
f 579/590/579 670/683/670 669/682/669
f 578/589/578 671/684/671 670/683/670
f 577/588/577 625/637/625 671/684/671
f 671/684/671 672/685/672 673/686/673
f 670/683/670 673/686/673 674/687/674
f 669/682/669 674/687/674 675/688/675
f 668/681/668 675/688/675 676/689/676
f 667/680/667 676/689/676 677/690/677
f 666/679/666 677/690/677 678/691/678
f 665/678/665 678/691/678 679/692/679
f 664/677/664 679/692/679 680/693/680
f 663/676/663 680/693/680 681/694/681
f 662/675/662 681/694/681 682/695/682
f 661/674/661 682/695/682 683/696/683
f 660/673/660 683/696/683 684/697/684
f 659/672/659 684/697/684 685/698/685
f 658/671/658 685/698/685 686/699/686
f 657/670/657 686/699/686 687/700/687
f 656/669/656 687/700/687 688/701/688
f 655/668/655 688/701/688 689/702/689
f 654/666/654 689/702/689 690/703/690
f 653/667/653 690/703/690 691/704/691
f 652/664/652 691/705/691 692/706/692
f 651/663/651 692/706/692 693/707/693
f 650/662/650 693/707/693 694/708/694
f 649/661/649 694/708/694 695/709/695
f 696/710/696 649/661/649 695/709/695
f 697/711/697 648/660/648 696/710/696
f 698/712/698 647/659/647 697/711/697
f 699/713/699 646/658/646 698/712/698
f 700/714/700 645/657/645 699/713/699
f 701/715/701 644/656/644 700/714/700
f 702/716/702 643/655/643 701/715/701
f 703/717/703 642/654/642 702/716/702
f 704/718/704 641/653/641 703/717/703
f 705/719/705 640/652/640 704/718/704
f 706/720/706 639/651/639 705/719/705
f 707/721/707 638/650/638 706/720/706
f 708/722/708 637/649/637 707/721/707
f 709/723/709 636/648/636 708/722/708
f 710/724/710 635/647/635 709/723/709
f 711/725/711 634/646/634 710/724/710
f 712/726/712 633/645/633 711/725/711
f 713/727/713 632/644/632 712/726/712
f 714/728/714 631/643/631 713/727/713
f 715/729/715 630/642/630 714/728/714
f 716/730/716 629/641/629 715/729/715
f 717/731/717 628/640/628 716/730/716
f 718/732/718 627/639/627 717/731/717
f 719/733/719 626/638/626 718/732/718
f 625/637/625 719/733/719 672/685/672
f 672/685/672 720/734/720 721/735/721
f 720/734/720 718/732/718 722/736/722
f 722/736/722 717/731/717 723/737/723
f 723/737/723 716/730/716 724/738/724
f 724/738/724 715/729/715 725/739/725
f 725/739/725 714/728/714 726/740/726
f 726/740/726 713/727/713 727/741/727
f 727/741/727 712/726/712 728/742/728
f 728/742/728 711/725/711 729/743/729
f 729/743/729 710/724/710 730/744/730
f 730/744/730 709/723/709 731/745/731
f 731/745/731 708/722/708 732/746/732
f 732/746/732 707/721/707 733/747/733
f 733/747/733 706/720/706 734/748/734
f 734/748/734 705/719/705 735/749/735
f 735/749/735 704/718/704 736/750/736
f 736/750/736 703/717/703 737/751/737
f 737/751/737 702/716/702 738/752/738
f 738/752/738 701/715/701 739/753/739
f 739/753/739 700/714/700 740/754/740
f 740/754/740 699/713/699 741/755/741
f 741/755/741 698/712/698 742/756/742
f 742/756/742 697/711/697 743/757/743
f 743/757/743 696/710/696 744/758/744
f 744/758/744 695/709/695 745/759/745
f 695/709/695 746/760/746 745/759/745
f 694/708/694 747/761/747 746/760/746
f 693/707/693 748/762/748 747/761/747
f 692/706/692 749/763/749 748/762/748
f 691/704/691 750/764/750 749/765/749
f 690/703/690 751/766/751 750/764/750
f 689/702/689 752/767/752 751/766/751
f 688/701/688 753/768/753 752/767/752
f 687/700/687 754/769/754 753/768/753
f 686/699/686 755/770/755 754/769/754
f 685/698/685 756/771/756 755/770/755
f 684/697/684 757/772/757 756/771/756
f 683/696/683 758/773/758 757/772/757
f 682/695/682 759/774/759 758/773/758
f 681/694/681 760/775/760 759/774/759
f 680/693/680 761/776/761 760/775/760
f 679/692/679 762/777/762 761/776/761
f 678/691/678 763/778/763 762/777/762
f 677/690/677 764/779/764 763/778/763
f 676/689/676 765/780/765 764/779/764
f 675/688/675 766/781/766 765/780/765
f 674/687/674 767/782/767 766/781/766
f 673/686/673 721/735/721 767/782/767
f 767/782/767 768/783/768 769/784/769
f 766/781/766 769/784/769 770/785/770
f 765/780/765 770/785/770 771/786/771
f 764/779/764 771/786/771 772/787/772
f 763/778/763 772/787/772 773/788/773
f 762/777/762 773/788/773 774/789/774
f 761/776/761 774/789/774 775/790/775
f 760/775/760 775/790/775 776/791/776
f 759/774/759 776/791/776 777/792/777
f 758/773/758 777/792/777 778/793/778
f 757/772/757 778/793/778 779/794/779
f 756/771/756 779/794/779 780/795/780
f 755/770/755 780/795/780 781/796/781
f 754/769/754 781/796/781 782/797/782
f 753/768/753 782/797/782 783/798/783
f 752/767/752 783/798/783 784/799/784
f 751/766/751 784/799/784 785/800/785
f 750/764/750 785/800/785 786/801/786
f 749/765/749 786/801/786 787/802/787
f 748/762/748 787/803/787 788/804/788
f 747/761/747 788/804/788 789/805/789
f 746/760/746 789/805/789 790/806/790
f 745/759/745 790/806/790 791/807/791
f 744/758/744 791/807/791 792/808/792
f 793/809/793 744/758/744 792/808/792
f 794/810/794 743/757/743 793/809/793
f 795/811/795 742/756/742 794/810/794
f 796/812/796 741/755/741 795/811/795
f 797/813/797 740/754/740 796/812/796
f 798/814/798 739/753/739 797/813/797
f 799/815/799 738/752/738 798/814/798
f 800/816/800 737/751/737 799/815/799
f 801/817/801 736/750/736 800/816/800
f 802/818/802 735/749/735 801/817/801
f 803/819/803 734/748/734 802/818/802
f 804/820/804 733/747/733 803/819/803
f 805/821/805 732/746/732 804/820/804
f 806/822/806 731/745/731 805/821/805
f 807/823/807 730/744/730 806/822/806
f 808/824/808 729/743/729 807/823/807
f 809/825/809 728/742/728 808/824/808
f 810/826/810 727/741/727 809/825/809
f 811/827/811 726/740/726 810/826/810
f 812/828/812 725/739/725 811/827/811
f 813/829/813 724/738/724 812/828/812
f 814/830/814 723/737/723 813/829/813
f 815/831/815 722/736/722 814/830/814
f 721/735/721 815/831/815 768/783/768
f 768/783/768 816/832/816 817/833/817
f 816/832/816 814/830/814 818/834/818
f 818/834/818 813/829/813 819/835/819
f 819/835/819 812/828/812 820/836/820
f 820/836/820 811/827/811 821/837/821
f 821/837/821 810/826/810 822/838/822
f 822/838/822 809/825/809 823/839/823
f 823/839/823 808/824/808 824/840/824
f 824/840/824 807/823/807 825/841/825
f 825/841/825 806/822/806 826/842/826
f 826/842/826 805/821/805 827/843/827
f 827/843/827 804/820/804 828/844/828
f 828/844/828 803/819/803 829/845/829
f 829/845/829 802/818/802 830/846/830
f 830/846/830 801/817/801 831/847/831
f 831/847/831 800/816/800 832/848/832
f 832/848/832 799/815/799 833/849/833
f 833/849/833 798/814/798 834/850/834
f 834/850/834 797/813/797 835/851/835
f 835/851/835 796/812/796 836/852/836
f 836/852/836 795/811/795 837/853/837
f 837/853/837 794/810/794 838/854/838
f 838/854/838 793/809/793 839/855/839
f 839/855/839 792/808/792 840/856/840
f 792/808/792 841/857/841 840/856/840
f 791/807/791 842/858/842 841/857/841
f 790/806/790 843/859/843 842/858/842
f 789/805/789 844/860/844 843/859/843
f 788/804/788 845/861/845 844/860/844
f 787/802/787 846/862/846 845/863/845
f 786/801/786 847/864/847 846/862/846
f 785/800/785 848/865/848 847/864/847
f 784/799/784 849/866/849 848/865/848
f 783/798/783 850/867/850 849/866/849
f 782/797/782 851/868/851 850/867/850
f 781/796/781 852/869/852 851/868/851
f 780/795/780 853/870/853 852/869/852
f 779/794/779 854/871/854 853/870/853
f 778/793/778 855/872/855 854/871/854
f 777/792/777 856/873/856 855/872/855
f 776/791/776 857/874/857 856/873/856
f 775/790/775 858/875/858 857/874/857
f 774/789/774 859/876/859 858/875/858
f 773/788/773 860/877/860 859/876/859
f 772/787/772 861/878/861 860/877/860
f 771/786/771 862/879/862 861/878/861
f 770/785/770 863/880/863 862/879/862
f 769/784/769 817/833/817 863/880/863
f 863/880/863 864/881/864 865/882/865
f 862/879/862 865/882/865 866/883/866
f 861/878/861 866/883/866 867/884/867
f 860/877/860 867/884/867 868/885/868
f 859/876/859 868/885/868 869/886/869
f 858/875/858 869/886/869 870/887/870
f 857/874/857 870/887/870 871/888/871
f 856/873/856 871/888/871 872/889/872
f 855/872/855 872/889/872 873/890/873
f 854/871/854 873/890/873 874/891/874
f 853/870/853 874/891/874 875/892/875
f 852/869/852 875/892/875 876/893/876
f 851/868/851 876/893/876 877/894/877
f 850/867/850 877/894/877 878/895/878
f 849/866/849 878/895/878 879/896/879
f 848/865/848 879/896/879 880/897/880
f 847/864/847 880/897/880 881/898/881
f 846/862/846 881/898/881 882/899/882
f 845/863/845 882/899/882 883/900/883
f 844/860/844 883/901/883 884/902/884
f 843/859/843 884/902/884 885/903/885
f 842/858/842 885/903/885 886/904/886
f 841/857/841 886/904/886 887/905/887
f 840/856/840 887/905/887 888/906/888
f 839/855/839 888/906/888 889/907/889
f 890/908/890 839/855/839 889/907/889
f 891/909/891 838/854/838 890/908/890
f 892/910/892 837/853/837 891/909/891
f 893/911/893 836/852/836 892/910/892
f 894/912/894 835/851/835 893/911/893
f 895/913/895 834/850/834 894/912/894
f 896/914/896 833/849/833 895/913/895
f 897/915/897 832/848/832 896/914/896
f 898/916/898 831/847/831 897/915/897
f 899/917/899 830/846/830 898/916/898
f 900/918/900 829/845/829 899/917/899
f 901/919/901 828/844/828 900/918/900
f 902/920/902 827/843/827 901/919/901
f 903/921/903 826/842/826 902/920/902
f 904/922/904 825/841/825 903/921/903
f 905/923/905 824/840/824 904/922/904
f 906/924/906 823/839/823 905/923/905
f 907/925/907 822/838/822 906/924/906
f 908/926/908 821/837/821 907/925/907
f 909/927/909 820/836/820 908/926/908
f 910/928/910 819/835/819 909/927/909
f 911/929/911 818/834/818 910/928/910
f 817/833/817 911/929/911 864/881/864
f 912/930/912 911/929/911 913/931/913
f 911/929/911 914/932/914 913/931/913
f 910/928/910 915/933/915 914/932/914
f 909/927/909 916/934/916 915/933/915
f 908/926/908 917/935/917 916/934/916
f 907/925/907 918/936/918 917/935/917
f 906/924/906 919/937/919 918/936/918
f 905/923/905 920/938/920 919/937/919
f 904/922/904 921/939/921 920/938/920
f 903/921/903 922/940/922 921/939/921
f 902/920/902 923/941/923 922/940/922
f 901/919/901 924/942/924 923/941/923
f 900/918/900 925/943/925 924/942/924
f 899/917/899 926/944/926 925/943/925
f 898/916/898 927/945/927 926/944/926
f 897/915/897 928/946/928 927/945/927
f 896/914/896 929/947/929 928/946/928
f 895/913/895 930/948/930 929/947/929
f 894/912/894 931/949/931 930/948/930
f 893/911/893 932/950/932 931/949/931
f 892/910/892 933/951/933 932/950/932
f 891/909/891 934/952/934 933/951/933
f 890/908/890 935/953/935 934/952/934
f 889/907/889 936/954/936 935/953/935
f 888/906/888 937/955/937 936/954/936
f 887/905/887 938/956/938 937/955/937
f 886/904/886 939/957/939 938/956/938
f 885/903/885 940/958/940 939/957/939
f 940/958/940 883/901/883 941/959/941
f 941/960/941 882/899/882 942/961/942
f 942/961/942 881/898/881 943/962/943
f 943/962/943 880/897/880 944/963/944
f 944/963/944 879/896/879 945/964/945
f 945/964/945 878/895/878 946/965/946
f 946/965/946 877/894/877 947/966/947
f 947/966/947 876/893/876 948/967/948
f 948/967/948 875/892/875 949/968/949
f 949/968/949 874/891/874 950/969/950
f 950/969/950 873/890/873 951/970/951
f 951/970/951 872/889/872 952/971/952
f 952/971/952 871/888/871 953/972/953
f 953/972/953 870/887/870 954/973/954
f 954/973/954 869/886/869 955/974/955
f 955/974/955 868/885/868 956/975/956
f 956/975/956 867/884/867 957/976/957
f 957/976/957 866/883/866 958/977/958
f 958/977/958 865/882/865 959/978/959
f 959/978/959 864/881/864 912/930/912
f 960/979/960 912/930/912 961/980/961
f 962/981/962 959/978/959 960/979/960
f 963/982/963 958/977/958 962/981/962
f 964/983/964 957/976/957 963/982/963
f 965/984/965 956/975/956 964/983/964
f 966/985/966 955/974/955 965/984/965
f 967/986/967 954/973/954 966/985/966
f 968/987/968 953/972/953 967/986/967
f 969/988/969 952/971/952 968/987/968
f 970/989/970 951/970/951 969/988/969
f 971/990/971 950/969/950 970/989/970
f 972/991/972 949/968/949 971/990/971
f 973/992/973 948/967/948 972/991/972
f 974/993/974 947/966/947 973/992/973
f 975/994/975 946/965/946 974/993/974
f 976/995/976 945/964/945 975/994/975
f 977/996/977 944/963/944 976/995/976
f 978/997/978 943/962/943 977/996/977
f 979/998/979 942/961/942 978/997/978
f 980/999/980 941/959/941 979/1000/979
f 981/1001/981 940/958/940 980/999/980
f 938/956/938 981/1001/981 982/1002/982
f 937/955/937 982/1002/982 983/1003/983
f 936/954/936 983/1003/983 984/1004/984
f 935/953/935 984/1004/984 985/1005/985
f 934/952/934 985/1005/985 986/1006/986
f 933/951/933 986/1006/986 987/1007/987
f 932/950/932 987/1007/987 988/1008/988
f 931/949/931 988/1008/988 989/1009/989
f 930/948/930 989/1009/989 990/1010/990
f 929/947/929 990/1010/990 991/1011/991
f 928/946/928 991/1011/991 992/1012/992
f 927/945/927 992/1012/992 993/1013/993
f 926/944/926 993/1013/993 994/1014/994
f 925/943/925 994/1014/994 995/1015/995
f 924/942/924 995/1015/995 996/1016/996
f 923/941/923 996/1016/996 997/1017/997
f 922/940/922 997/1017/997 998/1018/998
f 921/939/921 998/1018/998 999/1019/999
f 920/938/920 999/1019/999 1000/1020/1000
f 919/937/919 1000/1020/1000 1001/1021/1001
f 918/936/918 1001/1021/1001 1002/1022/1002
f 917/935/917 1002/1022/1002 1003/1023/1003
f 916/934/916 1003/1023/1003 1004/1024/1004
f 915/933/915 1004/1024/1004 1005/1025/1005
f 914/932/914 1005/1025/1005 1006/1026/1006
f 913/931/913 1006/1026/1006 1007/1027/1007
f 961/980/961 913/931/913 1007/1027/1007
f 961/980/961 1008/1028/1008 1009/1029/1009
f 1007/1027/1007 1010/1030/1010 1008/1028/1008
f 1006/1026/1006 1011/1031/1011 1010/1030/1010
f 1005/1025/1005 1012/1032/1012 1011/1031/1011
f 1004/1024/1004 1013/1033/1013 1012/1032/1012
f 1003/1023/1003 1014/1034/1014 1013/1033/1013
f 1002/1022/1002 1015/1035/1015 1014/1034/1014
f 1001/1021/1001 1016/1036/1016 1015/1035/1015
f 1000/1020/1000 1017/1037/1017 1016/1036/1016
f 999/1019/999 1018/1038/1018 1017/1037/1017
f 998/1018/998 1019/1039/1019 1018/1038/1018
f 997/1017/997 1020/1040/1020 1019/1039/1019
f 996/1016/996 1021/1041/1021 1020/1040/1020
f 995/1015/995 1022/1042/1022 1021/1041/1021
f 994/1014/994 1023/1043/1023 1022/1042/1022
f 993/1013/993 1024/1044/1024 1023/1043/1023
f 992/1012/992 1025/1045/1025 1024/1044/1024
f 991/1011/991 1026/1046/1026 1025/1045/1025
f 990/1010/990 1027/1047/1027 1026/1046/1026
f 989/1009/989 1028/1048/1028 1027/1047/1027
f 988/1008/988 1029/1049/1029 1028/1048/1028
f 987/1007/987 1030/1050/1030 1029/1049/1029
f 986/1006/986 1031/1051/1031 1030/1050/1030
f 985/1005/985 1032/1052/1032 1031/1051/1031
f 984/1004/984 1033/1053/1033 1032/1052/1032
f 983/1003/983 1034/1054/1034 1033/1053/1033
f 1034/1054/1034 981/1001/981 1035/1055/1035
f 1035/1055/1035 980/999/980 1036/1056/1036
f 1036/1056/1036 979/1000/979 1037/1057/1037
f 1037/1058/1037 978/997/978 1038/1059/1038
f 1038/1059/1038 977/996/977 1039/1060/1039
f 1039/1060/1039 976/995/976 1040/1061/1040
f 1040/1061/1040 975/994/975 1041/1062/1041
f 974/993/974 1041/1062/1041 975/994/975
f 973/992/973 1042/1063/1042 974/993/974
f 1043/1064/1043 972/991/972 1044/1065/1044
f 1044/1065/1044 971/990/971 1045/1066/1045
f 1045/1066/1045 970/989/970 1046/1067/1046
f 1046/1067/1046 969/988/969 1047/1068/1047
f 1047/1068/1047 968/987/968 1048/1069/1048
f 1048/1069/1048 967/986/967 1049/1070/1049
f 1049/1070/1049 966/985/966 1050/1071/1050
f 1050/1071/1050 965/984/965 1051/1072/1051
f 1051/1072/1051 964/983/964 1052/1073/1052
f 1052/1073/1052 963/982/963 1053/1074/1053
f 1053/1074/1053 962/981/962 1054/1075/1054
f 1054/1075/1054 960/979/960 1055/1076/1055
f 1055/1076/1055 961/980/961 1009/1029/1009
f 1056/1077/1056 1009/1029/1009 1057/1078/1057
f 1058/1079/1058 1055/1076/1055 1056/1077/1056
f 1059/1080/1059 1054/1075/1054 1058/1079/1058
f 1060/1081/1060 1053/1074/1053 1059/1080/1059
f 1061/1082/1061 1052/1073/1052 1060/1081/1060
f 1062/1083/1062 1051/1072/1051 1061/1082/1061
f 1063/1084/1063 1050/1071/1050 1062/1083/1062
f 1064/1085/1064 1049/1070/1049 1063/1084/1063
f 1065/1086/1065 1048/1069/1048 1064/1085/1064
f 1066/1087/1066 1047/1068/1047 1065/1086/1065
f 1067/1088/1067 1046/1067/1046 1066/1087/1066
f 1068/1089/1068 1045/1066/1045 1067/1088/1067
f 1069/1090/1069 1044/1065/1044 1068/1089/1068
f 1070/1091/1070 1043/1064/1043 1069/1090/1069
f 1071/1092/1071 1042/1063/1042 1070/1091/1070
f 1072/1093/1072 1041/1062/1041 1071/1092/1071
f 1073/1094/1073 1040/1061/1040 1072/1093/1072
f 1074/1095/1074 1039/1060/1039 1073/1094/1073
f 1075/1096/1075 1038/1059/1038 1074/1095/1074
f 1076/1097/1076 1037/1057/1037 1075/1098/1075
f 1077/1099/1077 1036/1056/1036 1076/1097/1076
f 1078/1100/1078 1035/1055/1035 1077/1099/1077
f 1033/1053/1033 1078/1100/1078 1079/1101/1079
f 1032/1052/1032 1079/1101/1079 1080/1102/1080
f 1031/1051/1031 1080/1102/1080 1081/1103/1081
f 1030/1050/1030 1081/1103/1081 1082/1104/1082
f 1029/1049/1029 1082/1104/1082 1083/1105/1083
f 1028/1048/1028 1083/1105/1083 1084/1106/1084
f 1027/1047/1027 1084/1106/1084 1085/1107/1085
f 1026/1046/1026 1085/1107/1085 1086/1108/1086
f 1025/1045/1025 1086/1108/1086 1087/1109/1087
f 1024/1044/1024 1087/1109/1087 1088/1110/1088
f 1023/1043/1023 1088/1110/1088 1089/1111/1089
f 1022/1042/1022 1089/1111/1089 1090/1112/1090
f 1021/1041/1021 1090/1112/1090 1091/1113/1091
f 1020/1040/1020 1091/1113/1091 1092/1114/1092
f 1019/1039/1019 1092/1114/1092 1093/1115/1093
f 1018/1038/1018 1093/1115/1093 1094/1116/1094
f 1017/1037/1017 1094/1116/1094 1095/1117/1095
f 1016/1036/1016 1095/1117/1095 1096/1118/1096
f 1015/1035/1015 1096/1118/1096 1097/1119/1097
f 1014/1034/1014 1097/1119/1097 1098/1120/1098
f 1013/1033/1013 1098/1120/1098 1099/1121/1099
f 1012/1032/1012 1099/1121/1099 1100/1122/1100
f 1011/1031/1011 1100/1122/1100 1101/1123/1101
f 1010/1030/1010 1101/1123/1101 1102/1124/1102
f 1008/1028/1008 1102/1124/1102 1103/1125/1103
f 1009/1029/1009 1103/1125/1103 1057/1078/1057
f 1057/1078/1057 1104/1126/1104 1105/1127/1105
f 1103/1125/1103 1106/1128/1106 1104/1126/1104
f 1102/1124/1102 1107/1129/1107 1106/1128/1106
f 1101/1123/1101 1108/1130/1108 1107/1129/1107
f 1100/1122/1100 1109/1131/1109 1108/1130/1108
f 1099/1121/1099 1110/1132/1110 1109/1131/1109
f 1098/1120/1098 1111/1133/1111 1110/1132/1110
f 1097/1119/1097 1112/1134/1112 1111/1133/1111
f 1096/1118/1096 1113/1135/1113 1112/1134/1112
f 1095/1117/1095 1114/1136/1114 1113/1135/1113
f 1094/1116/1094 1115/1137/1115 1114/1136/1114
f 1093/1115/1093 1116/1138/1116 1115/1137/1115
f 1092/1114/1092 1117/1139/1117 1116/1138/1116
f 1091/1113/1091 1118/1140/1118 1117/1139/1117
f 1090/1112/1090 1119/1141/1119 1118/1140/1118
f 1089/1111/1089 1120/1142/1120 1119/1141/1119
f 1088/1110/1088 1121/1143/1121 1120/1142/1120
f 1087/1109/1087 1122/1144/1122 1121/1143/1121
f 1086/1108/1086 1123/1145/1123 1122/1144/1122
f 1085/1107/1085 1124/1146/1124 1123/1145/1123
f 1084/1106/1084 1125/1147/1125 1124/1146/1124
f 1083/1105/1083 1126/1148/1126 1125/1147/1125
f 1082/1104/1082 1127/1149/1127 1126/1148/1126
f 1081/1103/1081 1128/1150/1128 1127/1149/1127
f 1080/1102/1080 1129/1151/1129 1128/1150/1128
f 1079/1101/1079 1130/1152/1130 1129/1151/1129
f 1130/1152/1130 1077/1099/1077 1131/1153/1131
f 1131/1153/1131 1076/1097/1076 1132/1154/1132
f 1132/1154/1132 1075/1098/1075 1133/1155/1133
f 1133/1156/1133 1074/1095/1074 1134/1157/1134
f 1134/1157/1134 1073/1094/1073 1135/1158/1135
f 1135/1158/1135 1072/1093/1072 1136/1159/1136
f 1136/1159/1136 1071/1092/1071 1137/1160/1137
f 1137/1160/1137 1070/1091/1070 1138/1161/1138
f 1138/1161/1138 1069/1090/1069 1139/1162/1139
f 1139/1162/1139 1068/1089/1068 1140/1163/1140
f 1140/1163/1140 1067/1088/1067 1141/1164/1141
f 1141/1164/1141 1066/1087/1066 1142/1165/1142
f 1142/1165/1142 1065/1086/1065 1143/1166/1143
f 1143/1166/1143 1064/1085/1064 1144/1167/1144
f 1144/1167/1144 1063/1084/1063 1145/1168/1145
f 1145/1168/1145 1062/1083/1062 1146/1169/1146
f 1146/1169/1146 1061/1082/1061 1147/1170/1147
f 1147/1170/1147 1060/1081/1060 1148/1171/1148
f 1148/1171/1148 1059/1080/1059 1149/1172/1149
f 1149/1172/1149 1058/1079/1058 1150/1173/1150
f 1058/1079/1058 1151/1174/1151 1150/1173/1150
f 1056/1077/1056 1105/1127/1105 1151/1174/1151
f 1152/1175/1152 1105/1176/1105 1153/1177/1153
f 1154/1178/1154 1151/1179/1151 1152/1175/1152
f 1155/1180/1155 1150/1181/1150 1154/1178/1154
f 1156/1182/1156 1149/1183/1149 1155/1180/1155
f 1157/1184/1157 1148/1185/1148 1156/1182/1156
f 1158/1186/1158 1147/1187/1147 1157/1184/1157
f 1159/1188/1159 1146/1189/1146 1158/1186/1158
f 1160/1190/1160 1145/1191/1145 1159/1188/1159
f 1161/1192/1161 1144/1193/1144 1160/1190/1160
f 1162/1194/1162 1143/1195/1143 1161/1192/1161
f 1163/1196/1163 1142/1197/1142 1162/1194/1162
f 1164/1198/1164 1141/1199/1141 1163/1196/1163
f 1165/1200/1165 1140/1201/1140 1164/1198/1164
f 1166/1202/1166 1139/1203/1139 1165/1200/1165
f 1167/1204/1167 1138/1205/1138 1166/1202/1166
f 1168/1206/1168 1137/1207/1137 1167/1204/1167
f 1169/1208/1169 1136/1209/1136 1168/1206/1168
f 1170/1210/1170 1135/1211/1135 1169/1208/1169
f 1171/1212/1171 1134/1213/1134 1170/1210/1170
f 1172/1214/1172 1133/1215/1133 1171/1216/1171
f 1173/1217/1173 1132/1218/1132 1172/1214/1172
f 1174/1219/1174 1131/1220/1131 1173/1217/1173
f 1175/1221/1175 1130/1222/1130 1174/1219/1174
f 1128/1223/1128 1175/1221/1175 1176/1224/1176
f 1177/1225/1177 1128/1223/1128 1176/1224/1176
f 1126/1226/1126 1177/1225/1177 1178/1227/1178
f 1125/1228/1125 1178/1227/1178 1179/1229/1179
f 1124/1230/1124 1179/1229/1179 1180/1231/1180
f 1123/1232/1123 1180/1231/1180 1181/1233/1181
f 1122/1234/1122 1181/1233/1181 1182/1235/1182
f 1121/1236/1121 1182/1235/1182 1183/1237/1183
f 1120/1238/1120 1183/1237/1183 1184/1239/1184
f 1119/1240/1119 1184/1239/1184 1185/1241/1185
f 1118/1242/1118 1185/1241/1185 1186/1243/1186
f 1117/1244/1117 1186/1243/1186 1187/1245/1187
f 1116/1246/1116 1187/1245/1187 1188/1247/1188
f 1115/1248/1115 1188/1247/1188 1189/1249/1189
f 1114/1250/1114 1189/1249/1189 1190/1251/1190
f 1113/1252/1113 1190/1251/1190 1191/1253/1191
f 1112/1254/1112 1191/1253/1191 1192/1255/1192
f 1111/1256/1111 1192/1255/1192 1193/1257/1193
f 1110/1258/1110 1193/1257/1193 1194/1259/1194
f 1109/1260/1109 1194/1259/1194 1195/1261/1195
f 1108/1262/1108 1195/1261/1195 1196/1263/1196
f 1107/1264/1107 1196/1263/1196 1197/1265/1197
f 1106/1266/1106 1197/1265/1197 1198/1267/1198
f 1104/1268/1104 1198/1267/1198 1199/1269/1199
f 1153/1177/1153 1104/1270/1104 1199/1271/1199
f 1200/1272/1200 1199/1271/1199 1201/1273/1201
f 1199/1269/1199 1202/1274/1202 1201/1275/1201
f 1198/1267/1198 1203/1276/1203 1202/1274/1202
f 1197/1265/1197 1204/1277/1204 1203/1276/1203
f 1196/1263/1196 1205/1278/1205 1204/1277/1204
f 1195/1261/1195 1206/1279/1206 1205/1278/1205
f 1194/1259/1194 1207/1280/1207 1206/1279/1206
f 1193/1257/1193 1208/1281/1208 1207/1280/1207
f 1192/1255/1192 1209/1282/1209 1208/1281/1208
f 1191/1253/1191 1210/1283/1210 1209/1282/1209
f 1190/1251/1190 1211/1284/1211 1210/1283/1210
f 1189/1249/1189 1212/1285/1212 1211/1284/1211
f 1188/1247/1188 1213/1286/1213 1212/1285/1212
f 1187/1245/1187 1214/1287/1214 1213/1286/1213
f 1186/1243/1186 1215/1288/1215 1214/1287/1214
f 1185/1241/1185 1216/1289/1216 1215/1288/1215
f 1184/1239/1184 1217/1290/1217 1216/1289/1216
f 1183/1237/1183 1218/1291/1218 1217/1290/1217
f 1182/1235/1182 1219/1292/1219 1218/1291/1218
f 1181/1233/1181 1220/1293/1220 1219/1292/1219
f 1180/1231/1180 1221/1294/1221 1220/1293/1220
f 1179/1229/1179 1222/1295/1222 1221/1294/1221
f 1178/1227/1178 1223/1296/1223 1222/1295/1222
f 1177/1225/1177 1224/1297/1224 1223/1296/1223
f 1176/1224/1176 1225/1298/1225 1224/1297/1224
f 1225/1298/1225 1174/1219/1174 1226/1299/1226
f 1226/1299/1226 1173/1217/1173 1227/1300/1227
f 1227/1300/1227 1172/1214/1172 1228/1301/1228
f 1228/1301/1228 1171/1216/1171 1229/1302/1229
f 1229/1303/1229 1170/1210/1170 1230/1304/1230
f 1230/1304/1230 1169/1208/1169 1231/1305/1231
f 1231/1305/1231 1168/1206/1168 1232/1306/1232
f 1232/1306/1232 1167/1204/1167 1233/1307/1233
f 1233/1307/1233 1166/1202/1166 1234/1308/1234
f 1234/1308/1234 1165/1200/1165 1235/1309/1235
f 1235/1309/1235 1164/1198/1164 1236/1310/1236
f 1236/1310/1236 1163/1196/1163 1237/1311/1237
f 1237/1311/1237 1162/1194/1162 1238/1312/1238
f 1238/1312/1238 1161/1192/1161 1239/1313/1239
f 1239/1313/1239 1160/1190/1160 1240/1314/1240
f 1240/1314/1240 1159/1188/1159 1241/1315/1241
f 1241/1315/1241 1158/1186/1158 1242/1316/1242
f 1242/1316/1242 1157/1184/1157 1243/1317/1243
f 1243/1317/1243 1156/1182/1156 1244/1318/1244
f 1244/1318/1244 1155/1180/1155 1245/1319/1245
f 1245/1319/1245 1154/1178/1154 1246/1320/1246
f 1246/1320/1246 1152/1175/1152 1247/1321/1247
f 1247/1321/1247 1153/1177/1153 1200/1272/1200
f 1248/1322/1248 1200/1272/1200 1249/1323/1249
f 1250/1324/1250 1247/1321/1247 1248/1322/1248
f 1251/1325/1251 1246/1320/1246 1250/1324/1250
f 1252/1326/1252 1245/1319/1245 1251/1325/1251
f 1253/1327/1253 1244/1318/1244 1252/1326/1252
f 1254/1328/1254 1243/1317/1243 1253/1327/1253
f 1255/1329/1255 1242/1316/1242 1254/1328/1254
f 1256/1330/1256 1241/1315/1241 1255/1329/1255
f 1257/1331/1257 1240/1314/1240 1256/1330/1256
f 1258/1332/1258 1239/1313/1239 1257/1331/1257
f 1259/1333/1259 1238/1312/1238 1258/1332/1258
f 1260/1334/1260 1237/1311/1237 1259/1333/1259
f 1261/1335/1261 1236/1310/1236 1260/1334/1260
f 1262/1336/1262 1235/1309/1235 1261/1335/1261
f 1263/1337/1263 1234/1308/1234 1262/1336/1262
f 1264/1338/1264 1233/1307/1233 1263/1337/1263
f 1265/1339/1265 1232/1306/1232 1264/1338/1264
f 1266/1340/1266 1231/1305/1231 1265/1339/1265
f 1267/1341/1267 1230/1304/1230 1266/1340/1266
f 1268/1342/1268 1229/1302/1229 1267/1343/1267
f 1269/1344/1269 1228/1301/1228 1268/1342/1268
f 1270/1345/1270 1227/1300/1227 1269/1344/1269
f 1271/1346/1271 1226/1299/1226 1270/1345/1270
f 1224/1297/1224 1271/1346/1271 1272/1347/1272
f 1223/1296/1223 1272/1347/1272 1273/1348/1273
f 1222/1295/1222 1273/1348/1273 1274/1349/1274
f 1221/1294/1221 1274/1349/1274 1275/1350/1275
f 1220/1293/1220 1275/1350/1275 1276/1351/1276
f 1219/1292/1219 1276/1351/1276 1277/1352/1277
f 1218/1291/1218 1277/1352/1277 1278/1353/1278
f 1217/1290/1217 1278/1353/1278 1279/1354/1279
f 1216/1289/1216 1279/1354/1279 1280/1355/1280
f 1215/1288/1215 1280/1355/1280 1281/1356/1281
f 1214/1287/1214 1281/1356/1281 1282/1357/1282
f 1213/1286/1213 1282/1357/1282 1283/1358/1283
f 1212/1285/1212 1283/1358/1283 1284/1359/1284
f 1211/1284/1211 1284/1359/1284 1285/1360/1285
f 1210/1283/1210 1285/1360/1285 1286/1361/1286
f 1209/1282/1209 1286/1361/1286 1287/1362/1287
f 1208/1281/1208 1287/1362/1287 1288/1363/1288
f 1207/1280/1207 1288/1363/1288 1289/1364/1289
f 1206/1279/1206 1289/1364/1289 1290/1365/1290
f 1205/1278/1205 1290/1365/1290 1291/1366/1291
f 1204/1277/1204 1291/1366/1291 1292/1367/1292
f 1203/1276/1203 1292/1367/1292 1293/1368/1293
f 1202/1274/1202 1293/1368/1293 1294/1369/1294
f 1201/1275/1201 1294/1369/1294 1295/1370/1295
f 1249/1323/1249 1201/1273/1201 1295/1371/1295
f 36/36/36 1295/1371/1295 38/38/38
f 40/40/40 1295/1370/1295 1294/1369/1294
f 42/42/42 1294/1369/1294 1293/1368/1293
f 44/44/44 1293/1368/1293 1292/1367/1292
f 46/46/46 1292/1367/1292 1291/1366/1291
f 48/48/48 1291/1366/1291 1290/1365/1290
f 50/50/50 1290/1365/1290 1289/1364/1289
f 52/52/52 1289/1364/1289 1288/1363/1288
f 54/54/54 1288/1363/1288 1287/1362/1287
f 56/56/56 1287/1362/1287 1286/1361/1286
f 58/58/58 1286/1361/1286 1285/1360/1285
f 60/60/60 1285/1360/1285 1284/1359/1284
f 62/62/62 1284/1359/1284 1283/1358/1283
f 64/64/64 1283/1358/1283 1282/1357/1282
f 66/66/66 1282/1357/1282 1281/1356/1281
f 68/68/68 1281/1356/1281 1280/1355/1280
f 70/70/70 1280/1355/1280 1279/1354/1279
f 72/72/72 1279/1354/1279 1278/1353/1278
f 74/74/74 1278/1353/1278 1277/1352/1277
f 76/76/76 1277/1352/1277 1276/1351/1276
f 78/78/78 1276/1351/1276 1275/1350/1275
f 80/80/80 1275/1350/1275 1274/1349/1274
f 82/82/82 1274/1349/1274 1273/1348/1273
f 84/84/84 1273/1348/1273 1272/1347/1272
f 86/86/86 1272/1347/1272 1271/1346/1271
f 1270/1345/1270 86/86/86 1271/1346/1271
f 1269/1344/1269 88/88/88 1270/1345/1270
f 1268/1342/1268 90/90/90 1269/1344/1269
f 1267/1343/1267 92/92/92 1268/1342/1268
f 1266/1340/1266 94/97/94 1267/1341/1267
f 1265/1339/1265 3/3/3 1266/1340/1266
f 1264/1338/1264 1/1/1 1265/1339/1265
f 1263/1337/1263 5/5/5 1264/1338/1264
f 1262/1336/1262 7/7/7 1263/1337/1263
f 1261/1335/1261 8/8/8 1262/1336/1262
f 1260/1334/1260 10/10/10 1261/1335/1261
f 1259/1333/1259 12/12/12 1260/1334/1260
f 1258/1332/1258 14/14/14 1259/1333/1259
f 1257/1331/1257 16/16/16 1258/1332/1258
f 1256/1330/1256 18/18/18 1257/1331/1257
f 1255/1329/1255 20/20/20 1256/1330/1256
f 1254/1328/1254 22/22/22 1255/1329/1255
f 1253/1327/1253 24/24/24 1254/1328/1254
f 1252/1326/1252 26/26/26 1253/1327/1253
f 1251/1325/1251 28/28/28 1252/1326/1252
f 1250/1324/1250 30/30/30 1251/1325/1251
f 1248/1322/1248 32/32/32 1250/1324/1250
f 1249/1323/1249 34/34/34 1248/1322/1248
f 1296/1372/1296 1297/1373/1297 97/98/97
f 1298/1374/1298 97/98/97 191/194/191
f 1299/1375/1299 191/194/191 189/192/189
f 187/190/187 1300/1376/1300 1299/1375/1299
f 185/188/185 1301/1377/1301 1302/1378/1302
f 183/186/183 1303/1379/1303 1304/1380/1304
f 181/184/181 1305/1381/1305 1306/1382/1306
f 179/182/179 1307/1383/1307 1308/1384/1308
f 177/180/177 1309/1385/1309 1310/1386/1310
f 175/178/175 1311/1387/1311 1312/1388/1312
f 173/176/173 1313/1389/1313 1314/1390/1314
f 171/174/171 1315/1391/1315 1316/1392/1316
f 169/172/169 1317/1393/1317 1318/1394/1318
f 1319/1395/1319 1320/1396/1320 1321/1397/1321
f 1322/1398/1322 167/170/167 165/168/165
f 1323/1399/1323 165/168/165 163/166/163
f 1324/1400/1324 163/166/163 161/164/161
f 1325/1401/1325 161/164/161 159/162/159
f 157/160/157 1326/1402/1326 1325/1401/1325
f 154/157/154 1327/1403/1327 1328/1404/1328
f 152/153/152 1329/1405/1329 1330/1406/1330
f 150/151/150 1331/1407/1331 1332/1408/1332
f 148/149/148 1333/1409/1333 1334/1410/1334
f 146/147/146 1335/1411/1335 1336/1412/1336
f 144/145/144 1337/1413/1337 1338/1414/1338
f 142/143/142 1339/1415/1339 1340/1416/1340
f 140/141/140 1341/1417/1341 1342/1418/1342
f 138/139/138 1343/1419/1343 1344/1420/1344
f 1345/1421/1345 138/139/138 136/137/136
f 1346/1422/1346 136/137/136 134/135/134
f 1347/1423/1347 134/135/134 132/133/132
f 1348/1424/1348 132/133/132 130/131/130
f 1349/1425/1349 130/131/130 128/129/128
f 1350/1426/1350 128/129/128 126/127/126
f 1351/1427/1351 126/127/126 124/125/124
f 1352/1428/1352 124/125/124 122/123/122
f 1353/1429/1353 122/123/122 120/121/120
f 1354/1430/1354 120/121/120 118/119/118
f 1355/1431/1355 118/119/118 116/117/116
f 1356/1432/1356 116/117/116 114/115/114
f 1357/1433/1357 114/115/114 112/113/112
f 1358/1434/1358 112/113/112 110/111/110
f 1359/1435/1359 110/111/110 108/109/108
f 1360/1436/1360 108/109/108 106/107/106
f 1361/1437/1361 106/107/106 104/105/104
f 1362/1438/1362 104/105/104 102/103/102
f 1363/1439/1363 102/103/102 100/101/100
f 1364/1440/1364 100/101/100 1297/1373/1297
f 1365/1441/1365 95/95/95 96/1442/96
f 1366/1443/1366 93/93/93 95/95/95
f 1367/1444/1367 91/91/91 93/93/93
f 1368/1445/1368 89/89/89 91/91/91
f 1369/1446/1369 87/87/87 89/89/89
f 1370/1447/1370 85/85/85 87/87/87
f 1371/1448/1371 83/83/83 85/85/85
f 1372/1449/1372 81/81/81 83/83/83
f 1373/1450/1373 79/79/79 81/81/81
f 1374/1451/1374 77/77/77 79/79/79
f 1375/1452/1375 75/75/75 77/77/77
f 1376/1453/1376 73/73/73 75/75/75
f 1377/1454/1377 71/71/71 73/73/73
f 1378/1455/1378 69/69/69 71/71/71
f 1379/1456/1379 67/67/67 69/69/69
f 1380/1457/1380 65/65/65 67/67/67
f 1381/1458/1381 63/63/63 65/65/65
f 1382/1459/1382 61/61/61 63/63/63
f 1383/1460/1383 59/59/59 61/61/61
f 1384/1461/1384 57/57/57 59/59/59
f 1385/1462/1385 55/55/55 57/57/57
f 1386/1463/1386 53/53/53 55/55/55
f 1387/1464/1387 51/51/51 53/53/53
f 1388/1465/1388 49/49/49 51/51/51
f 1389/1466/1389 47/47/47 49/49/49
f 1390/1467/1390 45/45/45 47/47/47
f 1391/1468/1391 43/43/43 45/45/45
f 1392/1469/1392 41/41/41 43/43/43
f 1393/1470/1393 39/39/39 41/41/41
f 1394/1471/1394 37/37/37 39/39/39
f 1395/1472/1395 35/35/35 37/37/37
f 1396/1473/1396 33/33/33 35/35/35
f 1397/1474/1397 31/31/31 33/33/33
f 1398/1475/1398 29/29/29 31/31/31
f 1399/1476/1399 27/27/27 29/29/29
f 1400/1477/1400 25/25/25 27/27/27
f 1401/1478/1401 23/23/23 25/25/25
f 1402/1479/1402 21/21/21 23/23/23
f 1403/1480/1403 19/19/19 21/21/21
f 1404/1481/1404 17/17/17 19/19/19
f 1405/1482/1405 15/15/15 17/17/17
f 1406/1483/1406 13/13/13 15/15/15
f 1407/1484/1407 11/11/11 13/13/13
f 1408/1485/1408 9/9/9 11/11/11
f 1409/1486/1409 6/6/6 9/9/9
f 4/4/4 1410/1487/1410 1411/1488/1411
f 2/2/2 1411/1488/1411 1412/1489/1412
f 1412/1489/1412 96/96/96 2/2/2
f 1413/1490/1413 1393/1470/1393 1392/1469/1392
f 1394/1471/1394 1414/1491/1414 1395/1472/1395
f 1415/1492/1415 1391/1468/1391 1390/1467/1390
f 1396/1473/1396 1416/1493/1416 1397/1474/1397
f 1398/1475/1398 1417/1494/1417 1399/1476/1399
f 1400/1477/1400 1418/1495/1418 1401/1478/1401
f 1402/1479/1402 1419/1496/1419 1403/1480/1403
f 1404/1481/1404 1420/1497/1420 1405/1482/1405
f 1406/1483/1406 1421/1498/1421 1407/1484/1407
f 1408/1485/1408 1422/1499/1422 1409/1486/1409
f 1410/1487/1410 1423/1500/1423 1411/1488/1411
f 1412/1489/1412 1424/1501/1424 1365/1441/1365
f 1366/1443/1366 1425/1502/1425 1367/1444/1367
f 1368/1445/1368 1426/1503/1426 1369/1446/1369
f 1370/1447/1370 1427/1504/1427 1371/1448/1371
f 1372/1449/1372 1428/1505/1428 1373/1450/1373
f 1374/1451/1374 1429/1506/1429 1375/1452/1375
f 1376/1453/1376 1430/1507/1430 1377/1454/1377
f 1378/1455/1378 1431/1508/1431 1379/1456/1379
f 1380/1457/1380 1432/1509/1432 1381/1458/1381
f 1382/1459/1382 1433/1510/1433 1383/1460/1383
f 1384/1461/1384 1434/1511/1434 1385/1462/1385
f 1386/1463/1386 1435/1512/1435 1387/1464/1387
f 1436/1513/1436 1389/1466/1389 1388/1465/1388
f 1393/1470/1393 1414/1491/1414 1394/1471/1394
f 1391/1468/1391 1413/1490/1413 1392/1469/1392
f 1395/1472/1395 1416/1493/1416 1396/1473/1396
f 1397/1474/1397 1417/1494/1417 1398/1475/1398
f 1399/1476/1399 1418/1495/1418 1400/1477/1400
f 1401/1478/1401 1419/1496/1419 1402/1479/1402
f 1403/1480/1403 1420/1497/1420 1404/1481/1404
f 1405/1482/1405 1421/1498/1421 1406/1483/1406
f 1407/1484/1407 1422/1499/1422 1408/1485/1408
f 1409/1486/1409 1423/1500/1423 1410/1487/1410
f 1411/1488/1411 1424/1501/1424 1412/1489/1412
f 1365/1441/1365 1425/1502/1425 1366/1443/1366
f 1367/1444/1367 1426/1503/1426 1368/1445/1368
f 1369/1446/1369 1427/1504/1427 1370/1447/1370
f 1371/1448/1371 1428/1505/1428 1372/1449/1372
f 1373/1450/1373 1429/1506/1429 1374/1451/1374
f 1375/1452/1375 1430/1507/1430 1376/1453/1376
f 1377/1454/1377 1431/1508/1431 1378/1455/1378
f 1379/1456/1379 1432/1509/1432 1380/1457/1380
f 1381/1458/1381 1433/1510/1433 1382/1459/1382
f 1383/1460/1383 1434/1511/1434 1384/1461/1384
f 1385/1462/1385 1435/1512/1435 1386/1463/1386
f 1389/1466/1389 1415/1492/1415 1390/1467/1390
f 1387/1464/1387 1436/1513/1436 1388/1465/1388
f 4/4/4 2/2/2 1/1/1
f 1/1/1 5/5/5 4/4/4
f 9/9/9 6/6/6 7/7/7
f 11/11/11 9/9/9 8/8/8
f 13/13/13 11/11/11 10/10/10
f 15/15/15 13/13/13 12/12/12
f 17/17/17 15/15/15 14/14/14
f 19/19/19 17/17/17 16/16/16
f 21/21/21 19/19/19 18/18/18
f 23/23/23 21/21/21 20/20/20
f 25/25/25 23/23/23 22/22/22
f 27/27/27 25/25/25 24/24/24
f 29/29/29 27/27/27 26/26/26
f 31/31/31 29/29/29 28/28/28
f 33/33/33 31/31/31 30/30/30
f 35/35/35 33/33/33 32/32/32
f 37/37/37 35/35/35 34/34/34
f 39/39/39 37/37/37 36/36/36
f 41/41/41 39/39/39 38/38/38
f 43/43/43 41/41/41 40/40/40
f 45/45/45 43/43/43 42/42/42
f 47/47/47 45/45/45 44/44/44
f 49/49/49 47/47/47 46/46/46
f 51/51/51 49/49/49 48/48/48
f 53/53/53 51/51/51 50/50/50
f 55/55/55 53/53/53 52/52/52
f 57/57/57 55/55/55 54/54/54
f 59/59/59 57/57/57 56/56/56
f 61/61/61 59/59/59 58/58/58
f 63/63/63 61/61/61 60/60/60
f 65/65/65 63/63/63 62/62/62
f 67/67/67 65/65/65 64/64/64
f 69/69/69 67/67/67 66/66/66
f 71/71/71 69/69/69 68/68/68
f 73/73/73 71/71/71 70/70/70
f 75/75/75 73/73/73 72/72/72
f 77/77/77 75/75/75 74/74/74
f 79/79/79 77/77/77 76/76/76
f 81/81/81 79/79/79 78/78/78
f 83/83/83 81/81/81 80/80/80
f 85/85/85 83/83/83 82/82/82
f 87/87/87 85/85/85 84/84/84
f 89/89/89 87/87/87 86/86/86
f 91/91/91 89/89/89 88/88/88
f 93/93/93 91/91/91 90/90/90
f 95/95/95 93/93/93 92/92/92
f 96/1442/96 95/95/95 94/94/94
f 2/2/2 96/96/96 3/3/3
f 1297/1373/1297 98/99/98 97/98/97
f 1297/1373/1297 100/101/100 98/99/98
f 100/101/100 102/103/102 101/102/101
f 102/103/102 104/105/104 103/104/103
f 104/105/104 106/107/106 105/106/105
f 106/107/106 108/109/108 107/108/107
f 108/109/108 110/111/110 109/110/109
f 110/111/110 112/113/112 111/112/111
f 112/113/112 114/115/114 113/114/113
f 114/115/114 116/117/116 115/116/115
f 116/117/116 118/119/118 117/118/117
f 118/119/118 120/121/120 119/120/119
f 120/121/120 122/123/122 121/122/121
f 122/123/122 124/125/124 123/124/123
f 124/125/124 126/127/126 125/126/125
f 126/127/126 128/129/128 127/128/127
f 128/129/128 130/131/130 129/130/129
f 130/131/130 132/133/132 131/132/131
f 132/133/132 134/135/134 133/134/133
f 134/135/134 136/137/136 135/136/135
f 136/137/136 138/139/138 137/138/137
f 138/139/138 140/141/140 139/140/139
f 140/141/140 142/143/142 141/142/141
f 142/143/142 144/145/144 143/144/143
f 144/145/144 146/147/146 145/146/145
f 146/147/146 148/149/148 147/148/147
f 148/149/148 150/151/150 149/150/149
f 150/151/150 152/153/152 151/152/151
f 152/153/152 154/155/154 153/154/153
f 157/160/157 156/158/156 154/157/154
f 159/162/159 158/161/158 157/160/157
f 161/164/161 160/163/160 159/162/159
f 163/166/163 162/165/162 161/164/161
f 165/168/165 164/167/164 163/166/163
f 167/170/167 166/169/166 165/168/165
f 169/172/169 168/171/168 167/170/167
f 171/174/171 170/173/170 169/172/169
f 173/176/173 172/175/172 171/174/171
f 175/178/175 174/177/174 173/176/173
f 177/180/177 176/179/176 175/178/175
f 179/182/179 178/181/178 177/180/177
f 181/184/181 180/183/180 179/182/179
f 183/186/183 182/185/182 181/184/181
f 185/188/185 184/187/184 183/186/183
f 187/190/187 186/189/186 185/188/185
f 189/192/189 188/191/188 187/190/187
f 191/194/191 190/193/190 189/192/189
f 97/98/97 99/100/99 191/194/191
f 99/100/99 192/195/192 190/193/190
f 190/193/190 193/196/193 188/191/188
f 188/191/188 194/197/194 186/189/186
f 186/189/186 195/198/195 184/187/184
f 184/187/184 196/199/196 182/185/182
f 182/185/182 197/200/197 180/183/180
f 180/183/180 198/201/198 178/181/178
f 178/181/178 199/202/199 176/179/176
f 176/179/176 200/203/200 174/177/174
f 174/177/174 201/204/201 172/175/172
f 172/175/172 202/205/202 170/173/170
f 170/173/170 203/206/203 168/171/168
f 168/171/168 204/207/204 166/169/166
f 166/169/166 205/208/205 164/167/164
f 164/167/164 206/209/206 162/165/162
f 162/165/162 207/210/207 160/163/160
f 160/163/160 208/211/208 158/161/158
f 158/161/158 209/212/209 156/158/156
f 156/158/156 210/213/210 155/159/155
f 155/156/155 211/215/211 153/154/153
f 151/152/151 153/154/153 213/217/213
f 149/150/149 151/152/151 214/218/214
f 147/148/147 149/150/149 215/219/215
f 145/146/145 147/148/147 216/220/216
f 143/144/143 145/146/145 217/221/217
f 141/142/141 143/144/143 218/222/218
f 139/140/139 141/142/141 219/223/219
f 137/138/137 139/140/139 220/224/220
f 135/136/135 137/138/137 221/225/221
f 133/134/133 135/136/135 222/226/222
f 131/132/131 133/134/133 223/227/223
f 129/130/129 131/132/131 224/228/224
f 127/128/127 129/130/129 225/229/225
f 125/126/125 127/128/127 226/230/226
f 123/124/123 125/126/125 227/231/227
f 121/122/121 123/124/123 228/232/228
f 119/120/119 121/122/121 229/233/229
f 117/118/117 119/120/119 230/234/230
f 115/116/115 117/118/117 231/235/231
f 113/114/113 115/116/115 232/236/232
f 111/112/111 113/114/113 233/237/233
f 109/110/109 111/112/111 234/238/234
f 107/108/107 109/110/109 235/239/235
f 105/106/105 107/108/107 236/240/236
f 103/104/103 105/106/105 237/241/237
f 101/102/101 103/104/103 238/242/238
f 98/99/98 101/102/101 239/243/239
f 98/99/98 239/243/239 99/100/99
f 239/243/239 240/244/240 192/195/192
f 239/243/239 238/242/238 240/244/240
f 238/242/238 237/241/237 242/246/242
f 237/241/237 236/240/236 243/247/243
f 236/240/236 235/239/235 244/248/244
f 235/239/235 234/238/234 245/249/245
f 234/238/234 233/237/233 246/250/246
f 233/237/233 232/236/232 247/251/247
f 232/236/232 231/235/231 248/252/248
f 231/235/231 230/234/230 249/253/249
f 230/234/230 229/233/229 250/254/250
f 229/233/229 228/232/228 251/255/251
f 228/232/228 227/231/227 252/256/252
f 227/231/227 226/230/226 253/257/253
f 226/230/226 225/229/225 254/258/254
f 225/229/225 224/228/224 255/259/255
f 224/228/224 223/227/223 256/260/256
f 223/227/223 222/226/222 257/261/257
f 222/226/222 221/225/221 258/262/258
f 221/225/221 220/224/220 259/263/259
f 220/224/220 219/223/219 260/264/260
f 219/223/219 218/222/218 261/265/261
f 218/222/218 217/221/217 262/266/262
f 217/221/217 216/220/216 263/267/263
f 216/220/216 215/219/215 264/268/264
f 215/219/215 214/218/214 265/269/265
f 214/218/214 213/217/213 266/270/266
f 213/217/213 212/216/212 267/271/267
f 212/216/212 211/215/211 268/272/268
f 210/213/210 270/274/270 211/214/211
f 209/212/209 271/276/271 210/213/210
f 208/211/208 272/277/272 209/212/209
f 207/210/207 273/278/273 208/211/208
f 206/209/206 274/279/274 207/210/207
f 205/208/205 275/280/275 206/209/206
f 204/207/204 276/281/276 205/208/205
f 203/206/203 277/282/277 204/207/204
f 202/205/202 278/283/278 203/206/203
f 201/204/201 279/284/279 202/205/202
f 200/203/200 280/285/280 201/204/201
f 199/202/199 281/286/281 200/203/200
f 198/201/198 282/287/282 199/202/199
f 197/200/197 283/288/283 198/201/198
f 196/199/196 284/289/284 197/200/197
f 195/198/195 285/290/285 196/199/196
f 194/197/194 286/291/286 195/198/195
f 193/196/193 287/292/287 194/197/194
f 192/195/192 241/245/241 193/196/193
f 241/245/241 288/293/288 287/292/287
f 287/292/287 289/294/289 286/291/286
f 286/291/286 290/295/290 285/290/285
f 285/290/285 291/296/291 284/289/284
f 284/289/284 292/297/292 283/288/283
f 282/287/282 283/288/283 294/299/294
f 281/286/281 282/287/282 295/300/295
f 280/285/280 281/286/281 296/301/296
f 279/284/279 280/285/280 297/302/297
f 279/284/279 297/302/297 278/283/278
f 278/283/278 298/303/298 277/282/277
f 277/282/277 299/304/299 276/281/276
f 276/281/276 300/305/300 275/280/275
f 275/280/275 301/306/301 274/279/274
f 274/279/274 302/307/302 273/278/273
f 273/278/273 303/308/303 272/277/272
f 272/277/272 304/309/304 271/276/271
f 271/276/271 305/310/305 270/274/270
f 270/274/270 306/311/306 269/275/269
f 269/273/269 307/313/307 268/272/268
f 267/271/267 268/272/268 309/315/309
f 266/270/266 267/271/267 310/316/310
f 265/269/265 266/270/266 311/317/311
f 264/268/264 265/269/265 312/318/312
f 263/267/263 264/268/264 313/319/313
f 262/266/262 263/267/263 314/320/314
f 261/265/261 262/266/262 315/321/315
f 260/264/260 261/265/261 316/322/316
f 259/263/259 260/264/260 317/323/317
f 258/262/258 259/263/259 318/324/318
f 257/261/257 258/262/258 319/325/319
f 257/261/257 319/325/319 256/260/256
f 256/260/256 320/326/320 255/259/255
f 255/259/255 321/327/321 254/258/254
f 254/258/254 322/328/322 253/257/253
f 253/257/253 323/329/323 252/256/252
f 252/256/252 324/330/324 251/255/251
f 251/255/251 325/331/325 250/254/250
f 250/254/250 326/332/326 249/253/249
f 249/253/249 327/333/327 248/252/248
f 248/252/248 328/334/328 247/251/247
f 247/251/247 329/335/329 246/250/246
f 245/249/245 246/250/246 331/337/331
f 244/248/244 245/249/245 332/338/332
f 243/247/243 244/248/244 333/339/333
f 242/246/242 243/247/243 334/340/334
f 240/244/240 242/246/242 335/341/335
f 240/244/240 335/341/335 241/245/241
f 288/293/288 335/341/335 336/342/336
f 335/341/335 334/340/334 337/343/337
f 334/340/334 333/339/333 338/344/338
f 333/339/333 332/338/332 339/345/339
f 332/338/332 331/337/331 340/346/340
f 330/336/330 342/348/342 331/337/331
f 329/335/329 343/349/343 330/336/330
f 328/334/328 344/350/344 329/335/329
f 327/333/327 345/351/345 328/334/328
f 326/332/326 346/352/346 327/333/327
f 325/331/325 347/353/347 326/332/326
f 324/330/324 348/354/348 325/331/325
f 323/329/323 349/355/349 324/330/324
f 322/328/322 350/356/350 323/329/323
f 321/327/321 351/357/351 322/328/322
f 320/326/320 352/358/352 321/327/321
f 319/325/319 353/359/353 320/326/320
f 318/324/318 354/360/354 319/325/319
f 318/324/318 317/323/317 354/360/354
f 317/323/317 316/322/316 355/361/355
f 316/322/316 315/321/315 356/362/356
f 315/321/315 314/320/314 357/363/357
f 314/320/314 313/319/313 358/364/358
f 313/319/313 312/318/312 359/365/359
f 312/318/312 311/317/311 360/366/360
f 311/317/311 310/316/310 361/367/361
f 310/316/310 309/315/309 362/368/362
f 309/315/309 308/314/308 363/369/363
f 308/314/308 307/313/307 364/370/364
f 306/311/306 366/372/366 307/312/307
f 305/310/305 367/374/367 306/311/306
f 304/309/304 368/375/368 305/310/305
f 303/308/303 369/376/369 304/309/304
f 302/307/302 370/377/370 303/308/303
f 301/306/301 371/378/371 302/307/302
f 300/305/300 372/379/372 301/306/301
f 299/304/299 373/380/373 300/305/300
f 299/304/299 298/303/298 373/380/373
f 298/303/298 297/302/297 374/381/374
f 297/302/297 296/301/296 375/382/375
f 296/301/296 295/300/295 376/383/376
f 295/300/295 294/299/294 377/384/377
f 294/299/294 293/298/293 378/385/378
f 293/298/293 292/297/292 379/386/379
f 292/297/292 291/296/291 380/387/380
f 291/296/291 290/295/290 381/388/381
f 290/295/290 289/294/289 382/389/382
f 289/294/289 288/293/288 383/390/383
f 383/390/383 336/342/336 384/391/384
f 382/389/382 383/390/383 386/393/386
f 381/388/381 382/389/382 387/394/387
f 380/387/380 381/388/381 388/395/388
f 379/386/379 380/387/380 389/396/389
f 378/385/378 379/386/379 390/397/390
f 377/384/377 378/385/378 391/398/391
f 376/383/376 377/384/377 392/399/392
f 375/382/375 376/383/376 393/400/393
f 374/381/374 375/382/375 394/401/394
f 373/380/373 374/381/374 395/402/395
f 372/379/372 373/380/373 396/403/396
f 372/379/372 396/403/396 371/378/371
f 371/378/371 397/404/397 370/377/370
f 370/377/370 398/405/398 369/376/369
f 369/376/369 399/406/399 368/375/368
f 368/375/368 400/407/400 367/374/367
f 367/374/367 401/408/401 366/372/366
f 366/372/366 402/409/402 365/373/365
f 364/370/364 365/371/365 404/411/404
f 363/369/363 364/370/364 405/413/405
f 362/368/362 363/369/363 406/414/406
f 361/367/361 362/368/362 407/415/407
f 360/366/360 361/367/361 408/416/408
f 359/365/359 360/366/360 409/417/409
f 358/364/358 359/365/359 410/418/410
f 357/363/357 358/364/358 411/419/411
f 356/362/356 357/363/357 412/420/412
f 355/361/355 356/362/356 413/421/413
f 355/361/355 413/421/413 354/360/354
f 354/360/354 414/422/414 353/359/353
f 353/359/353 415/423/415 352/358/352
f 352/358/352 416/424/416 351/357/351
f 351/357/351 417/425/417 350/356/350
f 350/356/350 418/426/418 349/355/349
f 349/355/349 419/427/419 348/354/348
f 348/354/348 420/428/420 347/353/347
f 347/353/347 421/429/421 346/352/346
f 346/352/346 422/430/422 345/351/345
f 345/351/345 423/431/423 344/350/344
f 344/350/344 424/432/424 343/349/343
f 343/349/343 425/433/425 342/348/342
f 342/348/342 426/434/426 341/347/341
f 341/347/341 427/435/427 340/346/340
f 340/346/340 428/436/428 339/345/339
f 338/344/338 339/345/339 430/438/430
f 337/343/337 338/344/338 431/439/431
f 336/342/336 337/343/337 385/392/385
f 385/392/385 431/439/431 432/440/432
f 431/439/431 430/438/430 433/441/433
f 429/437/429 435/443/435 430/438/430
f 428/436/428 436/444/436 429/437/429
f 427/435/427 437/445/437 428/436/428
f 426/434/426 438/446/438 427/435/427
f 425/433/425 439/447/439 426/434/426
f 424/432/424 440/448/440 425/433/425
f 423/431/423 441/449/441 424/432/424
f 422/430/422 442/450/442 423/431/423
f 421/429/421 443/451/443 422/430/422
f 420/428/420 444/452/444 421/429/421
f 419/427/419 445/453/445 420/428/420
f 418/426/418 446/454/446 419/427/419
f 417/425/417 447/455/447 418/426/418
f 416/424/416 448/456/448 417/425/417
f 415/423/415 449/457/449 416/424/416
f 414/422/414 450/458/450 415/423/415
f 413/421/413 451/459/451 414/422/414
f 413/421/413 412/420/412 451/459/451
f 412/420/412 411/419/411 452/460/452
f 411/419/411 410/418/410 453/461/453
f 410/418/410 409/417/409 454/462/454
f 409/417/409 408/416/408 455/463/455
f 408/416/408 407/415/407 456/464/456
f 407/415/407 406/414/406 457/465/457
f 406/414/406 405/413/405 458/466/458
f 404/411/404 460/468/460 405/413/405
f 403/412/403 461/469/461 404/411/404
f 403/410/403 402/409/402 461/470/461
f 402/409/402 401/408/401 462/471/462
f 400/407/400 464/473/464 401/408/401
f 399/406/399 465/474/465 400/407/400
f 398/405/398 466/475/466 399/406/399
f 397/404/397 467/476/467 398/405/398
f 396/403/396 468/477/468 397/404/397
f 395/402/395 469/478/469 396/403/396
f 395/402/395 394/401/394 469/478/469
f 394/401/394 393/400/393 470/479/470
f 393/400/393 392/399/392 471/480/471
f 392/399/392 391/398/391 472/481/472
f 391/398/391 390/397/390 473/482/473
f 390/397/390 389/396/389 474/483/474
f 389/396/389 388/395/388 475/484/475
f 388/395/388 387/394/387 476/485/476
f 387/394/387 386/393/386 477/486/477
f 386/393/386 384/391/384 478/487/478
f 384/391/384 385/392/385 479/488/479
f 479/488/479 432/440/432 480/489/480
f 478/487/478 479/488/479 482/491/482
f 477/486/477 478/487/478 483/492/483
f 476/485/476 477/486/477 484/493/484
f 475/484/475 476/485/476 485/494/485
f 474/483/474 475/484/475 486/495/486
f 473/482/473 474/483/474 487/496/487
f 472/481/472 473/482/473 488/497/488
f 471/480/471 472/481/472 489/498/489
f 470/479/470 471/480/471 490/499/490
f 469/478/469 470/479/470 491/500/491
f 468/477/468 469/478/469 492/501/492
f 467/476/467 468/477/468 493/502/493
f 466/475/466 467/476/467 494/503/494
f 465/474/465 466/475/466 495/504/495
f 464/473/464 465/474/465 496/505/496
f 463/472/463 464/473/464 497/506/497
f 463/472/463 497/506/497 462/471/462
f 461/470/461 462/471/462 499/508/499
f 461/469/461 499/509/499 460/468/460
f 460/468/460 500/510/500 459/467/459
f 458/466/458 459/467/459 502/512/502
f 457/465/457 458/466/458 503/513/503
f 456/464/456 457/465/457 504/514/504
f 455/463/455 456/464/456 505/515/505
f 454/462/454 455/463/455 506/516/506
f 453/461/453 454/462/454 507/517/507
f 452/460/452 453/461/453 508/518/508
f 451/459/451 452/460/452 509/519/509
f 451/459/451 509/519/509 450/458/450
f 450/458/450 510/520/510 449/457/449
f 449/457/449 511/521/511 448/456/448
f 448/456/448 512/522/512 447/455/447
f 447/455/447 513/523/513 446/454/446
f 446/454/446 514/524/514 445/453/445
f 445/453/445 515/525/515 444/452/444
f 444/452/444 516/526/516 443/451/443
f 443/451/443 517/527/517 442/450/442
f 442/450/442 518/528/518 441/449/441
f 441/449/441 519/529/519 440/448/440
f 440/448/440 520/530/520 439/447/439
f 439/447/439 521/531/521 438/446/438
f 438/446/438 522/532/522 437/445/437
f 437/445/437 523/533/523 436/444/436
f 436/444/436 524/534/524 435/443/435
f 434/442/434 435/443/435 526/536/526
f 433/441/433 434/442/434 527/537/527
f 432/440/432 433/441/433 481/490/481
f 481/490/481 527/537/527 528/538/528
f 526/536/526 530/540/530 527/537/527
f 525/535/525 531/541/531 526/536/526
f 524/534/524 532/542/532 525/535/525
f 523/533/523 533/543/533 524/534/524
f 522/532/522 534/544/534 523/533/523
f 521/531/521 535/545/535 522/532/522
f 520/530/520 536/546/536 521/531/521
f 519/529/519 537/547/537 520/530/520
f 518/528/518 538/548/538 519/529/519
f 517/527/517 539/549/539 518/528/518
f 516/526/516 540/550/540 517/527/517
f 515/525/515 541/551/541 516/526/516
f 514/524/514 542/552/542 515/525/515
f 513/523/513 543/553/543 514/524/514
f 512/522/512 544/554/544 513/523/513
f 511/521/511 545/555/545 512/522/512
f 510/520/510 546/556/546 511/521/511
f 509/519/509 547/557/547 510/520/510
f 508/518/508 548/558/548 509/519/509
f 508/518/508 507/517/507 548/558/548
f 507/517/507 506/516/506 549/559/549
f 506/516/506 505/515/505 550/560/550
f 505/515/505 504/514/504 551/561/551
f 504/514/504 503/513/503 552/562/552
f 503/513/503 502/512/502 553/563/553
f 501/511/501 555/565/555 502/512/502
f 501/511/501 500/510/500 555/565/555
f 500/510/500 499/509/499 556/566/556
f 499/508/499 498/507/498 557/568/557
f 498/507/498 497/506/497 558/569/558
f 497/506/497 496/505/496 559/570/559
f 496/505/496 495/504/495 560/571/560
f 495/504/495 494/503/494 561/572/561
f 494/503/494 493/502/493 562/573/562
f 493/502/493 492/501/492 563/574/563
f 492/501/492 491/500/491 564/575/564
f 491/500/491 490/499/490 565/576/565
f 490/499/490 489/498/489 566/577/566
f 489/498/489 488/497/488 567/578/567
f 488/497/488 487/496/487 568/579/568
f 487/496/487 486/495/486 569/580/569
f 486/495/486 485/494/485 570/581/570
f 485/494/485 484/493/484 571/582/571
f 484/493/484 483/492/483 572/583/572
f 483/492/483 482/491/482 573/584/573
f 482/491/482 480/489/480 574/585/574
f 480/489/480 481/490/481 575/586/575
f 528/538/528 576/587/576 575/586/575
f 575/586/575 577/588/577 574/585/574
f 574/585/574 578/589/578 573/584/573
f 573/584/573 579/590/579 572/583/572
f 572/583/572 580/591/580 571/582/571
f 571/582/571 581/592/581 570/581/570
f 570/581/570 582/593/582 569/580/569
f 569/580/569 583/594/583 568/579/568
f 568/579/568 584/595/584 567/578/567
f 567/578/567 585/596/585 566/577/566
f 566/577/566 586/597/586 565/576/565
f 565/576/565 587/598/587 564/575/564
f 564/575/564 588/599/588 563/574/563
f 563/574/563 589/600/589 562/573/562
f 562/573/562 590/601/590 561/572/561
f 561/572/561 591/602/591 560/571/560
f 560/571/560 592/603/592 559/570/559
f 559/570/559 593/604/593 558/569/558
f 558/569/558 594/605/594 557/568/557
f 557/567/557 595/607/595 556/566/556
f 556/566/556 596/608/596 555/565/555
f 555/565/555 597/609/597 554/564/554
f 553/563/553 554/564/554 599/611/599
f 552/562/552 553/563/553 600/612/600
f 551/561/551 552/562/552 601/613/601
f 550/560/550 551/561/551 602/614/602
f 549/559/549 550/560/550 603/615/603
f 548/558/548 549/559/549 604/616/604
f 547/557/547 548/558/548 605/617/605
f 546/556/546 547/557/547 606/618/606
f 545/555/545 546/556/546 607/619/607
f 544/554/544 545/555/545 608/620/608
f 543/553/543 544/554/544 609/621/609
f 542/552/542 543/553/543 610/622/610
f 541/551/541 542/552/542 611/623/611
f 540/550/540 541/551/541 612/624/612
f 539/549/539 540/550/540 613/625/613
f 538/548/538 539/549/539 614/626/614
f 537/547/537 538/548/538 615/627/615
f 536/546/536 537/547/537 616/628/616
f 535/545/535 536/546/536 617/629/617
f 534/544/534 535/545/535 618/630/618
f 533/543/533 534/544/534 619/631/619
f 532/542/532 533/543/533 620/632/620
f 531/541/531 532/542/532 621/633/621
f 530/540/530 531/541/531 622/634/622
f 529/539/529 530/540/530 623/635/623
f 529/539/529 623/635/623 528/538/528
f 623/635/623 624/636/624 576/587/576
f 623/635/623 622/634/622 624/636/624
f 622/634/622 621/633/621 626/638/626
f 621/633/621 620/632/620 627/639/627
f 620/632/620 619/631/619 628/640/628
f 619/631/619 618/630/618 629/641/629
f 618/630/618 617/629/617 630/642/630
f 617/629/617 616/628/616 631/643/631
f 616/628/616 615/627/615 632/644/632
f 615/627/615 614/626/614 633/645/633
f 614/626/614 613/625/613 634/646/634
f 613/625/613 612/624/612 635/647/635
f 612/624/612 611/623/611 636/648/636
f 611/623/611 610/622/610 637/649/637
f 610/622/610 609/621/609 638/650/638
f 609/621/609 608/620/608 639/651/639
f 608/620/608 607/619/607 640/652/640
f 607/619/607 606/618/606 641/653/641
f 606/618/606 605/617/605 642/654/642
f 605/617/605 604/616/604 643/655/643
f 604/616/604 603/615/603 644/656/644
f 603/615/603 602/614/602 645/657/645
f 602/614/602 601/613/601 646/658/646
f 601/613/601 600/612/600 647/659/647
f 600/612/600 599/611/599 648/660/648
f 599/611/599 598/610/598 649/661/649
f 597/609/597 651/663/651 598/610/598
f 596/608/596 652/664/652 597/609/597
f 595/607/595 653/665/653 596/608/596
f 594/605/594 654/666/654 595/606/595
f 593/604/593 655/668/655 594/605/594
f 592/603/592 656/669/656 593/604/593
f 591/602/591 657/670/657 592/603/592
f 590/601/590 658/671/658 591/602/591
f 589/600/589 659/672/659 590/601/590
f 588/599/588 660/673/660 589/600/589
f 587/598/587 661/674/661 588/599/588
f 586/597/586 662/675/662 587/598/587
f 585/596/585 663/676/663 586/597/586
f 584/595/584 664/677/664 585/596/585
f 583/594/583 665/678/665 584/595/584
f 582/593/582 666/679/666 583/594/583
f 581/592/581 667/680/667 582/593/582
f 580/591/580 668/681/668 581/592/581
f 579/590/579 669/682/669 580/591/580
f 578/589/578 670/683/670 579/590/579
f 577/588/577 671/684/671 578/589/578
f 576/587/576 625/637/625 577/588/577
f 625/637/625 672/685/672 671/684/671
f 671/684/671 673/686/673 670/683/670
f 670/683/670 674/687/674 669/682/669
f 669/682/669 675/688/675 668/681/668
f 668/681/668 676/689/676 667/680/667
f 667/680/667 677/690/677 666/679/666
f 666/679/666 678/691/678 665/678/665
f 665/678/665 679/692/679 664/677/664
f 664/677/664 680/693/680 663/676/663
f 663/676/663 681/694/681 662/675/662
f 662/675/662 682/695/682 661/674/661
f 661/674/661 683/696/683 660/673/660
f 660/673/660 684/697/684 659/672/659
f 659/672/659 685/698/685 658/671/658
f 658/671/658 686/699/686 657/670/657
f 657/670/657 687/700/687 656/669/656
f 656/669/656 688/701/688 655/668/655
f 655/668/655 689/702/689 654/666/654
f 654/666/654 690/703/690 653/667/653
f 653/665/653 691/705/691 652/664/652
f 652/664/652 692/706/692 651/663/651
f 651/663/651 693/707/693 650/662/650
f 650/662/650 694/708/694 649/661/649
f 648/660/648 649/661/649 696/710/696
f 647/659/647 648/660/648 697/711/697
f 646/658/646 647/659/647 698/712/698
f 645/657/645 646/658/646 699/713/699
f 644/656/644 645/657/645 700/714/700
f 643/655/643 644/656/644 701/715/701
f 642/654/642 643/655/643 702/716/702
f 641/653/641 642/654/642 703/717/703
f 640/652/640 641/653/641 704/718/704
f 639/651/639 640/652/640 705/719/705
f 638/650/638 639/651/639 706/720/706
f 637/649/637 638/650/638 707/721/707
f 636/648/636 637/649/637 708/722/708
f 635/647/635 636/648/636 709/723/709
f 634/646/634 635/647/635 710/724/710
f 633/645/633 634/646/634 711/725/711
f 632/644/632 633/645/633 712/726/712
f 631/643/631 632/644/632 713/727/713
f 630/642/630 631/643/631 714/728/714
f 629/641/629 630/642/630 715/729/715
f 628/640/628 629/641/629 716/730/716
f 627/639/627 628/640/628 717/731/717
f 626/638/626 627/639/627 718/732/718
f 624/636/624 626/638/626 719/733/719
f 624/636/624 719/733/719 625/637/625
f 719/733/719 720/734/720 672/685/672
f 719/733/719 718/732/718 720/734/720
f 718/732/718 717/731/717 722/736/722
f 717/731/717 716/730/716 723/737/723
f 716/730/716 715/729/715 724/738/724
f 715/729/715 714/728/714 725/739/725
f 714/728/714 713/727/713 726/740/726
f 713/727/713 712/726/712 727/741/727
f 712/726/712 711/725/711 728/742/728
f 711/725/711 710/724/710 729/743/729
f 710/724/710 709/723/709 730/744/730
f 709/723/709 708/722/708 731/745/731
f 708/722/708 707/721/707 732/746/732
f 707/721/707 706/720/706 733/747/733
f 706/720/706 705/719/705 734/748/734
f 705/719/705 704/718/704 735/749/735
f 704/718/704 703/717/703 736/750/736
f 703/717/703 702/716/702 737/751/737
f 702/716/702 701/715/701 738/752/738
f 701/715/701 700/714/700 739/753/739
f 700/714/700 699/713/699 740/754/740
f 699/713/699 698/712/698 741/755/741
f 698/712/698 697/711/697 742/756/742
f 697/711/697 696/710/696 743/757/743
f 696/710/696 695/709/695 744/758/744
f 694/708/694 746/760/746 695/709/695
f 693/707/693 747/761/747 694/708/694
f 692/706/692 748/762/748 693/707/693
f 691/705/691 749/763/749 692/706/692
f 690/703/690 750/764/750 691/704/691
f 689/702/689 751/766/751 690/703/690
f 688/701/688 752/767/752 689/702/689
f 687/700/687 753/768/753 688/701/688
f 686/699/686 754/769/754 687/700/687
f 685/698/685 755/770/755 686/699/686
f 684/697/684 756/771/756 685/698/685
f 683/696/683 757/772/757 684/697/684
f 682/695/682 758/773/758 683/696/683
f 681/694/681 759/774/759 682/695/682
f 680/693/680 760/775/760 681/694/681
f 679/692/679 761/776/761 680/693/680
f 678/691/678 762/777/762 679/692/679
f 677/690/677 763/778/763 678/691/678
f 676/689/676 764/779/764 677/690/677
f 675/688/675 765/780/765 676/689/676
f 674/687/674 766/781/766 675/688/675
f 673/686/673 767/782/767 674/687/674
f 672/685/672 721/735/721 673/686/673
f 721/735/721 768/783/768 767/782/767
f 767/782/767 769/784/769 766/781/766
f 766/781/766 770/785/770 765/780/765
f 765/780/765 771/786/771 764/779/764
f 764/779/764 772/787/772 763/778/763
f 763/778/763 773/788/773 762/777/762
f 762/777/762 774/789/774 761/776/761
f 761/776/761 775/790/775 760/775/760
f 760/775/760 776/791/776 759/774/759
f 759/774/759 777/792/777 758/773/758
f 758/773/758 778/793/778 757/772/757
f 757/772/757 779/794/779 756/771/756
f 756/771/756 780/795/780 755/770/755
f 755/770/755 781/796/781 754/769/754
f 754/769/754 782/797/782 753/768/753
f 753/768/753 783/798/783 752/767/752
f 752/767/752 784/799/784 751/766/751
f 751/766/751 785/800/785 750/764/750
f 750/764/750 786/801/786 749/765/749
f 749/763/749 787/803/787 748/762/748
f 748/762/748 788/804/788 747/761/747
f 747/761/747 789/805/789 746/760/746
f 746/760/746 790/806/790 745/759/745
f 745/759/745 791/807/791 744/758/744
f 743/757/743 744/758/744 793/809/793
f 742/756/742 743/757/743 794/810/794
f 741/755/741 742/756/742 795/811/795
f 740/754/740 741/755/741 796/812/796
f 739/753/739 740/754/740 797/813/797
f 738/752/738 739/753/739 798/814/798
f 737/751/737 738/752/738 799/815/799
f 736/750/736 737/751/737 800/816/800
f 735/749/735 736/750/736 801/817/801
f 734/748/734 735/749/735 802/818/802
f 733/747/733 734/748/734 803/819/803
f 732/746/732 733/747/733 804/820/804
f 731/745/731 732/746/732 805/821/805
f 730/744/730 731/745/731 806/822/806
f 729/743/729 730/744/730 807/823/807
f 728/742/728 729/743/729 808/824/808
f 727/741/727 728/742/728 809/825/809
f 726/740/726 727/741/727 810/826/810
f 725/739/725 726/740/726 811/827/811
f 724/738/724 725/739/725 812/828/812
f 723/737/723 724/738/724 813/829/813
f 722/736/722 723/737/723 814/830/814
f 720/734/720 722/736/722 815/831/815
f 720/734/720 815/831/815 721/735/721
f 815/831/815 816/832/816 768/783/768
f 815/831/815 814/830/814 816/832/816
f 814/830/814 813/829/813 818/834/818
f 813/829/813 812/828/812 819/835/819
f 812/828/812 811/827/811 820/836/820
f 811/827/811 810/826/810 821/837/821
f 810/826/810 809/825/809 822/838/822
f 809/825/809 808/824/808 823/839/823
f 808/824/808 807/823/807 824/840/824
f 807/823/807 806/822/806 825/841/825
f 806/822/806 805/821/805 826/842/826
f 805/821/805 804/820/804 827/843/827
f 804/820/804 803/819/803 828/844/828
f 803/819/803 802/818/802 829/845/829
f 802/818/802 801/817/801 830/846/830
f 801/817/801 800/816/800 831/847/831
f 800/816/800 799/815/799 832/848/832
f 799/815/799 798/814/798 833/849/833
f 798/814/798 797/813/797 834/850/834
f 797/813/797 796/812/796 835/851/835
f 796/812/796 795/811/795 836/852/836
f 795/811/795 794/810/794 837/853/837
f 794/810/794 793/809/793 838/854/838
f 793/809/793 792/808/792 839/855/839
f 791/807/791 841/857/841 792/808/792
f 790/806/790 842/858/842 791/807/791
f 789/805/789 843/859/843 790/806/790
f 788/804/788 844/860/844 789/805/789
f 787/803/787 845/861/845 788/804/788
f 786/801/786 846/862/846 787/802/787
f 785/800/785 847/864/847 786/801/786
f 784/799/784 848/865/848 785/800/785
f 783/798/783 849/866/849 784/799/784
f 782/797/782 850/867/850 783/798/783
f 781/796/781 851/868/851 782/797/782
f 780/795/780 852/869/852 781/796/781
f 779/794/779 853/870/853 780/795/780
f 778/793/778 854/871/854 779/794/779
f 777/792/777 855/872/855 778/793/778
f 776/791/776 856/873/856 777/792/777
f 775/790/775 857/874/857 776/791/776
f 774/789/774 858/875/858 775/790/775
f 773/788/773 859/876/859 774/789/774
f 772/787/772 860/877/860 773/788/773
f 771/786/771 861/878/861 772/787/772
f 770/785/770 862/879/862 771/786/771
f 769/784/769 863/880/863 770/785/770
f 768/783/768 817/833/817 769/784/769
f 817/833/817 864/881/864 863/880/863
f 863/880/863 865/882/865 862/879/862
f 862/879/862 866/883/866 861/878/861
f 861/878/861 867/884/867 860/877/860
f 860/877/860 868/885/868 859/876/859
f 859/876/859 869/886/869 858/875/858
f 858/875/858 870/887/870 857/874/857
f 857/874/857 871/888/871 856/873/856
f 856/873/856 872/889/872 855/872/855
f 855/872/855 873/890/873 854/871/854
f 854/871/854 874/891/874 853/870/853
f 853/870/853 875/892/875 852/869/852
f 852/869/852 876/893/876 851/868/851
f 851/868/851 877/894/877 850/867/850
f 850/867/850 878/895/878 849/866/849
f 849/866/849 879/896/879 848/865/848
f 848/865/848 880/897/880 847/864/847
f 847/864/847 881/898/881 846/862/846
f 846/862/846 882/899/882 845/863/845
f 845/861/845 883/901/883 844/860/844
f 844/860/844 884/902/884 843/859/843
f 843/859/843 885/903/885 842/858/842
f 842/858/842 886/904/886 841/857/841
f 841/857/841 887/905/887 840/856/840
f 840/856/840 888/906/888 839/855/839
f 838/854/838 839/855/839 890/908/890
f 837/853/837 838/854/838 891/909/891
f 836/852/836 837/853/837 892/910/892
f 835/851/835 836/852/836 893/911/893
f 834/850/834 835/851/835 894/912/894
f 833/849/833 834/850/834 895/913/895
f 832/848/832 833/849/833 896/914/896
f 831/847/831 832/848/832 897/915/897
f 830/846/830 831/847/831 898/916/898
f 829/845/829 830/846/830 899/917/899
f 828/844/828 829/845/829 900/918/900
f 827/843/827 828/844/828 901/919/901
f 826/842/826 827/843/827 902/920/902
f 825/841/825 826/842/826 903/921/903
f 824/840/824 825/841/825 904/922/904
f 823/839/823 824/840/824 905/923/905
f 822/838/822 823/839/823 906/924/906
f 821/837/821 822/838/822 907/925/907
f 820/836/820 821/837/821 908/926/908
f 819/835/819 820/836/820 909/927/909
f 818/834/818 819/835/819 910/928/910
f 816/832/816 818/834/818 911/929/911
f 816/832/816 911/929/911 817/833/817
f 864/881/864 911/929/911 912/930/912
f 910/928/910 914/932/914 911/929/911
f 909/927/909 915/933/915 910/928/910
f 908/926/908 916/934/916 909/927/909
f 907/925/907 917/935/917 908/926/908
f 906/924/906 918/936/918 907/925/907
f 905/923/905 919/937/919 906/924/906
f 904/922/904 920/938/920 905/923/905
f 903/921/903 921/939/921 904/922/904
f 902/920/902 922/940/922 903/921/903
f 901/919/901 923/941/923 902/920/902
f 900/918/900 924/942/924 901/919/901
f 899/917/899 925/943/925 900/918/900
f 898/916/898 926/944/926 899/917/899
f 897/915/897 927/945/927 898/916/898
f 896/914/896 928/946/928 897/915/897
f 895/913/895 929/947/929 896/914/896
f 894/912/894 930/948/930 895/913/895
f 893/911/893 931/949/931 894/912/894
f 892/910/892 932/950/932 893/911/893
f 891/909/891 933/951/933 892/910/892
f 890/908/890 934/952/934 891/909/891
f 889/907/889 935/953/935 890/908/890
f 888/906/888 936/954/936 889/907/889
f 887/905/887 937/955/937 888/906/888
f 886/904/886 938/956/938 887/905/887
f 885/903/885 939/957/939 886/904/886
f 884/902/884 940/958/940 885/903/885
f 884/902/884 883/901/883 940/958/940
f 883/900/883 882/899/882 941/960/941
f 882/899/882 881/898/881 942/961/942
f 881/898/881 880/897/880 943/962/943
f 880/897/880 879/896/879 944/963/944
f 879/896/879 878/895/878 945/964/945
f 878/895/878 877/894/877 946/965/946
f 877/894/877 876/893/876 947/966/947
f 876/893/876 875/892/875 948/967/948
f 875/892/875 874/891/874 949/968/949
f 874/891/874 873/890/873 950/969/950
f 873/890/873 872/889/872 951/970/951
f 872/889/872 871/888/871 952/971/952
f 871/888/871 870/887/870 953/972/953
f 870/887/870 869/886/869 954/973/954
f 869/886/869 868/885/868 955/974/955
f 868/885/868 867/884/867 956/975/956
f 867/884/867 866/883/866 957/976/957
f 866/883/866 865/882/865 958/977/958
f 865/882/865 864/881/864 959/978/959
f 959/978/959 912/930/912 960/979/960
f 958/977/958 959/978/959 962/981/962
f 957/976/957 958/977/958 963/982/963
f 956/975/956 957/976/957 964/983/964
f 955/974/955 956/975/956 965/984/965
f 954/973/954 955/974/955 966/985/966
f 953/972/953 954/973/954 967/986/967
f 952/971/952 953/972/953 968/987/968
f 951/970/951 952/971/952 969/988/969
f 950/969/950 951/970/951 970/989/970
f 949/968/949 950/969/950 971/990/971
f 948/967/948 949/968/949 972/991/972
f 947/966/947 948/967/948 973/992/973
f 946/965/946 947/966/947 974/993/974
f 945/964/945 946/965/946 975/994/975
f 944/963/944 945/964/945 976/995/976
f 943/962/943 944/963/944 977/996/977
f 942/961/942 943/962/943 978/997/978
f 941/960/941 942/961/942 979/998/979
f 940/958/940 941/959/941 980/999/980
f 939/957/939 940/958/940 981/1001/981
f 939/957/939 981/1001/981 938/956/938
f 938/956/938 982/1002/982 937/955/937
f 937/955/937 983/1003/983 936/954/936
f 936/954/936 984/1004/984 935/953/935
f 935/953/935 985/1005/985 934/952/934
f 934/952/934 986/1006/986 933/951/933
f 933/951/933 987/1007/987 932/950/932
f 932/950/932 988/1008/988 931/949/931
f 931/949/931 989/1009/989 930/948/930
f 930/948/930 990/1010/990 929/947/929
f 929/947/929 991/1011/991 928/946/928
f 928/946/928 992/1012/992 927/945/927
f 927/945/927 993/1013/993 926/944/926
f 926/944/926 994/1014/994 925/943/925
f 925/943/925 995/1015/995 924/942/924
f 924/942/924 996/1016/996 923/941/923
f 923/941/923 997/1017/997 922/940/922
f 922/940/922 998/1018/998 921/939/921
f 921/939/921 999/1019/999 920/938/920
f 920/938/920 1000/1020/1000 919/937/919
f 919/937/919 1001/1021/1001 918/936/918
f 918/936/918 1002/1022/1002 917/935/917
f 917/935/917 1003/1023/1003 916/934/916
f 916/934/916 1004/1024/1004 915/933/915
f 915/933/915 1005/1025/1005 914/932/914
f 914/932/914 1006/1026/1006 913/931/913
f 912/930/912 913/931/913 961/980/961
f 1007/1027/1007 1008/1028/1008 961/980/961
f 1006/1026/1006 1010/1030/1010 1007/1027/1007
f 1005/1025/1005 1011/1031/1011 1006/1026/1006
f 1004/1024/1004 1012/1032/1012 1005/1025/1005
f 1003/1023/1003 1013/1033/1013 1004/1024/1004
f 1002/1022/1002 1014/1034/1014 1003/1023/1003
f 1001/1021/1001 1015/1035/1015 1002/1022/1002
f 1000/1020/1000 1016/1036/1016 1001/1021/1001
f 999/1019/999 1017/1037/1017 1000/1020/1000
f 998/1018/998 1018/1038/1018 999/1019/999
f 997/1017/997 1019/1039/1019 998/1018/998
f 996/1016/996 1020/1040/1020 997/1017/997
f 995/1015/995 1021/1041/1021 996/1016/996
f 994/1014/994 1022/1042/1022 995/1015/995
f 993/1013/993 1023/1043/1023 994/1014/994
f 992/1012/992 1024/1044/1024 993/1013/993
f 991/1011/991 1025/1045/1025 992/1012/992
f 990/1010/990 1026/1046/1026 991/1011/991
f 989/1009/989 1027/1047/1027 990/1010/990
f 988/1008/988 1028/1048/1028 989/1009/989
f 987/1007/987 1029/1049/1029 988/1008/988
f 986/1006/986 1030/1050/1030 987/1007/987
f 985/1005/985 1031/1051/1031 986/1006/986
f 984/1004/984 1032/1052/1032 985/1005/985
f 983/1003/983 1033/1053/1033 984/1004/984
f 982/1002/982 1034/1054/1034 983/1003/983
f 982/1002/982 981/1001/981 1034/1054/1034
f 981/1001/981 980/999/980 1035/1055/1035
f 980/999/980 979/1000/979 1036/1056/1036
f 979/998/979 978/997/978 1037/1058/1037
f 978/997/978 977/996/977 1038/1059/1038
f 977/996/977 976/995/976 1039/1060/1039
f 976/995/976 975/994/975 1040/1061/1040
f 1042/1063/1042 1041/1062/1041 974/993/974
f 1043/1064/1043 1042/1063/1042 973/992/973
f 973/992/973 972/991/972 1043/1064/1043
f 972/991/972 971/990/971 1044/1065/1044
f 971/990/971 970/989/970 1045/1066/1045
f 970/989/970 969/988/969 1046/1067/1046
f 969/988/969 968/987/968 1047/1068/1047
f 968/987/968 967/986/967 1048/1069/1048
f 967/986/967 966/985/966 1049/1070/1049
f 966/985/966 965/984/965 1050/1071/1050
f 965/984/965 964/983/964 1051/1072/1051
f 964/983/964 963/982/963 1052/1073/1052
f 963/982/963 962/981/962 1053/1074/1053
f 962/981/962 960/979/960 1054/1075/1054
f 960/979/960 961/980/961 1055/1076/1055
f 1055/1076/1055 1009/1029/1009 1056/1077/1056
f 1054/1075/1054 1055/1076/1055 1058/1079/1058
f 1053/1074/1053 1054/1075/1054 1059/1080/1059
f 1052/1073/1052 1053/1074/1053 1060/1081/1060
f 1051/1072/1051 1052/1073/1052 1061/1082/1061
f 1050/1071/1050 1051/1072/1051 1062/1083/1062
f 1049/1070/1049 1050/1071/1050 1063/1084/1063
f 1048/1069/1048 1049/1070/1049 1064/1085/1064
f 1047/1068/1047 1048/1069/1048 1065/1086/1065
f 1046/1067/1046 1047/1068/1047 1066/1087/1066
f 1045/1066/1045 1046/1067/1046 1067/1088/1067
f 1044/1065/1044 1045/1066/1045 1068/1089/1068
f 1043/1064/1043 1044/1065/1044 1069/1090/1069
f 1042/1063/1042 1043/1064/1043 1070/1091/1070
f 1041/1062/1041 1042/1063/1042 1071/1092/1071
f 1040/1061/1040 1041/1062/1041 1072/1093/1072
f 1039/1060/1039 1040/1061/1040 1073/1094/1073
f 1038/1059/1038 1039/1060/1039 1074/1095/1074
f 1037/1058/1037 1038/1059/1038 1075/1096/1075
f 1036/1056/1036 1037/1057/1037 1076/1097/1076
f 1035/1055/1035 1036/1056/1036 1077/1099/1077
f 1034/1054/1034 1035/1055/1035 1078/1100/1078
f 1034/1054/1034 1078/1100/1078 1033/1053/1033
f 1033/1053/1033 1079/1101/1079 1032/1052/1032
f 1032/1052/1032 1080/1102/1080 1031/1051/1031
f 1031/1051/1031 1081/1103/1081 1030/1050/1030
f 1030/1050/1030 1082/1104/1082 1029/1049/1029
f 1029/1049/1029 1083/1105/1083 1028/1048/1028
f 1028/1048/1028 1084/1106/1084 1027/1047/1027
f 1027/1047/1027 1085/1107/1085 1026/1046/1026
f 1026/1046/1026 1086/1108/1086 1025/1045/1025
f 1025/1045/1025 1087/1109/1087 1024/1044/1024
f 1024/1044/1024 1088/1110/1088 1023/1043/1023
f 1023/1043/1023 1089/1111/1089 1022/1042/1022
f 1022/1042/1022 1090/1112/1090 1021/1041/1021
f 1021/1041/1021 1091/1113/1091 1020/1040/1020
f 1020/1040/1020 1092/1114/1092 1019/1039/1019
f 1019/1039/1019 1093/1115/1093 1018/1038/1018
f 1018/1038/1018 1094/1116/1094 1017/1037/1017
f 1017/1037/1017 1095/1117/1095 1016/1036/1016
f 1016/1036/1016 1096/1118/1096 1015/1035/1015
f 1015/1035/1015 1097/1119/1097 1014/1034/1014
f 1014/1034/1014 1098/1120/1098 1013/1033/1013
f 1013/1033/1013 1099/1121/1099 1012/1032/1012
f 1012/1032/1012 1100/1122/1100 1011/1031/1011
f 1011/1031/1011 1101/1123/1101 1010/1030/1010
f 1010/1030/1010 1102/1124/1102 1008/1028/1008
f 1008/1028/1008 1103/1125/1103 1009/1029/1009
f 1103/1125/1103 1104/1126/1104 1057/1078/1057
f 1102/1124/1102 1106/1128/1106 1103/1125/1103
f 1101/1123/1101 1107/1129/1107 1102/1124/1102
f 1100/1122/1100 1108/1130/1108 1101/1123/1101
f 1099/1121/1099 1109/1131/1109 1100/1122/1100
f 1098/1120/1098 1110/1132/1110 1099/1121/1099
f 1097/1119/1097 1111/1133/1111 1098/1120/1098
f 1096/1118/1096 1112/1134/1112 1097/1119/1097
f 1095/1117/1095 1113/1135/1113 1096/1118/1096
f 1094/1116/1094 1114/1136/1114 1095/1117/1095
f 1093/1115/1093 1115/1137/1115 1094/1116/1094
f 1092/1114/1092 1116/1138/1116 1093/1115/1093
f 1091/1113/1091 1117/1139/1117 1092/1114/1092
f 1090/1112/1090 1118/1140/1118 1091/1113/1091
f 1089/1111/1089 1119/1141/1119 1090/1112/1090
f 1088/1110/1088 1120/1142/1120 1089/1111/1089
f 1087/1109/1087 1121/1143/1121 1088/1110/1088
f 1086/1108/1086 1122/1144/1122 1087/1109/1087
f 1085/1107/1085 1123/1145/1123 1086/1108/1086
f 1084/1106/1084 1124/1146/1124 1085/1107/1085
f 1083/1105/1083 1125/1147/1125 1084/1106/1084
f 1082/1104/1082 1126/1148/1126 1083/1105/1083
f 1081/1103/1081 1127/1149/1127 1082/1104/1082
f 1080/1102/1080 1128/1150/1128 1081/1103/1081
f 1079/1101/1079 1129/1151/1129 1080/1102/1080
f 1078/1100/1078 1130/1152/1130 1079/1101/1079
f 1078/1100/1078 1077/1099/1077 1130/1152/1130
f 1077/1099/1077 1076/1097/1076 1131/1153/1131
f 1076/1097/1076 1075/1098/1075 1132/1154/1132
f 1075/1096/1075 1074/1095/1074 1133/1156/1133
f 1074/1095/1074 1073/1094/1073 1134/1157/1134
f 1073/1094/1073 1072/1093/1072 1135/1158/1135
f 1072/1093/1072 1071/1092/1071 1136/1159/1136
f 1071/1092/1071 1070/1091/1070 1137/1160/1137
f 1070/1091/1070 1069/1090/1069 1138/1161/1138
f 1069/1090/1069 1068/1089/1068 1139/1162/1139
f 1068/1089/1068 1067/1088/1067 1140/1163/1140
f 1067/1088/1067 1066/1087/1066 1141/1164/1141
f 1066/1087/1066 1065/1086/1065 1142/1165/1142
f 1065/1086/1065 1064/1085/1064 1143/1166/1143
f 1064/1085/1064 1063/1084/1063 1144/1167/1144
f 1063/1084/1063 1062/1083/1062 1145/1168/1145
f 1062/1083/1062 1061/1082/1061 1146/1169/1146
f 1061/1082/1061 1060/1081/1060 1147/1170/1147
f 1060/1081/1060 1059/1080/1059 1148/1171/1148
f 1059/1080/1059 1058/1079/1058 1149/1172/1149
f 1056/1077/1056 1151/1174/1151 1058/1079/1058
f 1057/1078/1057 1105/1127/1105 1056/1077/1056
f 1151/1179/1151 1105/1176/1105 1152/1175/1152
f 1150/1181/1150 1151/1179/1151 1154/1178/1154
f 1149/1183/1149 1150/1181/1150 1155/1180/1155
f 1148/1185/1148 1149/1183/1149 1156/1182/1156
f 1147/1187/1147 1148/1185/1148 1157/1184/1157
f 1146/1189/1146 1147/1187/1147 1158/1186/1158
f 1145/1191/1145 1146/1189/1146 1159/1188/1159
f 1144/1193/1144 1145/1191/1145 1160/1190/1160
f 1143/1195/1143 1144/1193/1144 1161/1192/1161
f 1142/1197/1142 1143/1195/1143 1162/1194/1162
f 1141/1199/1141 1142/1197/1142 1163/1196/1163
f 1140/1201/1140 1141/1199/1141 1164/1198/1164
f 1139/1203/1139 1140/1201/1140 1165/1200/1165
f 1138/1205/1138 1139/1203/1139 1166/1202/1166
f 1137/1207/1137 1138/1205/1138 1167/1204/1167
f 1136/1209/1136 1137/1207/1137 1168/1206/1168
f 1135/1211/1135 1136/1209/1136 1169/1208/1169
f 1134/1213/1134 1135/1211/1135 1170/1210/1170
f 1133/1514/1133 1134/1213/1134 1171/1212/1171
f 1132/1218/1132 1133/1215/1133 1172/1214/1172
f 1131/1220/1131 1132/1218/1132 1173/1217/1173
f 1130/1222/1130 1131/1220/1131 1174/1219/1174
f 1129/1515/1129 1130/1222/1130 1175/1221/1175
f 1129/1515/1129 1175/1221/1175 1128/1223/1128
f 1127/1516/1127 1128/1223/1128 1177/1225/1177
f 1127/1516/1127 1177/1225/1177 1126/1226/1126
f 1126/1226/1126 1178/1227/1178 1125/1228/1125
f 1125/1228/1125 1179/1229/1179 1124/1230/1124
f 1124/1230/1124 1180/1231/1180 1123/1232/1123
f 1123/1232/1123 1181/1233/1181 1122/1234/1122
f 1122/1234/1122 1182/1235/1182 1121/1236/1121
f 1121/1236/1121 1183/1237/1183 1120/1238/1120
f 1120/1238/1120 1184/1239/1184 1119/1240/1119
f 1119/1240/1119 1185/1241/1185 1118/1242/1118
f 1118/1242/1118 1186/1243/1186 1117/1244/1117
f 1117/1244/1117 1187/1245/1187 1116/1246/1116
f 1116/1246/1116 1188/1247/1188 1115/1248/1115
f 1115/1248/1115 1189/1249/1189 1114/1250/1114
f 1114/1250/1114 1190/1251/1190 1113/1252/1113
f 1113/1252/1113 1191/1253/1191 1112/1254/1112
f 1112/1254/1112 1192/1255/1192 1111/1256/1111
f 1111/1256/1111 1193/1257/1193 1110/1258/1110
f 1110/1258/1110 1194/1259/1194 1109/1260/1109
f 1109/1260/1109 1195/1261/1195 1108/1262/1108
f 1108/1262/1108 1196/1263/1196 1107/1264/1107
f 1107/1264/1107 1197/1265/1197 1106/1266/1106
f 1106/1266/1106 1198/1267/1198 1104/1268/1104
f 1105/1176/1105 1104/1270/1104 1153/1177/1153
f 1153/1177/1153 1199/1271/1199 1200/1272/1200
f 1198/1267/1198 1202/1274/1202 1199/1269/1199
f 1197/1265/1197 1203/1276/1203 1198/1267/1198
f 1196/1263/1196 1204/1277/1204 1197/1265/1197
f 1195/1261/1195 1205/1278/1205 1196/1263/1196
f 1194/1259/1194 1206/1279/1206 1195/1261/1195
f 1193/1257/1193 1207/1280/1207 1194/1259/1194
f 1192/1255/1192 1208/1281/1208 1193/1257/1193
f 1191/1253/1191 1209/1282/1209 1192/1255/1192
f 1190/1251/1190 1210/1283/1210 1191/1253/1191
f 1189/1249/1189 1211/1284/1211 1190/1251/1190
f 1188/1247/1188 1212/1285/1212 1189/1249/1189
f 1187/1245/1187 1213/1286/1213 1188/1247/1188
f 1186/1243/1186 1214/1287/1214 1187/1245/1187
f 1185/1241/1185 1215/1288/1215 1186/1243/1186
f 1184/1239/1184 1216/1289/1216 1185/1241/1185
f 1183/1237/1183 1217/1290/1217 1184/1239/1184
f 1182/1235/1182 1218/1291/1218 1183/1237/1183
f 1181/1233/1181 1219/1292/1219 1182/1235/1182
f 1180/1231/1180 1220/1293/1220 1181/1233/1181
f 1179/1229/1179 1221/1294/1221 1180/1231/1180
f 1178/1227/1178 1222/1295/1222 1179/1229/1179
f 1177/1225/1177 1223/1296/1223 1178/1227/1178
f 1176/1224/1176 1224/1297/1224 1177/1225/1177
f 1175/1221/1175 1225/1298/1225 1176/1224/1176
f 1175/1221/1175 1174/1219/1174 1225/1298/1225
f 1174/1219/1174 1173/1217/1173 1226/1299/1226
f 1173/1217/1173 1172/1214/1172 1227/1300/1227
f 1172/1214/1172 1171/1216/1171 1228/1301/1228
f 1171/1212/1171 1170/1210/1170 1229/1303/1229
f 1170/1210/1170 1169/1208/1169 1230/1304/1230
f 1169/1208/1169 1168/1206/1168 1231/1305/1231
f 1168/1206/1168 1167/1204/1167 1232/1306/1232
f 1167/1204/1167 1166/1202/1166 1233/1307/1233
f 1166/1202/1166 1165/1200/1165 1234/1308/1234
f 1165/1200/1165 1164/1198/1164 1235/1309/1235
f 1164/1198/1164 1163/1196/1163 1236/1310/1236
f 1163/1196/1163 1162/1194/1162 1237/1311/1237
f 1162/1194/1162 1161/1192/1161 1238/1312/1238
f 1161/1192/1161 1160/1190/1160 1239/1313/1239
f 1160/1190/1160 1159/1188/1159 1240/1314/1240
f 1159/1188/1159 1158/1186/1158 1241/1315/1241
f 1158/1186/1158 1157/1184/1157 1242/1316/1242
f 1157/1184/1157 1156/1182/1156 1243/1317/1243
f 1156/1182/1156 1155/1180/1155 1244/1318/1244
f 1155/1180/1155 1154/1178/1154 1245/1319/1245
f 1154/1178/1154 1152/1175/1152 1246/1320/1246
f 1152/1175/1152 1153/1177/1153 1247/1321/1247
f 1247/1321/1247 1200/1272/1200 1248/1322/1248
f 1246/1320/1246 1247/1321/1247 1250/1324/1250
f 1245/1319/1245 1246/1320/1246 1251/1325/1251
f 1244/1318/1244 1245/1319/1245 1252/1326/1252
f 1243/1317/1243 1244/1318/1244 1253/1327/1253
f 1242/1316/1242 1243/1317/1243 1254/1328/1254
f 1241/1315/1241 1242/1316/1242 1255/1329/1255
f 1240/1314/1240 1241/1315/1241 1256/1330/1256
f 1239/1313/1239 1240/1314/1240 1257/1331/1257
f 1238/1312/1238 1239/1313/1239 1258/1332/1258
f 1237/1311/1237 1238/1312/1238 1259/1333/1259
f 1236/1310/1236 1237/1311/1237 1260/1334/1260
f 1235/1309/1235 1236/1310/1236 1261/1335/1261
f 1234/1308/1234 1235/1309/1235 1262/1336/1262
f 1233/1307/1233 1234/1308/1234 1263/1337/1263
f 1232/1306/1232 1233/1307/1233 1264/1338/1264
f 1231/1305/1231 1232/1306/1232 1265/1339/1265
f 1230/1304/1230 1231/1305/1231 1266/1340/1266
f 1229/1303/1229 1230/1304/1230 1267/1341/1267
f 1228/1301/1228 1229/1302/1229 1268/1342/1268
f 1227/1300/1227 1228/1301/1228 1269/1344/1269
f 1226/1299/1226 1227/1300/1227 1270/1345/1270
f 1225/1298/1225 1226/1299/1226 1271/1346/1271
f 1225/1298/1225 1271/1346/1271 1224/1297/1224
f 1224/1297/1224 1272/1347/1272 1223/1296/1223
f 1223/1296/1223 1273/1348/1273 1222/1295/1222
f 1222/1295/1222 1274/1349/1274 1221/1294/1221
f 1221/1294/1221 1275/1350/1275 1220/1293/1220
f 1220/1293/1220 1276/1351/1276 1219/1292/1219
f 1219/1292/1219 1277/1352/1277 1218/1291/1218
f 1218/1291/1218 1278/1353/1278 1217/1290/1217
f 1217/1290/1217 1279/1354/1279 1216/1289/1216
f 1216/1289/1216 1280/1355/1280 1215/1288/1215
f 1215/1288/1215 1281/1356/1281 1214/1287/1214
f 1214/1287/1214 1282/1357/1282 1213/1286/1213
f 1213/1286/1213 1283/1358/1283 1212/1285/1212
f 1212/1285/1212 1284/1359/1284 1211/1284/1211
f 1211/1284/1211 1285/1360/1285 1210/1283/1210
f 1210/1283/1210 1286/1361/1286 1209/1282/1209
f 1209/1282/1209 1287/1362/1287 1208/1281/1208
f 1208/1281/1208 1288/1363/1288 1207/1280/1207
f 1207/1280/1207 1289/1364/1289 1206/1279/1206
f 1206/1279/1206 1290/1365/1290 1205/1278/1205
f 1205/1278/1205 1291/1366/1291 1204/1277/1204
f 1204/1277/1204 1292/1367/1292 1203/1276/1203
f 1203/1276/1203 1293/1368/1293 1202/1274/1202
f 1202/1274/1202 1294/1369/1294 1201/1275/1201
f 1200/1272/1200 1201/1273/1201 1249/1323/1249
f 1249/1323/1249 1295/1371/1295 36/36/36
f 38/38/38 1295/1370/1295 40/40/40
f 40/40/40 1294/1369/1294 42/42/42
f 42/42/42 1293/1368/1293 44/44/44
f 44/44/44 1292/1367/1292 46/46/46
f 46/46/46 1291/1366/1291 48/48/48
f 48/48/48 1290/1365/1290 50/50/50
f 50/50/50 1289/1364/1289 52/52/52
f 52/52/52 1288/1363/1288 54/54/54
f 54/54/54 1287/1362/1287 56/56/56
f 56/56/56 1286/1361/1286 58/58/58
f 58/58/58 1285/1360/1285 60/60/60
f 60/60/60 1284/1359/1284 62/62/62
f 62/62/62 1283/1358/1283 64/64/64
f 64/64/64 1282/1357/1282 66/66/66
f 66/66/66 1281/1356/1281 68/68/68
f 68/68/68 1280/1355/1280 70/70/70
f 70/70/70 1279/1354/1279 72/72/72
f 72/72/72 1278/1353/1278 74/74/74
f 74/74/74 1277/1352/1277 76/76/76
f 76/76/76 1276/1351/1276 78/78/78
f 78/78/78 1275/1350/1275 80/80/80
f 80/80/80 1274/1349/1274 82/82/82
f 82/82/82 1273/1348/1273 84/84/84
f 84/84/84 1272/1347/1272 86/86/86
f 88/88/88 86/86/86 1270/1345/1270
f 90/90/90 88/88/88 1269/1344/1269
f 92/92/92 90/90/90 1268/1342/1268
f 94/94/94 92/92/92 1267/1343/1267
f 3/3/3 94/97/94 1266/1340/1266
f 1/1/1 3/3/3 1265/1339/1265
f 5/5/5 1/1/1 1264/1338/1264
f 7/7/7 5/5/5 1263/1337/1263
f 8/8/8 7/7/7 1262/1336/1262
f 10/10/10 8/8/8 1261/1335/1261
f 12/12/12 10/10/10 1260/1334/1260
f 14/14/14 12/12/12 1259/1333/1259
f 16/16/16 14/14/14 1258/1332/1258
f 18/18/18 16/16/16 1257/1331/1257
f 20/20/20 18/18/18 1256/1330/1256
f 22/22/22 20/20/20 1255/1329/1255
f 24/24/24 22/22/22 1254/1328/1254
f 26/26/26 24/24/24 1253/1327/1253
f 28/28/28 26/26/26 1252/1326/1252
f 30/30/30 28/28/28 1251/1325/1251
f 32/32/32 30/30/30 1250/1324/1250
f 34/34/34 32/32/32 1248/1322/1248
f 36/36/36 34/34/34 1249/1323/1249
f 1297/1373/1297 1437/1517/1437 1364/1440/1364
f 97/98/97 1438/1518/1438 1296/1372/1296
f 191/194/191 1439/1519/1439 1298/1374/1298
f 189/192/189 187/190/187 1299/1375/1299
f 187/190/187 185/188/185 1302/1378/1302
f 185/188/185 183/186/183 1304/1380/1304
f 183/186/183 181/184/181 1306/1382/1306
f 181/184/181 179/182/179 1308/1384/1308
f 179/182/179 177/180/177 1310/1386/1310
f 177/180/177 175/178/175 1312/1388/1312
f 175/178/175 173/176/173 1314/1390/1314
f 173/176/173 171/174/171 1316/1392/1316
f 171/174/171 169/172/169 1318/1394/1318
f 169/172/169 167/170/167 1319/1395/1319
f 167/170/167 1440/1520/1440 1320/1396/1320
f 165/168/165 1441/1521/1441 1322/1398/1322
f 163/166/163 1442/1522/1442 1323/1399/1323
f 161/164/161 1443/1523/1443 1324/1400/1324
f 159/162/159 157/160/157 1325/1401/1325
f 157/160/157 154/157/154 1328/1404/1328
f 154/155/154 152/153/152 1330/1406/1330
f 152/153/152 150/151/150 1332/1408/1332
f 150/151/150 148/149/148 1334/1410/1334
f 148/149/148 146/147/146 1336/1412/1336
f 146/147/146 144/145/144 1338/1414/1338
f 144/145/144 142/143/142 1340/1416/1340
f 142/143/142 140/141/140 1342/1418/1342
f 140/141/140 138/139/138 1344/1420/1344
f 138/139/138 1444/1524/1444 1445/1525/1445
f 136/137/136 1446/1526/1446 1345/1421/1345
f 134/135/134 1447/1527/1447 1346/1422/1346
f 1347/1423/1347 1348/1424/1348 1448/1528/1448
f 130/131/130 1449/1529/1449 1348/1424/1348
f 128/129/128 1450/1530/1450 1349/1425/1349
f 126/127/126 1451/1531/1451 1350/1426/1350
f 124/125/124 1452/1532/1452 1351/1427/1351
f 122/123/122 1453/1533/1453 1352/1428/1352
f 120/121/120 1454/1534/1454 1353/1429/1353
f 118/119/118 1455/1535/1455 1354/1430/1354
f 116/117/116 1456/1536/1456 1355/1431/1355
f 114/115/114 1457/1537/1457 1356/1432/1356
f 112/113/112 1458/1538/1458 1357/1433/1357
f 110/111/110 1459/1539/1459 1358/1434/1358
f 108/109/108 1460/1540/1460 1359/1435/1359
f 106/107/106 1461/1541/1461 1360/1436/1360
f 104/105/104 1462/1542/1462 1361/1437/1361
f 102/103/102 1463/1543/1463 1362/1438/1362
f 100/101/100 1464/1544/1464 1363/1439/1363
f 1366/1443/1366 95/95/95 1365/1441/1365
f 1367/1444/1367 93/93/93 1366/1443/1366
f 1368/1445/1368 91/91/91 1367/1444/1367
f 1369/1446/1369 89/89/89 1368/1445/1368
f 1370/1447/1370 87/87/87 1369/1446/1369
f 1371/1448/1371 85/85/85 1370/1447/1370
f 1372/1449/1372 83/83/83 1371/1448/1371
f 1373/1450/1373 81/81/81 1372/1449/1372
f 1374/1451/1374 79/79/79 1373/1450/1373
f 1375/1452/1375 77/77/77 1374/1451/1374
f 1376/1453/1376 75/75/75 1375/1452/1375
f 1377/1454/1377 73/73/73 1376/1453/1376
f 1378/1455/1378 71/71/71 1377/1454/1377
f 1379/1456/1379 69/69/69 1378/1455/1378
f 1380/1457/1380 67/67/67 1379/1456/1379
f 1381/1458/1381 65/65/65 1380/1457/1380
f 1382/1459/1382 63/63/63 1381/1458/1381
f 1383/1460/1383 61/61/61 1382/1459/1382
f 1384/1461/1384 59/59/59 1383/1460/1383
f 1385/1462/1385 57/57/57 1384/1461/1384
f 1386/1463/1386 55/55/55 1385/1462/1385
f 1387/1464/1387 53/53/53 1386/1463/1386
f 1388/1465/1388 51/51/51 1387/1464/1387
f 1389/1466/1389 49/49/49 1388/1465/1388
f 1390/1467/1390 47/47/47 1389/1466/1389
f 1391/1468/1391 45/45/45 1390/1467/1390
f 1392/1469/1392 43/43/43 1391/1468/1391
f 1393/1470/1393 41/41/41 1392/1469/1392
f 1394/1471/1394 39/39/39 1393/1470/1393
f 1395/1472/1395 37/37/37 1394/1471/1394
f 1396/1473/1396 35/35/35 1395/1472/1395
f 1397/1474/1397 33/33/33 1396/1473/1396
f 1398/1475/1398 31/31/31 1397/1474/1397
f 1399/1476/1399 29/29/29 1398/1475/1398
f 1400/1477/1400 27/27/27 1399/1476/1399
f 1401/1478/1401 25/25/25 1400/1477/1400
f 1402/1479/1402 23/23/23 1401/1478/1401
f 1403/1480/1403 21/21/21 1402/1479/1402
f 1404/1481/1404 19/19/19 1403/1480/1403
f 1405/1482/1405 17/17/17 1404/1481/1404
f 1406/1483/1406 15/15/15 1405/1482/1405
f 1407/1484/1407 13/13/13 1406/1483/1406
f 1408/1485/1408 11/11/11 1407/1484/1407
f 1409/1486/1409 9/9/9 1408/1485/1408
f 1410/1487/1410 6/6/6 1409/1486/1409
f 6/6/6 1410/1487/1410 4/4/4
f 4/4/4 1411/1488/1411 2/2/2
f 1365/1441/1365 96/96/96 1412/1489/1412
f 1413/1490/1413 1414/1491/1414 1393/1470/1393
f 1415/1492/1415 1413/1490/1413 1391/1468/1391
f 1414/1491/1414 1416/1493/1416 1395/1472/1395
f 1416/1493/1416 1417/1494/1417 1397/1474/1397
f 1417/1494/1417 1418/1495/1418 1399/1476/1399
f 1418/1495/1418 1419/1496/1419 1401/1478/1401
f 1419/1496/1419 1420/1497/1420 1403/1480/1403
f 1420/1497/1420 1421/1498/1421 1405/1482/1405
f 1421/1498/1421 1422/1499/1422 1407/1484/1407
f 1422/1499/1422 1423/1500/1423 1409/1486/1409
f 1423/1500/1423 1424/1501/1424 1411/1488/1411
f 1424/1501/1424 1425/1502/1425 1365/1441/1365
f 1425/1502/1425 1426/1503/1426 1367/1444/1367
f 1426/1503/1426 1427/1504/1427 1369/1446/1369
f 1427/1504/1427 1428/1505/1428 1371/1448/1371
f 1428/1505/1428 1429/1506/1429 1373/1450/1373
f 1429/1506/1429 1430/1507/1430 1375/1452/1375
f 1430/1507/1430 1431/1508/1431 1377/1454/1377
f 1431/1508/1431 1432/1509/1432 1379/1456/1379
f 1432/1509/1432 1433/1510/1433 1381/1458/1381
f 1433/1510/1433 1434/1511/1434 1383/1460/1383
f 1434/1511/1434 1435/1512/1435 1385/1462/1385
f 1436/1513/1436 1415/1492/1415 1389/1466/1389
f 1435/1512/1435 1436/1513/1436 1387/1464/1387
f 187/190/187 1302/1378/1302 1300/1376/1300
f 185/188/185 1304/1380/1304 1301/1377/1301
f 183/186/183 1306/1382/1306 1303/1379/1303
f 181/184/181 1308/1384/1308 1305/1381/1305
f 179/182/179 1310/1386/1310 1307/1383/1307
f 177/180/177 1312/1388/1312 1309/1385/1309
f 175/178/175 1314/1390/1314 1311/1387/1311
f 173/176/173 1316/1392/1316 1313/1389/1313
f 171/174/171 1318/1394/1318 1315/1391/1315
f 169/172/169 1319/1395/1319 1317/1393/1317
f 1319/1395/1319 167/170/167 1320/1396/1320
f 157/160/157 1328/1404/1328 1326/1402/1326
f 154/157/154 1330/1545/1330 1327/1403/1327
f 152/153/152 1332/1408/1332 1329/1405/1329
f 150/151/150 1334/1410/1334 1331/1407/1331
f 148/149/148 1336/1412/1336 1333/1409/1333
f 146/147/146 1338/1414/1338 1335/1411/1335
f 144/145/144 1340/1416/1340 1337/1413/1337
f 142/143/142 1342/1418/1342 1339/1415/1339
f 140/141/140 1344/1420/1344 1341/1417/1341
f 138/139/138 1445/1525/1445 1343/1419/1343
f 1297/1373/1297 1296/1372/1296 1437/1517/1437
f 97/98/97 1298/1374/1298 1438/1518/1438
f 191/194/191 1299/1375/1299 1439/1519/1439
f 167/170/167 1322/1398/1322 1440/1520/1440
f 165/168/165 1323/1399/1323 1441/1521/1441
f 163/166/163 1324/1400/1324 1442/1522/1442
f 161/164/161 1325/1401/1325 1443/1523/1443
f 138/139/138 1345/1421/1345 1444/1524/1444
f 136/137/136 1346/1422/1346 1446/1526/1446
f 134/135/134 1347/1423/1347 1447/1527/1447
f 1347/1423/1347 132/133/132 1348/1424/1348
f 130/131/130 1349/1425/1349 1449/1529/1449
f 128/129/128 1350/1426/1350 1450/1530/1450
f 126/127/126 1351/1427/1351 1451/1531/1451
f 124/125/124 1352/1428/1352 1452/1532/1452
f 122/123/122 1353/1429/1353 1453/1533/1453
f 120/121/120 1354/1430/1354 1454/1534/1454
f 118/119/118 1355/1431/1355 1455/1535/1455
f 116/117/116 1356/1432/1356 1456/1536/1456
f 114/115/114 1357/1433/1357 1457/1537/1457
f 112/113/112 1358/1434/1358 1458/1538/1458
f 110/111/110 1359/1435/1359 1459/1539/1459
f 108/109/108 1360/1436/1360 1460/1540/1460
f 106/107/106 1361/1437/1361 1461/1541/1461
f 104/105/104 1362/1438/1362 1462/1542/1462
f 102/103/102 1363/1439/1363 1463/1543/1463
f 100/101/100 1364/1440/1364 1464/1544/1464
