v 4.657085 -0.116542 -15.318764
v 4.508446 -0.341426 -15.390629
v 4.485027 -0.325221 -15.374878
v 4.678463 -0.134761 -15.336483
v 4.853577 0.06986 -15.255756
v 4.872921 0.046544 -15.27446
v 5.070427 0.224828 -15.18684
v 4.872921 0.046544 -15.27446
v 4.853577 0.06986 -15.255756
v 5.303574 0.348394 -15.111034
v 5.08672 0.201543 -15.205544
v 5.070427 0.224828 -15.18684
v 5.54995 0.438573 -15.032276
v 5.316807 0.322088 -15.130722
v 5.303574 0.348394 -15.111034
v 5.804474 0.494268 -14.950562
v 5.560131 0.413244 -15.051968
v 5.54995 0.438573 -15.032276
v 6.063068 0.512517 -14.866879
v 5.8116 0.466924 -14.971237
v 5.804474 0.494268 -14.950562
v 6.322681 0.496312 -14.782211
v 6.067139 0.485173 -14.887554
v 6.063068 0.512517 -14.866879
v 6.576187 0.440618 -14.7005
v 6.321663 0.466924 -14.804855
v 6.322681 0.496312 -14.782211
v 6.821545 0.352453 -14.620758
v 6.572113 0.413244 -14.723145
v 6.576187 0.440618 -14.7005
v 7.054688 0.229894 -14.544949
v 6.814419 0.325109 -14.644382
v 6.821545 0.352453 -14.620758
v 7.269505 0.073888 -14.475048
v 7.042469 0.201543 -14.569561
v 7.054688 0.229894 -14.544949
v 7.463963 -0.111506 -14.412045
v 7.254234 0.048558 -14.49966
v 7.269505 0.073888 -14.475048
v 7.632965 -0.320155 -14.355927
v 7.445633 -0.132746 -14.436653
v 7.463963 -0.111506 -14.412045
v 7.776512 -0.55514 -14.30867
v 7.612602 -0.341426 -14.382507
v 7.632965 -0.320155 -14.355927
v 7.889523 -0.805354 -14.271259
v 7.753098 -0.571376 -14.335255
v 7.776512 -0.55514 -14.30867
v 7.971989 -1.07281 -14.244678
v 7.864071 -0.819545 -14.29784
v 7.889523 -0.805354 -14.271259
v 8.020855 -1.346278 -14.227943
v 7.9445 -1.07989 -14.271259
v 7.971989 -1.07281 -14.244678
v 8.036125 -1.627925 -14.222034
v 7.992352 -1.351344 -14.254524
v 8.020855 -1.346278 -14.227943
v 8.016785 -1.908503 -14.226959
v 8.007622 -1.627925 -14.248615
v 8.036125 -1.627925 -14.222034
v 7.963844 -2.184016 -14.24271
v 7.988277 -1.903407 -14.254524
v 8.016785 -1.908503 -14.226959
v 7.879341 -2.451442 -14.270275
v 7.936356 -2.174922 -14.269291
v 7.963844 -2.184016 -14.24271
v 7.76226 -2.702662 -14.307686
v 7.851852 -2.437251 -14.295872
v 7.879341 -2.451442 -14.270275
v 7.615658 -2.936671 -14.35297
v 7.736809 -2.686457 -14.333286
v 7.76226 -2.702662 -14.307686
v 7.442581 -3.148371 -14.409088
v 7.593258 -2.91537 -14.378571
v 7.615658 -2.936671 -14.35297
v 7.245071 -3.333735 -14.473083
v 7.422218 -3.125087 -14.43272
v 7.442581 -3.148371 -14.409088
v 7.028217 -3.488734 -14.54298
v 7.228783 -3.308406 -14.49474
v 7.245071 -3.333735 -14.473083
v 6.793037 -3.614344 -14.617805
v 7.014984 -3.46139 -14.563656
v 7.028217 -3.488734 -14.54298
v 6.546661 -3.705531 -14.697548
v 6.783875 -3.581935 -14.638477
v 6.793037 -3.614344 -14.617805
v 6.291122 -3.758174 -14.780243
v 6.540554 -3.673091 -14.716251
v 6.546661 -3.705531 -14.697548
v 6.031509 -3.77743 -14.863926
v 6.289085 -3.725764 -14.79895
v 6.291122 -3.758174 -14.780243
v 5.771896 -3.758174 -14.947605
v 6.033543 -3.744014 -14.880665
v 6.031509 -3.77743 -14.863926
v 5.517372 -3.702479 -15.030304
v 5.778004 -3.725764 -14.964344
v 5.771896 -3.758174 -14.947605
v 5.272011 -3.612329 -15.11005
v 5.527554 -3.670038 -15.046059
v 5.517372 -3.702479 -15.030304
v 5.039886 -3.48672 -15.185856
v 5.286266 -3.581934 -15.124817
v 5.272011 -3.612329 -15.11005
v 4.825069 -3.329707 -15.255756
v 5.057194 -3.459346 -15.19865
v 5.039886 -3.48672 -15.185856
v 4.631634 -3.143306 -15.317776
v 4.845432 -3.305384 -15.268551
v 4.825069 -3.329707 -15.255756
v 4.462631 -2.932611 -15.373894
v 4.655048 -3.122035 -15.331558
v 4.631634 -3.143306 -15.317776
v 4.320099 -2.69961 -15.420162
v 4.488083 -2.91537 -15.386692
v 4.462631 -2.932611 -15.373894
v 4.208107 -2.446376 -15.457577
v 4.347584 -2.683406 -15.432964
v 4.320099 -2.69961 -15.420162
v 4.126659 -2.182002 -15.484158
v 4.236614 -2.437251 -15.470375
v 4.208107 -2.446376 -15.457577
v 4.078808 -1.908503 -15.500893
v 4.156185 -2.174922 -15.496956
v 4.126659 -2.182002 -15.484158
v 4.064556 -1.627925 -15.506802
v 4.108334 -1.903407 -15.513691
v 4.078808 -1.908503 -15.500893
v 4.0839 -1.34933 -15.500893
v 4.094082 -1.627925 -15.519596
v 4.064556 -1.627925 -15.506802
v 4.136841 -1.074824 -15.484158
v 4.113426 -1.351344 -15.514675
v 4.0839 -1.34933 -15.500893
v 4.222359 -0.81042 -15.457577
v 4.165348 -1.081904 -15.498924
v 4.136841 -1.074824 -15.484158
v 4.339439 -0.55923 -15.420162
v 4.249851 -0.819545 -15.47234
v 4.222359 -0.81042 -15.457577
v 4.485027 -0.325221 -15.374878
v 4.364891 -0.571376 -15.436901
v 4.339439 -0.55923 -15.420162
v 8.167461 -0.729399 12.275623
v 8.974808 -1.627928 11.919238
v 8.90863 -0.634184 11.916278
v 8.974808 -1.627928 11.919238
v 8.17968 -2.526396 12.278583
v 8.918812 -2.622648 11.919238
v 8.918812 -2.622648 11.919238
v 8.002533 -3.412748 12.273653
v 8.725376 -3.602171 11.919237
v 8.725376 -3.602171 11.919237
v 7.70932 -4.264677 12.277591
v 8.398567 -4.548307 11.918254
v 8.398567 -4.548307 11.918254
v 7.305138 -5.075041 12.276607
v 7.950607 -5.443785 11.916278
v 7.950607 -5.443785 11.916278
v 6.797112 -5.823637 12.273653
v 7.387604 -6.27136 11.912349
v 7.387604 -6.27136 11.912349
v 6.194401 -6.50131 12.269716
v 6.720753 -7.022001 11.908411
v 6.720753 -7.022001 11.908411
v 5.509228 -7.094938 12.26578
v 5.960243 -7.676359 11.90349
v 5.960243 -7.676359 11.90349
v 4.750748 -7.595335 12.261844
v 5.121334 -8.230467 11.90053
v 5.121334 -8.230467 11.90053
v 3.938313 -8.00659 12.257907
v 4.22134 -8.67819 11.895609
v 4.22134 -8.67819 11.895609
v 3.077007 -8.301359 12.255939
v 3.269428 -9.006407 11.892656
v 3.269428 -9.006407 11.892656
v 2.184143 -8.477629 12.252977
v 2.281879 -9.200865 11.889705
v 2.281879 -9.200865 11.889705
v 1.277023 -8.535368 12.250025
v 1.27906 -9.262663 11.886751
v 1.27906 -9.262663 11.886751
v 0.36787 -8.484709 12.24708
v 0.276241 -9.20294 11.883791
v 0.276241 -9.20294 11.883791
v -0.526016 -8.311521 12.244121
v -0.711308 -9.013487 11.87887
v -0.711308 -9.013487 11.87887
v -1.386303 -8.019773 12.240184
v -1.662205 -8.688322 11.875925
v -1.662205 -8.688322 11.875925
v -2.20179 -7.617613 12.236239
v -2.56118 -8.242613 11.871982
v -2.56118 -8.242613 11.871982
v -2.954163 -7.113157 12.231318
v -3.390923 -7.686521 11.867061
v -3.390923 -7.686521 11.867061
v -3.631191 -6.517546 12.227382
v -4.139217 -7.027067 11.862131
v -4.139217 -7.027067 11.862131
v -4.222702 -5.838835 12.220492
v -4.791817 -6.279447 11.856227
v -4.791817 -6.279447 11.856227
v -4.716476 -5.089231 12.215571
v -5.334457 -5.449827 11.849338
v -5.334457 -5.449827 11.849338
v -5.105385 -4.283903 12.207698
v -5.763073 -4.559446 11.842447
v -5.763073 -4.559446 11.842447
v -5.383324 -3.430967 12.200801
v -6.069523 -3.62042 11.833583
v -6.069523 -3.62042 11.833583
v -5.544186 -2.551725 12.192928
v -6.245651 -2.647978 11.82571
v -6.245651 -2.647978 11.82571
v -5.588982 -1.657286 12.187015
v -6.294518 -1.661344 11.81882
v -6.294518 -1.661344 11.81882
v -5.519749 -0.760801 12.18111
v -6.217144 -0.674711 11.811923
v -6.217144 -0.674711 11.811923
v -5.335476 0.117464 12.177173
v -6.01556 0.296755 11.807002
v -6.01556 0.296755 11.807002
v -5.02496 0.964296 12.186038
v -5.696899 1.237795 11.804057
v -5.696899 1.237795 11.804057
v -4.60347 1.753389 12.194896
v -5.248936 2.125185 11.803064
v -4.60347 1.753389 12.194896
v -4.697132 2.954805 11.803065
v -5.248936 2.125185 11.803064
v -4.11784 2.506044 12.188007
v -4.047588 3.70743 11.804057
v -4.697132 2.954805 11.803065
v -3.529381 3.184755 12.189975
v -3.305405 4.369906 11.806018
v -4.047588 3.70743 11.804057
v -2.87373 3.794527 12.183078
v -2.478714 4.921969 11.810939
v -3.305405 4.369906 11.806018
v -2.12849 4.306093 12.182095
v -1.592976 5.369722 11.817836
v -2.478714 4.921969 11.810939
v -1.326233 4.705202 12.186038
v -0.660404 5.698946 11.82571
v -1.592976 5.369722 11.817836
v -0.480202 5.002016 12.192928
v 0.308819 5.903566 11.833583
v -0.660404 5.698946 11.82571
v 0.397392 5.188387 12.199818
v 1.296368 5.980532 11.842448
v 0.308819 5.903566 11.833583
v 1.292297 5.254244 12.207698
v 2.287987 5.918764 11.850322
v 1.296368 5.980532 11.842448
v 2.19025 5.202578 12.214581
v 3.264336 5.728304 11.858203
v 2.287987 5.918764 11.850322
v 3.072937 5.022249 12.222461
v 4.213196 5.411257 11.866069
v 3.264336 5.728304 11.858203
v 3.930168 4.736605 12.229358
v 5.115227 4.974642 11.872966
v 4.213196 5.411257 11.866069
v 4.745659 4.343569 12.23624
v 5.95108 4.416506 11.880847
v 5.115227 4.974642 11.872966
v 5.500065 3.839113 12.243137
v 6.704464 3.755037 11.888713
v 5.95108 4.416506 11.880847
v 6.179131 3.236391 12.250026
v 7.371315 3.006441 11.896594
v 6.704464 3.755037 11.888713
v 6.780823 2.560732 12.256923
v 7.935337 2.18088 11.902498
v 7.371315 3.006441 11.896594
v 7.289867 1.81418 12.262828
v 8.385334 1.287417 11.909396
v 7.935337 2.18088 11.902498
v 7.696087 1.005831 12.267749
v 8.712139 0.342348 11.912349
v 8.385334 1.287417 11.909396
v 7.991333 0.153933 12.27267
v 8.90863 -0.634184 11.916278
v 8.712139 0.342348 11.912349
v 8.712139 0.342348 11.912349
v 9.83815 -0.515654 11.428966
v 9.615185 0.582399 11.425021
v 8.385334 1.287417 11.909396
v 9.615185 0.582399 11.425021
v 9.247658 1.640963 11.420099
v 7.935337 2.18088 11.902498
v 9.247658 1.640963 11.420099
v 8.742683 2.641756 11.414188
v 7.371315 3.006441 11.896594
v 8.742683 2.641756 11.414188
v 8.109428 3.569643 11.407298
v 6.704464 3.755037 11.888713
v 8.109428 3.569643 11.407298
v 7.360115 4.408388 11.399426
v 5.95108 4.416506 11.880847
v 7.360115 4.408388 11.399426
v 6.508991 5.143831 11.391544
v 5.115227 4.974642 11.872966
v 6.508991 5.143831 11.391544
v 5.570312 5.761751 11.383678
v 4.213196 5.411257 11.866069
v 5.570312 5.761751 11.383678
v 4.560368 6.251009 11.375796
v 3.264336 5.728304 11.858203
v 4.560368 6.251009 11.375796
v 3.499516 6.604525 11.3689
v 2.287987 5.918764 11.850322
v 3.499516 6.604525 11.3689
v 2.406086 6.813204 11.362019
v 1.296368 5.980532 11.842448
v 2.406086 6.813204 11.362019
v 1.297386 6.878023 11.354137
v 0.308819 5.903566 11.833583
v 1.297386 6.878023 11.354137
v 0.192757 6.794985 11.345279
v -0.660404 5.698946 11.82571
v 0.192757 6.794985 11.345279
v -0.890491 6.565035 11.336414
v -1.592976 5.369722 11.817836
v -0.890491 6.565035 11.336414
v -1.934032 6.198336 11.32854
v -2.478714 4.921969 11.810939
v -1.934032 6.198336 11.32854
v -2.9226 5.696932 11.320666
v -3.305405 4.369906 11.806018
v -2.9226 5.696932 11.320666
v -3.838882 5.069857 11.315746
v -4.047588 3.70743 11.804057
v -3.838882 5.069857 11.315746
v -4.668625 4.331423 11.31181
v -4.697132 2.954805 11.803065
v -4.668625 4.331423 11.31181
v -5.399616 3.490664 11.310825
v -5.248936 2.125185 11.803064
v -5.399616 3.490664 11.310825
v -6.018616 2.566805 11.310825
v -5.696899 1.237795 11.804057
v -6.018616 2.566805 11.310825
v -6.514427 1.571047 11.311809
v -6.878902 0.519594 11.315746
v -5.696899 1.237795 11.804057
v -6.514427 1.571047 11.311809
v -7.105938 -0.566282 11.321651
v -6.01556 0.296755 11.807002
v -6.878902 0.519594 11.315746
v -7.192474 -1.669432 11.329524
v -6.217144 -0.674711 11.811923
v -7.105938 -0.566282 11.321651
v -7.13546 -2.774595 11.337398
v -6.294518 -1.661344 11.81882
v -7.192474 -1.669432 11.329524
v -6.933876 -3.858457 11.346254
v -6.245651 -2.647978 11.82571
v -7.13546 -2.774595 11.337398
v -6.591801 -4.907926 11.355121
v -6.069523 -3.62042 11.833583
v -6.933876 -3.858457 11.346254
v -6.112282 -5.90164 11.362993
v -5.763073 -4.559446 11.842447
v -6.591801 -4.907926 11.355121
v -5.50346 -6.825468 11.36989
v -5.334457 -5.449827 11.849338
v -6.112282 -5.90164 11.362993
v -4.774506 -7.663206 11.375795
v -4.791817 -6.279447 11.856227
v -5.50346 -6.825468 11.36989
v -3.939674 -8.398619 11.379732
v -4.139217 -7.027067 11.862131
v -4.774506 -7.663206 11.375795
v -3.011173 -9.021574 11.384662
v -3.390923 -7.686521 11.867061
v -3.939674 -8.398619 11.379732
v -2.007336 -9.515928 11.388598
v -2.56118 -8.242613 11.871982
v -3.011173 -9.021574 11.384662
v -0.94445 -9.877563 11.392534
v -1.662205 -8.688322 11.875925
v -2.007336 -9.515928 11.388598
v 0.156105 -10.098387 11.395487
v -0.711308 -9.013487 11.87887
v -0.94445 -9.877563 11.392534
v 1.277023 -10.172331 11.39844
v 0.276241 -9.20294 11.883791
v 0.156105 -10.098387 11.395487
v 2.39896 -10.100431 11.400408
v 1.27906 -9.262663 11.886751
v 1.277023 -10.172331 11.39844
v 3.502571 -9.884672 11.40336
v 2.281879 -9.200865 11.889705
v 2.39896 -10.100431 11.400408
v 4.570549 -9.525053 11.406322
v 3.269428 -9.006407 11.892656
v 3.502571 -9.884672 11.40336
v 5.583546 -9.032713 11.410257
v 4.22134 -8.67819 11.895609
v 4.570549 -9.525053 11.406322
v 6.523243 -8.410765 11.415178
v 5.121334 -8.230467 11.90053
v 5.583546 -9.032713 11.410257
v 7.375385 -7.675352 11.419108
v 5.960243 -7.676359 11.90349
v 6.523243 -8.410765 11.415178
v 8.122665 -6.834562 11.423053
v 6.720753 -7.022001 11.908411
v 7.375385 -7.675352 11.419108
v 8.75388 -5.905699 11.42699
v 7.387604 -6.27136 11.912349
v 8.122665 -6.834562 11.423053
v 9.255802 -4.90283 11.429941
v 7.950607 -5.443785 11.916278
v 8.75388 -5.905699 11.42699
v 9.620277 -3.844297 11.431911
v 8.398567 -4.548307 11.918254
v 9.255802 -4.90283 11.429941
v 9.841202 -2.746244 11.431911
v 8.725376 -3.602171 11.919237
v 9.620277 -3.844297 11.431911
v 9.914505 -1.629942 11.430925
v 8.918812 -2.622648 11.919238
v 9.841202 -2.746244 11.431911
v 8.90863 -0.634184 11.916278
v 9.914505 -1.629942 11.430925
v 9.83815 -0.515654 11.428966
v 9.83815 -0.515654 11.428966
v 10.804317 -1.629942 10.733905
v 10.720833 -0.399168 10.731943
v 10.804317 -1.629942 10.733905
v 9.841202 -2.746244 11.431911
v 10.723888 -2.860685 10.734889
v 10.723888 -2.860685 10.734889
v 9.620277 -3.844297 11.431911
v 10.479546 -4.070188 10.734889
v 10.479546 -4.070188 10.734889
v 9.255802 -4.90283 11.429941
v 10.0774 -5.23712 10.732921
v 10.0774 -5.23712 10.732921
v 8.75388 -5.905699 11.42699
v 9.522541 -6.344297 10.728983
v 9.522541 -6.344297 10.728983
v 8.122665 -6.834562 11.423053
v 8.826164 -7.368406 10.725046
v 8.826164 -7.368406 10.725046
v 7.375385 -7.675352 11.419108
v 8.001514 -8.294279 10.720125
v 8.001514 -8.294279 10.720125
v 6.523243 -8.410765 11.415178
v 7.062832 -9.107695 10.716181
v 7.062832 -9.107695 10.716181
v 5.583546 -9.032713 11.410257
v 6.026417 -9.791471 10.71126
v 6.026417 -9.791471 10.71126
v 4.570549 -9.525053 11.406322
v 4.909573 -10.337461 10.707323
v 4.909573 -10.337461 10.707323
v 3.502571 -9.884672 11.40336
v 3.732658 -10.732512 10.704371
v 3.732658 -10.732512 10.704371
v 2.39896 -10.100431 11.400408
v 2.516041 -10.971586 10.702402
v 2.516041 -10.971586 10.702402
v 1.277023 -10.172331 11.39844
v 1.280079 -11.050596 10.700434
v 1.280079 -11.050596 10.700434
v 0.156105 -10.098387 11.395487
v 0.044117 -10.969543 10.698465
v 0.044117 -10.969543 10.698465
v -0.94445 -9.877563 11.392534
v -1.170467 -10.725431 10.695505
v -1.170467 -10.725431 10.695505
v -2.007336 -9.515928 11.388598
v -2.34127 -10.326292 10.69256
v -2.34127 -10.326292 10.69256
v -3.011173 -9.021574 11.384662
v -3.447933 -9.778257 10.688616
v -3.447933 -9.778257 10.688616
v -3.939674 -8.398619 11.379732
v -4.471115 -9.093534 10.684679
v -4.471115 -9.093534 10.684679
v -4.774506 -7.663206 11.375795
v -5.391472 -8.281096 10.679758
v -5.391472 -8.281096 10.679758
v -5.50346 -6.825468 11.36989
v -6.193729 -7.359281 10.674837
v -6.193729 -7.359281 10.674837
v -6.112282 -5.90164 11.362993
v -6.863628 -6.340269 10.668932
v -6.863628 -6.340269 10.668932
v -6.591801 -4.907926 11.355121
v -7.38998 -5.24423 10.661052
v -7.38998 -5.24423 10.661052
v -6.933876 -3.858457 11.346254
v -7.766674 -4.088407 10.653177
v -7.766674 -4.088407 10.653177
v -7.13546 -2.774595 11.337398
v -7.985565 -2.893095 10.644313
v -7.985565 -2.893095 10.644313
v -7.192474 -1.669432 11.329524
v -8.04665 -1.676512 10.636438
v -8.04665 -1.676512 10.636438
v -7.105938 -0.566282 11.321651
v -7.949932 -0.459928 10.628566
v -7.949932 -0.459928 10.628566
v -6.878902 0.519594 11.315746
v -7.698463 0.735354 10.622653
v -7.698463 0.735354 10.622653
v -6.514427 1.571047 11.311809
v -7.296318 1.892183 10.618715
v -7.296318 1.892183 10.618715
v -6.018616 2.566805 11.310825
v -6.750622 2.990236 10.616748
v -6.018616 2.566805 11.310825
v -6.068501 4.008272 10.616748
v -6.750622 2.990236 10.616748
v -5.399616 3.490664 11.310825
v -5.26421 4.935152 10.617732
v -6.068501 4.008272 10.616748
v -4.668625 4.331423 11.31181
v -4.350983 5.749575 10.621677
v -5.26421 4.935152 10.617732
v -3.838882 5.069857 11.315746
v -3.342052 6.439425 10.627575
v -4.350983 5.749575 10.621677
v -2.9226 5.696932 11.320666
v -2.255753 6.994539 10.634472
v -3.342052 6.439425 10.627575
v -1.934032 6.198336 11.32854
v -1.106327 7.400728 10.642352
v -2.255753 6.994539 10.634472
v -0.890491 6.565035 11.336414
v 0.085857 7.652956 10.651211
v -1.106327 7.400728 10.642352
v 0.192757 6.794985 11.345279
v 1.302475 7.746157 10.659084
v 0.085857 7.652956 10.651211
v 1.297386 6.878023 11.354137
v 2.524185 7.677279 10.666958
v 1.302475 7.746157 10.659084
v 2.406086 6.813204 11.362019
v 3.729603 7.447329 10.673855
v 2.524185 7.677279 10.666958
v 3.499516 6.604525 11.3689
v 4.899391 7.057314 10.67976
v 3.729603 7.447329 10.673855
v 4.560368 6.251009 11.375796
v 6.012165 6.518435 10.68764
v 4.899391 7.057314 10.67976
v 5.570312 5.761751 11.383678
v 7.047562 5.83771 10.694523
v 6.012165 6.518435 10.68764
v 6.508991 5.143831 11.391544
v 7.98624 5.028353 10.702402
v 7.047562 5.83771 10.694523
v 7.360115 4.408388 11.399426
v 8.812931 4.104525 10.710283
v 7.98624 5.028353 10.702402
v 8.109428 3.569643 11.407298
v 9.511341 3.080385 10.717166
v 8.812931 4.104525 10.710283
v 8.742683 2.641756 11.414188
v 10.068237 1.975252 10.724063
v 9.511341 3.080385 10.717166
v 9.247658 1.640963 11.420099
v 10.474453 0.807283 10.728984
v 10.068237 1.975252 10.724063
v 9.615185 0.582399 11.425021
v 10.720833 -0.399168 10.731943
v 10.474453 0.807283 10.728984
v 10.474453 0.807283 10.728984
v 11.752159 -0.267485 9.681482
v 11.478292 1.074709 9.678531
v 10.068237 1.975252 10.724063
v 11.478292 1.074709 9.678531
v 11.027279 2.370302 9.673601
v 9.511341 3.080385 10.717166
v 11.027279 2.370302 9.673601
v 10.408279 3.59601 9.666713
v 8.812931 4.104525 10.710283
v 10.408279 3.59601 9.666713
v 9.633511 4.730532 9.659824
v 7.98624 5.028353 10.702402
v 9.633511 4.730532 9.659824
v 8.716213 5.754641 9.652934
v 7.673687 6.65317 9.646037
v 7.98624 5.028353 10.702402
v 8.716213 5.754641 9.652934
v 6.526299 7.407808 9.639149
v 7.047562 5.83771 10.694523
v 7.673687 6.65317 9.646037
v 5.292374 8.006502 9.633244
v 6.012165 6.518435 10.68764
v 6.526299 7.407808 9.639149
v 3.996346 8.436007 9.628315
v 4.899391 7.057314 10.67976
v 5.292374 8.006502 9.633244
v 2.524185 7.677279 10.666958
v 3.996346 8.436007 9.628315
v 2.659592 8.691256 9.62241
v 1.302475 7.746157 10.659084
v 2.659592 8.691256 9.62241
v 1.305531 8.768252 9.616505
v 0.085857 7.652956 10.651211
v 1.305531 8.768252 9.616505
v -0.043438 8.662905 9.60863
v -1.106327 7.400728 10.642352
v -0.043438 8.662905 9.60863
v -1.363903 8.382296 9.60075
v -2.255753 6.994539 10.634472
v -1.363903 8.382296 9.60075
v -2.635498 7.929506 9.593861
v -3.342052 6.439425 10.627575
v -2.635498 7.929506 9.593861
v -3.838882 7.312594 9.585986
v -4.350983 5.749575 10.621677
v -3.838882 7.312594 9.585986
v -4.953693 6.546816 9.580082
v -5.26421 4.935152 10.617732
v -4.953693 6.546816 9.580082
v -5.965675 5.643221 9.577129
v -6.068501 4.008272 10.616748
v -5.965675 5.643221 9.577129
v -6.856503 4.617098 9.57516
v -6.750622 2.990236 10.616748
v -6.856503 4.617098 9.57516
v -7.610909 3.486605 9.576143
v -7.296318 1.892183 10.618715
v -7.610909 3.486605 9.576143
v -8.216675 2.270022 9.577129
v -8.662598 0.988619 9.58205
v -7.296318 1.892183 10.618715
v -8.216675 2.270022 9.577129
v -8.94257 -0.339384 9.588939
v -7.698463 0.735354 10.622653
v -8.662598 0.988619 9.58205
v -9.051506 -1.685636 9.596811
v -7.949932 -0.459928 10.628566
v -8.94257 -0.339384 9.588939
v -8.986351 -3.031889 9.604694
v -8.04665 -1.676512 10.636438
v -9.051506 -1.685636 9.596811
v -8.745064 -4.35684 9.611583
v -7.985565 -2.893095 10.644313
v -8.986351 -3.031889 9.604694
v -8.3307 -5.63928 9.618471
v -7.766674 -4.088407 10.653177
v -8.745064 -4.35684 9.611583
v -7.748352 -6.855863 9.625368
v -7.38998 -5.24423 10.661052
v -8.3307 -5.63928 9.618471
v -7.007183 -7.983305 9.629305
v -6.863628 -6.340269 10.668932
v -7.748352 -6.855863 9.625368
v -6.118385 -9.007414 9.633242
v -6.193729 -7.359281 10.674837
v -7.007183 -7.983305 9.629305
v -5.099277 -9.907928 9.637179
v -5.391472 -8.281096 10.679758
v -6.118385 -9.007414 9.633242
v -3.965126 -10.669706 9.641115
v -4.471115 -9.093534 10.684679
v -5.099277 -9.907928 9.637179
v -2.34127 -10.326292 10.69256
v -3.965126 -10.669706 9.641115
v -2.737309 -11.27545 9.644068
v -1.170467 -10.725431 10.695505
v -2.737309 -11.27545 9.644068
v -1.438225 -11.719145 9.647028
v 0.044117 -10.969543 10.698465
v -1.438225 -11.719145 9.647028
v -0.09129 -11.987577 9.648989
v 1.280079 -11.050596 10.700434
v -0.09129 -11.987577 9.648989
v 1.27906 -12.078764 9.650957
v 2.516041 -10.971586 10.702402
v 1.27906 -12.078764 9.650957
v 2.650429 -11.992643 9.651949
v 3.732658 -10.732512 10.704371
v 2.650429 -11.992643 9.651949
v 3.999397 -11.725218 9.652933
v 4.909573 -10.337461 10.707323
v 3.999397 -11.725218 9.652933
v 5.303574 -11.286589 9.655886
v 6.026417 -9.791471 10.71126
v 5.303574 -11.286589 9.655886
v 6.540554 -10.683867 9.658838
v 7.062832 -9.107695 10.716181
v 6.540554 -10.683867 9.658838
v 7.689976 -9.924131 9.662775
v 8.001514 -8.294279 10.720125
v 7.689976 -9.924131 9.662775
v 8.730465 -9.023619 9.667696
v 8.826164 -7.368406 10.725046
v 8.730465 -9.023619 9.667696
v 9.645729 -7.995451 9.672617
v 10.419479 -6.857878 9.677538
v 8.826164 -7.368406 10.725046
v 9.645729 -7.995451 9.672617
v 11.035423 -5.63217 9.680498
v 9.522541 -6.344297 10.728983
v 10.419479 -6.857878 9.677538
v 11.483383 -4.336576 9.683452
v 10.0774 -5.23712 10.732921
v 11.035423 -5.63217 9.680498
v 11.754196 -2.994383 9.683452
v 10.479546 -4.070188 10.734889
v 11.483383 -4.336576 9.683452
v 11.843788 -1.629942 9.683452
v 10.723888 -2.860685 10.734889
v 11.754196 -2.994383 9.683452
v 10.720833 -0.399168 10.731943
v 11.843788 -1.629942 9.683452
v 11.752159 -0.267485 9.681482
v 12.727489 -0.136808 8.249043
v 11.843788 -1.629942 9.683452
v 12.829298 -1.629942 8.25101
v 12.829298 -1.629942 8.25101
v 11.754196 -2.994383 9.683452
v 12.729527 -3.122038 8.25101
v 12.729527 -3.122038 8.25101
v 11.483383 -4.336576 9.683452
v 12.432243 -4.589841 8.250034
v 12.432243 -4.589841 8.250034
v 11.035423 -5.63217 9.680498
v 11.941525 -6.005979 8.247072
v 11.941525 -6.005979 8.247072
v 10.419479 -6.857878 9.677538
v 11.266529 -7.347166 8.243136
v 10.419479 -6.857878 9.677538
v 10.419479 -8.5921 8.238215
v 11.266529 -7.347166 8.243136
v 9.645729 -7.995451 9.672617
v 9.417675 -9.715483 8.233294
v 10.419479 -8.5921 8.238215
v 8.730465 -9.023619 9.667696
v 8.279453 -10.699064 8.228365
v 9.417675 -9.715483 8.233294
v 7.689976 -9.924131 9.662775
v 7.024147 -11.530729 8.224428
v 8.279453 -10.699064 8.228365
v 6.540554 -10.683867 9.658838
v 5.672119 -12.192198 8.222468
v 7.024147 -11.530729 8.224428
v 5.303574 -11.286589 9.655886
v 4.246796 -12.673368 8.221477
v 5.672119 -12.192198 8.222468
v 3.999397 -11.725218 9.652933
v 2.772598 -12.963072 8.220492
v 4.246796 -12.673368 8.221477
v 2.650429 -11.992643 9.651949
v 1.272953 -13.060331 8.220492
v 2.772598 -12.963072 8.220492
v 1.27906 -12.078764 9.650957
v -0.226696 -12.961027 8.218523
v 1.272953 -13.060331 8.220492
v -0.09129 -11.987577 9.648989
v -1.699875 -12.666258 8.217531
v -0.226696 -12.961027 8.218523
v -1.438225 -11.719145 9.647028
v -3.121128 -12.183105 8.215571
v -1.699875 -12.666258 8.217531
v -2.737309 -11.27545 9.644068
v -4.463989 -11.516539 8.21261
v -3.121128 -12.183105 8.215571
v -3.965126 -10.669706 9.641115
v -5.703007 -10.685911 8.21065
v -4.463989 -11.516539 8.21261
v -5.703007 -10.685911 8.21065
v -6.118385 -9.007414 9.633242
v -6.817818 -9.701292 8.207689
v -6.817818 -9.701292 8.207689
v -7.007183 -7.983305 9.629305
v -7.788059 -8.582975 8.204744
v -7.788059 -8.582975 8.204744
v -7.748352 -6.855863 9.625368
v -8.59642 -7.347166 8.201784
v -8.59642 -7.347166 8.201784
v -8.3307 -5.63928 9.618471
v -9.232727 -6.017118 8.197847
v -9.232727 -6.017118 8.197847
v -8.745064 -4.35684 9.611583
v -9.682724 -4.617186 8.193913
v -9.682724 -4.617186 8.193913
v -8.986351 -3.031889 9.604694
v -9.944374 -3.168638 8.187021
v -9.944374 -3.168638 8.187021
v -9.051506 -1.685636 9.596811
v -10.013599 -1.694761 8.180124
v -10.013599 -1.694761 8.180124
v -8.94257 -0.339384 9.588939
v -9.892452 -0.222929 8.172252
v -9.892452 -0.222929 8.172252
v -8.662598 0.988619 9.58205
v -9.586006 1.227663 8.166348
v -9.586006 1.227663 8.166348
v -8.216675 2.270022 9.577129
v -9.100376 2.629641 8.162401
v -9.100376 2.629641 8.162401
v -7.610909 3.486605 9.576143
v -8.438618 3.959658 8.160442
v -7.610909 3.486605 9.576143
v -7.612946 5.197513 8.159456
v -8.438618 3.959658 8.160442
v -6.856503 4.617098 9.57516
v -6.639648 6.318881 8.161427
v -7.612946 5.197513 8.159456
v -5.965675 5.643221 9.577129
v -5.535023 7.307528 8.164378
v -6.639648 6.318881 8.161427
v -4.953693 6.546816 9.580082
v -4.315346 8.145266 8.169299
v -5.535023 7.307528 8.164378
v -3.838882 7.312594 9.585986
v -3.00201 8.81888 8.176189
v -4.315346 8.145266 8.169299
v -2.635498 7.929506 9.593861
v -1.613335 9.315248 8.183086
v -3.00201 8.81888 8.176189
v -1.363903 8.382296 9.60075
v -0.1707 9.62726 8.188992
v -1.613335 9.315248 8.183086
v -0.043438 8.662905 9.60863
v 1.302475 9.740694 8.194897
v -0.1707 9.62726 8.188992
v 1.302475 9.740694 8.194897
v 2.659592 8.691256 9.62241
v 2.78278 9.65967 8.198833
v 2.78278 9.65967 8.198833
v 3.996346 8.436007 9.628315
v 4.244759 9.381106 8.202769
v 4.244759 9.381106 8.202769
v 5.292374 8.006502 9.633244
v 5.661938 8.90906 8.20573
v 5.661938 8.90906 8.20573
v 6.526299 7.407808 9.639149
v 7.009892 8.254671 8.210651
v 7.009892 8.254671 8.210651
v 7.673687 6.65317 9.646037
v 8.265198 7.431125 8.215572
v 8.265198 7.431125 8.215572
v 8.716213 5.754641 9.652934
v 9.40546 6.448549 8.221478
v 9.40546 6.448549 8.221478
v 9.633511 4.730532 9.659824
v 10.408279 5.327181 8.228366
v 10.408279 5.327181 8.228366
v 10.408279 3.59601 9.666713
v 11.256348 4.085268 8.234271
v 11.256348 4.085268 8.234271
v 11.027279 2.370302 9.673601
v 11.934397 2.746126 8.241168
v 11.934397 2.746126 8.241168
v 11.478292 1.074709 9.678531
v 12.428171 1.329958 8.246089
v 12.428171 1.329958 8.246089
v 11.752159 -0.267485 9.681482
v 12.727489 -0.136808 8.249043
v 13.119455 1.515352 6.773288
v 12.727489 -0.136808 8.249043
v 13.437099 -0.044615 6.776241
v 12.595139 3.019625 6.768367
v 12.428171 1.329958 8.246089
v 13.119455 1.515352 6.773288
v 11.874331 4.444858 6.762462
v 11.934397 2.746126 8.241168
v 12.595139 3.019625 6.768367
v 10.972301 5.766818 6.756549
v 11.256348 4.085268 8.234271
v 11.874331 4.444858 6.762462
v 9.905342 6.957034 6.751628
v 10.408279 5.327181 8.228366
v 10.972301 5.766818 6.756549
v 8.693813 8.001436 6.746707
v 9.40546 6.448549 8.221478
v 9.905342 6.957034 6.751628
v 7.360115 8.878664 6.742763
v 8.265198 7.431125 8.215572
v 8.693813 8.001436 6.746707
v 5.927662 9.573549 6.739818
v 7.009892 8.254671 8.210651
v 7.360115 8.878664 6.742763
v 4.421906 10.072968 6.737842
v 5.661938 8.90906 8.20573
v 5.927662 9.573549 6.739818
v 2.86932 10.369753 6.735873
v 4.244759 9.381106 8.202769
v 4.421906 10.072968 6.737842
v 1.296368 10.455843 6.732921
v 2.78278 9.65967 8.198833
v 2.86932 10.369753 6.735873
v -0.269455 10.332277 6.729968
v 1.302475 9.740694 8.194897
v 1.296368 10.455843 6.732921
v -1.613335 9.315248 8.183086
v -0.269455 10.332277 6.729968
v -1.801682 10.003054 6.725039
v -3.00201 8.81888 8.176189
v -1.801682 10.003054 6.725039
v -3.276897 9.475313 6.720119
v -4.315346 8.145266 8.169299
v -3.276897 9.475313 6.720119
v -4.673717 8.759127 6.715198
v -5.535023 7.307528 8.164378
v -4.673717 8.759127 6.715198
v -5.969746 7.866702 6.710277
v -6.639648 6.318881 8.161427
v -5.969746 7.866702 6.710277
v -7.144623 6.818271 6.707324
v -7.612946 5.197513 8.159456
v -7.144623 6.818271 6.707324
v -8.179005 5.627017 6.70634
v -8.438618 3.959658 8.160442
v -8.179005 5.627017 6.70634
v -9.05558 4.313173 6.70634
v -9.757046 2.897037 6.708308
v -8.438618 3.959658 8.160442
v -9.05558 4.313173 6.70634
v -10.272198 1.405947 6.712253
v -9.100376 2.629641 8.162401
v -9.757046 2.897037 6.708308
v -10.59697 -0.136808 6.718158
v -9.586006 1.227663 8.166348
v -10.272198 1.405947 6.712253
v -10.724228 -1.701841 6.724063
v -9.892452 -0.222929 8.172252
v -10.59697 -0.136808 6.718158
v -10.651947 -3.268919 6.729968
v -10.013599 -1.694761 8.180124
v -10.724228 -1.701841 6.724063
v -10.376045 -4.807614 6.733905
v -9.944374 -3.168638 8.187021
v -10.651947 -3.268919 6.729968
v -9.89856 -6.295682 6.736857
v -9.682724 -4.617186 8.193913
v -10.376045 -4.807614 6.733905
v -9.224583 -7.709775 6.738826
v -9.232727 -6.017118 8.197847
v -9.89856 -6.295682 6.736857
v -8.365311 -9.021574 6.739818
v -8.59642 -7.347166 8.201784
v -9.224583 -7.709775 6.738826
v -7.336025 -10.211851 6.741778
v -7.788059 -8.582975 8.204744
v -8.365311 -9.021574 6.739818
v -5.703007 -10.685911 8.21065
v -7.336025 -10.211851 6.741778
v -6.151985 -11.256193 6.742762
v -4.463989 -11.516539 8.21261
v -6.151985 -11.256193 6.742762
v -4.834576 -12.141569 6.744738
v -3.121128 -12.183105 8.215571
v -4.834576 -12.141569 6.744738
v -3.40823 -12.847593 6.745722
v -1.699875 -12.666258 8.217531
v -3.40823 -12.847593 6.745722
v -1.897385 -13.360168 6.747683
v -0.226696 -12.961027 8.218523
v -1.897385 -13.360168 6.747683
v -0.331562 -13.671141 6.748675
v 1.272953 -13.060331 8.220492
v -0.331562 -13.671141 6.748675
v 1.261753 -13.777494 6.749659
v 2.772598 -12.963072 8.220492
v 1.261753 -13.777494 6.749659
v 2.856083 -13.676206 6.749659
v 4.246796 -12.673368 8.221477
v 2.856083 -13.676206 6.749659
v 4.422924 -13.364195 6.750643
v 5.672119 -12.192198 8.222468
v 4.422924 -13.364195 6.750643
v 5.935806 -12.853666 6.750643
v 7.024147 -11.530729 8.224428
v 5.935806 -12.853666 6.750643
v 7.371315 -12.152708 6.752604
v 8.279453 -10.699064 8.228365
v 7.371315 -12.152708 6.752604
v 8.705013 -11.270384 6.755564
v 9.417675 -9.715483 8.233294
v 8.705013 -11.270384 6.755564
v 9.915524 -10.220976 6.759501
v 10.419479 -8.5921 8.238215
v 9.915524 -10.220976 6.759501
v 10.980446 -9.025663 6.764422
v 11.266529 -7.347166 8.243136
v 10.980446 -9.025663 6.764422
v 11.881456 -7.70474 6.769343
v 11.941525 -6.005979 8.247072
v 11.881456 -7.70474 6.769343
v 12.600227 -6.279447 6.774272
v 12.432243 -4.589841 8.250034
v 12.600227 -6.279447 6.774272
v 13.122509 -4.775206 6.777225
v 13.439137 -3.215208 6.778209
v 12.432243 -4.589841 8.250034
v 13.122509 -4.775206 6.777225
v 13.543999 -1.629942 6.778209
v 12.729527 -3.122038 8.25101
v 13.439137 -3.215208 6.778209
v 13.437099 -0.044615 6.776241
v 12.829298 -1.629942 8.25101
v 13.543999 -1.629942 6.778209
v 13.924765 0.023226 5.25323
v 13.543999 -1.629942 6.778209
v 14.034718 -1.627928 5.254207
v 14.034718 -1.627928 5.254207
v 13.439137 -3.215208 6.778209
v 13.924765 -3.280057 5.254207
v 13.439137 -3.215208 6.778209
v 13.595921 -4.90283 5.25323
v 13.924765 -3.280057 5.254207
v 13.122509 -4.775206 6.777225
v 13.051243 -6.467894 5.25027
v 13.595921 -4.90283 5.25323
v 12.600227 -6.279447 6.774272
v 12.302946 -7.950864 5.246333
v 13.051243 -6.467894 5.25027
v 11.881456 -7.70474 6.769343
v 11.366302 -9.327513 5.241412
v 12.302946 -7.950864 5.246333
v 10.980446 -9.025663 6.764422
v 10.257603 -10.569395 5.235507
v 11.366302 -9.327513 5.241412
v 9.915524 -10.220976 6.759501
v 8.998222 -11.660398 5.231569
v 10.257603 -10.569395 5.235507
v 8.705013 -11.270384 6.755564
v 7.611584 -12.580168 5.227625
v 8.998222 -11.660398 5.231569
v 7.371315 -12.152708 6.752604
v 6.119064 -13.311521 5.225664
v 7.611584 -12.580168 5.227625
v 5.935806 -12.853666 6.750643
v 4.545094 -13.843321 5.22468
v 6.119064 -13.311521 5.225664
v 4.422924 -13.364195 6.750643
v 2.914112 -14.165495 5.223688
v 4.545094 -13.843321 5.22468
v 2.856083 -13.676206 6.749659
v 1.255642 -14.272825 5.22172
v 2.914112 -14.165495 5.223688
v 1.261753 -13.777494 6.749659
v -0.402828 -14.16345 5.220743
v 1.255642 -14.272825 5.22172
v -0.331562 -13.671141 6.748675
v -2.032791 -13.838285 5.218767
v -0.402828 -14.16345 5.220743
v -1.897385 -13.360168 6.747683
v -3.604721 -13.304441 5.216799
v -2.032791 -13.838285 5.218767
v -3.40823 -12.847593 6.745722
v -5.090115 -12.571043 5.21483
v -3.604721 -13.304441 5.216799
v -4.834576 -12.141569 6.744738
v -6.461483 -11.651274 5.212862
v -5.090115 -12.571043 5.21483
v -6.151985 -11.256193 6.742762
v -7.693375 -10.562346 5.211879
v -6.461483 -11.651274 5.212862
v -7.693375 -10.562346 5.211879
v -8.365311 -9.021574 6.739818
v -8.764404 -9.325498 5.210887
v -8.764404 -9.325498 5.210887
v -9.224583 -7.709775 6.738826
v -9.656254 -7.959989 5.20991
v -9.656254 -7.959989 5.20991
v -9.89856 -6.295682 6.736857
v -10.356697 -6.488156 5.20991
v -10.356697 -6.488156 5.20991
v -10.376045 -4.807614 6.733905
v -10.852509 -4.940306 5.208926
v -10.852509 -4.940306 5.208926
v -10.651947 -3.268919 6.729968
v -11.138596 -3.338804 5.206958
v -11.138596 -3.338804 5.206958
v -10.724228 -1.701841 6.724063
v -11.214951 -1.705899 5.204005
v -11.214951 -1.705899 5.204005
v -10.59697 -0.136808 6.718158
v -11.083614 -0.075041 5.199077
v -11.083614 -0.075041 5.199077
v -10.272198 1.405947 6.712253
v -10.748665 1.531557 5.194156
v -10.272198 1.405947 6.712253
v -10.214165 3.084445 5.191203
v -10.748665 1.531557 5.194156
v -9.757046 2.897037 6.708308
v -9.484196 4.556307 5.190219
v -10.214165 3.084445 5.191203
v -9.484196 4.556307 5.190219
v -8.179005 5.627017 6.70634
v -8.571987 5.923831 5.190219
v -8.571987 5.923831 5.190219
v -7.144623 6.818271 6.707324
v -7.495865 7.163669 5.191203
v -7.144623 6.818271 6.707324
v -6.272118 8.256716 5.19514
v -7.495865 7.163669 5.191203
v -5.969746 7.866702 6.710277
v -4.922131 9.183565 5.199077
v -6.272118 8.256716 5.19514
v -4.673717 8.759127 6.715198
v -3.467278 9.92911 5.204005
v -4.922131 9.183565 5.199077
v -3.276897 9.475313 6.720119
v -1.930981 10.476107 5.207942
v -3.467278 9.92911 5.204005
v -1.801682 10.003054 6.725039
v -0.336651 10.819489 5.210887
v -1.930981 10.476107 5.207942
v -0.269455 10.332277 6.729968
v 1.293312 10.947146 5.213848
v -0.336651 10.819489 5.210887
v 1.293312 10.947146 5.213848
v 2.86932 10.369753 6.735873
v 2.929386 10.859011 5.215816
v 2.929386 10.859011 5.215816
v 4.421906 10.072968 6.737842
v 4.546112 10.551058 5.217784
v 4.546112 10.551058 5.217784
v 5.927662 9.573549 6.739818
v 6.112953 10.030398 5.219751
v 6.112953 10.030398 5.219751
v 7.360115 8.878664 6.742763
v 7.602421 9.308169 5.222705
v 7.602421 9.308169 5.222705
v 8.693813 8.001436 6.746707
v 8.990078 8.393435 5.225665
v 8.990078 8.393435 5.225665
v 9.905342 6.957034 6.751628
v 10.250477 7.307528 5.229602
v 10.250477 7.307528 5.229602
v 10.972301 5.766818 6.756549
v 11.361214 6.067659 5.234523
v 11.361214 6.067659 5.234523
v 11.874331 4.444858 6.762462
v 12.298874 4.693057 5.240428
v 12.298874 4.693057 5.240428
v 12.595139 3.019625 6.768367
v 13.049206 3.210054 5.245349
v 13.049206 3.210054 5.245349
v 13.119455 1.515352 6.773288
v 13.594902 1.643008 5.25027
v 13.594902 1.643008 5.25027
v 13.437099 -0.044615 6.776241
v 13.924765 0.023226 5.25323
v 13.884041 1.725039 3.74203
v 13.924765 0.023226 5.25323
v 14.222046 0.062746 3.746951
v 13.327145 3.328554 3.735133
v 13.594902 1.643008 5.25027
v 13.884041 1.725039 3.74203
v 12.560524 4.847017 3.72726
v 13.049206 3.210054 5.245349
v 13.327145 3.328554 3.735133
v 11.600464 6.254062 3.71741
v 12.298874 4.693057 5.240428
v 12.560524 4.847017 3.72726
v 10.464275 7.525301 3.708552
v 11.361214 6.067659 5.234523
v 11.600464 6.254062 3.71741
v 9.175373 8.637576 3.69871
v 10.250477 7.307528 5.229602
v 10.464275 7.525301 3.708552
v 7.754116 9.57355 3.689845
v 8.990078 8.393435 5.225665
v 9.175373 8.637576 3.69871
v 6.228001 10.314059 3.680003
v 7.602421 9.308169 5.222705
v 7.754116 9.57355 3.689845
v 4.623489 10.847873 3.669177
v 6.112953 10.030398 5.219751
v 6.228001 10.314059 3.680003
v 2.96909 11.160892 3.659328
v 4.546112 10.551058 5.217784
v 4.623489 10.847873 3.669177
v 1.293312 11.254062 3.650471
v 2.929386 10.859011 5.215816
v 2.96909 11.160892 3.659328
v -0.375336 11.121402 3.640621
v 1.293312 10.947146 5.213848
v 1.293312 11.254062 3.650471
v -2.008354 10.770905 3.630777
v -0.336651 10.819489 5.210887
v -0.375336 11.121402 3.640621
v -3.58334 10.206668 3.620936
v -1.930981 10.476107 5.207942
v -2.008354 10.770905 3.630777
v -5.074844 9.445926 3.610103
v -3.467278 9.92911 5.204005
v -3.58334 10.206668 3.620936
v -6.459446 8.498782 3.599277
v -4.922131 9.183565 5.199077
v -5.074844 9.445926 3.610103
v -7.712715 7.381503 3.591395
v -6.272118 8.256716 5.19514
v -6.459446 8.498782 3.599277
v -8.571987 5.923831 5.190219
v -7.712715 7.381503 3.591395
v -8.815311 6.112247 3.584514
v -9.748898 4.710299 3.579585
v -8.571987 5.923831 5.190219
v -8.815311 6.112247 3.584514
v -10.214165 3.084445 5.191203
v -9.748898 4.710299 3.579585
v -10.495159 3.203981 3.575647
v -10.748665 1.531557 5.194156
v -10.495159 3.203981 3.575647
v -11.041874 1.610567 3.575647
v -11.383953 -0.037535 3.575647
v -10.748665 1.531557 5.194156
v -11.041874 1.610567 3.575647
v -11.516304 -1.708951 3.577617
v -11.083614 -0.075041 5.199077
v -11.383953 -0.037535 3.575647
v -11.436893 -3.380368 3.579585
v -11.214951 -1.705899 5.204005
v -11.516304 -1.708951 3.577617
v -11.143684 -5.021359 3.580569
v -11.138596 -3.338804 5.206958
v -11.436893 -3.380368 3.579585
v -10.636673 -6.608702 3.582538
v -10.852509 -4.940306 5.208926
v -11.143684 -5.021359 3.580569
v -9.920956 -8.115994 3.58549
v -10.356697 -6.488156 5.20991
v -10.636673 -6.608702 3.582538
v -9.007729 -9.513913 3.589435
v -9.656254 -7.959989 5.20991
v -9.920956 -8.115994 3.58549
v -7.911243 -10.781125 3.59534
v -8.764404 -9.325498 5.210887
v -9.007729 -9.513913 3.589435
v -6.461483 -11.651274 5.212862
v -7.911243 -10.781125 3.59534
v -6.650848 -11.895383 3.602228
v -5.090115 -12.571043 5.21483
v -6.650848 -11.895383 3.602228
v -5.245884 -12.835446 3.611094
v -3.604721 -13.304441 5.216799
v -5.245884 -12.835446 3.611094
v -3.724854 -13.587064 3.620935
v -2.032791 -13.838285 5.218767
v -3.724854 -13.587064 3.620935
v -2.114239 -14.133054 3.630776
v -0.402828 -14.16345 5.220743
v -2.114239 -14.133054 3.630776
v -0.445587 -14.465329 3.641603
v 1.255642 -14.272825 5.22172
v -0.445587 -14.465329 3.641603
v 1.253609 -14.578763 3.651453
v 2.914112 -14.165495 5.223688
v 1.253609 -14.578763 3.651453
v 2.951782 -14.467343 3.662279
v 4.545094 -13.843321 5.22468
v 2.951782 -14.467343 3.662279
v 4.621452 -14.13812 3.672129
v 6.119064 -13.311521 5.225664
v 4.621452 -14.13812 3.672129
v 6.233089 -13.59213 3.681971
v 7.611584 -12.580168 5.227625
v 6.233089 -13.59213 3.681971
v 7.761242 -12.844571 3.69182
v 8.998222 -11.660398 5.231569
v 7.761242 -12.844571 3.69182
v 9.180462 -11.902493 3.701662
v 10.257603 -10.569395 5.235507
v 9.180462 -11.902493 3.701662
v 10.468346 -10.785184 3.712489
v 11.366302 -9.327513 5.241412
v 10.468346 -10.785184 3.712489
v 11.602499 -9.510861 3.723323
v 12.302946 -7.950864 5.246333
v 11.602499 -9.510861 3.723323
v 12.561541 -8.104855 3.732181
v 13.051243 -6.467894 5.25027
v 12.561541 -8.104855 3.732181
v 13.327145 -6.584379 3.740054
v 13.595921 -4.90283 5.25323
v 13.327145 -6.584379 3.740054
v 13.884041 -4.979825 3.744983
v 14.222046 -3.317533 3.747935
v 13.595921 -4.90283 5.25323
v 13.884041 -4.979825 3.744983
v 14.335056 -1.627928 3.748919
v 13.924765 -3.280057 5.254207
v 14.222046 -3.317533 3.747935
v 14.222046 0.062746 3.746951
v 14.034718 -1.627928 5.254207
v 14.335056 -1.627928 3.748919
v 14.315712 0.073886 2.410991
v 14.335056 -1.627928 3.748919
v 14.429737 -1.627927 2.414927
v 14.335056 -1.627928 3.748919
v 14.315712 -3.32971 2.412959
v 14.429737 -1.627927 2.414927
v 14.222046 -3.317533 3.747935
v 13.97567 -5.00009 2.403117
v 14.315712 -3.32971 2.412959
v 13.884041 -4.979825 3.744983
v 13.415718 -6.615781 2.387362
v 13.97567 -5.00009 2.403117
v 13.327145 -6.584379 3.740054
v 12.646042 -8.143369 2.364718
v 13.415718 -6.615781 2.387362
v 12.561541 -8.104855 3.732181
v 11.681911 -9.562497 2.337153
v 12.646042 -8.143369 2.364718
v 11.602499 -9.510861 3.723323
v 10.541649 -10.84393 2.304667
v 11.681911 -9.562497 2.337153
v 10.468346 -10.785184 3.712489
v 9.247658 -11.969357 2.268244
v 10.541649 -10.84393 2.304667
v 9.180462 -11.902493 3.701662
v 7.820293 -12.91647 2.230822
v 9.247658 -11.969357 2.268244
v 7.761242 -12.844571 3.69182
v 6.283993 -13.67114 2.189478
v 7.820293 -12.91647 2.230822
v 6.233089 -13.59213 3.681971
v 4.662174 -14.219144 2.14715
v 6.283993 -13.67114 2.189478
v 4.621452 -14.13812 3.672129
v 2.983345 -14.550385 2.102846
v 4.662174 -14.219144 2.14715
v 2.951782 -14.467343 3.662279
v 1.273972 -14.662839 2.057558
v 2.983345 -14.550385 2.102846
v 1.253609 -14.578763 3.651453
v -0.434387 -14.550385 2.01227
v 1.273972 -14.662839 2.057558
v -0.445587 -14.465329 3.641603
v -2.114239 -14.216122 1.967966
v -0.434387 -14.550385 2.01227
v -2.114239 -14.133054 3.630776
v -3.73402 -13.666074 1.924654
v -2.114239 -14.216122 1.967966
v -3.724854 -13.587064 3.620935
v -5.265228 -12.90939 1.884287
v -3.73402 -13.666074 1.924654
v -5.245884 -12.835446 3.611094
v -6.677319 -11.962247 1.847864
v -5.265228 -12.90939 1.884287
v -6.650848 -11.895383 3.602228
v -7.945862 -10.841916 1.815379
v -6.677319 -11.962247 1.847864
v -7.911243 -10.781125 3.59534
v -9.048454 -9.566586 1.787807
v -7.945862 -10.841916 1.815379
v -9.048454 -9.566586 1.787807
v -9.920956 -8.115994 3.58549
v -9.965752 -8.157529 1.766147
v -9.965752 -8.157529 1.766147
v -10.636673 -6.608702 3.582538
v -10.684525 -6.644133 1.749408
v -10.684525 -6.644133 1.749408
v -11.143684 -5.021359 3.580569
v -11.194592 -5.046689 1.737597
v -11.194592 -5.046689 1.737597
v -11.436893 -3.380368 3.579585
v -11.489834 -3.394529 1.732677
v -11.489834 -3.394529 1.732677
v -11.516304 -1.708951 3.577617
v -11.570263 -1.710965 1.731691
v -11.570263 -1.710965 1.731691
v -11.383953 -0.037535 3.575647
v -11.436893 -0.026395 1.736613
v -11.383953 -0.037535 3.575647
v -11.0938 1.631869 1.745471
v -11.436893 -0.026395 1.736613
v -11.0938 1.631869 1.745471
v -10.495159 3.203981 3.575647
v -10.544025 3.23334 1.760242
v -10.544025 3.23334 1.760242
v -9.748898 4.710299 3.579585
v -9.792679 4.751803 1.778941
v -9.792679 4.751803 1.778941
v -8.815311 6.112247 3.584514
v -8.854 6.162875 1.803561
v -8.854 6.162875 1.803561
v -7.712715 7.381503 3.591395
v -7.746315 7.439211 1.831126
v -7.746315 7.439211 1.831126
v -6.459446 8.498782 3.599277
v -6.484901 8.565646 1.863612
v -6.484901 8.565646 1.863612
v -5.074844 9.445926 3.610103
v -5.09317 9.51987 1.898074
v -5.09317 9.51987 1.898074
v -3.58334 10.206668 3.620936
v -3.591484 10.285678 1.937449
v -3.591484 10.285678 1.937449
v -2.008354 10.770905 3.630777
v -2.006317 10.849918 1.977809
v -2.006317 10.849918 1.977809
v -0.375336 11.121402 3.640621
v -0.362103 11.203433 2.019169
v -0.362103 11.203433 2.019169
v 1.293312 11.254062 3.650471
v 1.315712 11.337161 2.061497
v 1.315712 11.337161 2.061497
v 2.96909 11.160892 3.659328
v 3.001671 11.244968 2.104816
v 3.001671 11.244968 2.104816
v 4.623489 10.847873 3.669177
v 4.66523 10.928897 2.148129
v 4.66523 10.928897 2.148129
v 6.228001 10.314059 3.680003
v 6.278904 10.393069 2.189479
v 6.278904 10.393069 2.189479
v 7.754116 9.57355 3.689845
v 7.814186 9.64548 2.229846
v 7.814186 9.64548 2.229846
v 9.175373 8.637576 3.69871
v 9.243584 8.705447 2.267253
v 9.243584 8.705447 2.267253
v 10.464275 7.525301 3.708552
v 10.54063 7.584078 2.301715
v 10.54063 7.584078 2.301715
v 11.600464 6.254062 3.71741
v 11.680893 6.30469 2.333217
v 11.680893 6.30469 2.333217
v 12.560524 4.847017 3.72726
v 12.646042 4.888554 2.360782
v 12.646042 4.888554 2.360782
v 13.327145 3.328554 3.735133
v 13.416737 3.360995 2.383426
v 13.416737 3.360995 2.383426
v 13.884041 1.725039 3.74203
v 13.976686 1.745303 2.400165
v 13.976686 1.745303 2.400165
v 14.222046 0.062746 3.746951
v 14.315712 0.073886 2.410991
v 13.976686 1.745303 2.400165
v 14.295349 0.059695 1.281779
v 13.959381 1.719974 1.259135
v 13.416737 3.360995 2.383426
v 13.959381 1.719974 1.259135
v 13.405537 3.319461 1.222705
v 12.646042 4.888554 2.360782
v 13.405537 3.319461 1.222705
v 12.644005 4.834871 1.174464
v 11.680893 6.30469 2.333217
v 12.644005 4.834871 1.174464
v 11.690056 6.239872 1.113429
v 10.54063 7.584078 2.301715
v 11.690056 6.239872 1.113429
v 10.560993 7.507083 1.043529
v 9.243584 8.705447 2.267253
v 10.560993 7.507083 1.043529
v 9.278198 8.617311 0.964763
v 7.814186 9.64548 2.229846
v 9.278198 8.617311 0.964763
v 7.864071 9.550265 0.877147
v 6.278904 10.393069 2.189479
v 7.864071 9.550265 0.877147
v 6.344063 10.290744 0.783618
v 4.66523 10.928897 2.148129
v 6.344063 10.290744 0.783618
v 4.746677 10.822543 0.684184
v 3.001671 11.244968 2.104816
v 4.746677 10.822543 0.684184
v 3.100422 11.137576 0.58279
v 1.315712 11.337161 2.061497
v 3.100422 11.137576 0.58279
v 1.431774 11.228732 0.480395
v -0.362103 11.203433 2.019169
v 1.431774 11.228732 0.480395
v -0.228733 11.096072 0.378994
v -2.006317 10.849918 1.977809
v -0.228733 11.096072 0.378994
v -1.85564 10.745578 0.279559
v -3.591484 10.285678 1.937449
v -1.85564 10.745578 0.279559
v -3.424519 10.186404 0.185046
v -5.09317 9.51987 1.898074
v -3.424519 10.186404 0.185046
v -4.908894 9.424655 0.096446
v -6.484901 8.565646 1.863612
v -4.908894 9.424655 0.096446
v -6.285355 8.479556 0.015723
v -7.746315 7.439211 1.831126
v -6.285355 8.479556 0.015723
v -7.531498 7.361239 -0.056145
v -8.854 6.162875 1.803561
v -7.531498 7.361239 -0.056145
v -8.626961 6.092959 -0.121125
v -9.792679 4.751803 1.778941
v -8.626961 6.092959 -0.121125
v -9.555466 4.693058 -0.178224
v -10.544025 3.23334 1.760242
v -9.555466 4.693058 -0.178224
v -10.298668 3.189792 -0.225484
v -11.0938 1.631869 1.745471
v -10.298668 3.189792 -0.225484
v -10.844364 1.599429 -0.261907
v -11.436893 -0.026395 1.736613
v -10.844364 1.599429 -0.261907
v -11.185425 -0.044614 -0.288491
v -11.319813 -1.712979 -0.303254
v -11.436893 -0.026395 1.736613
v -11.185425 -0.044614 -0.288491
v -11.241421 -3.380367 -0.303254
v -11.570263 -1.710965 1.731691
v -11.319813 -1.712979 -0.303254
v -10.951267 -5.019346 -0.289472
v -11.489834 -3.394529 1.732677
v -11.241421 -3.380367 -0.303254
v -10.446293 -6.602598 -0.261907
v -11.194592 -5.046689 1.737597
v -10.951267 -5.019346 -0.289472
v -9.734646 -8.1069 -0.219571
v -10.684525 -6.644133 1.749408
v -10.446293 -6.602598 -0.261907
v -8.826511 -9.50174 -0.164441
v -9.965752 -8.157529 1.766147
v -9.734646 -8.1069 -0.219571
v -7.735115 -10.766965 -0.098481
v -9.048454 -9.566586 1.787807
v -8.826511 -9.50174 -0.164441
v -6.479809 -11.879178 -0.020712
v -7.945862 -10.841916 1.815379
v -7.735115 -10.766965 -0.098481
v -5.08197 -12.81619 0.065931
v -6.677319 -11.962247 1.847864
v -6.479809 -11.879178 -0.020712
v -3.567051 -13.5668 0.159449
v -5.265228 -12.90939 1.884287
v -5.08197 -12.81619 0.065931
v -1.963558 -14.111783 0.259874
v -3.73402 -13.666074 1.924654
v -3.567051 -13.5668 0.159449
v -0.302032 -14.444028 0.363238
v -2.114239 -14.216122 1.967966
v -1.963558 -14.111783 0.259874
v 1.39003 -14.555447 0.469568
v -0.434387 -14.550385 2.01227
v -0.302032 -14.444028 0.363238
v 3.081081 -14.444028 0.575891
v 1.273972 -14.662839 2.057558
v 1.39003 -14.555447 0.469568
v 4.74464 -14.114835 0.680254
v 2.983345 -14.550385 2.102846
v 3.081081 -14.444028 0.575891
v 6.349152 -13.570859 0.780672
v 4.662174 -14.219144 2.14715
v 4.74464 -14.114835 0.680254
v 7.870178 -12.82327 0.875185
v 6.283993 -13.67114 2.189478
v 6.349152 -13.570859 0.780672
v 9.282269 -11.883267 0.963785
v 7.820293 -12.91647 2.230822
v 7.870178 -12.82327 0.875185
v 10.56303 -10.768979 1.044513
v 9.247658 -11.969357 2.268244
v 9.282269 -11.883267 0.963785
v 11.690056 -9.497708 1.116382
v 10.541649 -10.84393 2.304667
v 10.56303 -10.768979 1.044513
v 12.642988 -8.090665 1.177417
v 11.681911 -9.562497 2.337153
v 11.690056 -9.497708 1.116382
v 13.40452 -6.574244 1.225657
v 12.646042 -8.143369 2.364718
v 12.642988 -8.090665 1.177417
v 13.958363 -4.972744 1.261104
v 13.415718 -6.615781 2.387362
v 13.40452 -6.574244 1.225657
v 14.294331 -3.314511 1.282763
v 13.97567 -5.00009 2.403117
v 13.958363 -4.972744 1.261104
v 14.407339 -1.627927 1.289653
v 14.315712 -3.32971 2.412959
v 14.294331 -3.314511 1.282763
v 14.315712 0.073886 2.410991
v 14.407339 -1.627927 1.289653
v 14.295349 0.059695 1.281779
v 14.295349 0.059695 1.281779
v 14.307566 -1.624875 0.32091
v 14.19965 0.020206 0.308109
v 14.307566 -1.624875 0.32091
v 14.294331 -3.314511 1.282763
v 14.198631 -3.272977 0.309093
v 14.198631 -3.272977 0.309093
v 13.958363 -4.972744 1.261104
v 13.872841 -4.893734 0.27267
v 13.872841 -4.893734 0.27267
v 13.40452 -6.574244 1.225657
v 13.33427 -6.455748 0.213595
v 13.33427 -6.455748 0.213595
v 12.642988 -8.090665 1.177417
v 12.595139 -7.937712 0.131885
v 12.595139 -7.937712 0.131885
v 11.690056 -9.497708 1.116382
v 11.669693 -9.311307 0.029506
v 11.669693 -9.311307 0.029506
v 10.56303 -10.768979 1.044513
v 10.575245 -10.551175 -0.091588
v 10.575245 -10.551175 -0.091588
v 9.282269 -11.883267 0.963785
v 9.331139 -11.640134 -0.229421
v 9.331139 -11.640134 -0.229421
v 7.870178 -12.82327 0.875185
v 7.95977 -12.556851 -0.381029
v 7.95977 -12.556851 -0.381029
v 6.349152 -13.570859 0.780672
v 6.481503 -13.288236 -0.544455
v 6.481503 -13.288236 -0.544455
v 4.74464 -14.114835 0.680254
v 4.920769 -13.817014 -0.716742
v 4.920769 -13.817014 -0.716742
v 3.081081 -14.444028 0.575891
v 3.305061 -14.140164 -0.895922
v 3.305061 -14.140164 -0.895922
v 1.39003 -14.555447 0.469568
v 1.660843 -14.246518 -1.077065
v 1.660843 -14.246518 -1.077065
v -0.302032 -14.444028 0.363238
v 0.017647 -14.13812 -1.259197
v 0.017647 -14.13812 -1.259197
v -1.963558 -14.111783 0.259874
v -1.597046 -13.814999 -1.437393
v -1.597046 -13.814999 -1.437393
v -3.567051 -13.5668 0.159449
v -3.155743 -13.281155 -1.608696
v -3.155743 -13.281155 -1.608696
v -5.08197 -12.81619 0.065931
v -4.626884 -12.549771 -1.770149
v -4.626884 -12.549771 -1.770149
v -6.479809 -11.879178 -0.020712
v -5.985016 -11.633054 -1.9198
v -5.985016 -11.633054 -1.9198
v -7.735115 -10.766965 -0.098481
v -7.204689 -10.549159 -2.0527
v -7.204689 -10.549159 -2.0527
v -8.826511 -9.50174 -0.164441
v -8.265541 -9.313319 -2.167885
v -8.265541 -9.313319 -2.167885
v -9.734646 -8.1069 -0.219571
v -9.148224 -7.950864 -2.263378
v -9.148224 -7.950864 -2.263378
v -10.446293 -6.602598 -0.261907
v -9.840527 -6.484065 -2.338203
v -9.840527 -6.484065 -2.338203
v -10.951267 -5.019346 -0.289472
v -10.330231 -4.940305 -2.387428
v -10.330231 -4.940305 -2.387428
v -11.241421 -3.380367 -0.303254
v -10.610207 -3.342862 -2.410072
v -10.610207 -3.342862 -2.410072
v -11.319813 -1.712979 -0.303254
v -10.681469 -1.718045 -2.40712
v -10.681469 -1.718045 -2.40712
v -11.185425 -0.044614 -0.288491
v -10.5481 -0.090207 -2.382507
v -11.185425 -0.044614 -0.288491
v -10.212128 1.511325 -2.337223
v -10.5481 -0.090207 -2.382507
v -10.844364 1.599429 -0.261907
v -9.681705 3.062167 -2.273232
v -10.212128 1.511325 -2.337223
v -10.298668 3.189792 -0.225484
v -8.958858 4.533023 -2.192501
v -9.681705 3.062167 -2.273232
v -9.555466 4.693058 -0.178224
v -8.056835 5.898502 -2.095032
v -8.958858 4.533023 -2.192501
v -8.626961 6.092959 -0.121125
v -6.994965 7.138372 -1.9828
v -8.056835 5.898502 -2.095032
v -7.531498 7.361239 -0.056145
v -5.78751 8.231387 -1.858757
v -6.994965 7.138372 -1.9828
v -6.285355 8.479556 0.015723
v -4.454826 9.158237 -1.720928
v -5.78751 8.231387 -1.858757
v -4.908894 9.424655 0.096446
v -3.016266 9.902774 -1.570297
v -4.454826 9.158237 -1.720928
v -3.424519 10.186404 0.185046
v -1.494221 10.450809 -1.407856
v -3.016266 9.902774 -1.570297
v -1.85564 10.745578 0.279559
v 0.086876 10.792148 -1.236553
v -1.494221 10.450809 -1.407856
v -0.228733 11.096072 0.378994
v 1.70055 10.919803 -1.060329
v 0.086876 10.792148 -1.236553
v 1.431774 11.228732 0.480395
v 3.32135 10.828616 -0.883122
v 1.70055 10.919803 -1.060329
v 3.100422 11.137576 0.58279
v 4.921787 10.522708 -0.707879
v 3.32135 10.828616 -0.883122
v 4.746677 10.822543 0.684184
v 6.473358 10.005099 -0.537568
v 4.921787 10.522708 -0.707879
v 6.344063 10.290744 0.783618
v 7.950607 9.28284 -0.376107
v 6.473358 10.005099 -0.537568
v 7.864071 9.550265 0.877147
v 9.32605 8.373172 -0.226464
v 7.950607 9.28284 -0.376107
v 9.278198 8.617311 0.964763
v 10.57321 7.28931 -0.091588
v 9.32605 8.373172 -0.226464
v 10.560993 7.507083 1.043529
v 11.669693 6.051456 0.028518
v 10.57321 7.28931 -0.091588
v 11.690056 6.239872 1.113429
v 12.596155 4.681919 0.129916
v 11.669693 6.051456 0.028518
v 12.644005 4.834871 1.174464
v 13.335289 3.203982 0.211635
v 12.596155 4.681919 0.129916
v 13.405537 3.319461 1.222705
v 13.872841 1.640964 0.271686
v 13.335289 3.203982 0.211635
v 13.959381 1.719974 1.259135
v 14.19965 0.020206 0.308109
v 13.872841 1.640964 0.271686
v 13.872841 1.640964 0.271686
v 14.042862 -0.044614 -0.586793
v 13.733364 1.50928 -0.637982
v 13.335289 3.203982 0.211635
v 13.733364 1.50928 -0.637982
v 13.221264 3.008488 -0.721669
v 12.596155 4.681919 0.129916
v 13.221264 3.008488 -0.721669
v 12.517763 4.428652 -0.83587
v 11.669693 6.051456 0.028518
v 12.517763 4.428652 -0.83587
v 11.636097 5.742496 -0.979608
v 10.57321 7.28931 -0.091588
v 11.636097 5.742496 -0.979608
v 10.591536 6.931705 -1.147953
v 9.32605 8.373172 -0.226464
v 10.591536 6.931705 -1.147953
v 9.404442 7.972048 -1.339924
v 7.950607 9.28284 -0.376107
v 9.404442 7.972048 -1.339924
v 8.09314 8.844211 -1.552574
v 6.473358 10.005099 -0.537568
v 8.09314 8.844211 -1.552574
v 6.685123 9.536075 -1.780983
v 4.921787 10.522708 -0.707879
v 6.685123 9.536075 -1.780983
v 5.205833 10.035466 -2.022182
v 3.32135 10.828616 -0.883122
v 5.205833 10.035466 -2.022182
v 3.680737 10.330266 -2.270275
v 1.70055 10.919803 -1.060329
v 3.680737 10.330266 -2.270275
v 2.136292 10.416356 -2.522308
v 0.086876 10.792148 -1.236553
v 2.136292 10.416356 -2.522308
v 0.597958 10.294805 -2.772366
v -1.494221 10.450809 -1.407856
v 0.597958 10.294805 -2.772366
v -0.90678 9.965581 -3.015537
v -3.016266 9.902774 -1.570297
v -0.90678 9.965581 -3.015537
v -2.353489 9.438848 -3.245911
v -4.454826 9.158237 -1.720928
v -2.353489 9.438848 -3.245911
v -3.719765 8.721654 -3.460529
v -5.78751 8.231387 -1.858757
v -3.719765 8.721654 -3.460529
v -4.984234 7.830236 -3.656441
v -6.994965 7.138372 -1.9828
v -4.984234 7.830236 -3.656441
v -6.130608 6.778782 -3.833652
v -8.056835 5.898502 -2.095032
v -6.130608 6.778782 -3.833652
v -7.140553 5.585485 -3.992157
v -8.958858 4.533023 -2.192501
v -7.140553 5.585485 -3.992157
v -7.997784 4.273686 -4.13097
v -9.681705 3.062167 -2.273232
v -7.997784 4.273686 -4.13097
v -8.686012 2.862614 -4.245171
v -10.212128 1.511325 -2.337223
v -8.686012 2.862614 -4.245171
v -9.194042 1.376591 -4.333775
v -10.5481 -0.090207 -2.382507
v -9.194042 1.376591 -4.333775
v -9.515759 -0.16009 -4.396782
v -10.681469 -1.718045 -2.40712
v -9.515759 -0.16009 -4.396782
v -9.647091 -1.718043 -4.43124
v -9.582951 -3.276028 -4.434193
v -10.681469 -1.718045 -2.40712
v -9.647091 -1.718043 -4.43124
v -9.319267 -4.8056 -4.401707
v -10.610207 -3.342862 -2.410072
v -9.582951 -3.276028 -4.434193
v -8.854 -6.286557 -4.33279
v -10.330231 -4.940305 -2.387428
v -9.319267 -4.8056 -4.401707
v -8.195293 -7.69357 -4.228432
v -9.840527 -6.484065 -2.338203
v -8.854 -6.286557 -4.33279
v -7.352314 -9.000331 -4.091591
v -9.148224 -7.950864 -2.263378
v -8.195293 -7.69357 -4.228432
v -6.341351 -10.186519 -3.927177
v -8.265541 -9.313319 -2.167885
v -7.352314 -9.000331 -4.091591
v -5.178688 -11.228848 -3.738155
v -7.204689 -10.549159 -2.0527
v -6.341351 -10.186519 -3.927177
v -3.885715 -12.109126 -3.526489
v -5.985016 -11.633054 -1.9198
v -5.178688 -11.228848 -3.738155
v -2.483803 -12.812129 -3.2971
v -4.626884 -12.549771 -1.770149
v -3.885715 -12.109126 -3.526489
v -1.000446 -13.322658 -3.054916
v -3.155743 -13.281155 -1.608696
v -2.483803 -12.812129 -3.2971
v 0.537891 -13.636683 -2.801899
v -1.597046 -13.814999 -1.437393
v -1.000446 -13.322658 -3.054916
v 2.103714 -13.741023 -2.544949
v 0.017647 -14.13812 -1.259197
v 0.537891 -13.636683 -2.801899
v 3.669537 -13.638697 -2.287994
v 1.660843 -14.246518 -1.077065
v 2.103714 -13.741023 -2.544949
v 5.20787 -13.329768 -2.034981
v 3.305061 -14.140164 -0.895922
v 3.669537 -13.638697 -2.287994
v 6.694286 -12.821256 -1.790825
v 4.920769 -13.817014 -0.716742
v 5.20787 -13.329768 -2.034981
v 8.102303 -12.120267 -1.558487
v 6.481503 -13.288236 -0.544455
v 6.694286 -12.821256 -1.790825
v 9.409531 -11.241025 -1.343864
v 7.95977 -12.556851 -0.381029
v 8.102303 -12.120267 -1.558487
v 10.594589 -10.193604 -1.149918
v 9.331139 -11.640134 -0.229421
v 9.409531 -11.241025 -1.343864
v 11.636097 -9.002347 -0.979608
v 10.575245 -10.551175 -0.091588
v 10.594589 -10.193604 -1.149918
v 12.516747 -7.684443 -0.83587
v 11.669693 -9.311307 0.029506
v 11.636097 -9.002347 -0.979608
v 13.220245 -6.263272 -0.720677
v 12.595139 -7.937712 0.131885
v 12.516747 -7.684443 -0.83587
v 13.731327 -4.762052 -0.637002
v 13.33427 -6.455748 0.213595
v 13.220245 -6.263272 -0.720677
v 14.042862 -3.208126 -0.586793
v 13.872841 -4.893734 0.27267
v 13.731327 -4.762052 -0.637002
v 14.146708 -1.624875 -0.570054
v 14.198631 -3.272977 0.309093
v 14.042862 -3.208126 -0.586793
v 14.19965 0.020206 0.308109
v 14.146708 -1.624875 -0.570054
v 14.042862 -0.044614 -0.586793
v 14.042862 -0.044614 -0.586793
v 13.91153 -1.624875 -1.469879
v 13.81481 -0.134763 -1.490559
v 13.91153 -1.624875 -1.469879
v 14.042862 -3.208126 -0.586793
v 13.81481 -3.115964 -1.490559
v 13.81481 -3.115964 -1.490559
v 13.731327 -4.762052 -0.637002
v 13.525673 -4.580716 -1.552574
v 13.525673 -4.580716 -1.552574
v 13.220245 -6.263272 -0.720677
v 13.048187 -5.996854 -1.654964
v 13.048187 -5.996854 -1.654964
v 12.516747 -7.684443 -0.83587
v 12.393557 -7.336026 -1.79673
v 12.393557 -7.336026 -1.79673
v 11.636097 -9.002347 -0.979608
v 11.571957 -8.577909 -1.973938
v 11.571957 -8.577909 -1.973938
v 10.594589 -10.193604 -1.149918
v 10.600698 -9.701289 -2.18364
v 10.600698 -9.701289 -2.18364
v 9.409531 -11.241025 -1.343864
v 9.496071 -10.685908 -2.422874
v 9.496071 -10.685908 -2.422874
v 8.102303 -12.120267 -1.558487
v 8.276398 -11.516536 -2.687702
v 8.276398 -11.516536 -2.687702
v 6.694286 -12.821256 -1.790825
v 6.962044 -12.17599 -2.973202
v 6.962044 -12.17599 -2.973202
v 5.20787 -13.329768 -2.034981
v 5.575401 -12.656154 -3.274456
v 5.575401 -12.656154 -3.274456
v 3.669537 -13.638697 -2.287994
v 4.139893 -12.946864 -3.586544
v 4.139893 -12.946864 -3.586544
v 2.103714 -13.741023 -2.544949
v 2.678936 -13.044125 -3.903549
v 2.678936 -13.044125 -3.903549
v 0.537891 -13.636683 -2.801899
v 1.218994 -12.94485 -4.220558
v 1.218994 -12.94485 -4.220558
v -1.000446 -13.322658 -3.054916
v -0.215496 -12.649043 -4.531658
v -0.215496 -12.649043 -4.531658
v -2.483803 -12.812129 -3.2971
v -1.599083 -12.166865 -4.82996
v -1.599083 -12.166865 -4.82996
v -3.885715 -12.109126 -3.526489
v -2.90733 -11.502345 -5.112511
v -2.90733 -11.502345 -5.112511
v -5.178688 -11.228848 -3.738155
v -4.114784 -10.673762 -5.373402
v -4.114784 -10.673762 -5.373402
v -6.341351 -10.186519 -3.927177
v -5.200069 -9.69015 -5.606728
v -5.200069 -9.69015 -5.606728
v -7.352314 -9.000331 -4.091591
v -6.145874 -8.572841 -5.810516
v -6.145874 -8.572841 -5.810516
v -8.195293 -7.69357 -4.228432
v -6.932861 -7.338039 -5.978863
v -6.932861 -7.338039 -5.978863
v -8.854 -6.286557 -4.33279
v -7.549824 -6.013059 -6.10783
v -7.549824 -6.013059 -6.10783
v -9.319267 -4.8056 -4.401707
v -7.983528 -4.617185 -6.193481
v -7.983528 -4.617185 -6.193481
v -9.582951 -3.276028 -4.434193
v -8.229908 -3.175746 -6.234833
v -8.229908 -3.175746 -6.234833
v -9.647091 -1.718043 -4.43124
v -8.28896 -1.710963 -6.233849
v -9.647091 -1.718043 -4.43124
v -8.164753 -0.244166 -6.193481
v -8.28896 -1.710963 -6.233849
v -9.515759 -0.16009 -4.396782
v -7.862377 1.200322 -6.11866
v -8.164753 -0.244166 -6.193481
v -9.194042 1.376591 -4.333775
v -7.387947 2.602269 -6.010368
v -7.862377 1.200322 -6.11866
v -8.686012 2.862614 -4.245171
v -6.744514 3.930303 -5.869587
v -7.387947 2.602269 -6.010368
v -7.997784 4.273686 -4.13097
v -5.944294 5.167149 -5.699268
v -6.744514 3.930303 -5.869587
v -7.140553 5.585485 -3.992157
v -5.004597 6.293552 -5.501385
v -5.944294 5.167149 -5.699268
v -6.130608 6.778782 -3.833652
v -3.937637 7.284215 -5.279873
v -5.004597 6.293552 -5.501385
v -4.984234 7.830236 -3.656441
v -2.759705 8.127048 -5.035717
v -3.937637 7.284215 -5.279873
v -3.719765 8.721654 -3.460529
v -1.487091 8.804723 -4.769905
v -2.759705 8.127048 -5.035717
v -2.353489 9.438848 -3.245911
v -0.138123 9.301061 -4.484402
v -1.487091 8.804723 -4.769905
v -0.90678 9.965581 -3.015537
v 1.265823 9.610021 -4.184132
v -0.138123 9.301061 -4.484402
v 0.597958 10.294805 -2.772366
v 2.702351 9.724492 -3.875
v 1.265823 9.610021 -4.184132
v 2.136292 10.416356 -2.522308
v 4.146004 9.640416 -3.5639
v 2.702351 9.724492 -3.875
v 3.680737 10.330266 -2.270275
v 5.569294 9.361852 -3.256737
v 4.146004 9.640416 -3.5639
v 5.205833 10.035466 -2.022182
v 6.950844 8.892858 -2.960403
v 5.569294 9.361852 -3.256737
v 6.685123 9.536075 -1.780983
v 8.266216 8.240484 -2.678841
v 6.950844 8.892858 -2.960403
v 8.09314 8.844211 -1.552574
v 9.488941 7.418948 -2.416965
v 8.266216 8.240484 -2.678841
v 9.404442 7.972048 -1.339924
v 10.597645 6.439427 -2.179703
v 9.488941 7.418948 -2.416965
v 10.591536 6.931705 -1.147953
v 11.571957 5.320071 -1.971973
v 10.597645 6.439427 -2.179703
v 11.636097 5.742496 -0.979608
v 12.393557 4.081211 -1.795746
v 11.571957 5.320071 -1.971973
v 12.517763 4.428652 -0.83587
v 13.049206 2.741062 -1.655949
v 12.393557 4.081211 -1.795746
v 13.221264 3.008488 -0.721669
v 13.526691 1.329959 -1.553566
v 13.049206 2.741062 -1.655949
v 13.733364 1.50928 -0.637982
v 13.81481 -0.134763 -1.490559
v 13.526691 1.329959 -1.553566
v 13.526691 1.329959 -1.553566
v 13.473751 -0.251279 -2.479973
v 13.211082 1.102084 -2.547901
v 13.049206 2.741062 -1.655949
v 13.211082 1.102084 -2.547901
v 12.777378 2.406772 -2.660133
v 12.393557 4.081211 -1.795746
v 12.777378 2.406772 -2.660133
v 12.179756 3.642582 -2.814701
v 11.571957 5.320071 -1.971973
v 12.179756 3.642582 -2.814701
v 11.429424 4.784215 -3.00766
v 10.597645 6.439427 -2.179703
v 11.429424 4.784215 -3.00766
v 10.54063 5.817477 -3.237049
v 9.488941 7.418948 -2.416965
v 10.54063 5.817477 -3.237049
v 9.52763 6.723056 -3.49794
v 8.266216 8.240484 -2.678841
v 9.52763 6.723056 -3.49794
v 8.409767 7.481753 -3.786396
v 6.950844 8.892858 -2.960403
v 8.409767 7.481753 -3.786396
v 7.207401 8.085515 -4.097496
v 5.569294 9.361852 -3.256737
v 7.207401 8.085515 -4.097496
v 5.943951 8.519048 -4.425331
v 4.146004 9.640416 -3.5639
v 5.943951 8.519048 -4.425331
v 4.641815 8.777379 -4.763016
v 2.702351 9.724492 -3.875
v 4.641815 8.777379 -4.763016
v 3.32135 8.856389 -5.106606
v 1.265823 9.610021 -4.184132
v 3.32135 8.856389 -5.106606
v 2.006996 8.752048 -5.447235
v -0.138123 9.301061 -4.484402
v 2.006996 8.752048 -5.447235
v 0.722164 8.468419 -5.779011
v -1.487091 8.804723 -4.769905
v 0.722164 8.468419 -5.779011
v -0.510742 8.008519 -6.094048
v -2.759705 8.127048 -5.035717
v -0.510742 8.008519 -6.094048
v -1.673401 7.384524 -6.3894
v -3.937637 7.284215 -5.279873
v -1.673401 7.384524 -6.3894
v -2.750542 6.60654 -6.660137
v -5.004597 6.293552 -5.501385
v -2.750542 6.60654 -6.660137
v -3.724854 5.689822 -6.907242
v -5.944294 5.167149 -5.699268
v -3.724854 5.689822 -6.907242
v -4.584126 4.651524 -7.126785
v -6.744514 3.930303 -5.869587
v -4.584126 4.651524 -7.126785
v -5.315113 3.509923 -7.316792
v -7.387947 2.602269 -6.010368
v -5.315113 3.509923 -7.316792
v -5.904591 2.282201 -7.472343
v -7.862377 1.200322 -6.11866
v -5.904591 2.282201 -7.472343
v -6.338295 0.988622 -7.589497
v -8.164753 -0.244166 -6.193481
v -6.338295 0.988622 -7.589497
v -6.614197 -0.34344 -7.670227
v -8.28896 -1.710963 -6.233849
v -6.614197 -0.34344 -7.670227
v -6.726185 -1.699824 -7.711575
v -8.229908 -3.175746 -6.234833
v -6.726185 -1.699824 -7.711575
v -6.671211 -3.053157 -7.708618
v -6.443157 -4.383204 -7.661366
v -8.229908 -3.175746 -6.234833
v -6.671211 -3.053157 -7.708618
v -6.045086 -5.671687 -7.566856
v -7.983528 -4.617185 -6.193481
v -6.443157 -4.383204 -7.661366
v -5.480042 -6.897396 -7.425087
v -7.549824 -6.013059 -6.10783
v -6.045086 -5.671687 -7.566856
v -4.758217 -8.034938 -7.240002
v -6.932861 -7.338039 -5.978863
v -5.480042 -6.897396 -7.425087
v -3.892841 -9.068202 -7.015537
v -6.145874 -8.572841 -5.810516
v -4.758217 -8.034938 -7.240002
v -2.900204 -9.975825 -6.757599
v -5.200069 -9.69015 -5.606728
v -3.892841 -9.068202 -7.015537
v -1.795574 -10.743648 -6.471111
v -4.114784 -10.673762 -5.373402
v -2.900204 -9.975825 -6.757599
v -0.600338 -11.356502 -6.160015
v -2.90733 -11.502345 -5.112511
v -1.795574 -10.743648 -6.471111
v 0.664131 -11.802211 -5.830208
v -1.599083 -12.166865 -4.82996
v -0.600338 -11.356502 -6.160015
v 1.974415 -12.073695 -5.487602
v -0.215496 -12.649043 -4.531658
v 0.664131 -11.802211 -5.830208
v 3.308113 -12.164851 -5.139091
v 1.218994 -12.94485 -4.220558
v 1.974415 -12.073695 -5.487602
v 4.641815 -12.075709 -4.789593
v 2.678936 -13.044125 -3.903549
v 3.308113 -12.164851 -5.139091
v 5.953114 -11.809291 -4.445023
v 4.139893 -12.946864 -3.586544
v 4.641815 -12.075709 -4.789593
v 7.21962 -11.365596 -4.112263
v 5.575401 -12.656154 -3.274456
v 5.953114 -11.809291 -4.445023
v 8.419949 -10.757838 -3.79821
v 6.962044 -12.17599 -2.973202
v 7.21962 -11.365596 -4.112263
v 9.534756 -9.991999 -3.505817
v 8.276398 -11.516536 -2.687702
v 8.419949 -10.757838 -3.79821
v 10.543684 -9.081355 -3.242954
v 9.496071 -10.685908 -2.422874
v 9.534756 -9.991999 -3.505817
v 11.429424 -8.044063 -3.0116
v 10.600698 -9.701289 -2.18364
v 10.543684 -9.081355 -3.242954
v 12.177721 -6.897396 -2.816669
v 11.571957 -8.577909 -1.973938
v 11.429424 -8.044063 -3.0116
v 12.774323 -5.659542 -2.661118
v 12.393557 -7.336026 -1.79673
v 12.177721 -6.897396 -2.816669
v 13.208027 -4.354824 -2.547901
v 13.048187 -5.996854 -1.654964
v 12.774323 -5.659542 -2.661118
v 13.472733 -3.001491 -2.479973
v 13.525673 -4.580716 -1.552574
v 13.208027 -4.354824 -2.547901
v 13.560287 -1.624875 -2.456341
v 13.81481 -3.115964 -1.490559
v 13.472733 -3.001491 -2.479973
v 13.81481 -0.134763 -1.490559
v 13.560287 -1.624875 -2.456341
v 13.473751 -0.251279 -2.479973
v 13.473751 -0.251279 -2.479973
v 13.019682 -1.624873 -3.579651
v 12.943325 -0.386014 -3.602295
v 13.019682 -1.624873 -3.579651
v 13.472733 -3.001491 -2.479973
v 12.940269 -2.864713 -3.602295
v 12.940269 -2.864713 -3.602295
v 13.208027 -4.354824 -2.547901
v 12.705091 -4.083341 -3.671211
v 12.705091 -4.083341 -3.671211
v 12.774323 -5.659542 -2.661118
v 12.318218 -5.260434 -3.78344
v 12.318218 -5.260434 -3.78344
v 12.177721 -6.897396 -2.816669
v 11.786774 -6.37469 -3.938007
v 11.786774 -6.37469 -3.938007
v 11.429424 -8.044063 -3.0116
v 11.120943 -7.40994 -4.132938
v 11.120943 -7.40994 -4.132938
v 10.543684 -9.081355 -3.242954
v 10.330902 -8.343898 -4.364292
v 10.330902 -8.343898 -4.364292
v 9.534756 -9.991999 -3.505817
v 9.431931 -9.162379 -4.627155
v 9.431931 -9.162379 -4.627155
v 8.419949 -10.757838 -3.79821
v 8.438274 -9.852229 -4.918564
v 8.438274 -9.852229 -4.918564
v 7.21962 -11.365596 -4.112263
v 7.368259 -10.402278 -5.232616
v 7.368259 -10.402278 -5.232616
v 5.953114 -11.809291 -4.445023
v 6.240215 -10.801387 -5.564392
v 6.240215 -10.801387 -5.564392
v 4.641815 -12.075709 -4.789593
v 5.071445 -11.040431 -5.907982
v 5.071445 -11.040431 -5.907982
v 3.308113 -12.164851 -5.139091
v 3.881298 -11.122493 -6.255508
v 3.881298 -11.122493 -6.255508
v 1.974415 -12.073695 -5.487602
v 2.691151 -11.038417 -6.604019
v 2.691151 -11.038417 -6.604019
v 0.664131 -11.802211 -5.830208
v 1.521366 -10.792262 -6.945637
v 1.521366 -10.792262 -6.945637
v -0.600338 -11.356502 -6.160015
v 0.392303 -10.391139 -7.274456
v 0.392303 -10.391139 -7.274456
v -1.795574 -10.743648 -6.471111
v -0.675674 -9.84109 -7.584576
v -0.675674 -9.84109 -7.584576
v -2.900204 -9.975825 -6.757599
v -1.664242 -9.149226 -7.871063
v -1.664242 -9.149226 -7.871063
v -3.892841 -9.068202 -7.015537
v -2.55405 -8.329738 -8.128017
v -2.55405 -8.329738 -8.128017
v -4.758217 -8.034938 -7.240002
v -3.329838 -7.398799 -8.352478
v -3.329838 -7.398799 -8.352478
v -5.480042 -6.897396 -7.425087
v -3.977341 -6.370631 -8.536583
v -3.977341 -6.370631 -8.536583
v -6.045086 -5.671687 -7.566856
v -4.484352 -5.267512 -8.678345
v -4.484352 -5.267512 -8.678345
v -6.443157 -4.383204 -7.661366
v -4.84272 -4.106623 -8.773846
v -4.84272 -4.106623 -8.773846
v -6.671211 -3.053157 -7.708618
v -5.049393 -2.904231 -8.823067
v -6.671211 -3.053157 -7.708618
v -5.103352 -1.683619 -8.827007
v -5.049393 -2.904231 -8.823067
v -6.726185 -1.699824 -7.711575
v -5.005615 -0.46197 -8.789597
v -5.103352 -1.683619 -8.827007
v -6.614197 -0.34344 -7.670227
v -4.760254 0.740453 -8.70985
v -5.005615 -0.46197 -8.789597
v -6.338295 0.988622 -7.589497
v -4.37236 1.905339 -8.593681
v -4.760254 0.740453 -8.70985
v -5.904591 2.282201 -7.472343
v -3.846008 3.012517 -8.438129
v -4.37236 1.905339 -8.593681
v -5.315113 3.509923 -7.316792
v -3.192394 4.041723 -8.248123
v -3.846008 3.012517 -8.438129
v -4.584126 4.651524 -7.126785
v -2.422718 4.97669 -8.027599
v -3.192394 4.041723 -8.248123
v -3.724854 5.689822 -6.907242
v -1.549194 5.801244 -7.779507
v -2.422718 4.97669 -8.027599
v -2.750542 6.60654 -6.660137
v -0.585064 6.502202 -7.505817
v -1.549194 5.801244 -7.779507
v -1.673401 7.384524 -6.3894
v 0.457458 7.061374 -7.209484
v -0.585064 6.502202 -7.505817
v -0.510742 8.008519 -6.094048
v 1.562088 7.474704 -6.894444
v 0.457458 7.061374 -7.209484
v 0.722164 8.468419 -5.779011
v 2.712532 7.729922 -6.562672
v 1.562088 7.474704 -6.894444
v 2.006996 8.752048 -5.447235
v 3.889442 7.821109 -6.222034
v 2.712532 7.729922 -6.562672
v 3.32135 8.856389 -5.106606
v 5.070427 7.748172 -5.879429
v 3.889442 7.821109 -6.222034
v 4.641815 8.777379 -4.763016
v 6.236145 7.516208 -5.541748
v 5.070427 7.748172 -5.879429
v 5.943951 8.519048 -4.425331
v 7.365204 7.12421 -5.214893
v 6.236145 7.516208 -5.541748
v 7.207401 8.085515 -4.097496
v 8.437256 6.581242 -4.904781
v 7.365204 7.12421 -5.214893
v 8.409767 7.481753 -3.786396
v 9.433968 5.896457 -4.61731
v 8.437256 6.581242 -4.904781
v 9.52763 6.723056 -3.49794
v 10.335995 5.080998 -4.356419
v 9.433968 5.896457 -4.61731
v 10.54063 5.817477 -3.237049
v 11.127052 4.151126 -4.128017
v 10.335995 5.080998 -4.356419
v 11.429424 4.784215 -3.00766
v 11.7939 3.119907 -3.935055
v 11.127052 4.151126 -4.128017
v 12.179756 3.642582 -2.814701
v 12.324326 2.007664 -3.781471
v 11.7939 3.119907 -3.935055
v 12.777378 2.406772 -2.660133
v 12.710182 0.830569 -3.670223
v 12.324326 2.007664 -3.781471
v 13.211082 1.102084 -2.547901
v 12.943325 -0.386014 -3.602295
v 12.710182 0.830569 -3.670223
v 12.710182 0.830569 -3.670223
v 12.15736 -0.543025 -4.850632
v 11.955776 0.522649 -4.911671
v 12.324326 2.007664 -3.781471
v 11.955776 0.522649 -4.911671
v 11.621843 1.550817 -5.013073
v 11.7939 3.119907 -3.935055
v 11.621843 1.550817 -5.013073
v 11.161667 2.52329 -5.152874
v 11.127052 4.151126 -4.128017
v 11.161667 2.52329 -5.152874
v 10.584408 3.423772 -5.328114
v 10.335995 5.080998 -4.356419
v 10.584408 3.423772 -5.328114
v 9.898216 4.236209 -5.535839
v 9.433968 5.896457 -4.61731
v 9.898216 4.236209 -5.535839
v 9.116322 4.949313 -5.772121
v 8.437256 6.581242 -4.904781
v 9.116322 4.949313 -5.772121
v 8.251965 5.548008 -6.033997
v 7.365204 7.12421 -5.214893
v 8.251965 5.548008 -6.033997
v 7.321426 6.024112 -6.315559
v 6.236145 7.516208 -5.541748
v 7.321426 6.024112 -6.315559
v 6.341007 6.367497 -6.612881
v 5.070427 7.748172 -5.879429
v 6.341007 6.367497 -6.612881
v 5.328007 6.574163 -6.920044
v 3.889442 7.821109 -6.222034
v 5.328007 6.574163 -6.920044
v 4.301773 6.636935 -7.232128
v 2.712532 7.729922 -6.562672
v 4.301773 6.636935 -7.232128
v 3.277573 6.557958 -7.543224
v 1.562088 7.474704 -6.894444
v 3.277573 6.557958 -7.543224
v 2.275772 6.337102 -7.844482
v 0.457458 7.061374 -7.209484
v 2.275772 6.337102 -7.844482
v 1.312656 5.979528 -8.132938
v -0.585064 6.502202 -7.505817
v 1.312656 5.979528 -8.132938
v 0.402485 5.490239 -8.404655
v -1.549194 5.801244 -7.779507
v 0.402485 5.490239 -8.404655
v -0.439476 4.87943 -8.655704
v -2.422718 4.97669 -8.027599
v -0.439476 4.87943 -8.655704
v -1.202026 4.160253 -8.884106
v -3.192394 4.041723 -8.248123
v -1.202026 4.160253 -8.884106
v -1.873966 3.342748 -9.08593
v -3.846008 3.012517 -8.438129
v -1.873966 3.342748 -9.08593
v -2.444099 2.441228 -9.260185
v -4.37236 1.905339 -8.593681
v -2.444099 2.441228 -9.260185
v -2.902241 1.475835 -9.400967
v -4.760254 0.740453 -8.70985
v -2.902241 1.475835 -9.400967
v -3.239227 0.454747 -9.507294
v -5.005615 -0.46197 -8.789597
v -3.239227 0.454747 -9.507294
v -3.450989 -0.596675 -9.57719
v -5.103352 -1.683619 -8.827007
v -3.450989 -0.596675 -9.57719
v -3.532436 -1.669429 -9.610664
v -5.049393 -2.904231 -8.823067
v -3.532436 -1.669429 -9.610664
v -3.482552 -2.737117 -9.604755
v -4.84272 -4.106623 -8.773846
v -3.482552 -2.737117 -9.604755
v -3.299294 -3.790583 -9.557499
v -2.984703 -4.807612 -9.469883
v -4.84272 -4.106623 -8.773846
v -3.299294 -3.790583 -9.557499
v -2.540817 -5.774012 -9.340912
v -4.484352 -5.267512 -8.678345
v -2.984703 -4.807612 -9.469883
v -1.976795 -6.672511 -9.171581
v -3.977341 -6.370631 -8.536583
v -2.540817 -5.774012 -9.340912
v -1.300781 -7.486933 -8.968773
v -3.329838 -7.398799 -8.352478
v -1.976795 -6.672511 -9.171581
v -0.527035 -8.202113 -8.734463
v -2.55405 -8.329738 -8.128017
v -1.300781 -7.486933 -8.968773
v 0.3302 -8.807858 -8.473576
v -1.664242 -9.149226 -7.871063
v -0.527035 -8.202113 -8.734463
v 1.257679 -9.291041 -8.192005
v -0.675674 -9.84109 -7.584576
v 0.3302 -8.807858 -8.473576
v 2.238102 -9.640529 -7.892723
v 0.392303 -10.391139 -7.274456
v 1.257679 -9.291041 -8.192005
v 3.252121 -9.854243 -7.582607
v 1.521366 -10.792262 -6.945637
v 2.238102 -9.640529 -7.892723
v 4.28548 -9.92718 -7.266582
v 2.691151 -11.038417 -6.604019
v 3.252121 -9.854243 -7.582607
v 5.317825 -9.857295 -6.949577
v 3.881298 -11.122493 -6.255508
v 4.28548 -9.92718 -7.266582
v 6.332863 -9.647609 -6.637493
v 5.071445 -11.040431 -5.907982
v 5.317825 -9.857295 -6.949577
v 7.313282 -9.300166 -6.335251
v 6.240215 -10.801387 -5.564392
v 6.332863 -9.647609 -6.637493
v 8.242802 -8.818995 -6.049747
v 7.368259 -10.402278 -5.232616
v 7.313282 -9.300166 -6.335251
v 9.105122 -8.215266 -5.78492
v 8.438274 -9.852229 -4.918564
v 8.242802 -8.818995 -6.049747
v 9.885998 -7.501126 -5.545689
v 9.431931 -9.162379 -4.627155
v 9.105122 -8.215266 -5.78492
v 10.572193 -6.68365 -5.335007
v 10.330902 -8.343898 -4.364292
v 9.885998 -7.501126 -5.545689
v 11.151485 -5.778043 -5.157795
v 11.120943 -7.40994 -4.132938
v 10.572193 -6.68365 -5.335007
v 11.61268 -4.8056 -5.017014
v 11.786774 -6.37469 -3.938007
v 11.151485 -5.778043 -5.157795
v 11.949669 -3.774379 -4.914627
v 12.318218 -5.260434 -3.78344
v 11.61268 -4.8056 -5.017014
v 12.154305 -2.708735 -4.85162
v 12.705091 -4.083341 -3.671211
v 11.949669 -3.774379 -4.914627
v 12.223534 -1.627925 -4.830944
v 12.940269 -2.864713 -3.602295
v 12.154305 -2.708735 -4.85162
v 12.943325 -0.386014 -3.602295
v 12.223534 -1.627925 -4.830944
v 12.15736 -0.543025 -4.850632
v 11.126034 -0.717219 -6.108818
v 12.223534 -1.627925 -4.830944
v 11.181009 -1.627925 -6.092079
v 12.223534 -1.627925 -4.830944
v 11.12196 -2.537532 -6.110786
v 11.181009 -1.627925 -6.092079
v 12.154305 -2.708735 -4.85162
v 10.950922 -3.434016 -6.163948
v 11.12196 -2.537532 -6.110786
v 11.949669 -3.774379 -4.914627
v 10.668911 -4.297086 -6.250587
v 10.950922 -3.434016 -6.163948
v 11.61268 -4.8056 -5.017014
v 10.282036 -5.116574 -6.370693
v 10.668911 -4.297086 -6.250587
v 11.151485 -5.778043 -5.157795
v 9.798443 -5.875302 -6.520336
v 10.282036 -5.116574 -6.370693
v 10.572193 -6.68365 -5.335007
v 9.224239 -6.563106 -6.698532
v 9.798443 -5.875302 -6.520336
v 9.885998 -7.501126 -5.545689
v 8.569607 -7.163784 -6.900352
v 9.224239 -6.563106 -6.698532
v 9.105122 -8.215266 -5.78492
v 7.847782 -7.670285 -7.123833
v 8.569607 -7.163784 -6.900352
v 8.242802 -8.818995 -6.049747
v 7.069962 -8.074458 -7.366016
v 7.847782 -7.670285 -7.123833
v 7.313282 -9.300166 -6.335251
v 6.249378 -8.367213 -7.621002
v 7.069962 -8.074458 -7.366016
v 6.332863 -9.647609 -6.637493
v 5.400291 -8.543483 -7.883862
v 6.249378 -8.367213 -7.621002
v 5.317825 -9.857295 -6.949577
v 4.535931 -8.601192 -8.15263
v 5.400291 -8.543483 -7.883862
v 4.28548 -9.92718 -7.266582
v 3.671574 -8.540431 -8.419426
v 4.535931 -8.601192 -8.15263
v 3.252121 -9.854243 -7.582607
v 2.822483 -8.360104 -8.681301
v 3.671574 -8.540431 -8.419426
v 2.238102 -9.640529 -7.892723
v 2.002922 -8.065333 -8.933331
v 2.822483 -8.360104 -8.681301
v 1.257679 -9.291041 -8.192005
v 1.227139 -7.661189 -9.171581
v 2.002922 -8.065333 -8.933331
v 0.3302 -8.807858 -8.473576
v 0.509384 -7.152644 -9.392105
v 1.227139 -7.661189 -9.171581
v -0.527035 -8.202113 -8.734463
v -0.139141 -6.550959 -9.589993
v 0.509384 -7.152644 -9.392105
v -1.300781 -7.486933 -8.968773
v -0.7052 -5.866175 -9.762276
v -0.139141 -6.550959 -9.589993
v -1.976795 -6.672511 -9.171581
v -1.178612 -5.109492 -9.904045
v -0.7052 -5.866175 -9.762276
v -2.540817 -5.774012 -9.340912
v -1.55225 -4.297084 -10.015293
v -1.178612 -5.109492 -9.904045
v -2.984703 -4.807612 -9.469883
v -1.818989 -3.440089 -10.091095
v -1.55225 -4.297084 -10.015293
v -3.299294 -3.790583 -9.557499
v -1.974758 -2.553736 -10.132446
v -1.818989 -3.440089 -10.091095
v -3.482552 -2.737117 -9.604755
v -2.019554 -1.653224 -10.140324
v -1.974758 -2.553736 -10.132446
v -3.532436 -1.669429 -9.610664
v -1.952358 -0.751673 -10.113739
v -2.019554 -1.653224 -10.140324
v -3.450989 -0.596675 -9.57719
v -1.777248 0.134679 -10.054672
v -1.952358 -0.751673 -10.113739
v -3.239227 0.454747 -9.507294
v -1.494221 0.993657 -9.966068
v -1.777248 0.134679 -10.054672
v -1.494221 0.993657 -9.966068
v -2.444099 2.441228 -9.260185
v -1.110401 1.806066 -9.845959
v -1.110401 1.806066 -9.845959
v -1.873966 3.342748 -9.08593
v -0.631897 2.56278 -9.698284
v -0.631897 2.56278 -9.698284
v -1.202026 4.160253 -8.884106
v -0.066856 3.247533 -9.525997
v -0.066856 3.247533 -9.525997
v -0.439476 4.87943 -8.655704
v 0.574543 3.853307 -9.331066
v 0.574543 3.853307 -9.331066
v 0.402485 5.490239 -8.404655
v 1.283134 4.363836 -9.116447
v 1.283134 4.363836 -9.116447
v 1.312656 5.979528 -8.132938
v 2.048737 4.773076 -8.885094
v 2.048737 4.773076 -8.885094
v 2.275772 6.337102 -7.844482
v 2.85812 5.071935 -8.638969
v 2.85812 5.071935 -8.638969
v 3.277573 6.557958 -7.543224
v 3.699062 5.255254 -8.382999
v 3.699062 5.255254 -8.382999
v 4.301773 6.636935 -7.232128
v 4.558331 5.320073 -8.12014
v 4.558331 5.320073 -8.12014
v 5.328007 6.574163 -6.920044
v 5.418617 5.267431 -7.856297
v 5.418617 5.267431 -7.856297
v 6.341007 6.367497 -6.612881
v 6.266685 5.093175 -7.59639
v 6.266685 5.093175 -7.59639
v 7.321426 6.024112 -6.315559
v 7.087269 4.802465 -7.345345
v 7.087269 4.802465 -7.345345
v 8.251965 5.548008 -6.033997
v 7.865089 4.403354 -7.107094
v 7.865089 4.403354 -7.107094
v 9.116322 4.949313 -5.772121
v 8.586914 3.899907 -6.88657
v 8.586914 3.899907 -6.88657
v 9.898216 4.236209 -5.535839
v 9.240528 3.301213 -6.686714
v 9.240528 3.301213 -6.686714
v 10.584408 3.423772 -5.328114
v 9.813713 2.61646 -6.511475
v 9.813713 2.61646 -6.511475
v 11.161667 2.52329 -5.152874
v 10.296291 1.859746 -6.363804
v 10.296291 1.859746 -6.363804
v 11.621843 1.550817 -5.013073
v 10.680109 1.042302 -6.246647
v 10.680109 1.042302 -6.246647
v 11.955776 0.522649 -4.911671
v 10.958048 0.178228 -6.160995
v 10.958048 0.178228 -6.160995
v 12.15736 -0.543025 -4.850632
v 11.126034 -0.717219 -6.108818
v 9.777065 -0.197596 -7.305962
v 11.126034 -0.717219 -6.108818
v 9.909416 -0.905635 -7.265602
v 9.558174 0.485173 -7.37389
v 10.958048 0.178228 -6.160995
v 9.777065 -0.197596 -7.305962
v 9.256821 1.132451 -7.466434
v 10.680109 1.042302 -6.246647
v 9.558174 0.485173 -7.37389
v 8.877071 1.732152 -7.583591
v 10.296291 1.859746 -6.363804
v 9.256821 1.132451 -7.466434
v 8.426056 2.27509 -7.72142
v 9.813713 2.61646 -6.511475
v 8.877071 1.732152 -7.583591
v 7.910904 2.748143 -7.879921
v 9.240528 3.301213 -6.686714
v 8.426056 2.27509 -7.72142
v 7.341789 3.147252 -8.054176
v 8.586914 3.899907 -6.88657
v 7.910904 2.748143 -7.879921
v 6.727882 3.465337 -8.242218
v 7.865089 4.403354 -7.107094
v 7.341789 3.147252 -8.054176
v 6.081394 3.695287 -8.441082
v 7.087269 4.802465 -7.345345
v 6.727882 3.465337 -8.242218
v 5.411491 3.835088 -8.646843
v 6.266685 5.093175 -7.59639
v 6.081394 3.695287 -8.441082
v 4.731403 3.878606 -8.856541
v 5.418617 5.267431 -7.856297
v 5.411491 3.835088 -8.646843
v 4.051323 3.827977 -9.065254
v 4.558331 5.320073 -8.12014
v 4.731403 3.878606 -8.856541
v 3.38549 3.684148 -9.269047
v 3.699062 5.255254 -8.382999
v 4.051323 3.827977 -9.065254
v 2.743076 3.449102 -9.465942
v 2.85812 5.071935 -8.638969
v 3.38549 3.684148 -9.269047
v 2.136292 3.126989 -9.651031
v 2.048737 4.773076 -8.885094
v 2.743076 3.449102 -9.465942
v 1.573288 2.722814 -9.823315
v 1.283134 4.363836 -9.116447
v 2.136292 3.126989 -9.651031
v 1.064243 2.244695 -9.978867
v 0.574543 3.853307 -9.331066
v 1.573288 2.722814 -9.823315
v 0.616283 1.701757 -10.116695
v -0.066856 3.247533 -9.525997
v 1.064243 2.244695 -9.978867
v 0.237553 1.102086 -10.234833
v -0.631897 2.56278 -9.698284
v 0.616283 1.701757 -10.116695
v -0.065838 0.459844 -10.329346
v -1.110401 1.806066 -9.845959
v 0.237553 1.102086 -10.234833
v -0.288799 -0.220881 -10.400227
v -1.494221 0.993657 -9.966068
v -0.065838 0.459844 -10.329346
v -1.952358 -0.751673 -10.113739
v -0.288799 -0.220881 -10.400227
v -0.427258 -0.925898 -10.44453
v -2.019554 -1.653224 -10.140324
v -0.427258 -0.925898 -10.44453
v -0.478165 -1.641078 -10.464218
v -1.974758 -2.553736 -10.132446
v -0.478165 -1.641078 -10.464218
v -0.440495 -2.356227 -10.456345
v -1.818989 -3.440089 -10.091095
v -0.440495 -2.356227 -10.456345
v -0.314251 -3.060237 -10.42189
v -1.55225 -4.297084 -10.015293
v -0.314251 -3.060237 -10.42189
v -0.102489 -3.739924 -10.359863
v -1.178612 -5.109492 -9.904045
v -0.102489 -3.739924 -10.359863
v 0.193775 -4.385218 -10.272243
v -0.7052 -5.866175 -9.762276
v 0.193775 -4.385218 -10.272243
v 0.56945 -4.983882 -10.158043
v -0.139141 -6.550959 -9.589993
v 0.56945 -4.983882 -10.158043
v 1.01741 -5.527858 -10.021198
v 0.509384 -7.152644 -9.392105
v 1.01741 -5.527858 -10.021198
v 1.52951 -6.002925 -9.864662
v 1.227139 -7.661189 -9.171581
v 1.52951 -6.002925 -9.864662
v 2.096588 -6.405085 -9.690407
v 2.002922 -8.065333 -8.933331
v 2.096588 -6.405085 -9.690407
v 2.708458 -6.725154 -9.502369
v 2.822483 -8.360104 -8.681301
v 2.708458 -6.725154 -9.502369
v 3.354946 -6.9602 -9.302517
v 3.671574 -8.540431 -8.419426
v 3.354946 -6.9602 -9.302517
v 4.024849 -7.100978 -9.094791
v 4.535931 -8.601192 -8.15263
v 4.024849 -7.100978 -9.094791
v 4.70697 -7.15063 -8.884106
v 5.400291 -8.543483 -7.883862
v 4.70697 -7.15063 -8.884106
v 5.389091 -7.104029 -8.672443
v 6.249378 -8.367213 -7.621002
v 5.389091 -7.104029 -8.672443
v 6.058994 -6.962214 -8.463726
v 7.069962 -8.074458 -7.366016
v 6.058994 -6.962214 -8.463726
v 6.706501 -6.732264 -8.261906
v 7.847782 -7.670285 -7.123833
v 6.706501 -6.732264 -8.261906
v 7.321426 -6.412165 -8.070915
v 8.569607 -7.163784 -6.900352
v 7.321426 -6.412165 -8.070915
v 7.89156 -6.010035 -7.893703
v 9.224239 -6.563106 -6.698532
v 7.89156 -6.010035 -7.893703
v 8.40773 -5.534938 -7.733231
v 9.798443 -5.875302 -6.520336
v 8.40773 -5.534938 -7.733231
v 8.860783 -4.990962 -7.592449
v 10.282036 -5.116574 -6.370693
v 8.860783 -4.990962 -7.592449
v 9.242565 -4.390254 -7.474312
v 10.668911 -4.297086 -6.250587
v 9.242565 -4.390254 -7.474312
v 9.547993 -3.741999 -7.378819
v 10.950922 -3.434016 -6.163948
v 9.547993 -3.741999 -7.378819
v 9.770954 -3.057215 -7.309902
v 11.12196 -2.537532 -6.110786
v 9.770954 -3.057215 -7.309902
v 9.905342 -2.349116 -7.267567
v 11.181009 -1.627925 -6.092079
v 9.905342 -2.349116 -7.267567
v 9.952175 -1.627925 -7.2528
v 9.909416 -0.905635 -7.265602
v 11.181009 -1.627925 -6.092079
v 9.952175 -1.627925 -7.2528
v 9.909416 -0.905635 -7.265602
v 8.587933 -1.627925 -8.27372
v 8.557388 -1.110255 -8.282581
v 9.952175 -1.627925 -7.2528
v 8.554337 -2.147547 -8.28455
v 8.587933 -1.627925 -8.27372
v 9.905342 -2.349116 -7.267567
v 8.4566 -2.656062 -8.315071
v 8.554337 -2.147547 -8.28455
v 9.770954 -3.057215 -7.309902
v 8.296757 -3.150416 -8.36528
v 8.4566 -2.656062 -8.315071
v 9.547993 -3.741999 -7.378819
v 8.077869 -3.614344 -8.433208
v 8.296757 -3.150416 -8.36528
v 9.242565 -4.390254 -7.474312
v 7.804005 -4.048915 -8.51886
v 8.077869 -3.614344 -8.433208
v 8.860783 -4.990962 -7.592449
v 7.479233 -4.438899 -8.620262
v 7.804005 -4.048915 -8.51886
v 8.40773 -5.534938 -7.733231
v 7.108646 -4.782283 -8.735451
v 7.479233 -4.438899 -8.620262
v 7.89156 -6.010035 -7.893703
v 6.699375 -5.069972 -8.86245
v 7.108646 -4.782283 -8.735451
v 7.321426 -6.412165 -8.070915
v 6.258541 -5.299922 -9.000278
v 6.699375 -5.069972 -8.86245
v 6.706501 -6.732264 -8.261906
v 5.793274 -5.467067 -9.145
v 6.258541 -5.299922 -9.000278
v 6.058994 -6.962214 -8.463726
v 5.312737 -5.567347 -9.29464
v 5.793274 -5.467067 -9.145
v 5.389091 -7.104029 -8.672443
v 4.823032 -5.601802 -9.446255
v 5.312737 -5.567347 -9.29464
v 4.70697 -7.15063 -8.884106
v 4.333332 -5.567347 -9.597866
v 4.823032 -5.601802 -9.446255
v 4.024849 -7.100978 -9.094791
v 3.852795 -5.465052 -9.747509
v 4.333332 -5.567347 -9.597866
v 3.354946 -6.9602 -9.302517
v 3.388546 -5.297908 -9.891247
v 3.852795 -5.465052 -9.747509
v 2.708458 -6.725154 -9.502369
v 2.949745 -5.065913 -10.026123
v 3.388546 -5.297908 -9.891247
v 2.096588 -6.405085 -9.690407
v 2.542511 -4.777217 -10.152134
v 2.949745 -5.065913 -10.026123
v 1.52951 -6.002925 -9.864662
v 2.175999 -4.433833 -10.26437
v 2.542511 -4.777217 -10.152134
v 1.01741 -5.527858 -10.021198
v 1.854282 -4.043849 -10.362816
v 2.175999 -4.433833 -10.26437
v 0.56945 -4.983882 -10.158043
v 1.583469 -3.61233 -10.44453
v 1.854282 -4.043849 -10.362816
v 0.193775 -4.385218 -10.272243
v 1.369671 -3.14532 -10.510494
v 1.583469 -3.61233 -10.44453
v -0.102489 -3.739924 -10.359863
v 1.21492 -2.656062 -10.555779
v 1.369671 -3.14532 -10.510494
v -0.314251 -3.060237 -10.42189
v 1.123291 -2.147547 -10.582363
v 1.21492 -2.656062 -10.555779
v -0.440495 -2.356227 -10.456345
v 1.094788 -1.631953 -10.589252
v 1.123291 -2.147547 -10.582363
v -0.478165 -1.641078 -10.464218
v 1.130417 -1.117366 -10.57547
v 1.094788 -1.631953 -10.589252
v 1.130417 -1.117366 -10.57547
v -0.288799 -0.220881 -10.400227
v 1.228157 -0.608851 -10.543964
v 1.228157 -0.608851 -10.543964
v -0.065838 0.459844 -10.329346
v 1.387997 -0.118556 -10.49474
v 1.387997 -0.118556 -10.49474
v 0.237553 1.102086 -10.234833
v 1.605869 0.345403 -10.425823
v 1.605869 0.345403 -10.425823
v 0.616283 1.701757 -10.116695
v 1.878716 0.777898 -10.340172
v 1.878716 0.777898 -10.340172
v 1.064243 2.244695 -9.978867
v 2.202469 1.167913 -10.240738
v 2.202469 1.167913 -10.240738
v 1.573288 2.722814 -9.823315
v 2.57 1.511327 -10.127522
v 2.57 1.511327 -10.127522
v 2.136292 3.126989 -9.651031
v 2.975197 1.798986 -10.001511
v 2.743076 3.449102 -9.465942
v 2.975197 1.798986 -10.001511
v 2.136292 3.126989 -9.651031
v 3.38549 3.684148 -9.269047
v 3.413994 2.03095 -9.866634
v 2.743076 3.449102 -9.465942
v 3.876209 2.198125 -9.723881
v 4.051323 3.827977 -9.065254
v 4.355728 2.302434 -9.57621
v 4.355728 2.302434 -9.57621
v 4.731403 3.878606 -8.856541
v 4.844414 2.337896 -9.425579
v 4.844414 2.337896 -9.425579
v 5.411491 3.835088 -8.646843
v 5.333096 2.304479 -9.274952
v 5.333096 2.304479 -9.274952
v 6.081394 3.695287 -8.441082
v 5.813637 2.205175 -9.127277
v 5.813637 2.205175 -9.127277
v 6.727882 3.465337 -8.242218
v 6.277885 2.03806 -8.98354
v 6.277885 2.03806 -8.98354
v 7.341789 3.147252 -8.054176
v 6.717701 1.811162 -8.848667
v 6.717701 1.811162 -8.848667
v 7.910904 2.748143 -7.879921
v 7.125954 1.522466 -8.722649
v 7.125954 1.522466 -8.722649
v 8.426056 2.27509 -7.72142
v 7.494503 1.179052 -8.609432
v 7.494503 1.179052 -8.609432
v 8.877071 1.732152 -7.583591
v 7.817238 0.789037 -8.509998
v 7.817238 0.789037 -8.509998
v 9.256821 1.132451 -7.466434
v 8.089069 0.359533 -8.426319
v 8.089069 0.359533 -8.426319
v 9.558174 0.485173 -7.37389
v 8.30592 -0.107417 -8.360355
v 8.30592 -0.107417 -8.360355
v 9.777065 -0.197596 -7.305962
v 8.462708 -0.599726 -8.312115
v 8.462708 -0.599726 -8.312115
v 9.909416 -0.905635 -7.265602
v 8.557388 -1.110255 -8.282581
v 7.51181 -0.88235 -8.921516
v 8.557388 -1.110255 -8.282581
v 7.580021 -1.251063 -8.900845
v 7.398804 -0.526789 -8.955975
v 8.462708 -0.599726 -8.312115
v 7.51181 -0.88235 -8.921516
v 7.243034 -0.190486 -9.004219
v 8.30592 -0.107417 -8.360355
v 7.398804 -0.526789 -8.955975
v 7.046543 0.122533 -9.06427
v 8.089069 0.359533 -8.426319
v 7.243034 -0.190486 -9.004219
v 6.8134 0.406163 -9.136139
v 7.817238 0.789037 -8.509998
v 7.046543 0.122533 -9.06427
v 6.546661 0.652318 -9.218834
v 7.494503 1.179052 -8.609432
v 6.8134 0.406163 -9.136139
v 6.252434 0.860997 -9.30941
v 7.125954 1.522466 -8.722649
v 6.546661 0.652318 -9.218834
v 5.934788 1.026098 -9.406876
v 6.717701 1.811162 -8.848667
v 6.252434 0.860997 -9.30941
v 5.598816 1.146642 -9.51123
v 6.277885 2.03806 -8.98354
v 5.934788 1.026098 -9.406876
v 5.251648 1.218541 -9.618538
v 5.813637 2.205175 -9.127277
v 5.598816 1.146642 -9.51123
v 4.898373 1.243871 -9.727821
v 5.333096 2.304479 -9.274952
v 5.251648 1.218541 -9.618538
v 4.544075 1.218541 -9.837097
v 4.844414 2.337896 -9.425579
v 4.898373 1.243871 -9.727821
v 4.196907 1.144597 -9.944405
v 4.355728 2.302434 -9.57621
v 4.544075 1.218541 -9.837097
v 3.861958 1.024053 -10.047779
v 3.876209 2.198125 -9.723881
v 4.196907 1.144597 -9.944405
v 3.544312 0.856939 -10.146229
v 3.413994 2.03095 -9.866634
v 3.861958 1.024053 -10.047779
v 3.249065 0.647252 -10.237785
v 2.975197 1.798986 -10.001511
v 3.544312 0.856939 -10.146229
v 2.983345 0.399053 -10.320484
v 2.57 1.511327 -10.127522
v 3.249065 0.647252 -10.237785
v 2.749184 0.118444 -10.393337
v 2.202469 1.167913 -10.240738
v 2.983345 0.399053 -10.320484
v 2.551674 -0.195582 -10.45536
v 1.878716 0.777898 -10.340172
v 2.749184 0.118444 -10.393337
v 2.393871 -0.531886 -10.505569
v 1.605869 0.345403 -10.425823
v 2.551674 -0.195582 -10.45536
v 2.277809 -0.886409 -10.541012
v 1.387997 -0.118556 -10.49474
v 2.393871 -0.531886 -10.505569
v 2.207558 -1.254115 -10.56464
v 1.228157 -0.608851 -10.543964
v 2.277809 -0.886409 -10.541012
v 1.094788 -1.631953 -10.589252
v 2.207558 -1.254115 -10.56464
v 2.182106 -1.629939 -10.572514
v 1.123291 -2.147547 -10.582363
v 2.182106 -1.629939 -10.572514
v 2.203487 -2.003718 -10.566608
v 1.21492 -2.656062 -10.555779
v 2.203487 -2.003718 -10.566608
v 2.271698 -2.372432 -10.546917
v 1.369671 -3.14532 -10.510494
v 2.271698 -2.372432 -10.546917
v 2.38369 -2.727992 -10.513447
v 1.583469 -3.61233 -10.44453
v 2.38369 -2.727992 -10.513447
v 2.538441 -3.064296 -10.465206
v 1.854282 -4.043849 -10.362816
v 2.538441 -3.064296 -10.465206
v 2.733913 -3.378321 -10.406136
v 2.175999 -4.433833 -10.26437
v 2.733913 -3.378321 -10.406136
v 2.967052 -3.6589 -10.334267
v 2.542511 -4.777217 -10.152134
v 2.967052 -3.6589 -10.334267
v 3.232777 -3.907099 -10.252556
v 2.949745 -5.065913 -10.026123
v 3.232777 -3.907099 -10.252556
v 3.527004 -4.1188 -10.161983
v 3.388546 -5.297908 -9.891247
v 3.527004 -4.1188 -10.161983
v 3.843632 -4.285945 -10.064518
v 3.852795 -5.465052 -9.747509
v 3.843632 -4.285945 -10.064518
v 4.1796 -4.406489 -9.961143
v 4.333332 -5.567347 -9.597866
v 4.1796 -4.406489 -9.961143
v 4.526768 -4.480433 -9.852852
v 4.823032 -5.601802 -9.446255
v 4.526768 -4.480433 -9.852852
v 4.881065 -4.503749 -9.742584
v 5.312737 -5.567347 -9.29464
v 4.881065 -4.503749 -9.742584
v 5.234344 -4.480433 -9.633308
v 5.793274 -5.467067 -9.145
v 5.234344 -4.480433 -9.633308
v 5.582531 -4.408503 -9.525013
v 6.258541 -5.299922 -9.000278
v 5.582531 -4.408503 -9.525013
v 5.918499 -4.287959 -9.420658
v 6.699375 -5.069972 -8.86245
v 5.918499 -4.287959 -9.420658
v 6.237164 -4.120814 -9.321224
v 7.108646 -4.782283 -8.735451
v 6.237164 -4.120814 -9.321224
v 6.533424 -3.912165 -9.22868
v 7.479233 -4.438899 -8.620262
v 6.533424 -3.912165 -9.22868
v 6.801186 -3.662959 -9.145
v 7.804005 -4.048915 -8.51886
v 6.801186 -3.662959 -9.145
v 7.035343 -3.380366 -9.072147
v 8.077869 -3.614344 -8.433208
v 7.035343 -3.380366 -9.072147
v 7.233871 -3.067317 -9.01012
v 8.296757 -3.150416 -8.36528
v 7.233871 -3.067317 -9.01012
v 7.392696 -2.730037 -8.960896
v 8.4566 -2.656062 -8.315071
v 7.392696 -2.730037 -8.960896
v 7.507736 -2.372432 -8.924469
v 8.554337 -2.147547 -8.28455
v 7.507736 -2.372432 -8.924469
v 7.577988 -2.003718 -8.901829
v 8.587933 -1.627925 -8.27372
v 7.577988 -2.003718 -8.901829
v 7.602421 -1.627925 -8.893951
v 8.557388 -1.110255 -8.282581
v 7.602421 -1.627925 -8.893951
v 7.580021 -1.251063 -8.900845
v 7.580021 -1.251063 -8.900845
v 7.107628 -1.627925 -9.22179
v 7.089302 -1.326014 -9.226711
v 7.602421 -1.627925 -8.893951
v 7.087269 -1.931788 -9.227695
v 7.107628 -1.627925 -9.22179
v 7.577988 -2.003718 -8.901829
v 7.031273 -2.228572 -9.246403
v 7.087269 -1.931788 -9.227695
v 7.507736 -2.372432 -8.924469
v 6.938625 -2.516291 -9.274952
v 7.031273 -2.228572 -9.246403
v 7.392696 -2.730037 -8.960896
v 6.810349 -2.787745 -9.315315
v 6.938625 -2.516291 -9.274952
v 7.233871 -3.067317 -9.01012
v 6.651524 -3.041011 -9.365524
v 6.810349 -2.787745 -9.315315
v 7.035343 -3.380366 -9.072147
v 6.462158 -3.268916 -9.424591
v 6.651524 -3.041011 -9.365524
v 6.801186 -3.662959 -9.145
v 6.246323 -3.470485 -9.491539
v 6.462158 -3.268916 -9.424591
v 6.533424 -3.912165 -9.22868
v 6.008091 -3.63766 -9.56538
v 6.246323 -3.470485 -9.491539
v 6.237164 -4.120814 -9.321224
v 5.750515 -3.772364 -9.646103
v 6.008091 -3.63766 -9.56538
v 5.918499 -4.287959 -9.420658
v 5.479702 -3.869593 -9.730774
v 5.750515 -3.772364 -9.646103
v 5.582531 -4.408503 -9.525013
v 5.198708 -3.92837 -9.817406
v 5.479702 -3.869593 -9.730774
v 5.234344 -4.480433 -9.633308
v 4.914661 -3.94662 -9.90601
v 5.198708 -3.92837 -9.817406
v 4.881065 -4.503749 -9.742584
v 4.629597 -3.925318 -9.995602
v 4.914661 -3.94662 -9.90601
v 4.526768 -4.480433 -9.852852
v 4.349621 -3.867579 -10.082237
v 4.629597 -3.925318 -9.995602
v 4.1796 -4.406489 -9.961143
v 4.079826 -3.768306 -10.164936
v 4.349621 -3.867579 -10.082237
v 3.843632 -4.285945 -10.064518
v 3.824287 -3.63357 -10.244678
v 4.079826 -3.768306 -10.164936
v 3.527004 -4.1188 -10.161983
v 3.58707 -3.466456 -10.317528
v 3.824287 -3.63357 -10.244678
v 3.232777 -3.907099 -10.252556
v 3.37429 -3.26385 -10.383495
v 3.58707 -3.466456 -10.317528
v 2.967052 -3.6589 -10.334267
v 3.186962 -3.036952 -10.440594
v 3.37429 -3.26385 -10.383495
v 2.733913 -3.378321 -10.406136
v 3.030174 -2.785731 -10.489819
v 3.186962 -3.036952 -10.440594
v 2.538441 -3.064296 -10.465206
v 2.904949 -2.514247 -10.527229
v 3.030174 -2.785731 -10.489819
v 2.38369 -2.727992 -10.513447
v 2.815357 -2.226557 -10.555779
v 2.904949 -2.514247 -10.527229
v 2.271698 -2.372432 -10.546917
v 2.76038 -1.928736 -10.571529
v 2.815357 -2.226557 -10.555779
v 2.203487 -2.003718 -10.566608
v 2.744091 -1.627925 -10.57547
v 2.76038 -1.928736 -10.571529
v 2.182106 -1.629939 -10.572514
v 2.763435 -1.326014 -10.569561
v 2.744091 -1.627925 -10.57547
v 2.763435 -1.326014 -10.569561
v 2.277809 -0.886409 -10.541012
v 2.82045 -1.031245 -10.550858
v 2.82045 -1.031245 -10.550858
v 2.393871 -0.531886 -10.505569
v 2.913094 -0.7456 -10.522305
v 2.913094 -0.7456 -10.522305
v 2.551674 -0.195582 -10.45536
v 3.040356 -0.474116 -10.481941
v 3.040356 -0.474116 -10.481941
v 2.749184 0.118444 -10.393337
v 3.199181 -0.222926 -10.431732
v 3.199181 -0.222926 -10.431732
v 2.983345 0.399053 -10.320484
v 3.387527 0.004003 -10.373646
v 3.387527 0.004003 -10.373646
v 3.249065 0.647252 -10.237785
v 3.602345 0.204564 -10.306702
v 3.602345 0.204564 -10.306702
v 3.544312 0.856939 -10.146229
v 3.839558 0.373723 -10.232864
v 3.839558 0.373723 -10.232864
v 3.861958 1.024053 -10.047779
v 4.095097 0.506444 -10.153122
v 4.095097 0.506444 -10.153122
v 4.196907 1.144597 -9.944405
v 4.364891 0.605718 -10.069439
v 4.364891 0.605718 -10.069439
v 4.544075 1.218541 -9.837097
v 4.644867 0.663457 -9.982803
v 4.644867 0.663457 -9.982803
v 4.898373 1.243871 -9.727821
v 4.928913 0.684697 -9.894199
v 4.928913 0.684697 -9.894199
v 5.251648 1.218541 -9.618538
v 5.213982 0.665471 -9.806576
v 5.213982 0.665471 -9.806576
v 5.598816 1.146642 -9.51123
v 5.492939 0.607732 -9.719944
v 5.492939 0.607732 -9.719944
v 5.934788 1.026098 -9.406876
v 5.763752 0.510503 -9.636261
v 5.763752 0.510503 -9.636261
v 6.252434 0.860997 -9.30941
v 6.019291 0.377782 -9.557499
v 6.019291 0.377782 -9.557499
v 6.546661 0.652318 -9.218834
v 6.256504 0.208623 -9.483665
v 6.256504 0.208623 -9.483665
v 6.8134 0.406163 -9.136139
v 6.471321 0.011113 -9.417702
v 6.471321 0.011113 -9.417702
v 7.046543 0.122533 -9.06427
v 6.658649 -0.215815 -9.359619
v 6.658649 -0.215815 -9.359619
v 7.243034 -0.190486 -9.004219
v 6.817474 -0.46905 -9.310394
v 6.817474 -0.46905 -9.310394
v 7.398804 -0.526789 -8.955975
v 6.942699 -0.740535 -9.271999
v 7.398804 -0.526789 -8.955975
v 7.034325 -1.029231 -9.243446
v 6.942699 -0.740535 -9.271999
v 7.51181 -0.88235 -8.921516
v 7.089302 -1.326014 -9.226711
v 7.034325 -1.029231 -9.243446
v 6.737045 -1.130519 -9.661858
v 7.089302 -1.326014 -9.226711
v 6.782856 -1.376673 -9.647091
v 6.661705 -0.894496 -9.685486
v 7.034325 -1.029231 -9.243446
v 6.737045 -1.130519 -9.661858
v 6.556843 -0.668605 -9.719944
v 6.942699 -0.740535 -9.271999
v 6.661705 -0.894496 -9.685486
v 6.426529 -0.459925 -9.760307
v 6.817474 -0.46905 -9.310394
v 6.556843 -0.668605 -9.719944
v 6.27076 -0.27151 -9.809532
v 6.658649 -0.215815 -9.359619
v 6.426529 -0.459925 -9.760307
v 6.093613 -0.107417 -9.864662
v 6.471321 0.011113 -9.417702
v 6.27076 -0.27151 -9.809532
v 5.897121 0.030339 -9.926689
v 6.256504 0.208623 -9.483665
v 6.093613 -0.107417 -9.864662
v 5.686375 0.138707 -9.992649
v 6.019291 0.377782 -9.557499
v 5.897121 0.030339 -9.926689
v 5.463413 0.217748 -10.06255
v 5.763752 0.510503 -9.636261
v 5.686375 0.138707 -9.992649
v 5.232307 0.266362 -10.135399
v 5.492939 0.607732 -9.719944
v 5.463413 0.217748 -10.06255
v 4.998146 0.280553 -10.208252
v 5.213982 0.665471 -9.806576
v 5.232307 0.266362 -10.135399
v 4.763985 0.264318 -10.282089
v 4.928913 0.684697 -9.894199
v 4.998146 0.280553 -10.208252
v 4.533894 0.215734 -10.353958
v 4.644867 0.663457 -9.982803
v 4.763985 0.264318 -10.282089
v 4.310936 0.134679 -10.423855
v 4.364891 0.605718 -10.069439
v 4.533894 0.215734 -10.353958
v 4.100189 0.023229 -10.489819
v 4.095097 0.506444 -10.153122
v 4.310936 0.134679 -10.423855
v 3.904716 -0.116542 -10.550858
v 3.839558 0.373723 -10.232864
v 4.100189 0.023229 -10.489819
v 3.728588 -0.280635 -10.605988
v 3.602345 0.204564 -10.306702
v 3.904716 -0.116542 -10.550858
v 3.572819 -0.46905 -10.654228
v 3.387527 0.004003 -10.373646
v 3.728588 -0.280635 -10.605988
v 3.441486 -0.675685 -10.69558
v 3.199181 -0.222926 -10.431732
v 3.572819 -0.46905 -10.654228
v 3.337639 -0.898555 -10.72905
v 3.040356 -0.474116 -10.481941
v 3.441486 -0.675685 -10.69558
v 3.260265 -1.135585 -10.753662
v 2.913094 -0.7456 -10.522305
v 3.337639 -0.898555 -10.72905
v 3.213432 -1.379725 -10.767445
v 2.82045 -1.031245 -10.550858
v 3.260265 -1.135585 -10.753662
v 3.196125 -1.627925 -10.77335
v 2.763435 -1.326014 -10.569561
v 3.213432 -1.379725 -10.767445
v 2.76038 -1.928736 -10.571529
v 3.196125 -1.627925 -10.77335
v 3.210377 -1.878077 -10.769413
v 3.254158 -2.122218 -10.754646
v 2.76038 -1.928736 -10.571529
v 3.210377 -1.878077 -10.769413
v 2.904949 -2.514247 -10.527229
v 3.254158 -2.122218 -10.754646
v 3.328476 -2.358241 -10.732002
v 3.030174 -2.785731 -10.489819
v 3.328476 -2.358241 -10.732002
v 3.430286 -2.584162 -10.7005
v 3.186962 -3.036952 -10.440594
v 3.430286 -2.584162 -10.7005
v 3.559582 -2.792811 -10.659153
v 3.37429 -3.26385 -10.383495
v 3.559582 -2.792811 -10.659153
v 3.713314 -2.981227 -10.610909
v 3.58707 -3.466456 -10.317528
v 3.713314 -2.981227 -10.610909
v 3.888424 -3.148371 -10.555779
v 3.824287 -3.63357 -10.244678
v 3.888424 -3.148371 -10.555779
v 4.0839 -3.287165 -10.49474
v 4.079826 -3.768306 -10.164936
v 4.0839 -3.287165 -10.49474
v 4.293625 -3.398585 -10.42878
v 4.349621 -3.867579 -10.082237
v 4.293625 -3.398585 -10.42878
v 4.51659 -3.479609 -10.358879
v 4.629597 -3.925318 -9.995602
v 4.51659 -3.479609 -10.358879
v 4.747696 -3.531276 -10.28603
v 4.914661 -3.94662 -9.90601
v 4.747696 -3.531276 -10.28603
v 4.982876 -3.54748 -10.212193
v 5.198708 -3.92837 -9.817406
v 4.982876 -3.54748 -10.212193
v 5.21907 -3.53329 -10.138351
v 5.479702 -3.869593 -9.730774
v 5.21907 -3.53329 -10.138351
v 5.451195 -3.484675 -10.065502
v 5.750515 -3.772364 -9.646103
v 5.451195 -3.484675 -10.065502
v 5.675175 -3.40362 -9.995602
v 6.008091 -3.63766 -9.56538
v 5.675175 -3.40362 -9.995602
v 5.887959 -3.294245 -9.92767
v 6.246323 -3.470485 -9.491539
v 5.887959 -3.294245 -9.92767
v 6.085468 -3.155482 -9.866634
v 6.462158 -3.268916 -9.424591
v 6.085468 -3.155482 -9.866634
v 6.26363 -2.988307 -9.809532
v 6.651524 -3.041011 -9.365524
v 6.26363 -2.988307 -9.809532
v 6.420418 -2.799922 -9.761292
v 6.810349 -2.787745 -9.315315
v 6.420418 -2.799922 -9.761292
v 6.552769 -2.591243 -9.71896
v 6.938625 -2.516291 -9.274952
v 6.552769 -2.591243 -9.71896
v 6.658649 -2.363307 -9.68647
v 7.031273 -2.228572 -9.246403
v 6.658649 -2.363307 -9.68647
v 6.735008 -2.126277 -9.661858
v 7.087269 -1.931788 -9.227695
v 6.735008 -2.126277 -9.661858
v 6.781837 -1.878077 -9.647091
v 7.107628 -1.627925 -9.22179
v 6.781837 -1.878077 -9.647091
v 6.79813 -1.627925 -9.64217
v 6.782856 -1.376673 -9.647091
v 7.107628 -1.627925 -9.22179
v 6.79813 -1.627925 -9.64217
v 7.024147 -1.365535 -10.293903
v 6.79813 -1.627925 -9.64217
v 7.039417 -1.627925 -10.288982
v 6.79813 -1.627925 -9.64217
v 7.023129 -1.892268 -10.293903
v 7.039417 -1.627925 -10.288982
v 6.781837 -1.878077 -9.647091
v 6.974258 -2.152613 -10.308674
v 7.023129 -1.892268 -10.293903
v 6.735008 -2.126277 -9.661858
v 6.892811 -2.402827 -10.334267
v 6.974258 -2.152613 -10.308674
v 6.658649 -2.363307 -9.68647
v 6.782856 -2.639857 -10.369713
v 6.892811 -2.402827 -10.334267
v 6.552769 -2.591243 -9.71896
v 6.643379 -2.860682 -10.414009
v 6.782856 -2.639857 -10.369713
v 6.420418 -2.799922 -9.761292
v 6.479469 -3.060237 -10.46619
v 6.643379 -2.860682 -10.414009
v 6.26363 -2.988307 -9.809532
v 6.292141 -3.233454 -10.526245
v 6.479469 -3.060237 -10.46619
v 6.085468 -3.155482 -9.866634
v 6.085468 -3.380366 -10.592205
v 6.292141 -3.233454 -10.526245
v 5.887959 -3.294245 -9.92767
v 5.862503 -3.495814 -10.663086
v 6.085468 -3.380366 -10.592205
v 5.675175 -3.40362 -9.995602
v 5.627327 -3.581935 -10.738895
v 5.862503 -3.495814 -10.663086
v 5.451195 -3.484675 -10.065502
v 5.384003 -3.630549 -10.816669
v 5.627327 -3.581935 -10.738895
v 5.21907 -3.53329 -10.138351
v 5.136604 -3.646754 -10.896412
v 5.384003 -3.630549 -10.816669
v 4.982876 -3.54748 -10.212193
v 4.890228 -3.630549 -10.97517
v 5.136604 -3.646754 -10.896412
v 4.747696 -3.531276 -10.28603
v 4.647923 -3.577876 -11.052948
v 4.890228 -3.630549 -10.97517
v 4.51659 -3.479609 -10.358879
v 4.413761 -3.491786 -11.127769
v 4.647923 -3.577876 -11.052948
v 4.293625 -3.398585 -10.42878
v 4.193855 -3.373255 -11.198654
v 4.413761 -3.491786 -11.127769
v 4.0839 -3.287165 -10.49474
v 3.98922 -3.226344 -11.264614
v 4.193855 -3.373255 -11.198654
v 3.888424 -3.148371 -10.555779
v 3.804943 -3.050105 -11.323681
v 3.98922 -3.226344 -11.264614
v 3.713314 -2.981227 -10.610909
v 3.644085 -2.853572 -11.375862
v 3.804943 -3.050105 -11.323681
v 3.559582 -2.792811 -10.659153
v 3.509697 -2.632777 -11.420162
v 3.644085 -2.853572 -11.375862
v 3.430286 -2.584162 -10.7005
v 3.402798 -2.395747 -11.453636
v 3.509697 -2.632777 -11.420162
v 3.328476 -2.358241 -10.732002
v 3.325424 -2.147547 -11.479233
v 3.402798 -2.395747 -11.453636
v 3.254158 -2.122218 -10.754646
v 3.278591 -1.890254 -11.494984
v 3.325424 -2.147547 -11.479233
v 3.210377 -1.878077 -10.769413
v 3.265354 -1.627925 -11.498924
v 3.278591 -1.890254 -11.494984
v 3.265354 -1.627925 -11.498924
v 3.213432 -1.379725 -10.767445
v 3.282661 -1.365535 -11.494003
v 3.282661 -1.365535 -11.494003
v 3.260265 -1.135585 -10.753662
v 3.33255 -1.110255 -11.478249
v 3.33255 -1.110255 -11.478249
v 3.337639 -0.898555 -10.72905
v 3.412979 -0.861079 -11.453636
v 3.412979 -0.861079 -11.453636
v 3.441486 -0.675685 -10.69558
v 3.522934 -0.627101 -11.418194
v 3.522934 -0.627101 -11.418194
v 3.572819 -0.46905 -10.654228
v 3.661392 -0.40829 -11.374878
v 3.661392 -0.40829 -11.374878
v 3.728588 -0.280635 -10.605988
v 3.824287 -0.211756 -11.322701
v 3.824287 -0.211756 -11.322701
v 3.904716 -0.116542 -10.550858
v 4.009579 -0.037532 -11.26363
v 4.009579 -0.037532 -11.26363
v 4.100189 0.023229 -10.489819
v 4.214214 0.109349 -11.198654
v 4.214214 0.109349 -11.198654
v 4.310936 0.134679 -10.423855
v 4.435143 0.224828 -11.128754
v 4.435143 0.224828 -11.128754
v 4.533894 0.215734 -10.353958
v 4.668282 0.310949 -11.05492
v 4.668282 0.310949 -11.05492
v 4.763985 0.264318 -10.282089
v 4.910591 0.361577 -10.977142
v 4.910591 0.361577 -10.977142
v 4.998146 0.280553 -10.208252
v 5.155949 0.380834 -10.899368
v 5.155949 0.380834 -10.899368
v 5.232307 0.266362 -10.135399
v 5.40131 0.364629 -10.820606
v 5.40131 0.364629 -10.820606
v 5.463413 0.217748 -10.06255
v 5.643616 0.314977 -10.743816
v 5.643616 0.314977 -10.743816
v 5.686375 0.138707 -9.992649
v 5.876759 0.231908 -10.668995
v 5.876759 0.231908 -10.668995
v 5.897121 0.030339 -9.926689
v 6.098701 0.11643 -10.597126
v 6.098701 0.11643 -10.597126
v 6.093613 -0.107417 -9.864662
v 6.303337 -0.030421 -10.53215
v 6.303337 -0.030421 -10.53215
v 6.27076 -0.27151 -9.809532
v 6.489651 -0.202632 -10.47308
v 6.489651 -0.202632 -10.47308
v 6.426529 -0.459925 -9.760307
v 6.652542 -0.399165 -10.419918
v 6.652542 -0.399165 -10.419918
v 6.556843 -0.668605 -9.719944
v 6.789986 -0.617976 -10.376602
v 6.789986 -0.617976 -10.376602
v 6.661705 -0.894496 -9.685486
v 6.896885 -0.854975 -10.335251
v 6.896885 -0.854975 -10.335251
v 6.737045 -1.130519 -9.661858
v 6.976295 -1.105189 -10.308674
v 6.976295 -1.105189 -10.308674
v 6.782856 -1.376673 -9.647091
v 7.024147 -1.365535 -10.293903
v 7.349934 -1.083949 -11.815929
v 7.024147 -1.365535 -10.293903
v 7.399822 -1.353389 -11.800179
v 7.269505 -0.82461 -11.842514
v 6.976295 -1.105189 -10.308674
v 7.349934 -1.083949 -11.815929
v 7.157516 -0.578456 -11.881889
v 6.896885 -0.854975 -10.335251
v 7.269505 -0.82461 -11.842514
v 7.014984 -0.35052 -11.927177
v 6.789986 -0.617976 -10.376602
v 7.157516 -0.578456 -11.881889
v 6.848015 -0.1459 -11.982311
v 6.652542 -0.399165 -10.419918
v 7.014984 -0.35052 -11.927177
v 6.655598 0.034368 -12.045319
v 6.489651 -0.202632 -10.47308
v 6.848015 -0.1459 -11.982311
v 6.443832 0.185338 -12.114231
v 6.303337 -0.030421 -10.53215
v 6.655598 0.034368 -12.045319
v 6.215782 0.305883 -12.188072
v 6.098701 0.11643 -10.597126
v 6.443832 0.185338 -12.114231
v 5.974495 0.391973 -12.26683
v 5.876759 0.231908 -10.668995
v 6.215782 0.305883 -12.188072
v 5.724045 0.445653 -12.347557
v 5.643616 0.314977 -10.743816
v 5.974495 0.391973 -12.26683
v 5.469521 0.461858 -12.430256
v 5.40131 0.364629 -10.820606
v 5.724045 0.445653 -12.347557
v 5.216015 0.442632 -12.511967
v 5.155949 0.380834 -10.899368
v 5.469521 0.461858 -12.430256
v 4.965569 0.387914 -12.593681
v 4.910591 0.361577 -10.977142
v 5.216015 0.442632 -12.511967
v 4.724277 0.29981 -12.671459
v 4.668282 0.310949 -11.05492
v 4.965569 0.387914 -12.593681
v 4.495209 0.178228 -12.745293
v 4.435143 0.224828 -11.128754
v 4.724277 0.29981 -12.671459
v 4.283443 0.027288 -12.813225
v 4.214214 0.109349 -11.198654
v 4.495209 0.178228 -12.745293
v 4.091026 -0.15301 -12.875248
v 4.009579 -0.037532 -11.26363
v 4.283443 0.027288 -12.813225
v 3.922024 -0.35763 -12.930378
v 3.824287 -0.211756 -11.322701
v 4.091026 -0.15301 -12.875248
v 3.779491 -0.585536 -12.975666
v 3.661392 -0.40829 -11.374878
v 3.922024 -0.35763 -12.930378
v 3.665466 -0.828669 -13.012093
v 3.522934 -0.627101 -11.418194
v 3.779491 -0.585536 -12.975666
v 3.581982 -1.089015 -13.039658
v 3.412979 -0.861079 -11.453636
v 3.665466 -0.828669 -13.012093
v 3.53006 -1.355403 -13.055408
v 3.33255 -1.110255 -11.478249
v 3.581982 -1.089015 -13.039658
v 3.510715 -1.627925 -13.060333
v 3.282661 -1.365535 -11.494003
v 3.53006 -1.355403 -13.055408
v 3.278591 -1.890254 -11.494984
v 3.510715 -1.627925 -13.060333
v 3.525986 -1.901393 -13.055408
v 3.325424 -2.147547 -11.479233
v 3.525986 -1.901393 -13.055408
v 3.572819 -2.168849 -13.039658
v 3.402798 -2.395747 -11.453636
v 3.572819 -2.168849 -13.039658
v 3.653248 -2.428157 -13.013077
v 3.509697 -2.632777 -11.420162
v 3.653248 -2.428157 -13.013077
v 3.763203 -2.674281 -12.97665
v 3.644085 -2.853572 -11.375862
v 3.763203 -2.674281 -12.97665
v 3.903698 -2.902217 -12.931366
v 3.804943 -3.050105 -11.323681
v 3.903698 -2.902217 -12.931366
v 4.069645 -3.108851 -12.876232
v 3.98922 -3.226344 -11.264614
v 4.069645 -3.108851 -12.876232
v 4.260029 -3.290187 -12.814209
v 4.193855 -3.373255 -11.198654
v 4.260029 -3.290187 -12.814209
v 4.470772 -3.443141 -12.746281
v 4.413761 -3.491786 -11.127769
v 4.470772 -3.443141 -12.746281
v 4.698826 -3.565699 -12.671459
v 4.647923 -3.577876 -11.052948
v 4.698826 -3.565699 -12.671459
v 4.940113 -3.653834 -12.593681
v 4.890228 -3.630549 -10.97517
v 4.940113 -3.653834 -12.593681
v 5.190563 -3.709559 -12.511967
v 5.136604 -3.646754 -10.896412
v 5.190563 -3.709559 -12.511967
v 5.446106 -3.728785 -12.429272
v 5.384003 -3.630549 -10.816669
v 5.446106 -3.728785 -12.429272
v 5.701645 -3.709559 -12.346573
v 5.627327 -3.581935 -10.738895
v 5.701645 -3.709559 -12.346573
v 5.953114 -3.6589 -12.264862
v 5.862503 -3.495814 -10.663086
v 5.953114 -3.6589 -12.264862
v 6.195419 -3.570796 -12.1861
v 6.085468 -3.380366 -10.592205
v 6.195419 -3.570796 -12.1861
v 6.426529 -3.450251 -12.112263
v 6.292141 -3.233454 -10.526245
v 6.426529 -3.450251 -12.112263
v 6.640324 -3.29629 -12.04335
v 6.479469 -3.060237 -10.46619
v 6.640324 -3.29629 -12.04335
v 6.833763 -3.115962 -11.980343
v 6.643379 -2.860682 -10.414009
v 6.833763 -3.115962 -11.980343
v 7.004803 -2.909327 -11.925213
v 6.782856 -2.639857 -10.369713
v 7.004803 -2.909327 -11.925213
v 7.147335 -2.679377 -11.878941
v 6.892811 -2.402827 -10.334267
v 7.147335 -2.679377 -11.878941
v 7.262379 -2.433192 -11.842514
v 6.974258 -2.152613 -10.308674
v 7.262379 -2.433192 -11.842514
v 7.345863 -2.172877 -11.815929
v 7.023129 -1.892268 -10.293903
v 7.345863 -2.172877 -11.815929
v 7.396767 -1.901393 -11.799194
v 7.039417 -1.627925 -10.288982
v 7.396767 -1.901393 -11.799194
v 7.415092 -1.627925 -11.794273
v 7.399822 -1.353389 -11.800179
v 7.039417 -1.627925 -10.288982
v 7.415092 -1.627925 -11.794273
v 8.020855 -1.346278 -14.227943
v 7.415092 -1.627925 -11.794273
v 8.036125 -1.627925 -14.222034
v 8.016785 -1.908503 -14.226959
v 7.415092 -1.627925 -11.794273
v 7.396767 -1.901393 -11.799194
v 7.963844 -2.184016 -14.24271
v 7.396767 -1.901393 -11.799194
v 7.345863 -2.172877 -11.815929
v 7.879341 -2.451442 -14.270275
v 7.345863 -2.172877 -11.815929
v 7.262379 -2.433192 -11.842514
v 7.76226 -2.702662 -14.307686
v 7.262379 -2.433192 -11.842514
v 7.147335 -2.679377 -11.878941
v 7.615658 -2.936671 -14.35297
v 7.147335 -2.679377 -11.878941
v 7.004803 -2.909327 -11.925213
v 7.442581 -3.148371 -14.409088
v 7.004803 -2.909327 -11.925213
v 6.833763 -3.115962 -11.980343
v 7.245071 -3.333735 -14.473083
v 6.833763 -3.115962 -11.980343
v 6.640324 -3.29629 -12.04335
v 7.028217 -3.488734 -14.54298
v 6.640324 -3.29629 -12.04335
v 6.426529 -3.450251 -12.112263
v 6.793037 -3.614344 -14.617805
v 6.426529 -3.450251 -12.112263
v 6.195419 -3.570796 -12.1861
v 6.546661 -3.705531 -14.697548
v 6.195419 -3.570796 -12.1861
v 5.953114 -3.6589 -12.264862
v 6.291122 -3.758174 -14.780243
v 5.953114 -3.6589 -12.264862
v 5.701645 -3.709559 -12.346573
v 6.031509 -3.77743 -14.863926
v 5.701645 -3.709559 -12.346573
v 5.446106 -3.728785 -12.429272
v 5.771896 -3.758174 -14.947605
v 5.446106 -3.728785 -12.429272
v 5.190563 -3.709559 -12.511967
v 5.517372 -3.702479 -15.030304
v 5.190563 -3.709559 -12.511967
v 4.940113 -3.653834 -12.593681
v 5.272011 -3.612329 -15.11005
v 4.940113 -3.653834 -12.593681
v 4.698826 -3.565699 -12.671459
v 5.039886 -3.48672 -15.185856
v 4.698826 -3.565699 -12.671459
v 4.470772 -3.443141 -12.746281
v 4.825069 -3.329707 -15.255756
v 4.470772 -3.443141 -12.746281
v 4.260029 -3.290187 -12.814209
v 4.631634 -3.143306 -15.317776
v 4.260029 -3.290187 -12.814209
v 4.069645 -3.108851 -12.876232
v 4.462631 -2.932611 -15.373894
v 4.069645 -3.108851 -12.876232
v 3.903698 -2.902217 -12.931366
v 4.320099 -2.69961 -15.420162
v 3.903698 -2.902217 -12.931366
v 3.763203 -2.674281 -12.97665
v 4.208107 -2.446376 -15.457577
v 3.763203 -2.674281 -12.97665
v 3.653248 -2.428157 -13.013077
v 4.126659 -2.182002 -15.484158
v 3.653248 -2.428157 -13.013077
v 3.572819 -2.168849 -13.039658
v 4.078808 -1.908503 -15.500893
v 3.572819 -2.168849 -13.039658
v 3.525986 -1.901393 -13.055408
v 4.064556 -1.627925 -15.506802
v 3.525986 -1.901393 -13.055408
v 3.510715 -1.627925 -13.060333
v 3.53006 -1.355403 -13.055408
v 4.064556 -1.627925 -15.506802
v 3.510715 -1.627925 -13.060333
v 3.581982 -1.089015 -13.039658
v 4.0839 -1.34933 -15.500893
v 3.53006 -1.355403 -13.055408
v 3.665466 -0.828669 -13.012093
v 4.136841 -1.074824 -15.484158
v 3.581982 -1.089015 -13.039658
v 3.779491 -0.585536 -12.975666
v 4.222359 -0.81042 -15.457577
v 3.665466 -0.828669 -13.012093
v 3.922024 -0.35763 -12.930378
v 4.339439 -0.55923 -15.420162
v 3.779491 -0.585536 -12.975666
v 4.091026 -0.15301 -12.875248
v 4.485027 -0.325221 -15.374878
v 3.922024 -0.35763 -12.930378
v 4.283443 0.027288 -12.813225
v 4.657085 -0.116542 -15.318764
v 4.091026 -0.15301 -12.875248
v 4.495209 0.178228 -12.745293
v 4.853577 0.06986 -15.255756
v 4.283443 0.027288 -12.813225
v 4.724277 0.29981 -12.671459
v 5.070427 0.224828 -15.18684
v 4.495209 0.178228 -12.745293
v 4.965569 0.387914 -12.593681
v 5.303574 0.348394 -15.111034
v 4.724277 0.29981 -12.671459
v 5.216015 0.442632 -12.511967
v 5.54995 0.438573 -15.032276
v 4.965569 0.387914 -12.593681
v 5.469521 0.461858 -12.430256
v 5.804474 0.494268 -14.950562
v 5.216015 0.442632 -12.511967
v 5.724045 0.445653 -12.347557
v 6.063068 0.512517 -14.866879
v 5.469521 0.461858 -12.430256
v 5.974495 0.391973 -12.26683
v 6.322681 0.496312 -14.782211
v 5.724045 0.445653 -12.347557
v 6.215782 0.305883 -12.188072
v 6.576187 0.440618 -14.7005
v 5.974495 0.391973 -12.26683
v 6.443832 0.185338 -12.114231
v 6.821545 0.352453 -14.620758
v 6.215782 0.305883 -12.188072
v 6.655598 0.034368 -12.045319
v 7.054688 0.229894 -14.544949
v 6.443832 0.185338 -12.114231
v 6.848015 -0.1459 -11.982311
v 7.269505 0.073888 -14.475048
v 6.655598 0.034368 -12.045319
v 7.014984 -0.35052 -11.927177
v 7.463963 -0.111506 -14.412045
v 6.848015 -0.1459 -11.982311
v 7.157516 -0.578456 -11.881889
v 7.632965 -0.320155 -14.355927
v 7.014984 -0.35052 -11.927177
v 7.269505 -0.82461 -11.842514
v 7.776512 -0.55514 -14.30867
v 7.157516 -0.578456 -11.881889
v 7.349934 -1.083949 -11.815929
v 7.889523 -0.805354 -14.271259
v 7.269505 -0.82461 -11.842514
v 7.399822 -1.353389 -11.800179
v 7.971989 -1.07281 -14.244678
v 7.349934 -1.083949 -11.815929
v 7.055706 -0.872221 12.479411
v 8.226509 -1.62689 12.277591
v 8.167461 -0.729399 12.275623
v 6.910118 -0.131742 12.479411
v 8.167461 -0.729399 12.275623
v 7.991333 0.153933 12.27267
v 6.667812 0.582399 12.479411
v 7.991333 0.153933 12.27267
v 7.696087 1.005831 12.267749
v 7.289867 1.81418 12.262828
v 6.500847 0.920717 12.479411
v 6.667812 0.582399 12.479411
v 6.780823 2.560732 12.256923
v 6.123135 1.574099 12.479411
v 6.332863 1.260073 12.479411
v 6.179131 3.236391 12.250026
v 5.661938 2.171755 12.479411
v 5.912392 1.888125 12.479411
v 5.500065 3.839113 12.243137
v 5.131516 2.710665 12.478435
v 5.412506 2.455385 12.479411
v 4.745659 4.343569 12.23624
v 4.534912 3.177645 12.478436
v 4.850521 2.965944 12.478436
v 3.930168 4.736605 12.229358
v 3.878246 3.55649 12.478436
v 4.219307 3.389376 12.478436
v 3.072937 5.022249 12.222461
v 3.176781 3.846224 12.478436
v 3.537186 3.724642 12.478436
v 2.19025 5.202578 12.214581
v 2.443756 4.046755 12.478436
v 2.816376 3.967745 12.478436
v 1.292297 5.254244 12.207698
v 1.690369 4.151125 12.478436
v 2.071136 4.126803 12.478436
v 0.397392 5.188387 12.199818
v 0.929855 4.151125 12.478436
v 1.309601 4.175417 12.478436
v 0.549088 4.126803 12.478436
v -0.198189 3.978884 12.478436
v 0.175449 4.052858 12.478436
v -0.921036 3.736818 12.478436
v -0.480202 5.002016 12.192928
v -1.326233 4.705202 12.186038
v -1.611298 3.409639 12.479411
v -1.326233 4.705202 12.186038
v -2.12849 4.306093 12.182095
v -2.253716 2.994295 12.479411
v -2.12849 4.306093 12.182095
v -2.87373 3.794527 12.183078
v -2.827919 2.491854 12.479411
v -2.87373 3.794527 12.183078
v -3.529381 3.184755 12.189975
v -4.11784 2.506044 12.188007
v -3.078369 2.204165 12.479411
v -2.827919 2.491854 12.479411
v -4.60347 1.753389 12.194896
v -3.540581 1.599428 12.479411
v -3.328819 1.916475 12.479411
v -5.02496 0.964296 12.186038
v -3.926437 0.943026 12.479411
v -3.753365 1.282351 12.479411
v -5.335476 0.117464 12.177173
v -4.216595 0.242037 12.480394
v -4.099514 0.60367 12.480394
v -5.519749 -0.760801 12.18111
v -4.407997 -0.493376 12.480394
v -4.334694 -0.119596 12.480394
v -5.588982 -1.657286 12.187015
v -4.507767 -1.246 12.480394
v -4.482315 -0.867155 12.480394
v -5.544186 -2.551725 12.192928
v -4.507767 -2.004728 12.480394
v -4.532204 -1.624876 12.480394
v -5.383324 -3.430967 12.200801
v -4.41003 -2.757383 12.480394
v -4.483334 -2.384611 12.480394
v -5.105385 -4.283903 12.207698
v -4.212521 -3.490751 12.480394
v -4.336727 -3.130155 12.480394
v -4.716476 -5.089231 12.215571
v -3.92033 -4.19174 12.47941
v -4.089333 -3.85037 12.480394
v -3.326782 -5.166227 12.47941
v -4.716476 -5.089231 12.215571
v -4.222702 -5.838835 12.220492
v -2.821808 -5.735502 12.47941
v -4.222702 -5.838835 12.220492
v -3.631191 -6.517546 12.227382
v -2.24659 -6.235929 12.47941
v -3.631191 -6.517546 12.227382
v -2.954163 -7.113157 12.231318
v -1.611298 -6.65933 12.47941
v -2.954163 -7.113157 12.231318
v -2.20179 -7.617613 12.236239
v -0.926125 -6.994627 12.47941
v -2.20179 -7.617613 12.236239
v -1.386303 -8.019773 12.240184
v -0.202263 -7.238768 12.47941
v -1.386303 -8.019773 12.240184
v -0.526016 -8.311521 12.244121
v 0.548073 -7.380583 12.478435
v -0.526016 -8.311521 12.244121
v 0.36787 -8.484709 12.24708
v 1.310619 -7.420103 12.478435
v 0.36787 -8.484709 12.24708
v 1.277023 -8.535368 12.250025
v 2.070118 -7.368406 12.478435
v 1.277023 -8.535368 12.250025
v 2.184143 -8.477629 12.252977
v 2.817394 -7.220549 12.478435
v 2.184143 -8.477629 12.252977
v 3.077007 -8.301359 12.255939
v 3.539223 -6.97537 12.47941
v 3.077007 -8.301359 12.255939
v 3.938313 -8.00659 12.257907
v 4.214214 -6.626951 12.47941
v 3.938313 -8.00659 12.257907
v 4.750748 -7.595335 12.261844
v 4.845432 -6.206541 12.478435
v 4.750748 -7.595335 12.261844
v 5.509228 -7.094938 12.26578
v 5.415562 -5.709165 12.478435
v 5.509228 -7.094938 12.26578
v 6.194401 -6.50131 12.269716
v 5.915443 -5.139891 12.47941
v 6.194401 -6.50131 12.269716
v 6.797112 -5.823637 12.273653
v 6.33897 -4.511839 12.480394
v 6.797112 -5.823637 12.273653
v 7.305138 -5.075041 12.276607
v 6.674942 -3.835173 12.480394
v 7.305138 -5.075041 12.276607
v 7.70932 -4.264677 12.277591
v 6.907066 -3.116972 12.446924
v 7.70932 -4.264677 12.277591
v 8.002533 -3.412748 12.273653
v 7.064869 -2.378508 12.473514
v 8.002533 -3.412748 12.273653
v 8.17968 -2.526396 12.278583
v 7.102539 -1.624876 12.479411
v 8.17968 -2.526396 12.278583
v 8.226509 -1.62689 12.277591
v 5.988747 -1.567103 -14.903305
v 4.249851 -0.819545 -15.47234
v 4.364891 -0.571376 -15.436901
v 5.978565 -1.592433 -14.906258
v 4.165348 -1.081904 -15.498924
v 4.249851 -0.819545 -15.47234
v 5.977547 -1.597499 -14.907246
v 4.113426 -1.351344 -15.514675
v 4.165348 -1.081904 -15.498924
v 5.974495 -1.624873 -14.90823
v 4.094082 -1.627925 -15.519596
v 4.113426 -1.351344 -15.514675
v 5.973476 -1.629939 -14.90823
v 4.108334 -1.903407 -15.513691
v 4.094082 -1.627925 -15.519596
v 5.976532 -1.657283 -14.907246
v 4.156185 -2.174922 -15.496956
v 4.108334 -1.903407 -15.513691
v 5.978565 -1.662318 -14.906258
v 4.236614 -2.437251 -15.470375
v 4.156185 -2.174922 -15.496956
v 5.987728 -1.687648 -14.903305
v 4.347584 -2.683406 -15.432964
v 4.236614 -2.437251 -15.470375
v 5.989765 -1.692744 -14.902321
v 4.488083 -2.91537 -15.386692
v 4.347584 -2.683406 -15.432964
v 6.005035 -1.716029 -14.897396
v 4.655048 -3.122035 -15.331558
v 4.488083 -2.91537 -15.386692
v 6.009109 -1.718043 -14.896416
v 4.845432 -3.305384 -15.268551
v 4.655048 -3.122035 -15.331558
v 6.028454 -1.734278 -14.889523
v 5.057194 -3.459346 -15.19865
v 4.845432 -3.305384 -15.268551
v 6.033543 -1.739314 -14.888538
v 5.286266 -3.581934 -15.124817
v 5.057194 -3.459346 -15.19865
v 6.055943 -1.748439 -14.880665
v 5.527554 -3.670038 -15.046059
v 5.286266 -3.581934 -15.124817
v 6.06205 -1.750483 -14.879677
v 5.778004 -3.725764 -14.964344
v 5.527554 -3.670038 -15.046059
v 6.086483 -1.752497 -14.871803
v 6.033543 -3.744014 -14.880665
v 5.778004 -3.725764 -14.964344
v 6.091576 -1.755519 -14.869831
v 6.289085 -3.725764 -14.79895
v 6.033543 -3.744014 -14.880665
v 6.117027 -1.750483 -14.861958
v 6.540554 -3.673091 -14.716251
v 6.289085 -3.725764 -14.79895
v 6.122116 -1.748439 -14.859989
v 6.783875 -3.581935 -14.638477
v 6.540554 -3.673091 -14.716251
v 6.145535 -1.739314 -14.852112
v 7.014984 -3.46139 -14.563656
v 6.783875 -3.581935 -14.638477
v 6.150623 -1.736293 -14.851128
v 7.228783 -3.308406 -14.49474
v 7.014984 -3.46139 -14.563656
v 6.169968 -1.720088 -14.844238
v 7.422218 -3.125087 -14.43272
v 7.228783 -3.308406 -14.49474
v 6.174042 -1.716029 -14.84325
v 7.593258 -2.91537 -14.378571
v 7.422218 -3.125087 -14.43272
v 6.189312 -1.694758 -14.838329
v 7.736809 -2.686457 -14.333286
v 7.593258 -2.91537 -14.378571
v 6.192364 -1.687648 -14.837345
v 7.851852 -2.437251 -14.295872
v 7.736809 -2.686457 -14.333286
v 6.202545 -1.664363 -14.834389
v 7.936356 -2.174922 -14.269291
v 7.851852 -2.437251 -14.295872
v 6.203564 -1.657283 -14.834389
v 7.988277 -1.903407 -14.254524
v 7.936356 -2.174922 -14.269291
v 6.207638 -1.631953 -14.83242
v 8.007622 -1.627925 -14.248615
v 7.988277 -1.903407 -14.254524
v 6.207638 -1.624873 -14.83242
v 7.992352 -1.351344 -14.254524
v 8.007622 -1.627925 -14.248615
v 6.204582 -1.599543 -14.834389
v 7.9445 -1.07989 -14.271259
v 7.992352 -1.351344 -14.254524
v 6.202545 -1.592433 -14.834389
v 7.864071 -0.819545 -14.29784
v 7.9445 -1.07989 -14.271259
v 6.193382 -1.567103 -14.837345
v 7.753098 -0.571376 -14.335255
v 7.864071 -0.819545 -14.29784
v 6.190327 -1.562037 -14.838329
v 7.612602 -0.341426 -14.382507
v 7.753098 -0.571376 -14.335255
v 6.176075 -1.541774 -14.84325
v 7.445633 -0.132746 -14.436653
v 7.612602 -0.341426 -14.382507
v 6.172005 -1.536738 -14.844238
v 7.254234 0.048558 -14.49966
v 7.445633 -0.132746 -14.436653
v 6.15266 -1.520533 -14.851128
v 7.042469 0.201543 -14.569561
v 7.254234 0.048558 -14.49966
v 6.147572 -1.518519 -14.852112
v 6.814419 0.325109 -14.644382
v 7.042469 0.201543 -14.569561
v 6.125172 -1.50738 -14.859989
v 6.572113 0.413244 -14.723145
v 6.814419 0.325109 -14.644382
v 6.119064 -1.504328 -14.860973
v 6.321663 0.466924 -14.804855
v 6.572113 0.413244 -14.723145
v 6.094631 -1.502284 -14.868851
v 6.067139 0.485173 -14.887554
v 6.321663 0.466924 -14.804855
v 6.08852 -1.502284 -14.871803
v 5.8116 0.466924 -14.971237
v 6.067139 0.485173 -14.887554
v 6.064087 -1.504328 -14.879677
v 5.560131 0.413244 -15.051968
v 5.8116 0.466924 -14.971237
v 6.058994 -1.50738 -14.880665
v 5.316807 0.322088 -15.130722
v 5.560131 0.413244 -15.051968
v 6.03558 -1.518519 -14.888538
v 5.08672 0.201543 -15.205544
v 5.316807 0.322088 -15.130722
v 6.030491 -1.520533 -14.889523
v 4.872921 0.046544 -15.27446
v 5.08672 0.201543 -15.205544
v 4.678463 -0.134761 -15.336483
v 6.011147 -1.536738 -14.896416
v 6.007072 -1.541774 -14.897396
v 4.508446 -0.341426 -15.390629
v 6.007072 -1.541774 -14.897396
v 5.991802 -1.562037 -14.902321
v 5.991802 -1.562037 -14.902321
v 4.364891 -0.571376 -15.436901
v 4.508446 -0.341426 -15.390629
v 6.202545 -1.627925 -14.829468
v 6.207638 -1.624873 -14.83242
v 6.207638 -1.631953 -14.83242
v 6.204582 -1.599543 -14.834389
v 6.198475 -1.597499 -14.831436
v 6.202545 -1.592433 -14.834389
v 6.198475 -1.660304 -14.831436
v 6.203564 -1.657283 -14.834389
v 6.202545 -1.664363 -14.834389
v 6.193382 -1.567103 -14.837345
v 6.187275 -1.567103 -14.835377
v 6.190327 -1.562037 -14.838329
v 6.176075 -1.541774 -14.84325
v 6.169968 -1.541774 -14.840298
v 6.172005 -1.536738 -14.844238
v 6.15266 -1.520533 -14.851128
v 6.146553 -1.522547 -14.848171
v 6.147572 -1.518519 -14.852112
v 6.125172 -1.50738 -14.859989
v 6.120079 -1.511409 -14.856049
v 6.119064 -1.504328 -14.860973
v 6.094631 -1.502284 -14.868851
v 6.090557 -1.50738 -14.865894
v 6.08852 -1.502284 -14.871803
v 6.064087 -1.504328 -14.879677
v 6.061031 -1.511409 -14.87574
v 6.058994 -1.50738 -14.880665
v 6.03558 -1.518519 -14.888538
v 6.034561 -1.522547 -14.884602
v 6.030491 -1.520533 -14.889523
v 6.011147 -1.536738 -14.896416
v 6.011147 -1.541774 -14.891495
v 6.007072 -1.541774 -14.897396
v 5.991802 -1.562037 -14.902321
v 5.992821 -1.567103 -14.897396
v 5.988747 -1.567103 -14.903305
v 5.978565 -1.592433 -14.906258
v 5.980602 -1.597499 -14.901337
v 5.977547 -1.597499 -14.907246
v 5.974495 -1.624873 -14.90823
v 5.977547 -1.627925 -14.902321
v 5.973476 -1.629939 -14.90823
v 5.976532 -1.657283 -14.907246
v 5.980602 -1.660304 -14.901337
v 5.978565 -1.662318 -14.906258
v 5.987728 -1.687648 -14.903305
v 5.991802 -1.687648 -14.897396
v 5.989765 -1.692744 -14.902321
v 6.005035 -1.716029 -14.897396
v 6.009109 -1.712977 -14.891495
v 6.009109 -1.718043 -14.896416
v 6.028454 -1.734278 -14.889523
v 6.032524 -1.734278 -14.884602
v 6.033543 -1.739314 -14.888538
v 6.055943 -1.748439 -14.880665
v 6.060013 -1.745417 -14.87574
v 6.06205 -1.750483 -14.879677
v 6.086483 -1.752497 -14.871803
v 6.08852 -1.750483 -14.865894
v 6.091576 -1.755519 -14.869831
v 6.117027 -1.750483 -14.861958
v 6.118046 -1.745417 -14.856049
v 6.122116 -1.748439 -14.859989
v 6.145535 -1.739314 -14.852112
v 6.145535 -1.734278 -14.848171
v 6.150623 -1.736293 -14.851128
v 6.169968 -1.720088 -14.844238
v 6.168949 -1.712977 -14.840298
v 6.174042 -1.716029 -14.84325
v 6.186256 -1.687648 -14.835377
v 6.192364 -1.687648 -14.837345
v 6.189312 -1.694758 -14.838329
v 6.207638 -1.624873 -14.83242
v 6.198475 -1.597499 -14.831436
v 6.204582 -1.599543 -14.834389
v 6.203564 -1.657283 -14.834389
v 6.202545 -1.627925 -14.829468
v 6.207638 -1.631953 -14.83242
v 6.202545 -1.592433 -14.834389
v 6.187275 -1.567103 -14.835377
v 6.193382 -1.567103 -14.837345
v 6.190327 -1.562037 -14.838329
v 6.169968 -1.541774 -14.840298
v 6.176075 -1.541774 -14.84325
v 6.172005 -1.536738 -14.844238
v 6.146553 -1.522547 -14.848171
v 6.15266 -1.520533 -14.851128
v 6.147572 -1.518519 -14.852112
v 6.120079 -1.511409 -14.856049
v 6.125172 -1.50738 -14.859989
v 6.119064 -1.504328 -14.860973
v 6.090557 -1.50738 -14.865894
v 6.094631 -1.502284 -14.868851
v 6.08852 -1.502284 -14.871803
v 6.061031 -1.511409 -14.87574
v 6.064087 -1.504328 -14.879677
v 6.058994 -1.50738 -14.880665
v 6.034561 -1.522547 -14.884602
v 6.03558 -1.518519 -14.888538
v 6.030491 -1.520533 -14.889523
v 6.011147 -1.541774 -14.891495
v 6.011147 -1.536738 -14.896416
v 6.007072 -1.541774 -14.897396
v 5.992821 -1.567103 -14.897396
v 5.991802 -1.562037 -14.902321
v 5.988747 -1.567103 -14.903305
v 5.980602 -1.597499 -14.901337
v 5.978565 -1.592433 -14.906258
v 5.977547 -1.597499 -14.907246
v 5.977547 -1.627925 -14.902321
v 5.974495 -1.624873 -14.90823
v 5.973476 -1.629939 -14.90823
v 5.980602 -1.660304 -14.901337
v 5.976532 -1.657283 -14.907246
v 5.978565 -1.662318 -14.906258
v 5.991802 -1.687648 -14.897396
v 5.987728 -1.687648 -14.903305
v 5.989765 -1.692744 -14.902321
v 6.009109 -1.712977 -14.891495
v 6.005035 -1.716029 -14.897396
v 6.009109 -1.718043 -14.896416
v 6.032524 -1.734278 -14.884602
v 6.028454 -1.734278 -14.889523
v 6.033543 -1.739314 -14.888538
v 6.060013 -1.745417 -14.87574
v 6.055943 -1.748439 -14.880665
v 6.06205 -1.750483 -14.879677
v 6.08852 -1.750483 -14.865894
v 6.086483 -1.752497 -14.871803
v 6.091576 -1.755519 -14.869831
v 6.118046 -1.745417 -14.856049
v 6.117027 -1.750483 -14.861958
v 6.122116 -1.748439 -14.859989
v 6.145535 -1.734278 -14.848171
v 6.145535 -1.739314 -14.852112
v 6.150623 -1.736293 -14.851128
v 6.168949 -1.712977 -14.840298
v 6.169968 -1.720088 -14.844238
v 6.192364 -1.687648 -14.837345
v 6.198475 -1.660304 -14.831436
v 6.202545 -1.664363 -14.834389
v 6.174042 -1.716029 -14.84325
v 6.186256 -1.687648 -14.835377
v 6.189312 -1.694758 -14.838329
v 4.678463 -0.134761 -15.336483
v 4.508446 -0.341426 -15.390629
v 4.657085 -0.116542 -15.318764
v 4.657085 -0.116542 -15.318764
v 4.853577 0.06986 -15.255756
v 4.678463 -0.134761 -15.336483
v 5.08672 0.201543 -15.205544
v 4.872921 0.046544 -15.27446
v 5.070427 0.224828 -15.18684
v 5.316807 0.322088 -15.130722
v 5.08672 0.201543 -15.205544
v 5.303574 0.348394 -15.111034
v 5.560131 0.413244 -15.051968
v 5.316807 0.322088 -15.130722
v 5.54995 0.438573 -15.032276
v 5.8116 0.466924 -14.971237
v 5.560131 0.413244 -15.051968
v 5.804474 0.494268 -14.950562
v 6.067139 0.485173 -14.887554
v 5.8116 0.466924 -14.971237
v 6.063068 0.512517 -14.866879
v 6.321663 0.466924 -14.804855
v 6.067139 0.485173 -14.887554
v 6.322681 0.496312 -14.782211
v 6.572113 0.413244 -14.723145
v 6.321663 0.466924 -14.804855
v 6.576187 0.440618 -14.7005
v 6.814419 0.325109 -14.644382
v 6.572113 0.413244 -14.723145
v 6.821545 0.352453 -14.620758
v 7.042469 0.201543 -14.569561
v 6.814419 0.325109 -14.644382
v 7.054688 0.229894 -14.544949
v 7.254234 0.048558 -14.49966
v 7.042469 0.201543 -14.569561
v 7.269505 0.073888 -14.475048
v 7.445633 -0.132746 -14.436653
v 7.254234 0.048558 -14.49966
v 7.463963 -0.111506 -14.412045
v 7.612602 -0.341426 -14.382507
v 7.445633 -0.132746 -14.436653
v 7.632965 -0.320155 -14.355927
v 7.753098 -0.571376 -14.335255
v 7.612602 -0.341426 -14.382507
v 7.776512 -0.55514 -14.30867
v 7.864071 -0.819545 -14.29784
v 7.753098 -0.571376 -14.335255
v 7.889523 -0.805354 -14.271259
v 7.9445 -1.07989 -14.271259
v 7.864071 -0.819545 -14.29784
v 7.971989 -1.07281 -14.244678
v 7.992352 -1.351344 -14.254524
v 7.9445 -1.07989 -14.271259
v 8.020855 -1.346278 -14.227943
v 8.007622 -1.627925 -14.248615
v 7.992352 -1.351344 -14.254524
v 8.036125 -1.627925 -14.222034
v 7.988277 -1.903407 -14.254524
v 8.007622 -1.627925 -14.248615
v 8.016785 -1.908503 -14.226959
v 7.936356 -2.174922 -14.269291
v 7.988277 -1.903407 -14.254524
v 7.963844 -2.184016 -14.24271
v 7.851852 -2.437251 -14.295872
v 7.936356 -2.174922 -14.269291
v 7.879341 -2.451442 -14.270275
v 7.736809 -2.686457 -14.333286
v 7.851852 -2.437251 -14.295872
v 7.76226 -2.702662 -14.307686
v 7.593258 -2.91537 -14.378571
v 7.736809 -2.686457 -14.333286
v 7.615658 -2.936671 -14.35297
v 7.422218 -3.125087 -14.43272
v 7.593258 -2.91537 -14.378571
v 7.442581 -3.148371 -14.409088
v 7.228783 -3.308406 -14.49474
v 7.422218 -3.125087 -14.43272
v 7.245071 -3.333735 -14.473083
v 7.014984 -3.46139 -14.563656
v 7.228783 -3.308406 -14.49474
v 7.028217 -3.488734 -14.54298
v 6.783875 -3.581935 -14.638477
v 7.014984 -3.46139 -14.563656
v 6.793037 -3.614344 -14.617805
v 6.540554 -3.673091 -14.716251
v 6.783875 -3.581935 -14.638477
v 6.546661 -3.705531 -14.697548
v 6.289085 -3.725764 -14.79895
v 6.540554 -3.673091 -14.716251
v 6.291122 -3.758174 -14.780243
v 6.033543 -3.744014 -14.880665
v 6.289085 -3.725764 -14.79895
v 6.031509 -3.77743 -14.863926
v 5.778004 -3.725764 -14.964344
v 6.033543 -3.744014 -14.880665
v 5.771896 -3.758174 -14.947605
v 5.527554 -3.670038 -15.046059
v 5.778004 -3.725764 -14.964344
v 5.517372 -3.702479 -15.030304
v 5.286266 -3.581934 -15.124817
v 5.527554 -3.670038 -15.046059
v 5.272011 -3.612329 -15.11005
v 5.057194 -3.459346 -15.19865
v 5.286266 -3.581934 -15.124817
v 5.039886 -3.48672 -15.185856
v 4.845432 -3.305384 -15.268551
v 5.057194 -3.459346 -15.19865
v 4.825069 -3.329707 -15.255756
v 4.655048 -3.122035 -15.331558
v 4.845432 -3.305384 -15.268551
v 4.631634 -3.143306 -15.317776
v 4.488083 -2.91537 -15.386692
v 4.655048 -3.122035 -15.331558
v 4.462631 -2.932611 -15.373894
v 4.347584 -2.683406 -15.432964
v 4.488083 -2.91537 -15.386692
v 4.320099 -2.69961 -15.420162
v 4.236614 -2.437251 -15.470375
v 4.347584 -2.683406 -15.432964
v 4.208107 -2.446376 -15.457577
v 4.156185 -2.174922 -15.496956
v 4.236614 -2.437251 -15.470375
v 4.126659 -2.182002 -15.484158
v 4.108334 -1.903407 -15.513691
v 4.156185 -2.174922 -15.496956
v 4.078808 -1.908503 -15.500893
v 4.094082 -1.627925 -15.519596
v 4.108334 -1.903407 -15.513691
v 4.064556 -1.627925 -15.506802
v 4.113426 -1.351344 -15.514675
v 4.094082 -1.627925 -15.519596
v 4.0839 -1.34933 -15.500893
v 4.165348 -1.081904 -15.498924
v 4.113426 -1.351344 -15.514675
v 4.136841 -1.074824 -15.484158
v 4.249851 -0.819545 -15.47234
v 4.165348 -1.081904 -15.498924
v 4.222359 -0.81042 -15.457577
v 4.364891 -0.571376 -15.436901
v 4.249851 -0.819545 -15.47234
v 4.339439 -0.55923 -15.420162
v 4.508446 -0.341426 -15.390629
v 4.364891 -0.571376 -15.436901
v 4.485027 -0.325221 -15.374878
v 8.226509 -1.62689 12.277591
v 8.974808 -1.627928 11.919238
v 8.167461 -0.729399 12.275623
v 8.226509 -1.62689 12.277591
v 8.17968 -2.526396 12.278583
v 8.974808 -1.627928 11.919238
v 8.17968 -2.526396 12.278583
v 8.002533 -3.412748 12.273653
v 8.918812 -2.622648 11.919238
v 8.002533 -3.412748 12.273653
v 7.70932 -4.264677 12.277591
v 8.725376 -3.602171 11.919237
v 7.70932 -4.264677 12.277591
v 7.305138 -5.075041 12.276607
v 8.398567 -4.548307 11.918254
v 7.305138 -5.075041 12.276607
v 6.797112 -5.823637 12.273653
v 7.950607 -5.443785 11.916278
v 6.797112 -5.823637 12.273653
v 6.194401 -6.50131 12.269716
v 7.387604 -6.27136 11.912349
v 6.194401 -6.50131 12.269716
v 5.509228 -7.094938 12.26578
v 6.720753 -7.022001 11.908411
v 5.509228 -7.094938 12.26578
v 4.750748 -7.595335 12.261844
v 5.960243 -7.676359 11.90349
v 4.750748 -7.595335 12.261844
v 3.938313 -8.00659 12.257907
v 5.121334 -8.230467 11.90053
v 3.938313 -8.00659 12.257907
v 3.077007 -8.301359 12.255939
v 4.22134 -8.67819 11.895609
v 3.077007 -8.301359 12.255939
v 2.184143 -8.477629 12.252977
v 3.269428 -9.006407 11.892656
v 2.184143 -8.477629 12.252977
v 1.277023 -8.535368 12.250025
v 2.281879 -9.200865 11.889705
v 1.277023 -8.535368 12.250025
v 0.36787 -8.484709 12.24708
v 1.27906 -9.262663 11.886751
v 0.36787 -8.484709 12.24708
v -0.526016 -8.311521 12.244121
v 0.276241 -9.20294 11.883791
v -0.526016 -8.311521 12.244121
v -1.386303 -8.019773 12.240184
v -0.711308 -9.013487 11.87887
v -1.386303 -8.019773 12.240184
v -2.20179 -7.617613 12.236239
v -1.662205 -8.688322 11.875925
v -2.20179 -7.617613 12.236239
v -2.954163 -7.113157 12.231318
v -2.56118 -8.242613 11.871982
v -2.954163 -7.113157 12.231318
v -3.631191 -6.517546 12.227382
v -3.390923 -7.686521 11.867061
v -3.631191 -6.517546 12.227382
v -4.222702 -5.838835 12.220492
v -4.139217 -7.027067 11.862131
v -4.222702 -5.838835 12.220492
v -4.716476 -5.089231 12.215571
v -4.791817 -6.279447 11.856227
v -4.716476 -5.089231 12.215571
v -5.105385 -4.283903 12.207698
v -5.334457 -5.449827 11.849338
v -5.105385 -4.283903 12.207698
v -5.383324 -3.430967 12.200801
v -5.763073 -4.559446 11.842447
v -5.383324 -3.430967 12.200801
v -5.544186 -2.551725 12.192928
v -6.069523 -3.62042 11.833583
v -5.544186 -2.551725 12.192928
v -5.588982 -1.657286 12.187015
v -6.245651 -2.647978 11.82571
v -5.588982 -1.657286 12.187015
v -5.519749 -0.760801 12.18111
v -6.294518 -1.661344 11.81882
v -5.519749 -0.760801 12.18111
v -5.335476 0.117464 12.177173
v -6.217144 -0.674711 11.811923
v -5.335476 0.117464 12.177173
v -5.02496 0.964296 12.186038
v -6.01556 0.296755 11.807002
v -5.02496 0.964296 12.186038
v -4.60347 1.753389 12.194896
v -5.696899 1.237795 11.804057
v -4.11784 2.506044 12.188007
v -4.697132 2.954805 11.803065
v -4.60347 1.753389 12.194896
v -3.529381 3.184755 12.189975
v -4.047588 3.70743 11.804057
v -4.11784 2.506044 12.188007
v -2.87373 3.794527 12.183078
v -3.305405 4.369906 11.806018
v -3.529381 3.184755 12.189975
v -2.12849 4.306093 12.182095
v -2.478714 4.921969 11.810939
v -2.87373 3.794527 12.183078
v -1.326233 4.705202 12.186038
v -1.592976 5.369722 11.817836
v -2.12849 4.306093 12.182095
v -0.480202 5.002016 12.192928
v -0.660404 5.698946 11.82571
v -1.326233 4.705202 12.186038
v 0.397392 5.188387 12.199818
v 0.308819 5.903566 11.833583
v -0.480202 5.002016 12.192928
v 1.292297 5.254244 12.207698
v 1.296368 5.980532 11.842448
v 0.397392 5.188387 12.199818
v 2.19025 5.202578 12.214581
v 2.287987 5.918764 11.850322
v 1.292297 5.254244 12.207698
v 3.072937 5.022249 12.222461
v 3.264336 5.728304 11.858203
v 2.19025 5.202578 12.214581
v 3.930168 4.736605 12.229358
v 4.213196 5.411257 11.866069
v 3.072937 5.022249 12.222461
v 4.745659 4.343569 12.23624
v 5.115227 4.974642 11.872966
v 3.930168 4.736605 12.229358
v 5.500065 3.839113 12.243137
v 5.95108 4.416506 11.880847
v 4.745659 4.343569 12.23624
v 6.179131 3.236391 12.250026
v 6.704464 3.755037 11.888713
v 5.500065 3.839113 12.243137
v 6.780823 2.560732 12.256923
v 7.371315 3.006441 11.896594
v 6.179131 3.236391 12.250026
v 7.289867 1.81418 12.262828
v 7.935337 2.18088 11.902498
v 6.780823 2.560732 12.256923
v 7.696087 1.005831 12.267749
v 8.385334 1.287417 11.909396
v 7.289867 1.81418 12.262828
v 7.991333 0.153933 12.27267
v 8.712139 0.342348 11.912349
v 7.696087 1.005831 12.267749
v 8.167461 -0.729399 12.275623
v 8.90863 -0.634184 11.916278
v 7.991333 0.153933 12.27267
v 8.90863 -0.634184 11.916278
v 9.83815 -0.515654 11.428966
v 8.712139 0.342348 11.912349
v 8.712139 0.342348 11.912349
v 9.615185 0.582399 11.425021
v 8.385334 1.287417 11.909396
v 8.385334 1.287417 11.909396
v 9.247658 1.640963 11.420099
v 7.935337 2.18088 11.902498
v 7.935337 2.18088 11.902498
v 8.742683 2.641756 11.414188
v 7.371315 3.006441 11.896594
v 7.371315 3.006441 11.896594
v 8.109428 3.569643 11.407298
v 6.704464 3.755037 11.888713
v 6.704464 3.755037 11.888713
v 7.360115 4.408388 11.399426
v 5.95108 4.416506 11.880847
v 5.95108 4.416506 11.880847
v 6.508991 5.143831 11.391544
v 5.115227 4.974642 11.872966
v 5.115227 4.974642 11.872966
v 5.570312 5.761751 11.383678
v 4.213196 5.411257 11.866069
v 4.213196 5.411257 11.866069
v 4.560368 6.251009 11.375796
v 3.264336 5.728304 11.858203
v 3.264336 5.728304 11.858203
v 3.499516 6.604525 11.3689
v 2.287987 5.918764 11.850322
v 2.287987 5.918764 11.850322
v 2.406086 6.813204 11.362019
v 1.296368 5.980532 11.842448
v 1.296368 5.980532 11.842448
v 1.297386 6.878023 11.354137
v 0.308819 5.903566 11.833583
v 0.308819 5.903566 11.833583
v 0.192757 6.794985 11.345279
v -0.660404 5.698946 11.82571
v -0.660404 5.698946 11.82571
v -0.890491 6.565035 11.336414
v -1.592976 5.369722 11.817836
v -1.592976 5.369722 11.817836
v -1.934032 6.198336 11.32854
v -2.478714 4.921969 11.810939
v -2.478714 4.921969 11.810939
v -2.9226 5.696932 11.320666
v -3.305405 4.369906 11.806018
v -3.305405 4.369906 11.806018
v -3.838882 5.069857 11.315746
v -4.047588 3.70743 11.804057
v -4.047588 3.70743 11.804057
v -4.668625 4.331423 11.31181
v -4.697132 2.954805 11.803065
v -4.697132 2.954805 11.803065
v -5.399616 3.490664 11.310825
v -5.248936 2.125185 11.803064
v -5.248936 2.125185 11.803064
v -6.018616 2.566805 11.310825
v -5.696899 1.237795 11.804057
v -6.01556 0.296755 11.807002
v -5.696899 1.237795 11.804057
v -6.878902 0.519594 11.315746
v -6.217144 -0.674711 11.811923
v -6.01556 0.296755 11.807002
v -7.105938 -0.566282 11.321651
v -6.294518 -1.661344 11.81882
v -6.217144 -0.674711 11.811923
v -7.192474 -1.669432 11.329524
v -6.245651 -2.647978 11.82571
v -6.294518 -1.661344 11.81882
v -7.13546 -2.774595 11.337398
v -6.069523 -3.62042 11.833583
v -6.245651 -2.647978 11.82571
v -6.933876 -3.858457 11.346254
v -5.763073 -4.559446 11.842447
v -6.069523 -3.62042 11.833583
v -6.591801 -4.907926 11.355121
v -5.334457 -5.449827 11.849338
v -5.763073 -4.559446 11.842447
v -6.112282 -5.90164 11.362993
v -4.791817 -6.279447 11.856227
v -5.334457 -5.449827 11.849338
v -5.50346 -6.825468 11.36989
v -4.139217 -7.027067 11.862131
v -4.791817 -6.279447 11.856227
v -4.774506 -7.663206 11.375795
v -3.390923 -7.686521 11.867061
v -4.139217 -7.027067 11.862131
v -3.939674 -8.398619 11.379732
v -2.56118 -8.242613 11.871982
v -3.390923 -7.686521 11.867061
v -3.011173 -9.021574 11.384662
v -1.662205 -8.688322 11.875925
v -2.56118 -8.242613 11.871982
v -2.007336 -9.515928 11.388598
v -0.711308 -9.013487 11.87887
v -1.662205 -8.688322 11.875925
v -0.94445 -9.877563 11.392534
v 0.276241 -9.20294 11.883791
v -0.711308 -9.013487 11.87887
v 0.156105 -10.098387 11.395487
v 1.27906 -9.262663 11.886751
v 0.276241 -9.20294 11.883791
v 1.277023 -10.172331 11.39844
v 2.281879 -9.200865 11.889705
v 1.27906 -9.262663 11.886751
v 2.39896 -10.100431 11.400408
v 3.269428 -9.006407 11.892656
v 2.281879 -9.200865 11.889705
v 3.502571 -9.884672 11.40336
v 4.22134 -8.67819 11.895609
v 3.269428 -9.006407 11.892656
v 4.570549 -9.525053 11.406322
v 5.121334 -8.230467 11.90053
v 4.22134 -8.67819 11.895609
v 5.583546 -9.032713 11.410257
v 5.960243 -7.676359 11.90349
v 5.121334 -8.230467 11.90053
v 6.523243 -8.410765 11.415178
v 6.720753 -7.022001 11.908411
v 5.960243 -7.676359 11.90349
v 7.375385 -7.675352 11.419108
v 7.387604 -6.27136 11.912349
v 6.720753 -7.022001 11.908411
v 8.122665 -6.834562 11.423053
v 7.950607 -5.443785 11.916278
v 7.387604 -6.27136 11.912349
v 8.75388 -5.905699 11.42699
v 8.398567 -4.548307 11.918254
v 7.950607 -5.443785 11.916278
v 9.255802 -4.90283 11.429941
v 8.725376 -3.602171 11.919237
v 8.398567 -4.548307 11.918254
v 9.620277 -3.844297 11.431911
v 8.918812 -2.622648 11.919238
v 8.725376 -3.602171 11.919237
v 9.841202 -2.746244 11.431911
v 8.974808 -1.627928 11.919238
v 8.918812 -2.622648 11.919238
v 9.914505 -1.629942 11.430925
v 8.974808 -1.627928 11.919238
v 9.914505 -1.629942 11.430925
v 8.90863 -0.634184 11.916278
v 9.914505 -1.629942 11.430925
v 10.804317 -1.629942 10.733905
v 9.83815 -0.515654 11.428966
v 9.914505 -1.629942 11.430925
v 9.841202 -2.746244 11.431911
v 10.804317 -1.629942 10.733905
v 9.841202 -2.746244 11.431911
v 9.620277 -3.844297 11.431911
v 10.723888 -2.860685 10.734889
v 9.620277 -3.844297 11.431911
v 9.255802 -4.90283 11.429941
v 10.479546 -4.070188 10.734889
v 9.255802 -4.90283 11.429941
v 8.75388 -5.905699 11.42699
v 10.0774 -5.23712 10.732921
v 8.75388 -5.905699 11.42699
v 8.122665 -6.834562 11.423053
v 9.522541 -6.344297 10.728983
v 8.122665 -6.834562 11.423053
v 7.375385 -7.675352 11.419108
v 8.826164 -7.368406 10.725046
v 7.375385 -7.675352 11.419108
v 6.523243 -8.410765 11.415178
v 8.001514 -8.294279 10.720125
v 6.523243 -8.410765 11.415178
v 5.583546 -9.032713 11.410257
v 7.062832 -9.107695 10.716181
v 5.583546 -9.032713 11.410257
v 4.570549 -9.525053 11.406322
v 6.026417 -9.791471 10.71126
v 4.570549 -9.525053 11.406322
v 3.502571 -9.884672 11.40336
v 4.909573 -10.337461 10.707323
v 3.502571 -9.884672 11.40336
v 2.39896 -10.100431 11.400408
v 3.732658 -10.732512 10.704371
v 2.39896 -10.100431 11.400408
v 1.277023 -10.172331 11.39844
v 2.516041 -10.971586 10.702402
v 1.277023 -10.172331 11.39844
v 0.156105 -10.098387 11.395487
v 1.280079 -11.050596 10.700434
v 0.156105 -10.098387 11.395487
v -0.94445 -9.877563 11.392534
v 0.044117 -10.969543 10.698465
v -0.94445 -9.877563 11.392534
v -2.007336 -9.515928 11.388598
v -1.170467 -10.725431 10.695505
v -2.007336 -9.515928 11.388598
v -3.011173 -9.021574 11.384662
v -2.34127 -10.326292 10.69256
v -3.011173 -9.021574 11.384662
v -3.939674 -8.398619 11.379732
v -3.447933 -9.778257 10.688616
v -3.939674 -8.398619 11.379732
v -4.774506 -7.663206 11.375795
v -4.471115 -9.093534 10.684679
v -4.774506 -7.663206 11.375795
v -5.50346 -6.825468 11.36989
v -5.391472 -8.281096 10.679758
v -5.50346 -6.825468 11.36989
v -6.112282 -5.90164 11.362993
v -6.193729 -7.359281 10.674837
v -6.112282 -5.90164 11.362993
v -6.591801 -4.907926 11.355121
v -6.863628 -6.340269 10.668932
v -6.591801 -4.907926 11.355121
v -6.933876 -3.858457 11.346254
v -7.38998 -5.24423 10.661052
v -6.933876 -3.858457 11.346254
v -7.13546 -2.774595 11.337398
v -7.766674 -4.088407 10.653177
v -7.13546 -2.774595 11.337398
v -7.192474 -1.669432 11.329524
v -7.985565 -2.893095 10.644313
v -7.192474 -1.669432 11.329524
v -7.105938 -0.566282 11.321651
v -8.04665 -1.676512 10.636438
v -7.105938 -0.566282 11.321651
v -6.878902 0.519594 11.315746
v -7.949932 -0.459928 10.628566
v -6.878902 0.519594 11.315746
v -6.514427 1.571047 11.311809
v -7.698463 0.735354 10.622653
v -6.514427 1.571047 11.311809
v -6.018616 2.566805 11.310825
v -7.296318 1.892183 10.618715
v -5.399616 3.490664 11.310825
v -6.068501 4.008272 10.616748
v -6.018616 2.566805 11.310825
v -4.668625 4.331423 11.31181
v -5.26421 4.935152 10.617732
v -5.399616 3.490664 11.310825
v -3.838882 5.069857 11.315746
v -4.350983 5.749575 10.621677
v -4.668625 4.331423 11.31181
v -2.9226 5.696932 11.320666
v -3.342052 6.439425 10.627575
v -3.838882 5.069857 11.315746
v -1.934032 6.198336 11.32854
v -2.255753 6.994539 10.634472
v -2.9226 5.696932 11.320666
v -0.890491 6.565035 11.336414
v -1.106327 7.400728 10.642352
v -1.934032 6.198336 11.32854
v 0.192757 6.794985 11.345279
v 0.085857 7.652956 10.651211
v -0.890491 6.565035 11.336414
v 1.297386 6.878023 11.354137
v 1.302475 7.746157 10.659084
v 0.192757 6.794985 11.345279
v 2.406086 6.813204 11.362019
v 2.524185 7.677279 10.666958
v 1.297386 6.878023 11.354137
v 3.499516 6.604525 11.3689
v 3.729603 7.447329 10.673855
v 2.406086 6.813204 11.362019
v 4.560368 6.251009 11.375796
v 4.899391 7.057314 10.67976
v 3.499516 6.604525 11.3689
v 5.570312 5.761751 11.383678
v 6.012165 6.518435 10.68764
v 4.560368 6.251009 11.375796
v 6.508991 5.143831 11.391544
v 7.047562 5.83771 10.694523
v 5.570312 5.761751 11.383678
v 7.360115 4.408388 11.399426
v 7.98624 5.028353 10.702402
v 6.508991 5.143831 11.391544
v 8.109428 3.569643 11.407298
v 8.812931 4.104525 10.710283
v 7.360115 4.408388 11.399426
v 8.742683 2.641756 11.414188
v 9.511341 3.080385 10.717166
v 8.109428 3.569643 11.407298
v 9.247658 1.640963 11.420099
v 10.068237 1.975252 10.724063
v 8.742683 2.641756 11.414188
v 9.615185 0.582399 11.425021
v 10.474453 0.807283 10.728984
v 9.247658 1.640963 11.420099
v 9.83815 -0.515654 11.428966
v 10.720833 -0.399168 10.731943
v 9.615185 0.582399 11.425021
v 10.720833 -0.399168 10.731943
v 11.752159 -0.267485 9.681482
v 10.474453 0.807283 10.728984
v 10.474453 0.807283 10.728984
v 11.478292 1.074709 9.678531
v 10.068237 1.975252 10.724063
v 10.068237 1.975252 10.724063
v 11.027279 2.370302 9.673601
v 9.511341 3.080385 10.717166
v 9.511341 3.080385 10.717166
v 10.408279 3.59601 9.666713
v 8.812931 4.104525 10.710283
v 8.812931 4.104525 10.710283
v 9.633511 4.730532 9.659824
v 7.98624 5.028353 10.702402
v 7.047562 5.83771 10.694523
v 7.98624 5.028353 10.702402
v 7.673687 6.65317 9.646037
v 6.012165 6.518435 10.68764
v 7.047562 5.83771 10.694523
v 6.526299 7.407808 9.639149
v 4.899391 7.057314 10.67976
v 6.012165 6.518435 10.68764
v 5.292374 8.006502 9.633244
v 3.729603 7.447329 10.673855
v 4.899391 7.057314 10.67976
v 3.996346 8.436007 9.628315
v 3.729603 7.447329 10.673855
v 3.996346 8.436007 9.628315
v 2.524185 7.677279 10.666958
v 2.524185 7.677279 10.666958
v 2.659592 8.691256 9.62241
v 1.302475 7.746157 10.659084
v 1.302475 7.746157 10.659084
v 1.305531 8.768252 9.616505
v 0.085857 7.652956 10.651211
v 0.085857 7.652956 10.651211
v -0.043438 8.662905 9.60863
v -1.106327 7.400728 10.642352
v -1.106327 7.400728 10.642352
v -1.363903 8.382296 9.60075
v -2.255753 6.994539 10.634472
v -2.255753 6.994539 10.634472
v -2.635498 7.929506 9.593861
v -3.342052 6.439425 10.627575
v -3.342052 6.439425 10.627575
v -3.838882 7.312594 9.585986
v -4.350983 5.749575 10.621677
v -4.350983 5.749575 10.621677
v -4.953693 6.546816 9.580082
v -5.26421 4.935152 10.617732
v -5.26421 4.935152 10.617732
v -5.965675 5.643221 9.577129
v -6.068501 4.008272 10.616748
v -6.068501 4.008272 10.616748
v -6.856503 4.617098 9.57516
v -6.750622 2.990236 10.616748
v -6.750622 2.990236 10.616748
v -7.610909 3.486605 9.576143
v -7.296318 1.892183 10.618715
v -7.698463 0.735354 10.622653
v -7.296318 1.892183 10.618715
v -8.662598 0.988619 9.58205
v -7.949932 -0.459928 10.628566
v -7.698463 0.735354 10.622653
v -8.94257 -0.339384 9.588939
v -8.04665 -1.676512 10.636438
v -7.949932 -0.459928 10.628566
v -9.051506 -1.685636 9.596811
v -7.985565 -2.893095 10.644313
v -8.04665 -1.676512 10.636438
v -8.986351 -3.031889 9.604694
v -7.766674 -4.088407 10.653177
v -7.985565 -2.893095 10.644313
v -8.745064 -4.35684 9.611583
v -7.38998 -5.24423 10.661052
v -7.766674 -4.088407 10.653177
v -8.3307 -5.63928 9.618471
v -6.863628 -6.340269 10.668932
v -7.38998 -5.24423 10.661052
v -7.748352 -6.855863 9.625368
v -6.193729 -7.359281 10.674837
v -6.863628 -6.340269 10.668932
v -7.007183 -7.983305 9.629305
v -5.391472 -8.281096 10.679758
v -6.193729 -7.359281 10.674837
v -6.118385 -9.007414 9.633242
v -4.471115 -9.093534 10.684679
v -5.391472 -8.281096 10.679758
v -5.099277 -9.907928 9.637179
v -3.447933 -9.778257 10.688616
v -4.471115 -9.093534 10.684679
v -3.965126 -10.669706 9.641115
v -3.447933 -9.778257 10.688616
v -3.965126 -10.669706 9.641115
v -2.34127 -10.326292 10.69256
v -2.34127 -10.326292 10.69256
v -2.737309 -11.27545 9.644068
v -1.170467 -10.725431 10.695505
v -1.170467 -10.725431 10.695505
v -1.438225 -11.719145 9.647028
v 0.044117 -10.969543 10.698465
v 0.044117 -10.969543 10.698465
v -0.09129 -11.987577 9.648989
v 1.280079 -11.050596 10.700434
v 1.280079 -11.050596 10.700434
v 1.27906 -12.078764 9.650957
v 2.516041 -10.971586 10.702402
v 2.516041 -10.971586 10.702402
v 2.650429 -11.992643 9.651949
v 3.732658 -10.732512 10.704371
v 3.732658 -10.732512 10.704371
v 3.999397 -11.725218 9.652933
v 4.909573 -10.337461 10.707323
v 4.909573 -10.337461 10.707323
v 5.303574 -11.286589 9.655886
v 6.026417 -9.791471 10.71126
v 6.026417 -9.791471 10.71126
v 6.540554 -10.683867 9.658838
v 7.062832 -9.107695 10.716181
v 7.062832 -9.107695 10.716181
v 7.689976 -9.924131 9.662775
v 8.001514 -8.294279 10.720125
v 8.001514 -8.294279 10.720125
v 8.730465 -9.023619 9.667696
v 8.826164 -7.368406 10.725046
v 9.522541 -6.344297 10.728983
v 8.826164 -7.368406 10.725046
v 10.419479 -6.857878 9.677538
v 10.0774 -5.23712 10.732921
v 9.522541 -6.344297 10.728983
v 11.035423 -5.63217 9.680498
v 10.479546 -4.070188 10.734889
v 10.0774 -5.23712 10.732921
v 11.483383 -4.336576 9.683452
v 10.723888 -2.860685 10.734889
v 10.479546 -4.070188 10.734889
v 11.754196 -2.994383 9.683452
v 10.804317 -1.629942 10.733905
v 10.723888 -2.860685 10.734889
v 11.843788 -1.629942 9.683452
v 10.804317 -1.629942 10.733905
v 11.843788 -1.629942 9.683452
v 10.720833 -0.399168 10.731943
v 11.752159 -0.267485 9.681482
v 11.843788 -1.629942 9.683452
v 12.727489 -0.136808 8.249043
v 11.843788 -1.629942 9.683452
v 11.754196 -2.994383 9.683452
v 12.829298 -1.629942 8.25101
v 11.754196 -2.994383 9.683452
v 11.483383 -4.336576 9.683452
v 12.729527 -3.122038 8.25101
v 11.483383 -4.336576 9.683452
v 11.035423 -5.63217 9.680498
v 12.432243 -4.589841 8.250034
v 11.035423 -5.63217 9.680498
v 10.419479 -6.857878 9.677538
v 11.941525 -6.005979 8.247072
v 9.645729 -7.995451 9.672617
v 10.419479 -8.5921 8.238215
v 10.419479 -6.857878 9.677538
v 8.730465 -9.023619 9.667696
v 9.417675 -9.715483 8.233294
v 9.645729 -7.995451 9.672617
v 7.689976 -9.924131 9.662775
v 8.279453 -10.699064 8.228365
v 8.730465 -9.023619 9.667696
v 6.540554 -10.683867 9.658838
v 7.024147 -11.530729 8.224428
v 7.689976 -9.924131 9.662775
v 5.303574 -11.286589 9.655886
v 5.672119 -12.192198 8.222468
v 6.540554 -10.683867 9.658838
v 3.999397 -11.725218 9.652933
v 4.246796 -12.673368 8.221477
v 5.303574 -11.286589 9.655886
v 2.650429 -11.992643 9.651949
v 2.772598 -12.963072 8.220492
v 3.999397 -11.725218 9.652933
v 1.27906 -12.078764 9.650957
v 1.272953 -13.060331 8.220492
v 2.650429 -11.992643 9.651949
v -0.09129 -11.987577 9.648989
v -0.226696 -12.961027 8.218523
v 1.27906 -12.078764 9.650957
v -1.438225 -11.719145 9.647028
v -1.699875 -12.666258 8.217531
v -0.09129 -11.987577 9.648989
v -2.737309 -11.27545 9.644068
v -3.121128 -12.183105 8.215571
v -1.438225 -11.719145 9.647028
v -3.965126 -10.669706 9.641115
v -4.463989 -11.516539 8.21261
v -2.737309 -11.27545 9.644068
v -5.099277 -9.907928 9.637179
v -5.703007 -10.685911 8.21065
v -3.965126 -10.669706 9.641115
v -5.099277 -9.907928 9.637179
v -6.118385 -9.007414 9.633242
v -5.703007 -10.685911 8.21065
v -6.118385 -9.007414 9.633242
v -7.007183 -7.983305 9.629305
v -6.817818 -9.701292 8.207689
v -7.007183 -7.983305 9.629305
v -7.748352 -6.855863 9.625368
v -7.788059 -8.582975 8.204744
v -7.748352 -6.855863 9.625368
v -8.3307 -5.63928 9.618471
v -8.59642 -7.347166 8.201784
v -8.3307 -5.63928 9.618471
v -8.745064 -4.35684 9.611583
v -9.232727 -6.017118 8.197847
v -8.745064 -4.35684 9.611583
v -8.986351 -3.031889 9.604694
v -9.682724 -4.617186 8.193913
v -8.986351 -3.031889 9.604694
v -9.051506 -1.685636 9.596811
v -9.944374 -3.168638 8.187021
v -9.051506 -1.685636 9.596811
v -8.94257 -0.339384 9.588939
v -10.013599 -1.694761 8.180124
v -8.94257 -0.339384 9.588939
v -8.662598 0.988619 9.58205
v -9.892452 -0.222929 8.172252
v -8.662598 0.988619 9.58205
v -8.216675 2.270022 9.577129
v -9.586006 1.227663 8.166348
v -8.216675 2.270022 9.577129
v -7.610909 3.486605 9.576143
v -9.100376 2.629641 8.162401
v -6.856503 4.617098 9.57516
v -7.612946 5.197513 8.159456
v -7.610909 3.486605 9.576143
v -5.965675 5.643221 9.577129
v -6.639648 6.318881 8.161427
v -6.856503 4.617098 9.57516
v -4.953693 6.546816 9.580082
v -5.535023 7.307528 8.164378
v -5.965675 5.643221 9.577129
v -3.838882 7.312594 9.585986
v -4.315346 8.145266 8.169299
v -4.953693 6.546816 9.580082
v -2.635498 7.929506 9.593861
v -3.00201 8.81888 8.176189
v -3.838882 7.312594 9.585986
v -1.363903 8.382296 9.60075
v -1.613335 9.315248 8.183086
v -2.635498 7.929506 9.593861
v -0.043438 8.662905 9.60863
v -0.1707 9.62726 8.188992
v -1.363903 8.382296 9.60075
v 1.305531 8.768252 9.616505
v 1.302475 9.740694 8.194897
v -0.043438 8.662905 9.60863
v 1.305531 8.768252 9.616505
v 2.659592 8.691256 9.62241
v 1.302475 9.740694 8.194897
v 2.659592 8.691256 9.62241
v 3.996346 8.436007 9.628315
v 2.78278 9.65967 8.198833
v 3.996346 8.436007 9.628315
v 5.292374 8.006502 9.633244
v 4.244759 9.381106 8.202769
v 5.292374 8.006502 9.633244
v 6.526299 7.407808 9.639149
v 5.661938 8.90906 8.20573
v 6.526299 7.407808 9.639149
v 7.673687 6.65317 9.646037
v 7.009892 8.254671 8.210651
v 7.673687 6.65317 9.646037
v 8.716213 5.754641 9.652934
v 8.265198 7.431125 8.215572
v 8.716213 5.754641 9.652934
v 9.633511 4.730532 9.659824
v 9.40546 6.448549 8.221478
v 9.633511 4.730532 9.659824
v 10.408279 3.59601 9.666713
v 10.408279 5.327181 8.228366
v 10.408279 3.59601 9.666713
v 11.027279 2.370302 9.673601
v 11.256348 4.085268 8.234271
v 11.027279 2.370302 9.673601
v 11.478292 1.074709 9.678531
v 11.934397 2.746126 8.241168
v 11.478292 1.074709 9.678531
v 11.752159 -0.267485 9.681482
v 12.428171 1.329958 8.246089
v 12.428171 1.329958 8.246089
v 12.727489 -0.136808 8.249043
v 13.119455 1.515352 6.773288
v 11.934397 2.746126 8.241168
v 12.428171 1.329958 8.246089
v 12.595139 3.019625 6.768367
v 11.256348 4.085268 8.234271
v 11.934397 2.746126 8.241168
v 11.874331 4.444858 6.762462
v 10.408279 5.327181 8.228366
v 11.256348 4.085268 8.234271
v 10.972301 5.766818 6.756549
v 9.40546 6.448549 8.221478
v 10.408279 5.327181 8.228366
v 9.905342 6.957034 6.751628
v 8.265198 7.431125 8.215572
v 9.40546 6.448549 8.221478
v 8.693813 8.001436 6.746707
v 7.009892 8.254671 8.210651
v 8.265198 7.431125 8.215572
v 7.360115 8.878664 6.742763
v 5.661938 8.90906 8.20573
v 7.009892 8.254671 8.210651
v 5.927662 9.573549 6.739818
v 4.244759 9.381106 8.202769
v 5.661938 8.90906 8.20573
v 4.421906 10.072968 6.737842
v 2.78278 9.65967 8.198833
v 4.244759 9.381106 8.202769
v 2.86932 10.369753 6.735873
v 1.302475 9.740694 8.194897
v 2.78278 9.65967 8.198833
v 1.296368 10.455843 6.732921
v -0.1707 9.62726 8.188992
v 1.302475 9.740694 8.194897
v -0.269455 10.332277 6.729968
v -0.1707 9.62726 8.188992
v -0.269455 10.332277 6.729968
v -1.613335 9.315248 8.183086
v -1.613335 9.315248 8.183086
v -1.801682 10.003054 6.725039
v -3.00201 8.81888 8.176189
v -3.00201 8.81888 8.176189
v -3.276897 9.475313 6.720119
v -4.315346 8.145266 8.169299
v -4.315346 8.145266 8.169299
v -4.673717 8.759127 6.715198
v -5.535023 7.307528 8.164378
v -5.535023 7.307528 8.164378
v -5.969746 7.866702 6.710277
v -6.639648 6.318881 8.161427
v -6.639648 6.318881 8.161427
v -7.144623 6.818271 6.707324
v -7.612946 5.197513 8.159456
v -7.612946 5.197513 8.159456
v -8.179005 5.627017 6.70634
v -8.438618 3.959658 8.160442
v -9.100376 2.629641 8.162401
v -8.438618 3.959658 8.160442
v -9.757046 2.897037 6.708308
v -9.586006 1.227663 8.166348
v -9.100376 2.629641 8.162401
v -10.272198 1.405947 6.712253
v -9.892452 -0.222929 8.172252
v -9.586006 1.227663 8.166348
v -10.59697 -0.136808 6.718158
v -10.013599 -1.694761 8.180124
v -9.892452 -0.222929 8.172252
v -10.724228 -1.701841 6.724063
v -9.944374 -3.168638 8.187021
v -10.013599 -1.694761 8.180124
v -10.651947 -3.268919 6.729968
v -9.682724 -4.617186 8.193913
v -9.944374 -3.168638 8.187021
v -10.376045 -4.807614 6.733905
v -9.232727 -6.017118 8.197847
v -9.682724 -4.617186 8.193913
v -9.89856 -6.295682 6.736857
v -8.59642 -7.347166 8.201784
v -9.232727 -6.017118 8.197847
v -9.224583 -7.709775 6.738826
v -7.788059 -8.582975 8.204744
v -8.59642 -7.347166 8.201784
v -8.365311 -9.021574 6.739818
v -6.817818 -9.701292 8.207689
v -7.788059 -8.582975 8.204744
v -7.336025 -10.211851 6.741778
v -6.817818 -9.701292 8.207689
v -7.336025 -10.211851 6.741778
v -5.703007 -10.685911 8.21065
v -5.703007 -10.685911 8.21065
v -6.151985 -11.256193 6.742762
v -4.463989 -11.516539 8.21261
v -4.463989 -11.516539 8.21261
v -4.834576 -12.141569 6.744738
v -3.121128 -12.183105 8.215571
v -3.121128 -12.183105 8.215571
v -3.40823 -12.847593 6.745722
v -1.699875 -12.666258 8.217531
v -1.699875 -12.666258 8.217531
v -1.897385 -13.360168 6.747683
v -0.226696 -12.961027 8.218523
v -0.226696 -12.961027 8.218523
v -0.331562 -13.671141 6.748675
v 1.272953 -13.060331 8.220492
v 1.272953 -13.060331 8.220492
v 1.261753 -13.777494 6.749659
v 2.772598 -12.963072 8.220492
v 2.772598 -12.963072 8.220492
v 2.856083 -13.676206 6.749659
v 4.246796 -12.673368 8.221477
v 4.246796 -12.673368 8.221477
v 4.422924 -13.364195 6.750643
v 5.672119 -12.192198 8.222468
v 5.672119 -12.192198 8.222468
v 5.935806 -12.853666 6.750643
v 7.024147 -11.530729 8.224428
v 7.024147 -11.530729 8.224428
v 7.371315 -12.152708 6.752604
v 8.279453 -10.699064 8.228365
v 8.279453 -10.699064 8.228365
v 8.705013 -11.270384 6.755564
v 9.417675 -9.715483 8.233294
v 9.417675 -9.715483 8.233294
v 9.915524 -10.220976 6.759501
v 10.419479 -8.5921 8.238215
v 10.419479 -8.5921 8.238215
v 10.980446 -9.025663 6.764422
v 11.266529 -7.347166 8.243136
v 11.266529 -7.347166 8.243136
v 11.881456 -7.70474 6.769343
v 11.941525 -6.005979 8.247072
v 11.941525 -6.005979 8.247072
v 12.600227 -6.279447 6.774272
v 12.432243 -4.589841 8.250034
v 12.729527 -3.122038 8.25101
v 12.432243 -4.589841 8.250034
v 13.439137 -3.215208 6.778209
v 12.829298 -1.629942 8.25101
v 12.729527 -3.122038 8.25101
v 13.543999 -1.629942 6.778209
v 12.727489 -0.136808 8.249043
v 12.829298 -1.629942 8.25101
v 13.437099 -0.044615 6.776241
v 13.437099 -0.044615 6.776241
v 13.543999 -1.629942 6.778209
v 13.924765 0.023226 5.25323
v 13.543999 -1.629942 6.778209
v 13.439137 -3.215208 6.778209
v 14.034718 -1.627928 5.254207
v 13.122509 -4.775206 6.777225
v 13.595921 -4.90283 5.25323
v 13.439137 -3.215208 6.778209
v 12.600227 -6.279447 6.774272
v 13.051243 -6.467894 5.25027
v 13.122509 -4.775206 6.777225
v 11.881456 -7.70474 6.769343
v 12.302946 -7.950864 5.246333
v 12.600227 -6.279447 6.774272
v 10.980446 -9.025663 6.764422
v 11.366302 -9.327513 5.241412
v 11.881456 -7.70474 6.769343
v 9.915524 -10.220976 6.759501
v 10.257603 -10.569395 5.235507
v 10.980446 -9.025663 6.764422
v 8.705013 -11.270384 6.755564
v 8.998222 -11.660398 5.231569
v 9.915524 -10.220976 6.759501
v 7.371315 -12.152708 6.752604
v 7.611584 -12.580168 5.227625
v 8.705013 -11.270384 6.755564
v 5.935806 -12.853666 6.750643
v 6.119064 -13.311521 5.225664
v 7.371315 -12.152708 6.752604
v 4.422924 -13.364195 6.750643
v 4.545094 -13.843321 5.22468
v 5.935806 -12.853666 6.750643
v 2.856083 -13.676206 6.749659
v 2.914112 -14.165495 5.223688
v 4.422924 -13.364195 6.750643
v 1.261753 -13.777494 6.749659
v 1.255642 -14.272825 5.22172
v 2.856083 -13.676206 6.749659
v -0.331562 -13.671141 6.748675
v -0.402828 -14.16345 5.220743
v 1.261753 -13.777494 6.749659
v -1.897385 -13.360168 6.747683
v -2.032791 -13.838285 5.218767
v -0.331562 -13.671141 6.748675
v -3.40823 -12.847593 6.745722
v -3.604721 -13.304441 5.216799
v -1.897385 -13.360168 6.747683
v -4.834576 -12.141569 6.744738
v -5.090115 -12.571043 5.21483
v -3.40823 -12.847593 6.745722
v -6.151985 -11.256193 6.742762
v -6.461483 -11.651274 5.212862
v -4.834576 -12.141569 6.744738
v -7.336025 -10.211851 6.741778
v -7.693375 -10.562346 5.211879
v -6.151985 -11.256193 6.742762
v -7.336025 -10.211851 6.741778
v -8.365311 -9.021574 6.739818
v -7.693375 -10.562346 5.211879
v -8.365311 -9.021574 6.739818
v -9.224583 -7.709775 6.738826
v -8.764404 -9.325498 5.210887
v -9.224583 -7.709775 6.738826
v -9.89856 -6.295682 6.736857
v -9.656254 -7.959989 5.20991
v -9.89856 -6.295682 6.736857
v -10.376045 -4.807614 6.733905
v -10.356697 -6.488156 5.20991
v -10.376045 -4.807614 6.733905
v -10.651947 -3.268919 6.729968
v -10.852509 -4.940306 5.208926
v -10.651947 -3.268919 6.729968
v -10.724228 -1.701841 6.724063
v -11.138596 -3.338804 5.206958
v -10.724228 -1.701841 6.724063
v -10.59697 -0.136808 6.718158
v -11.214951 -1.705899 5.204005
v -10.59697 -0.136808 6.718158
v -10.272198 1.405947 6.712253
v -11.083614 -0.075041 5.199077
v -9.757046 2.897037 6.708308
v -10.214165 3.084445 5.191203
v -10.272198 1.405947 6.712253
v -9.05558 4.313173 6.70634
v -9.484196 4.556307 5.190219
v -9.757046 2.897037 6.708308
v -9.05558 4.313173 6.70634
v -8.179005 5.627017 6.70634
v -9.484196 4.556307 5.190219
v -8.179005 5.627017 6.70634
v -7.144623 6.818271 6.707324
v -8.571987 5.923831 5.190219
v -5.969746 7.866702 6.710277
v -6.272118 8.256716 5.19514
v -7.144623 6.818271 6.707324
v -4.673717 8.759127 6.715198
v -4.922131 9.183565 5.199077
v -5.969746 7.866702 6.710277
v -3.276897 9.475313 6.720119
v -3.467278 9.92911 5.204005
v -4.673717 8.759127 6.715198
v -1.801682 10.003054 6.725039
v -1.930981 10.476107 5.207942
v -3.276897 9.475313 6.720119
v -0.269455 10.332277 6.729968
v -0.336651 10.819489 5.210887
v -1.801682 10.003054 6.725039
v 1.296368 10.455843 6.732921
v 1.293312 10.947146 5.213848
v -0.269455 10.332277 6.729968
v 1.296368 10.455843 6.732921
v 2.86932 10.369753 6.735873
v 1.293312 10.947146 5.213848
v 2.86932 10.369753 6.735873
v 4.421906 10.072968 6.737842
v 2.929386 10.859011 5.215816
v 4.421906 10.072968 6.737842
v 5.927662 9.573549 6.739818
v 4.546112 10.551058 5.217784
v 5.927662 9.573549 6.739818
v 7.360115 8.878664 6.742763
v 6.112953 10.030398 5.219751
v 7.360115 8.878664 6.742763
v 8.693813 8.001436 6.746707
v 7.602421 9.308169 5.222705
v 8.693813 8.001436 6.746707
v 9.905342 6.957034 6.751628
v 8.990078 8.393435 5.225665
v 9.905342 6.957034 6.751628
v 10.972301 5.766818 6.756549
v 10.250477 7.307528 5.229602
v 10.972301 5.766818 6.756549
v 11.874331 4.444858 6.762462
v 11.361214 6.067659 5.234523
v 11.874331 4.444858 6.762462
v 12.595139 3.019625 6.768367
v 12.298874 4.693057 5.240428
v 12.595139 3.019625 6.768367
v 13.119455 1.515352 6.773288
v 13.049206 3.210054 5.245349
v 13.119455 1.515352 6.773288
v 13.437099 -0.044615 6.776241
v 13.594902 1.643008 5.25027
v 13.594902 1.643008 5.25027
v 13.924765 0.023226 5.25323
v 13.884041 1.725039 3.74203
v 13.049206 3.210054 5.245349
v 13.594902 1.643008 5.25027
v 13.327145 3.328554 3.735133
v 12.298874 4.693057 5.240428
v 13.049206 3.210054 5.245349
v 12.560524 4.847017 3.72726
v 11.361214 6.067659 5.234523
v 12.298874 4.693057 5.240428
v 11.600464 6.254062 3.71741
v 10.250477 7.307528 5.229602
v 11.361214 6.067659 5.234523
v 10.464275 7.525301 3.708552
v 8.990078 8.393435 5.225665
v 10.250477 7.307528 5.229602
v 9.175373 8.637576 3.69871
v 7.602421 9.308169 5.222705
v 8.990078 8.393435 5.225665
v 7.754116 9.57355 3.689845
v 6.112953 10.030398 5.219751
v 7.602421 9.308169 5.222705
v 6.228001 10.314059 3.680003
v 4.546112 10.551058 5.217784
v 6.112953 10.030398 5.219751
v 4.623489 10.847873 3.669177
v 2.929386 10.859011 5.215816
v 4.546112 10.551058 5.217784
v 2.96909 11.160892 3.659328
v 1.293312 10.947146 5.213848
v 2.929386 10.859011 5.215816
v 1.293312 11.254062 3.650471
v -0.336651 10.819489 5.210887
v 1.293312 10.947146 5.213848
v -0.375336 11.121402 3.640621
v -1.930981 10.476107 5.207942
v -0.336651 10.819489 5.210887
v -2.008354 10.770905 3.630777
v -3.467278 9.92911 5.204005
v -1.930981 10.476107 5.207942
v -3.58334 10.206668 3.620936
v -4.922131 9.183565 5.199077
v -3.467278 9.92911 5.204005
v -5.074844 9.445926 3.610103
v -6.272118 8.256716 5.19514
v -4.922131 9.183565 5.199077
v -6.459446 8.498782 3.599277
v -7.495865 7.163669 5.191203
v -6.272118 8.256716 5.19514
v -7.712715 7.381503 3.591395
v -7.495865 7.163669 5.191203
v -7.712715 7.381503 3.591395
v -8.571987 5.923831 5.190219
v -9.484196 4.556307 5.190219
v -8.571987 5.923831 5.190219
v -9.748898 4.710299 3.579585
v -9.484196 4.556307 5.190219
v -9.748898 4.710299 3.579585
v -10.214165 3.084445 5.191203
v -10.214165 3.084445 5.191203
v -10.495159 3.203981 3.575647
v -10.748665 1.531557 5.194156
v -11.083614 -0.075041 5.199077
v -10.748665 1.531557 5.194156
v -11.383953 -0.037535 3.575647
v -11.214951 -1.705899 5.204005
v -11.083614 -0.075041 5.199077
v -11.516304 -1.708951 3.577617
v -11.138596 -3.338804 5.206958
v -11.214951 -1.705899 5.204005
v -11.436893 -3.380368 3.579585
v -10.852509 -4.940306 5.208926
v -11.138596 -3.338804 5.206958
v -11.143684 -5.021359 3.580569
v -10.356697 -6.488156 5.20991
v -10.852509 -4.940306 5.208926
v -10.636673 -6.608702 3.582538
v -9.656254 -7.959989 5.20991
v -10.356697 -6.488156 5.20991
v -9.920956 -8.115994 3.58549
v -8.764404 -9.325498 5.210887
v -9.656254 -7.959989 5.20991
v -9.007729 -9.513913 3.589435
v -7.693375 -10.562346 5.211879
v -8.764404 -9.325498 5.210887
v -7.911243 -10.781125 3.59534
v -7.693375 -10.562346 5.211879
v -7.911243 -10.781125 3.59534
v -6.461483 -11.651274 5.212862
v -6.461483 -11.651274 5.212862
v -6.650848 -11.895383 3.602228
v -5.090115 -12.571043 5.21483
v -5.090115 -12.571043 5.21483
v -5.245884 -12.835446 3.611094
v -3.604721 -13.304441 5.216799
v -3.604721 -13.304441 5.216799
v -3.724854 -13.587064 3.620935
v -2.032791 -13.838285 5.218767
v -2.032791 -13.838285 5.218767
v -2.114239 -14.133054 3.630776
v -0.402828 -14.16345 5.220743
v -0.402828 -14.16345 5.220743
v -0.445587 -14.465329 3.641603
v 1.255642 -14.272825 5.22172
v 1.255642 -14.272825 5.22172
v 1.253609 -14.578763 3.651453
v 2.914112 -14.165495 5.223688
v 2.914112 -14.165495 5.223688
v 2.951782 -14.467343 3.662279
v 4.545094 -13.843321 5.22468
v 4.545094 -13.843321 5.22468
v 4.621452 -14.13812 3.672129
v 6.119064 -13.311521 5.225664
v 6.119064 -13.311521 5.225664
v 6.233089 -13.59213 3.681971
v 7.611584 -12.580168 5.227625
v 7.611584 -12.580168 5.227625
v 7.761242 -12.844571 3.69182
v 8.998222 -11.660398 5.231569
v 8.998222 -11.660398 5.231569
v 9.180462 -11.902493 3.701662
v 10.257603 -10.569395 5.235507
v 10.257603 -10.569395 5.235507
v 10.468346 -10.785184 3.712489
v 11.366302 -9.327513 5.241412
v 11.366302 -9.327513 5.241412
v 11.602499 -9.510861 3.723323
v 12.302946 -7.950864 5.246333
v 12.302946 -7.950864 5.246333
v 12.561541 -8.104855 3.732181
v 13.051243 -6.467894 5.25027
v 13.051243 -6.467894 5.25027
v 13.327145 -6.584379 3.740054
v 13.595921 -4.90283 5.25323
v 13.924765 -3.280057 5.254207
v 13.595921 -4.90283 5.25323
v 14.222046 -3.317533 3.747935
v 14.034718 -1.627928 5.254207
v 13.924765 -3.280057 5.254207
v 14.335056 -1.627928 3.748919
v 13.924765 0.023226 5.25323
v 14.034718 -1.627928 5.254207
v 14.222046 0.062746 3.746951
v 14.222046 0.062746 3.746951
v 14.335056 -1.627928 3.748919
v 14.315712 0.073886 2.410991
v 14.222046 -3.317533 3.747935
v 14.315712 -3.32971 2.412959
v 14.335056 -1.627928 3.748919
v 13.884041 -4.979825 3.744983
v 13.97567 -5.00009 2.403117
v 14.222046 -3.317533 3.747935
v 13.327145 -6.584379 3.740054
v 13.415718 -6.615781 2.387362
v 13.884041 -4.979825 3.744983
v 12.561541 -8.104855 3.732181
v 12.646042 -8.143369 2.364718
v 13.327145 -6.584379 3.740054
v 11.602499 -9.510861 3.723323
v 11.681911 -9.562497 2.337153
v 12.561541 -8.104855 3.732181
v 10.468346 -10.785184 3.712489
v 10.541649 -10.84393 2.304667
v 11.602499 -9.510861 3.723323
v 9.180462 -11.902493 3.701662
v 9.247658 -11.969357 2.268244
v 10.468346 -10.785184 3.712489
v 7.761242 -12.844571 3.69182
v 7.820293 -12.91647 2.230822
v 9.180462 -11.902493 3.701662
v 6.233089 -13.59213 3.681971
v 6.283993 -13.67114 2.189478
v 7.761242 -12.844571 3.69182
v 4.621452 -14.13812 3.672129
v 4.662174 -14.219144 2.14715
v 6.233089 -13.59213 3.681971
v 2.951782 -14.467343 3.662279
v 2.983345 -14.550385 2.102846
v 4.621452 -14.13812 3.672129
v 1.253609 -14.578763 3.651453
v 1.273972 -14.662839 2.057558
v 2.951782 -14.467343 3.662279
v -0.445587 -14.465329 3.641603
v -0.434387 -14.550385 2.01227
v 1.253609 -14.578763 3.651453
v -2.114239 -14.133054 3.630776
v -2.114239 -14.216122 1.967966
v -0.445587 -14.465329 3.641603
v -3.724854 -13.587064 3.620935
v -3.73402 -13.666074 1.924654
v -2.114239 -14.133054 3.630776
v -5.245884 -12.835446 3.611094
v -5.265228 -12.90939 1.884287
v -3.724854 -13.587064 3.620935
v -6.650848 -11.895383 3.602228
v -6.677319 -11.962247 1.847864
v -5.245884 -12.835446 3.611094
v -7.911243 -10.781125 3.59534
v -7.945862 -10.841916 1.815379
v -6.650848 -11.895383 3.602228
v -9.007729 -9.513913 3.589435
v -9.048454 -9.566586 1.787807
v -7.911243 -10.781125 3.59534
v -9.007729 -9.513913 3.589435
v -9.920956 -8.115994 3.58549
v -9.048454 -9.566586 1.787807
v -9.920956 -8.115994 3.58549
v -10.636673 -6.608702 3.582538
v -9.965752 -8.157529 1.766147
v -10.636673 -6.608702 3.582538
v -11.143684 -5.021359 3.580569
v -10.684525 -6.644133 1.749408
v -11.143684 -5.021359 3.580569
v -11.436893 -3.380368 3.579585
v -11.194592 -5.046689 1.737597
v -11.436893 -3.380368 3.579585
v -11.516304 -1.708951 3.577617
v -11.489834 -3.394529 1.732677
v -11.516304 -1.708951 3.577617
v -11.383953 -0.037535 3.575647
v -11.570263 -1.710965 1.731691
v -11.041874 1.610567 3.575647
v -11.0938 1.631869 1.745471
v -11.383953 -0.037535 3.575647
v -11.041874 1.610567 3.575647
v -10.495159 3.203981 3.575647
v -11.0938 1.631869 1.745471
v -10.495159 3.203981 3.575647
v -9.748898 4.710299 3.579585
v -10.544025 3.23334 1.760242
v -9.748898 4.710299 3.579585
v -8.815311 6.112247 3.584514
v -9.792679 4.751803 1.778941
v -8.815311 6.112247 3.584514
v -7.712715 7.381503 3.591395
v -8.854 6.162875 1.803561
v -7.712715 7.381503 3.591395
v -6.459446 8.498782 3.599277
v -7.746315 7.439211 1.831126
v -6.459446 8.498782 3.599277
v -5.074844 9.445926 3.610103
v -6.484901 8.565646 1.863612
v -5.074844 9.445926 3.610103
v -3.58334 10.206668 3.620936
v -5.09317 9.51987 1.898074
v -3.58334 10.206668 3.620936
v -2.008354 10.770905 3.630777
v -3.591484 10.285678 1.937449
v -2.008354 10.770905 3.630777
v -0.375336 11.121402 3.640621
v -2.006317 10.849918 1.977809
v -0.375336 11.121402 3.640621
v 1.293312 11.254062 3.650471
v -0.362103 11.203433 2.019169
v 1.293312 11.254062 3.650471
v 2.96909 11.160892 3.659328
v 1.315712 11.337161 2.061497
v 2.96909 11.160892 3.659328
v 4.623489 10.847873 3.669177
v 3.001671 11.244968 2.104816
v 4.623489 10.847873 3.669177
v 6.228001 10.314059 3.680003
v 4.66523 10.928897 2.148129
v 6.228001 10.314059 3.680003
v 7.754116 9.57355 3.689845
v 6.278904 10.393069 2.189479
v 7.754116 9.57355 3.689845
v 9.175373 8.637576 3.69871
v 7.814186 9.64548 2.229846
v 9.175373 8.637576 3.69871
v 10.464275 7.525301 3.708552
v 9.243584 8.705447 2.267253
v 10.464275 7.525301 3.708552
v 11.600464 6.254062 3.71741
v 10.54063 7.584078 2.301715
v 11.600464 6.254062 3.71741
v 12.560524 4.847017 3.72726
v 11.680893 6.30469 2.333217
v 12.560524 4.847017 3.72726
v 13.327145 3.328554 3.735133
v 12.646042 4.888554 2.360782
v 13.327145 3.328554 3.735133
v 13.884041 1.725039 3.74203
v 13.416737 3.360995 2.383426
v 13.884041 1.725039 3.74203
v 14.222046 0.062746 3.746951
v 13.976686 1.745303 2.400165
v 14.315712 0.073886 2.410991
v 14.295349 0.059695 1.281779
v 13.976686 1.745303 2.400165
v 13.976686 1.745303 2.400165
v 13.959381 1.719974 1.259135
v 13.416737 3.360995 2.383426
v 13.416737 3.360995 2.383426
v 13.405537 3.319461 1.222705
v 12.646042 4.888554 2.360782
v 12.646042 4.888554 2.360782
v 12.644005 4.834871 1.174464
v 11.680893 6.30469 2.333217
v 11.680893 6.30469 2.333217
v 11.690056 6.239872 1.113429
v 10.54063 7.584078 2.301715
v 10.54063 7.584078 2.301715
v 10.560993 7.507083 1.043529
v 9.243584 8.705447 2.267253
v 9.243584 8.705447 2.267253
v 9.278198 8.617311 0.964763
v 7.814186 9.64548 2.229846
v 7.814186 9.64548 2.229846
v 7.864071 9.550265 0.877147
v 6.278904 10.393069 2.189479
v 6.278904 10.393069 2.189479
v 6.344063 10.290744 0.783618
v 4.66523 10.928897 2.148129
v 4.66523 10.928897 2.148129
v 4.746677 10.822543 0.684184
v 3.001671 11.244968 2.104816
v 3.001671 11.244968 2.104816
v 3.100422 11.137576 0.58279
v 1.315712 11.337161 2.061497
v 1.315712 11.337161 2.061497
v 1.431774 11.228732 0.480395
v -0.362103 11.203433 2.019169
v -0.362103 11.203433 2.019169
v -0.228733 11.096072 0.378994
v -2.006317 10.849918 1.977809
v -2.006317 10.849918 1.977809
v -1.85564 10.745578 0.279559
v -3.591484 10.285678 1.937449
v -3.591484 10.285678 1.937449
v -3.424519 10.186404 0.185046
v -5.09317 9.51987 1.898074
v -5.09317 9.51987 1.898074
v -4.908894 9.424655 0.096446
v -6.484901 8.565646 1.863612
v -6.484901 8.565646 1.863612
v -6.285355 8.479556 0.015723
v -7.746315 7.439211 1.831126
v -7.746315 7.439211 1.831126
v -7.531498 7.361239 -0.056145
v -8.854 6.162875 1.803561
v -8.854 6.162875 1.803561
v -8.626961 6.092959 -0.121125
v -9.792679 4.751803 1.778941
v -9.792679 4.751803 1.778941
v -9.555466 4.693058 -0.178224
v -10.544025 3.23334 1.760242
v -10.544025 3.23334 1.760242
v -10.298668 3.189792 -0.225484
v -11.0938 1.631869 1.745471
v -11.0938 1.631869 1.745471
v -10.844364 1.599429 -0.261907
v -11.436893 -0.026395 1.736613
v -11.570263 -1.710965 1.731691
v -11.436893 -0.026395 1.736613
v -11.319813 -1.712979 -0.303254
v -11.489834 -3.394529 1.732677
v -11.570263 -1.710965 1.731691
v -11.241421 -3.380367 -0.303254
v -11.194592 -5.046689 1.737597
v -11.489834 -3.394529 1.732677
v -10.951267 -5.019346 -0.289472
v -10.684525 -6.644133 1.749408
v -11.194592 -5.046689 1.737597
v -10.446293 -6.602598 -0.261907
v -9.965752 -8.157529 1.766147
v -10.684525 -6.644133 1.749408
v -9.734646 -8.1069 -0.219571
v -9.048454 -9.566586 1.787807
v -9.965752 -8.157529 1.766147
v -8.826511 -9.50174 -0.164441
v -7.945862 -10.841916 1.815379
v -9.048454 -9.566586 1.787807
v -7.735115 -10.766965 -0.098481
v -6.677319 -11.962247 1.847864
v -7.945862 -10.841916 1.815379
v -6.479809 -11.879178 -0.020712
v -5.265228 -12.90939 1.884287
v -6.677319 -11.962247 1.847864
v -5.08197 -12.81619 0.065931
v -3.73402 -13.666074 1.924654
v -5.265228 -12.90939 1.884287
v -3.567051 -13.5668 0.159449
v -2.114239 -14.216122 1.967966
v -3.73402 -13.666074 1.924654
v -1.963558 -14.111783 0.259874
v -0.434387 -14.550385 2.01227
v -2.114239 -14.216122 1.967966
v -0.302032 -14.444028 0.363238
v 1.273972 -14.662839 2.057558
v -0.434387 -14.550385 2.01227
v 1.39003 -14.555447 0.469568
v 2.983345 -14.550385 2.102846
v 1.273972 -14.662839 2.057558
v 3.081081 -14.444028 0.575891
v 4.662174 -14.219144 2.14715
v 2.983345 -14.550385 2.102846
v 4.74464 -14.114835 0.680254
v 6.283993 -13.67114 2.189478
v 4.662174 -14.219144 2.14715
v 6.349152 -13.570859 0.780672
v 7.820293 -12.91647 2.230822
v 6.283993 -13.67114 2.189478
v 7.870178 -12.82327 0.875185
v 9.247658 -11.969357 2.268244
v 7.820293 -12.91647 2.230822
v 9.282269 -11.883267 0.963785
v 10.541649 -10.84393 2.304667
v 9.247658 -11.969357 2.268244
v 10.56303 -10.768979 1.044513
v 11.681911 -9.562497 2.337153
v 10.541649 -10.84393 2.304667
v 11.690056 -9.497708 1.116382
v 12.646042 -8.143369 2.364718
v 11.681911 -9.562497 2.337153
v 12.642988 -8.090665 1.177417
v 13.415718 -6.615781 2.387362
v 12.646042 -8.143369 2.364718
v 13.40452 -6.574244 1.225657
v 13.97567 -5.00009 2.403117
v 13.415718 -6.615781 2.387362
v 13.958363 -4.972744 1.261104
v 14.315712 -3.32971 2.412959
v 13.97567 -5.00009 2.403117
v 14.294331 -3.314511 1.282763
v 14.429737 -1.627927 2.414927
v 14.315712 -3.32971 2.412959
v 14.407339 -1.627927 1.289653
v 14.429737 -1.627927 2.414927
v 14.407339 -1.627927 1.289653
v 14.315712 0.073886 2.410991
v 14.407339 -1.627927 1.289653
v 14.307566 -1.624875 0.32091
v 14.295349 0.059695 1.281779
v 14.407339 -1.627927 1.289653
v 14.294331 -3.314511 1.282763
v 14.307566 -1.624875 0.32091
v 14.294331 -3.314511 1.282763
v 13.958363 -4.972744 1.261104
v 14.198631 -3.272977 0.309093
v 13.958363 -4.972744 1.261104
v 13.40452 -6.574244 1.225657
v 13.872841 -4.893734 0.27267
v 13.40452 -6.574244 1.225657
v 12.642988 -8.090665 1.177417
v 13.33427 -6.455748 0.213595
v 12.642988 -8.090665 1.177417
v 11.690056 -9.497708 1.116382
v 12.595139 -7.937712 0.131885
v 11.690056 -9.497708 1.116382
v 10.56303 -10.768979 1.044513
v 11.669693 -9.311307 0.029506
v 10.56303 -10.768979 1.044513
v 9.282269 -11.883267 0.963785
v 10.575245 -10.551175 -0.091588
v 9.282269 -11.883267 0.963785
v 7.870178 -12.82327 0.875185
v 9.331139 -11.640134 -0.229421
v 7.870178 -12.82327 0.875185
v 6.349152 -13.570859 0.780672
v 7.95977 -12.556851 -0.381029
v 6.349152 -13.570859 0.780672
v 4.74464 -14.114835 0.680254
v 6.481503 -13.288236 -0.544455
v 4.74464 -14.114835 0.680254
v 3.081081 -14.444028 0.575891
v 4.920769 -13.817014 -0.716742
v 3.081081 -14.444028 0.575891
v 1.39003 -14.555447 0.469568
v 3.305061 -14.140164 -0.895922
v 1.39003 -14.555447 0.469568
v -0.302032 -14.444028 0.363238
v 1.660843 -14.246518 -1.077065
v -0.302032 -14.444028 0.363238
v -1.963558 -14.111783 0.259874
v 0.017647 -14.13812 -1.259197
v -1.963558 -14.111783 0.259874
v -3.567051 -13.5668 0.159449
v -1.597046 -13.814999 -1.437393
v -3.567051 -13.5668 0.159449
v -5.08197 -12.81619 0.065931
v -3.155743 -13.281155 -1.608696
v -5.08197 -12.81619 0.065931
v -6.479809 -11.879178 -0.020712
v -4.626884 -12.549771 -1.770149
v -6.479809 -11.879178 -0.020712
v -7.735115 -10.766965 -0.098481
v -5.985016 -11.633054 -1.9198
v -7.735115 -10.766965 -0.098481
v -8.826511 -9.50174 -0.164441
v -7.204689 -10.549159 -2.0527
v -8.826511 -9.50174 -0.164441
v -9.734646 -8.1069 -0.219571
v -8.265541 -9.313319 -2.167885
v -9.734646 -8.1069 -0.219571
v -10.446293 -6.602598 -0.261907
v -9.148224 -7.950864 -2.263378
v -10.446293 -6.602598 -0.261907
v -10.951267 -5.019346 -0.289472
v -9.840527 -6.484065 -2.338203
v -10.951267 -5.019346 -0.289472
v -11.241421 -3.380367 -0.303254
v -10.330231 -4.940305 -2.387428
v -11.241421 -3.380367 -0.303254
v -11.319813 -1.712979 -0.303254
v -10.610207 -3.342862 -2.410072
v -11.319813 -1.712979 -0.303254
v -11.185425 -0.044614 -0.288491
v -10.681469 -1.718045 -2.40712
v -10.844364 1.599429 -0.261907
v -10.212128 1.511325 -2.337223
v -11.185425 -0.044614 -0.288491
v -10.298668 3.189792 -0.225484
v -9.681705 3.062167 -2.273232
v -10.844364 1.599429 -0.261907
v -9.555466 4.693058 -0.178224
v -8.958858 4.533023 -2.192501
v -10.298668 3.189792 -0.225484
v -8.626961 6.092959 -0.121125
v -8.056835 5.898502 -2.095032
v -9.555466 4.693058 -0.178224
v -7.531498 7.361239 -0.056145
v -6.994965 7.138372 -1.9828
v -8.626961 6.092959 -0.121125
v -6.285355 8.479556 0.015723
v -5.78751 8.231387 -1.858757
v -7.531498 7.361239 -0.056145
v -4.908894 9.424655 0.096446
v -4.454826 9.158237 -1.720928
v -6.285355 8.479556 0.015723
v -3.424519 10.186404 0.185046
v -3.016266 9.902774 -1.570297
v -4.908894 9.424655 0.096446
v -1.85564 10.745578 0.279559
v -1.494221 10.450809 -1.407856
v -3.424519 10.186404 0.185046
v -0.228733 11.096072 0.378994
v 0.086876 10.792148 -1.236553
v -1.85564 10.745578 0.279559
v 1.431774 11.228732 0.480395
v 1.70055 10.919803 -1.060329
v -0.228733 11.096072 0.378994
v 3.100422 11.137576 0.58279
v 3.32135 10.828616 -0.883122
v 1.431774 11.228732 0.480395
v 4.746677 10.822543 0.684184
v 4.921787 10.522708 -0.707879
v 3.100422 11.137576 0.58279
v 6.344063 10.290744 0.783618
v 6.473358 10.005099 -0.537568
v 4.746677 10.822543 0.684184
v 7.864071 9.550265 0.877147
v 7.950607 9.28284 -0.376107
v 6.344063 10.290744 0.783618
v 9.278198 8.617311 0.964763
v 9.32605 8.373172 -0.226464
v 7.864071 9.550265 0.877147
v 10.560993 7.507083 1.043529
v 10.57321 7.28931 -0.091588
v 9.278198 8.617311 0.964763
v 11.690056 6.239872 1.113429
v 11.669693 6.051456 0.028518
v 10.560993 7.507083 1.043529
v 12.644005 4.834871 1.174464
v 12.596155 4.681919 0.129916
v 11.690056 6.239872 1.113429
v 13.405537 3.319461 1.222705
v 13.335289 3.203982 0.211635
v 12.644005 4.834871 1.174464
v 13.959381 1.719974 1.259135
v 13.872841 1.640964 0.271686
v 13.405537 3.319461 1.222705
v 14.295349 0.059695 1.281779
v 14.19965 0.020206 0.308109
v 13.959381 1.719974 1.259135
v 14.19965 0.020206 0.308109
v 14.042862 -0.044614 -0.586793
v 13.872841 1.640964 0.271686
v 13.872841 1.640964 0.271686
v 13.733364 1.50928 -0.637982
v 13.335289 3.203982 0.211635
v 13.335289 3.203982 0.211635
v 13.221264 3.008488 -0.721669
v 12.596155 4.681919 0.129916
v 12.596155 4.681919 0.129916
v 12.517763 4.428652 -0.83587
v 11.669693 6.051456 0.028518
v 11.669693 6.051456 0.028518
v 11.636097 5.742496 -0.979608
v 10.57321 7.28931 -0.091588
v 10.57321 7.28931 -0.091588
v 10.591536 6.931705 -1.147953
v 9.32605 8.373172 -0.226464
v 9.32605 8.373172 -0.226464
v 9.404442 7.972048 -1.339924
v 7.950607 9.28284 -0.376107
v 7.950607 9.28284 -0.376107
v 8.09314 8.844211 -1.552574
v 6.473358 10.005099 -0.537568
v 6.473358 10.005099 -0.537568
v 6.685123 9.536075 -1.780983
v 4.921787 10.522708 -0.707879
v 4.921787 10.522708 -0.707879
v 5.205833 10.035466 -2.022182
v 3.32135 10.828616 -0.883122
v 3.32135 10.828616 -0.883122
v 3.680737 10.330266 -2.270275
v 1.70055 10.919803 -1.060329
v 1.70055 10.919803 -1.060329
v 2.136292 10.416356 -2.522308
v 0.086876 10.792148 -1.236553
v 0.086876 10.792148 -1.236553
v 0.597958 10.294805 -2.772366
v -1.494221 10.450809 -1.407856
v -1.494221 10.450809 -1.407856
v -0.90678 9.965581 -3.015537
v -3.016266 9.902774 -1.570297
v -3.016266 9.902774 -1.570297
v -2.353489 9.438848 -3.245911
v -4.454826 9.158237 -1.720928
v -4.454826 9.158237 -1.720928
v -3.719765 8.721654 -3.460529
v -5.78751 8.231387 -1.858757
v -5.78751 8.231387 -1.858757
v -4.984234 7.830236 -3.656441
v -6.994965 7.138372 -1.9828
v -6.994965 7.138372 -1.9828
v -6.130608 6.778782 -3.833652
v -8.056835 5.898502 -2.095032
v -8.056835 5.898502 -2.095032
v -7.140553 5.585485 -3.992157
v -8.958858 4.533023 -2.192501
v -8.958858 4.533023 -2.192501
v -7.997784 4.273686 -4.13097
v -9.681705 3.062167 -2.273232
v -9.681705 3.062167 -2.273232
v -8.686012 2.862614 -4.245171
v -10.212128 1.511325 -2.337223
v -10.212128 1.511325 -2.337223
v -9.194042 1.376591 -4.333775
v -10.5481 -0.090207 -2.382507
v -10.5481 -0.090207 -2.382507
v -9.515759 -0.16009 -4.396782
v -10.681469 -1.718045 -2.40712
v -10.610207 -3.342862 -2.410072
v -10.681469 -1.718045 -2.40712
v -9.582951 -3.276028 -4.434193
v -10.330231 -4.940305 -2.387428
v -10.610207 -3.342862 -2.410072
v -9.319267 -4.8056 -4.401707
v -9.840527 -6.484065 -2.338203
v -10.330231 -4.940305 -2.387428
v -8.854 -6.286557 -4.33279
v -9.148224 -7.950864 -2.263378
v -9.840527 -6.484065 -2.338203
v -8.195293 -7.69357 -4.228432
v -8.265541 -9.313319 -2.167885
v -9.148224 -7.950864 -2.263378
v -7.352314 -9.000331 -4.091591
v -7.204689 -10.549159 -2.0527
v -8.265541 -9.313319 -2.167885
v -6.341351 -10.186519 -3.927177
v -5.985016 -11.633054 -1.9198
v -7.204689 -10.549159 -2.0527
v -5.178688 -11.228848 -3.738155
v -4.626884 -12.549771 -1.770149
v -5.985016 -11.633054 -1.9198
v -3.885715 -12.109126 -3.526489
v -3.155743 -13.281155 -1.608696
v -4.626884 -12.549771 -1.770149
v -2.483803 -12.812129 -3.2971
v -1.597046 -13.814999 -1.437393
v -3.155743 -13.281155 -1.608696
v -1.000446 -13.322658 -3.054916
v 0.017647 -14.13812 -1.259197
v -1.597046 -13.814999 -1.437393
v 0.537891 -13.636683 -2.801899
v 1.660843 -14.246518 -1.077065
v 0.017647 -14.13812 -1.259197
v 2.103714 -13.741023 -2.544949
v 3.305061 -14.140164 -0.895922
v 1.660843 -14.246518 -1.077065
v 3.669537 -13.638697 -2.287994
v 4.920769 -13.817014 -0.716742
v 3.305061 -14.140164 -0.895922
v 5.20787 -13.329768 -2.034981
v 6.481503 -13.288236 -0.544455
v 4.920769 -13.817014 -0.716742
v 6.694286 -12.821256 -1.790825
v 7.95977 -12.556851 -0.381029
v 6.481503 -13.288236 -0.544455
v 8.102303 -12.120267 -1.558487
v 9.331139 -11.640134 -0.229421
v 7.95977 -12.556851 -0.381029
v 9.409531 -11.241025 -1.343864
v 10.575245 -10.551175 -0.091588
v 9.331139 -11.640134 -0.229421
v 10.594589 -10.193604 -1.149918
v 11.669693 -9.311307 0.029506
v 10.575245 -10.551175 -0.091588
v 11.636097 -9.002347 -0.979608
v 12.595139 -7.937712 0.131885
v 11.669693 -9.311307 0.029506
v 12.516747 -7.684443 -0.83587
v 13.33427 -6.455748 0.213595
v 12.595139 -7.937712 0.131885
v 13.220245 -6.263272 -0.720677
v 13.872841 -4.893734 0.27267
v 13.33427 -6.455748 0.213595
v 13.731327 -4.762052 -0.637002
v 14.198631 -3.272977 0.309093
v 13.872841 -4.893734 0.27267
v 14.042862 -3.208126 -0.586793
v 14.307566 -1.624875 0.32091
v 14.198631 -3.272977 0.309093
v 14.146708 -1.624875 -0.570054
v 14.307566 -1.624875 0.32091
v 14.146708 -1.624875 -0.570054
v 14.19965 0.020206 0.308109
v 14.146708 -1.624875 -0.570054
v 13.91153 -1.624875 -1.469879
v 14.042862 -0.044614 -0.586793
v 14.146708 -1.624875 -0.570054
v 14.042862 -3.208126 -0.586793
v 13.91153 -1.624875 -1.469879
v 14.042862 -3.208126 -0.586793
v 13.731327 -4.762052 -0.637002
v 13.81481 -3.115964 -1.490559
v 13.731327 -4.762052 -0.637002
v 13.220245 -6.263272 -0.720677
v 13.525673 -4.580716 -1.552574
v 13.220245 -6.263272 -0.720677
v 12.516747 -7.684443 -0.83587
v 13.048187 -5.996854 -1.654964
v 12.516747 -7.684443 -0.83587
v 11.636097 -9.002347 -0.979608
v 12.393557 -7.336026 -1.79673
v 11.636097 -9.002347 -0.979608
v 10.594589 -10.193604 -1.149918
v 11.571957 -8.577909 -1.973938
v 10.594589 -10.193604 -1.149918
v 9.409531 -11.241025 -1.343864
v 10.600698 -9.701289 -2.18364
v 9.409531 -11.241025 -1.343864
v 8.102303 -12.120267 -1.558487
v 9.496071 -10.685908 -2.422874
v 8.102303 -12.120267 -1.558487
v 6.694286 -12.821256 -1.790825
v 8.276398 -11.516536 -2.687702
v 6.694286 -12.821256 -1.790825
v 5.20787 -13.329768 -2.034981
v 6.962044 -12.17599 -2.973202
v 5.20787 -13.329768 -2.034981
v 3.669537 -13.638697 -2.287994
v 5.575401 -12.656154 -3.274456
v 3.669537 -13.638697 -2.287994
v 2.103714 -13.741023 -2.544949
v 4.139893 -12.946864 -3.586544
v 2.103714 -13.741023 -2.544949
v 0.537891 -13.636683 -2.801899
v 2.678936 -13.044125 -3.903549
v 0.537891 -13.636683 -2.801899
v -1.000446 -13.322658 -3.054916
v 1.218994 -12.94485 -4.220558
v -1.000446 -13.322658 -3.054916
v -2.483803 -12.812129 -3.2971
v -0.215496 -12.649043 -4.531658
v -2.483803 -12.812129 -3.2971
v -3.885715 -12.109126 -3.526489
v -1.599083 -12.166865 -4.82996
v -3.885715 -12.109126 -3.526489
v -5.178688 -11.228848 -3.738155
v -2.90733 -11.502345 -5.112511
v -5.178688 -11.228848 -3.738155
v -6.341351 -10.186519 -3.927177
v -4.114784 -10.673762 -5.373402
v -6.341351 -10.186519 -3.927177
v -7.352314 -9.000331 -4.091591
v -5.200069 -9.69015 -5.606728
v -7.352314 -9.000331 -4.091591
v -8.195293 -7.69357 -4.228432
v -6.145874 -8.572841 -5.810516
v -8.195293 -7.69357 -4.228432
v -8.854 -6.286557 -4.33279
v -6.932861 -7.338039 -5.978863
v -8.854 -6.286557 -4.33279
v -9.319267 -4.8056 -4.401707
v -7.549824 -6.013059 -6.10783
v -9.319267 -4.8056 -4.401707
v -9.582951 -3.276028 -4.434193
v -7.983528 -4.617185 -6.193481
v -9.582951 -3.276028 -4.434193
v -9.647091 -1.718043 -4.43124
v -8.229908 -3.175746 -6.234833
v -9.515759 -0.16009 -4.396782
v -8.164753 -0.244166 -6.193481
v -9.647091 -1.718043 -4.43124
v -9.194042 1.376591 -4.333775
v -7.862377 1.200322 -6.11866
v -9.515759 -0.16009 -4.396782
v -8.686012 2.862614 -4.245171
v -7.387947 2.602269 -6.010368
v -9.194042 1.376591 -4.333775
v -7.997784 4.273686 -4.13097
v -6.744514 3.930303 -5.869587
v -8.686012 2.862614 -4.245171
v -7.140553 5.585485 -3.992157
v -5.944294 5.167149 -5.699268
v -7.997784 4.273686 -4.13097
v -6.130608 6.778782 -3.833652
v -5.004597 6.293552 -5.501385
v -7.140553 5.585485 -3.992157
v -4.984234 7.830236 -3.656441
v -3.937637 7.284215 -5.279873
v -6.130608 6.778782 -3.833652
v -3.719765 8.721654 -3.460529
v -2.759705 8.127048 -5.035717
v -4.984234 7.830236 -3.656441
v -2.353489 9.438848 -3.245911
v -1.487091 8.804723 -4.769905
v -3.719765 8.721654 -3.460529
v -0.90678 9.965581 -3.015537
v -0.138123 9.301061 -4.484402
v -2.353489 9.438848 -3.245911
v 0.597958 10.294805 -2.772366
v 1.265823 9.610021 -4.184132
v -0.90678 9.965581 -3.015537
v 2.136292 10.416356 -2.522308
v 2.702351 9.724492 -3.875
v 0.597958 10.294805 -2.772366
v 3.680737 10.330266 -2.270275
v 4.146004 9.640416 -3.5639
v 2.136292 10.416356 -2.522308
v 5.205833 10.035466 -2.022182
v 5.569294 9.361852 -3.256737
v 3.680737 10.330266 -2.270275
v 6.685123 9.536075 -1.780983
v 6.950844 8.892858 -2.960403
v 5.205833 10.035466 -2.022182
v 8.09314 8.844211 -1.552574
v 8.266216 8.240484 -2.678841
v 6.685123 9.536075 -1.780983
v 9.404442 7.972048 -1.339924
v 9.488941 7.418948 -2.416965
v 8.09314 8.844211 -1.552574
v 10.591536 6.931705 -1.147953
v 10.597645 6.439427 -2.179703
v 9.404442 7.972048 -1.339924
v 11.636097 5.742496 -0.979608
v 11.571957 5.320071 -1.971973
v 10.591536 6.931705 -1.147953
v 12.517763 4.428652 -0.83587
v 12.393557 4.081211 -1.795746
v 11.636097 5.742496 -0.979608
v 13.221264 3.008488 -0.721669
v 13.049206 2.741062 -1.655949
v 12.517763 4.428652 -0.83587
v 13.733364 1.50928 -0.637982
v 13.526691 1.329959 -1.553566
v 13.221264 3.008488 -0.721669
v 14.042862 -0.044614 -0.586793
v 13.81481 -0.134763 -1.490559
v 13.733364 1.50928 -0.637982
v 13.81481 -0.134763 -1.490559
v 13.473751 -0.251279 -2.479973
v 13.526691 1.329959 -1.553566
v 13.526691 1.329959 -1.553566
v 13.211082 1.102084 -2.547901
v 13.049206 2.741062 -1.655949
v 13.049206 2.741062 -1.655949
v 12.777378 2.406772 -2.660133
v 12.393557 4.081211 -1.795746
v 12.393557 4.081211 -1.795746
v 12.179756 3.642582 -2.814701
v 11.571957 5.320071 -1.971973
v 11.571957 5.320071 -1.971973
v 11.429424 4.784215 -3.00766
v 10.597645 6.439427 -2.179703
v 10.597645 6.439427 -2.179703
v 10.54063 5.817477 -3.237049
v 9.488941 7.418948 -2.416965
v 9.488941 7.418948 -2.416965
v 9.52763 6.723056 -3.49794
v 8.266216 8.240484 -2.678841
v 8.266216 8.240484 -2.678841
v 8.409767 7.481753 -3.786396
v 6.950844 8.892858 -2.960403
v 6.950844 8.892858 -2.960403
v 7.207401 8.085515 -4.097496
v 5.569294 9.361852 -3.256737
v 5.569294 9.361852 -3.256737
v 5.943951 8.519048 -4.425331
v 4.146004 9.640416 -3.5639
v 4.146004 9.640416 -3.5639
v 4.641815 8.777379 -4.763016
v 2.702351 9.724492 -3.875
v 2.702351 9.724492 -3.875
v 3.32135 8.856389 -5.106606
v 1.265823 9.610021 -4.184132
v 1.265823 9.610021 -4.184132
v 2.006996 8.752048 -5.447235
v -0.138123 9.301061 -4.484402
v -0.138123 9.301061 -4.484402
v 0.722164 8.468419 -5.779011
v -1.487091 8.804723 -4.769905
v -1.487091 8.804723 -4.769905
v -0.510742 8.008519 -6.094048
v -2.759705 8.127048 -5.035717
v -2.759705 8.127048 -5.035717
v -1.673401 7.384524 -6.3894
v -3.937637 7.284215 -5.279873
v -3.937637 7.284215 -5.279873
v -2.750542 6.60654 -6.660137
v -5.004597 6.293552 -5.501385
v -5.004597 6.293552 -5.501385
v -3.724854 5.689822 -6.907242
v -5.944294 5.167149 -5.699268
v -5.944294 5.167149 -5.699268
v -4.584126 4.651524 -7.126785
v -6.744514 3.930303 -5.869587
v -6.744514 3.930303 -5.869587
v -5.315113 3.509923 -7.316792
v -7.387947 2.602269 -6.010368
v -7.387947 2.602269 -6.010368
v -5.904591 2.282201 -7.472343
v -7.862377 1.200322 -6.11866
v -7.862377 1.200322 -6.11866
v -6.338295 0.988622 -7.589497
v -8.164753 -0.244166 -6.193481
v -8.164753 -0.244166 -6.193481
v -6.614197 -0.34344 -7.670227
v -8.28896 -1.710963 -6.233849
v -8.28896 -1.710963 -6.233849
v -6.726185 -1.699824 -7.711575
v -8.229908 -3.175746 -6.234833
v -7.983528 -4.617185 -6.193481
v -8.229908 -3.175746 -6.234833
v -6.443157 -4.383204 -7.661366
v -7.549824 -6.013059 -6.10783
v -7.983528 -4.617185 -6.193481
v -6.045086 -5.671687 -7.566856
v -6.932861 -7.338039 -5.978863
v -7.549824 -6.013059 -6.10783
v -5.480042 -6.897396 -7.425087
v -6.145874 -8.572841 -5.810516
v -6.932861 -7.338039 -5.978863
v -4.758217 -8.034938 -7.240002
v -5.200069 -9.69015 -5.606728
v -6.145874 -8.572841 -5.810516
v -3.892841 -9.068202 -7.015537
v -4.114784 -10.673762 -5.373402
v -5.200069 -9.69015 -5.606728
v -2.900204 -9.975825 -6.757599
v -2.90733 -11.502345 -5.112511
v -4.114784 -10.673762 -5.373402
v -1.795574 -10.743648 -6.471111
v -1.599083 -12.166865 -4.82996
v -2.90733 -11.502345 -5.112511
v -0.600338 -11.356502 -6.160015
v -0.215496 -12.649043 -4.531658
v -1.599083 -12.166865 -4.82996
v 0.664131 -11.802211 -5.830208
v 1.218994 -12.94485 -4.220558
v -0.215496 -12.649043 -4.531658
v 1.974415 -12.073695 -5.487602
v 2.678936 -13.044125 -3.903549
v 1.218994 -12.94485 -4.220558
v 3.308113 -12.164851 -5.139091
v 4.139893 -12.946864 -3.586544
v 2.678936 -13.044125 -3.903549
v 4.641815 -12.075709 -4.789593
v 5.575401 -12.656154 -3.274456
v 4.139893 -12.946864 -3.586544
v 5.953114 -11.809291 -4.445023
v 6.962044 -12.17599 -2.973202
v 5.575401 -12.656154 -3.274456
v 7.21962 -11.365596 -4.112263
v 8.276398 -11.516536 -2.687702
v 6.962044 -12.17599 -2.973202
v 8.419949 -10.757838 -3.79821
v 9.496071 -10.685908 -2.422874
v 8.276398 -11.516536 -2.687702
v 9.534756 -9.991999 -3.505817
v 10.600698 -9.701289 -2.18364
v 9.496071 -10.685908 -2.422874
v 10.543684 -9.081355 -3.242954
v 11.571957 -8.577909 -1.973938
v 10.600698 -9.701289 -2.18364
v 11.429424 -8.044063 -3.0116
v 12.393557 -7.336026 -1.79673
v 11.571957 -8.577909 -1.973938
v 12.177721 -6.897396 -2.816669
v 13.048187 -5.996854 -1.654964
v 12.393557 -7.336026 -1.79673
v 12.774323 -5.659542 -2.661118
v 13.525673 -4.580716 -1.552574
v 13.048187 -5.996854 -1.654964
v 13.208027 -4.354824 -2.547901
v 13.81481 -3.115964 -1.490559
v 13.525673 -4.580716 -1.552574
v 13.472733 -3.001491 -2.479973
v 13.91153 -1.624875 -1.469879
v 13.81481 -3.115964 -1.490559
v 13.560287 -1.624875 -2.456341
v 13.91153 -1.624875 -1.469879
v 13.560287 -1.624875 -2.456341
v 13.81481 -0.134763 -1.490559
v 13.560287 -1.624875 -2.456341
v 13.019682 -1.624873 -3.579651
v 13.473751 -0.251279 -2.479973
v 13.560287 -1.624875 -2.456341
v 13.472733 -3.001491 -2.479973
v 13.019682 -1.624873 -3.579651
v 13.472733 -3.001491 -2.479973
v 13.208027 -4.354824 -2.547901
v 12.940269 -2.864713 -3.602295
v 13.208027 -4.354824 -2.547901
v 12.774323 -5.659542 -2.661118
v 12.705091 -4.083341 -3.671211
v 12.774323 -5.659542 -2.661118
v 12.177721 -6.897396 -2.816669
v 12.318218 -5.260434 -3.78344
v 12.177721 -6.897396 -2.816669
v 11.429424 -8.044063 -3.0116
v 11.786774 -6.37469 -3.938007
v 11.429424 -8.044063 -3.0116
v 10.543684 -9.081355 -3.242954
v 11.120943 -7.40994 -4.132938
v 10.543684 -9.081355 -3.242954
v 9.534756 -9.991999 -3.505817
v 10.330902 -8.343898 -4.364292
v 9.534756 -9.991999 -3.505817
v 8.419949 -10.757838 -3.79821
v 9.431931 -9.162379 -4.627155
v 8.419949 -10.757838 -3.79821
v 7.21962 -11.365596 -4.112263
v 8.438274 -9.852229 -4.918564
v 7.21962 -11.365596 -4.112263
v 5.953114 -11.809291 -4.445023
v 7.368259 -10.402278 -5.232616
v 5.953114 -11.809291 -4.445023
v 4.641815 -12.075709 -4.789593
v 6.240215 -10.801387 -5.564392
v 4.641815 -12.075709 -4.789593
v 3.308113 -12.164851 -5.139091
v 5.071445 -11.040431 -5.907982
v 3.308113 -12.164851 -5.139091
v 1.974415 -12.073695 -5.487602
v 3.881298 -11.122493 -6.255508
v 1.974415 -12.073695 -5.487602
v 0.664131 -11.802211 -5.830208
v 2.691151 -11.038417 -6.604019
v 0.664131 -11.802211 -5.830208
v -0.600338 -11.356502 -6.160015
v 1.521366 -10.792262 -6.945637
v -0.600338 -11.356502 -6.160015
v -1.795574 -10.743648 -6.471111
v 0.392303 -10.391139 -7.274456
v -1.795574 -10.743648 -6.471111
v -2.900204 -9.975825 -6.757599
v -0.675674 -9.84109 -7.584576
v -2.900204 -9.975825 -6.757599
v -3.892841 -9.068202 -7.015537
v -1.664242 -9.149226 -7.871063
v -3.892841 -9.068202 -7.015537
v -4.758217 -8.034938 -7.240002
v -2.55405 -8.329738 -8.128017
v -4.758217 -8.034938 -7.240002
v -5.480042 -6.897396 -7.425087
v -3.329838 -7.398799 -8.352478
v -5.480042 -6.897396 -7.425087
v -6.045086 -5.671687 -7.566856
v -3.977341 -6.370631 -8.536583
v -6.045086 -5.671687 -7.566856
v -6.443157 -4.383204 -7.661366
v -4.484352 -5.267512 -8.678345
v -6.443157 -4.383204 -7.661366
v -6.671211 -3.053157 -7.708618
v -4.84272 -4.106623 -8.773846
v -6.726185 -1.699824 -7.711575
v -5.103352 -1.683619 -8.827007
v -6.671211 -3.053157 -7.708618
v -6.614197 -0.34344 -7.670227
v -5.005615 -0.46197 -8.789597
v -6.726185 -1.699824 -7.711575
v -6.338295 0.988622 -7.589497
v -4.760254 0.740453 -8.70985
v -6.614197 -0.34344 -7.670227
v -5.904591 2.282201 -7.472343
v -4.37236 1.905339 -8.593681
v -6.338295 0.988622 -7.589497
v -5.315113 3.509923 -7.316792
v -3.846008 3.012517 -8.438129
v -5.904591 2.282201 -7.472343
v -4.584126 4.651524 -7.126785
v -3.192394 4.041723 -8.248123
v -5.315113 3.509923 -7.316792
v -3.724854 5.689822 -6.907242
v -2.422718 4.97669 -8.027599
v -4.584126 4.651524 -7.126785
v -2.750542 6.60654 -6.660137
v -1.549194 5.801244 -7.779507
v -3.724854 5.689822 -6.907242
v -1.673401 7.384524 -6.3894
v -0.585064 6.502202 -7.505817
v -2.750542 6.60654 -6.660137
v -0.510742 8.008519 -6.094048
v 0.457458 7.061374 -7.209484
v -1.673401 7.384524 -6.3894
v 0.722164 8.468419 -5.779011
v 1.562088 7.474704 -6.894444
v -0.510742 8.008519 -6.094048
v 2.006996 8.752048 -5.447235
v 2.712532 7.729922 -6.562672
v 0.722164 8.468419 -5.779011
v 3.32135 8.856389 -5.106606
v 3.889442 7.821109 -6.222034
v 2.006996 8.752048 -5.447235
v 4.641815 8.777379 -4.763016
v 5.070427 7.748172 -5.879429
v 3.32135 8.856389 -5.106606
v 5.943951 8.519048 -4.425331
v 6.236145 7.516208 -5.541748
v 4.641815 8.777379 -4.763016
v 7.207401 8.085515 -4.097496
v 7.365204 7.12421 -5.214893
v 5.943951 8.519048 -4.425331
v 8.409767 7.481753 -3.786396
v 8.437256 6.581242 -4.904781
v 7.207401 8.085515 -4.097496
v 9.52763 6.723056 -3.49794
v 9.433968 5.896457 -4.61731
v 8.409767 7.481753 -3.786396
v 10.54063 5.817477 -3.237049
v 10.335995 5.080998 -4.356419
v 9.52763 6.723056 -3.49794
v 11.429424 4.784215 -3.00766
v 11.127052 4.151126 -4.128017
v 10.54063 5.817477 -3.237049
v 12.179756 3.642582 -2.814701
v 11.7939 3.119907 -3.935055
v 11.429424 4.784215 -3.00766
v 12.777378 2.406772 -2.660133
v 12.324326 2.007664 -3.781471
v 12.179756 3.642582 -2.814701
v 13.211082 1.102084 -2.547901
v 12.710182 0.830569 -3.670223
v 12.777378 2.406772 -2.660133
v 13.473751 -0.251279 -2.479973
v 12.943325 -0.386014 -3.602295
v 13.211082 1.102084 -2.547901
v 12.943325 -0.386014 -3.602295
v 12.15736 -0.543025 -4.850632
v 12.710182 0.830569 -3.670223
v 12.710182 0.830569 -3.670223
v 11.955776 0.522649 -4.911671
v 12.324326 2.007664 -3.781471
v 12.324326 2.007664 -3.781471
v 11.621843 1.550817 -5.013073
v 11.7939 3.119907 -3.935055
v 11.7939 3.119907 -3.935055
v 11.161667 2.52329 -5.152874
v 11.127052 4.151126 -4.128017
v 11.127052 4.151126 -4.128017
v 10.584408 3.423772 -5.328114
v 10.335995 5.080998 -4.356419
v 10.335995 5.080998 -4.356419
v 9.898216 4.236209 -5.535839
v 9.433968 5.896457 -4.61731
v 9.433968 5.896457 -4.61731
v 9.116322 4.949313 -5.772121
v 8.437256 6.581242 -4.904781
v 8.437256 6.581242 -4.904781
v 8.251965 5.548008 -6.033997
v 7.365204 7.12421 -5.214893
v 7.365204 7.12421 -5.214893
v 7.321426 6.024112 -6.315559
v 6.236145 7.516208 -5.541748
v 6.236145 7.516208 -5.541748
v 6.341007 6.367497 -6.612881
v 5.070427 7.748172 -5.879429
v 5.070427 7.748172 -5.879429
v 5.328007 6.574163 -6.920044
v 3.889442 7.821109 -6.222034
v 3.889442 7.821109 -6.222034
v 4.301773 6.636935 -7.232128
v 2.712532 7.729922 -6.562672
v 2.712532 7.729922 -6.562672
v 3.277573 6.557958 -7.543224
v 1.562088 7.474704 -6.894444
v 1.562088 7.474704 -6.894444
v 2.275772 6.337102 -7.844482
v 0.457458 7.061374 -7.209484
v 0.457458 7.061374 -7.209484
v 1.312656 5.979528 -8.132938
v -0.585064 6.502202 -7.505817
v -0.585064 6.502202 -7.505817
v 0.402485 5.490239 -8.404655
v -1.549194 5.801244 -7.779507
v -1.549194 5.801244 -7.779507
v -0.439476 4.87943 -8.655704
v -2.422718 4.97669 -8.027599
v -2.422718 4.97669 -8.027599
v -1.202026 4.160253 -8.884106
v -3.192394 4.041723 -8.248123
v -3.192394 4.041723 -8.248123
v -1.873966 3.342748 -9.08593
v -3.846008 3.012517 -8.438129
v -3.846008 3.012517 -8.438129
v -2.444099 2.441228 -9.260185
v -4.37236 1.905339 -8.593681
v -4.37236 1.905339 -8.593681
v -2.902241 1.475835 -9.400967
v -4.760254 0.740453 -8.70985
v -4.760254 0.740453 -8.70985
v -3.239227 0.454747 -9.507294
v -5.005615 -0.46197 -8.789597
v -5.005615 -0.46197 -8.789597
v -3.450989 -0.596675 -9.57719
v -5.103352 -1.683619 -8.827007
v -5.103352 -1.683619 -8.827007
v -3.532436 -1.669429 -9.610664
v -5.049393 -2.904231 -8.823067
v -5.049393 -2.904231 -8.823067
v -3.482552 -2.737117 -9.604755
v -4.84272 -4.106623 -8.773846
v -4.484352 -5.267512 -8.678345
v -4.84272 -4.106623 -8.773846
v -2.984703 -4.807612 -9.469883
v -3.977341 -6.370631 -8.536583
v -4.484352 -5.267512 -8.678345
v -2.540817 -5.774012 -9.340912
v -3.329838 -7.398799 -8.352478
v -3.977341 -6.370631 -8.536583
v -1.976795 -6.672511 -9.171581
v -2.55405 -8.329738 -8.128017
v -3.329838 -7.398799 -8.352478
v -1.300781 -7.486933 -8.968773
v -1.664242 -9.149226 -7.871063
v -2.55405 -8.329738 -8.128017
v -0.527035 -8.202113 -8.734463
v -0.675674 -9.84109 -7.584576
v -1.664242 -9.149226 -7.871063
v 0.3302 -8.807858 -8.473576
v 0.392303 -10.391139 -7.274456
v -0.675674 -9.84109 -7.584576
v 1.257679 -9.291041 -8.192005
v 1.521366 -10.792262 -6.945637
v 0.392303 -10.391139 -7.274456
v 2.238102 -9.640529 -7.892723
v 2.691151 -11.038417 -6.604019
v 1.521366 -10.792262 -6.945637
v 3.252121 -9.854243 -7.582607
v 3.881298 -11.122493 -6.255508
v 2.691151 -11.038417 -6.604019
v 4.28548 -9.92718 -7.266582
v 5.071445 -11.040431 -5.907982
v 3.881298 -11.122493 -6.255508
v 5.317825 -9.857295 -6.949577
v 6.240215 -10.801387 -5.564392
v 5.071445 -11.040431 -5.907982
v 6.332863 -9.647609 -6.637493
v 7.368259 -10.402278 -5.232616
v 6.240215 -10.801387 -5.564392
v 7.313282 -9.300166 -6.335251
v 8.438274 -9.852229 -4.918564
v 7.368259 -10.402278 -5.232616
v 8.242802 -8.818995 -6.049747
v 9.431931 -9.162379 -4.627155
v 8.438274 -9.852229 -4.918564
v 9.105122 -8.215266 -5.78492
v 10.330902 -8.343898 -4.364292
v 9.431931 -9.162379 -4.627155
v 9.885998 -7.501126 -5.545689
v 11.120943 -7.40994 -4.132938
v 10.330902 -8.343898 -4.364292
v 10.572193 -6.68365 -5.335007
v 11.786774 -6.37469 -3.938007
v 11.120943 -7.40994 -4.132938
v 11.151485 -5.778043 -5.157795
v 12.318218 -5.260434 -3.78344
v 11.786774 -6.37469 -3.938007
v 11.61268 -4.8056 -5.017014
v 12.705091 -4.083341 -3.671211
v 12.318218 -5.260434 -3.78344
v 11.949669 -3.774379 -4.914627
v 12.940269 -2.864713 -3.602295
v 12.705091 -4.083341 -3.671211
v 12.154305 -2.708735 -4.85162
v 13.019682 -1.624873 -3.579651
v 12.940269 -2.864713 -3.602295
v 12.223534 -1.627925 -4.830944
v 13.019682 -1.624873 -3.579651
v 12.223534 -1.627925 -4.830944
v 12.943325 -0.386014 -3.602295
v 12.15736 -0.543025 -4.850632
v 12.223534 -1.627925 -4.830944
v 11.126034 -0.717219 -6.108818
v 12.154305 -2.708735 -4.85162
v 11.12196 -2.537532 -6.110786
v 12.223534 -1.627925 -4.830944
v 11.949669 -3.774379 -4.914627
v 10.950922 -3.434016 -6.163948
v 12.154305 -2.708735 -4.85162
v 11.61268 -4.8056 -5.017014
v 10.668911 -4.297086 -6.250587
v 11.949669 -3.774379 -4.914627
v 11.151485 -5.778043 -5.157795
v 10.282036 -5.116574 -6.370693
v 11.61268 -4.8056 -5.017014
v 10.572193 -6.68365 -5.335007
v 9.798443 -5.875302 -6.520336
v 11.151485 -5.778043 -5.157795
v 9.885998 -7.501126 -5.545689
v 9.224239 -6.563106 -6.698532
v 10.572193 -6.68365 -5.335007
v 9.105122 -8.215266 -5.78492
v 8.569607 -7.163784 -6.900352
v 9.885998 -7.501126 -5.545689
v 8.242802 -8.818995 -6.049747
v 7.847782 -7.670285 -7.123833
v 9.105122 -8.215266 -5.78492
v 7.313282 -9.300166 -6.335251
v 7.069962 -8.074458 -7.366016
v 8.242802 -8.818995 -6.049747
v 6.332863 -9.647609 -6.637493
v 6.249378 -8.367213 -7.621002
v 7.313282 -9.300166 -6.335251
v 5.317825 -9.857295 -6.949577
v 5.400291 -8.543483 -7.883862
v 6.332863 -9.647609 -6.637493
v 4.28548 -9.92718 -7.266582
v 4.535931 -8.601192 -8.15263
v 5.317825 -9.857295 -6.949577
v 3.252121 -9.854243 -7.582607
v 3.671574 -8.540431 -8.419426
v 4.28548 -9.92718 -7.266582
v 2.238102 -9.640529 -7.892723
v 2.822483 -8.360104 -8.681301
v 3.252121 -9.854243 -7.582607
v 1.257679 -9.291041 -8.192005
v 2.002922 -8.065333 -8.933331
v 2.238102 -9.640529 -7.892723
v 0.3302 -8.807858 -8.473576
v 1.227139 -7.661189 -9.171581
v 1.257679 -9.291041 -8.192005
v -0.527035 -8.202113 -8.734463
v 0.509384 -7.152644 -9.392105
v 0.3302 -8.807858 -8.473576
v -1.300781 -7.486933 -8.968773
v -0.139141 -6.550959 -9.589993
v -0.527035 -8.202113 -8.734463
v -1.976795 -6.672511 -9.171581
v -0.7052 -5.866175 -9.762276
v -1.300781 -7.486933 -8.968773
v -2.540817 -5.774012 -9.340912
v -1.178612 -5.109492 -9.904045
v -1.976795 -6.672511 -9.171581
v -2.984703 -4.807612 -9.469883
v -1.55225 -4.297084 -10.015293
v -2.540817 -5.774012 -9.340912
v -3.299294 -3.790583 -9.557499
v -1.818989 -3.440089 -10.091095
v -2.984703 -4.807612 -9.469883
v -3.482552 -2.737117 -9.604755
v -1.974758 -2.553736 -10.132446
v -3.299294 -3.790583 -9.557499
v -3.532436 -1.669429 -9.610664
v -2.019554 -1.653224 -10.140324
v -3.482552 -2.737117 -9.604755
v -3.450989 -0.596675 -9.57719
v -1.952358 -0.751673 -10.113739
v -3.532436 -1.669429 -9.610664
v -3.239227 0.454747 -9.507294
v -1.777248 0.134679 -10.054672
v -3.450989 -0.596675 -9.57719
v -2.902241 1.475835 -9.400967
v -1.494221 0.993657 -9.966068
v -3.239227 0.454747 -9.507294
v -2.902241 1.475835 -9.400967
v -2.444099 2.441228 -9.260185
v -1.494221 0.993657 -9.966068
v -2.444099 2.441228 -9.260185
v -1.873966 3.342748 -9.08593
v -1.110401 1.806066 -9.845959
v -1.873966 3.342748 -9.08593
v -1.202026 4.160253 -8.884106
v -0.631897 2.56278 -9.698284
v -1.202026 4.160253 -8.884106
v -0.439476 4.87943 -8.655704
v -0.066856 3.247533 -9.525997
v -0.439476 4.87943 -8.655704
v 0.402485 5.490239 -8.404655
v 0.574543 3.853307 -9.331066
v 0.402485 5.490239 -8.404655
v 1.312656 5.979528 -8.132938
v 1.283134 4.363836 -9.116447
v 1.312656 5.979528 -8.132938
v 2.275772 6.337102 -7.844482
v 2.048737 4.773076 -8.885094
v 2.275772 6.337102 -7.844482
v 3.277573 6.557958 -7.543224
v 2.85812 5.071935 -8.638969
v 3.277573 6.557958 -7.543224
v 4.301773 6.636935 -7.232128
v 3.699062 5.255254 -8.382999
v 4.301773 6.636935 -7.232128
v 5.328007 6.574163 -6.920044
v 4.558331 5.320073 -8.12014
v 5.328007 6.574163 -6.920044
v 6.341007 6.367497 -6.612881
v 5.418617 5.267431 -7.856297
v 6.341007 6.367497 -6.612881
v 7.321426 6.024112 -6.315559
v 6.266685 5.093175 -7.59639
v 7.321426 6.024112 -6.315559
v 8.251965 5.548008 -6.033997
v 7.087269 4.802465 -7.345345
v 8.251965 5.548008 -6.033997
v 9.116322 4.949313 -5.772121
v 7.865089 4.403354 -7.107094
v 9.116322 4.949313 -5.772121
v 9.898216 4.236209 -5.535839
v 8.586914 3.899907 -6.88657
v 9.898216 4.236209 -5.535839
v 10.584408 3.423772 -5.328114
v 9.240528 3.301213 -6.686714
v 10.584408 3.423772 -5.328114
v 11.161667 2.52329 -5.152874
v 9.813713 2.61646 -6.511475
v 11.161667 2.52329 -5.152874
v 11.621843 1.550817 -5.013073
v 10.296291 1.859746 -6.363804
v 11.621843 1.550817 -5.013073
v 11.955776 0.522649 -4.911671
v 10.680109 1.042302 -6.246647
v 11.955776 0.522649 -4.911671
v 12.15736 -0.543025 -4.850632
v 10.958048 0.178228 -6.160995
v 10.958048 0.178228 -6.160995
v 11.126034 -0.717219 -6.108818
v 9.777065 -0.197596 -7.305962
v 10.680109 1.042302 -6.246647
v 10.958048 0.178228 -6.160995
v 9.558174 0.485173 -7.37389
v 10.296291 1.859746 -6.363804
v 10.680109 1.042302 -6.246647
v 9.256821 1.132451 -7.466434
v 9.813713 2.61646 -6.511475
v 10.296291 1.859746 -6.363804
v 8.877071 1.732152 -7.583591
v 9.240528 3.301213 -6.686714
v 9.813713 2.61646 -6.511475
v 8.426056 2.27509 -7.72142
v 8.586914 3.899907 -6.88657
v 9.240528 3.301213 -6.686714
v 7.910904 2.748143 -7.879921
v 7.865089 4.403354 -7.107094
v 8.586914 3.899907 -6.88657
v 7.341789 3.147252 -8.054176
v 7.087269 4.802465 -7.345345
v 7.865089 4.403354 -7.107094
v 6.727882 3.465337 -8.242218
v 6.266685 5.093175 -7.59639
v 7.087269 4.802465 -7.345345
v 6.081394 3.695287 -8.441082
v 5.418617 5.267431 -7.856297
v 6.266685 5.093175 -7.59639
v 5.411491 3.835088 -8.646843
v 4.558331 5.320073 -8.12014
v 5.418617 5.267431 -7.856297
v 4.731403 3.878606 -8.856541
v 3.699062 5.255254 -8.382999
v 4.558331 5.320073 -8.12014
v 4.051323 3.827977 -9.065254
v 2.85812 5.071935 -8.638969
v 3.699062 5.255254 -8.382999
v 3.38549 3.684148 -9.269047
v 2.048737 4.773076 -8.885094
v 2.85812 5.071935 -8.638969
v 2.743076 3.449102 -9.465942
v 1.283134 4.363836 -9.116447
v 2.048737 4.773076 -8.885094
v 2.136292 3.126989 -9.651031
v 0.574543 3.853307 -9.331066
v 1.283134 4.363836 -9.116447
v 1.573288 2.722814 -9.823315
v -0.066856 3.247533 -9.525997
v 0.574543 3.853307 -9.331066
v 1.064243 2.244695 -9.978867
v -0.631897 2.56278 -9.698284
v -0.066856 3.247533 -9.525997
v 0.616283 1.701757 -10.116695
v -1.110401 1.806066 -9.845959
v -0.631897 2.56278 -9.698284
v 0.237553 1.102086 -10.234833
v -1.494221 0.993657 -9.966068
v -1.110401 1.806066 -9.845959
v -0.065838 0.459844 -10.329346
v -1.777248 0.134679 -10.054672
v -1.494221 0.993657 -9.966068
v -0.288799 -0.220881 -10.400227
v -1.777248 0.134679 -10.054672
v -0.288799 -0.220881 -10.400227
v -1.952358 -0.751673 -10.113739
v -1.952358 -0.751673 -10.113739
v -0.427258 -0.925898 -10.44453
v -2.019554 -1.653224 -10.140324
v -2.019554 -1.653224 -10.140324
v -0.478165 -1.641078 -10.464218
v -1.974758 -2.553736 -10.132446
v -1.974758 -2.553736 -10.132446
v -0.440495 -2.356227 -10.456345
v -1.818989 -3.440089 -10.091095
v -1.818989 -3.440089 -10.091095
v -0.314251 -3.060237 -10.42189
v -1.55225 -4.297084 -10.015293
v -1.55225 -4.297084 -10.015293
v -0.102489 -3.739924 -10.359863
v -1.178612 -5.109492 -9.904045
v -1.178612 -5.109492 -9.904045
v 0.193775 -4.385218 -10.272243
v -0.7052 -5.866175 -9.762276
v -0.7052 -5.866175 -9.762276
v 0.56945 -4.983882 -10.158043
v -0.139141 -6.550959 -9.589993
v -0.139141 -6.550959 -9.589993
v 1.01741 -5.527858 -10.021198
v 0.509384 -7.152644 -9.392105
v 0.509384 -7.152644 -9.392105
v 1.52951 -6.002925 -9.864662
v 1.227139 -7.661189 -9.171581
v 1.227139 -7.661189 -9.171581
v 2.096588 -6.405085 -9.690407
v 2.002922 -8.065333 -8.933331
v 2.002922 -8.065333 -8.933331
v 2.708458 -6.725154 -9.502369
v 2.822483 -8.360104 -8.681301
v 2.822483 -8.360104 -8.681301
v 3.354946 -6.9602 -9.302517
v 3.671574 -8.540431 -8.419426
v 3.671574 -8.540431 -8.419426
v 4.024849 -7.100978 -9.094791
v 4.535931 -8.601192 -8.15263
v 4.535931 -8.601192 -8.15263
v 4.70697 -7.15063 -8.884106
v 5.400291 -8.543483 -7.883862
v 5.400291 -8.543483 -7.883862
v 5.389091 -7.104029 -8.672443
v 6.249378 -8.367213 -7.621002
v 6.249378 -8.367213 -7.621002
v 6.058994 -6.962214 -8.463726
v 7.069962 -8.074458 -7.366016
v 7.069962 -8.074458 -7.366016
v 6.706501 -6.732264 -8.261906
v 7.847782 -7.670285 -7.123833
v 7.847782 -7.670285 -7.123833
v 7.321426 -6.412165 -8.070915
v 8.569607 -7.163784 -6.900352
v 8.569607 -7.163784 -6.900352
v 7.89156 -6.010035 -7.893703
v 9.224239 -6.563106 -6.698532
v 9.224239 -6.563106 -6.698532
v 8.40773 -5.534938 -7.733231
v 9.798443 -5.875302 -6.520336
v 9.798443 -5.875302 -6.520336
v 8.860783 -4.990962 -7.592449
v 10.282036 -5.116574 -6.370693
v 10.282036 -5.116574 -6.370693
v 9.242565 -4.390254 -7.474312
v 10.668911 -4.297086 -6.250587
v 10.668911 -4.297086 -6.250587
v 9.547993 -3.741999 -7.378819
v 10.950922 -3.434016 -6.163948
v 10.950922 -3.434016 -6.163948
v 9.770954 -3.057215 -7.309902
v 11.12196 -2.537532 -6.110786
v 11.12196 -2.537532 -6.110786
v 9.905342 -2.349116 -7.267567
v 11.181009 -1.627925 -6.092079
v 11.126034 -0.717219 -6.108818
v 11.181009 -1.627925 -6.092079
v 9.909416 -0.905635 -7.265602
v 9.952175 -1.627925 -7.2528
v 8.587933 -1.627925 -8.27372
v 9.909416 -0.905635 -7.265602
v 9.905342 -2.349116 -7.267567
v 8.554337 -2.147547 -8.28455
v 9.952175 -1.627925 -7.2528
v 9.770954 -3.057215 -7.309902
v 8.4566 -2.656062 -8.315071
v 9.905342 -2.349116 -7.267567
v 9.547993 -3.741999 -7.378819
v 8.296757 -3.150416 -8.36528
v 9.770954 -3.057215 -7.309902
v 9.242565 -4.390254 -7.474312
v 8.077869 -3.614344 -8.433208
v 9.547993 -3.741999 -7.378819
v 8.860783 -4.990962 -7.592449
v 7.804005 -4.048915 -8.51886
v 9.242565 -4.390254 -7.474312
v 8.40773 -5.534938 -7.733231
v 7.479233 -4.438899 -8.620262
v 8.860783 -4.990962 -7.592449
v 7.89156 -6.010035 -7.893703
v 7.108646 -4.782283 -8.735451
v 8.40773 -5.534938 -7.733231
v 7.321426 -6.412165 -8.070915
v 6.699375 -5.069972 -8.86245
v 7.89156 -6.010035 -7.893703
v 6.706501 -6.732264 -8.261906
v 6.258541 -5.299922 -9.000278
v 7.321426 -6.412165 -8.070915
v 6.058994 -6.962214 -8.463726
v 5.793274 -5.467067 -9.145
v 6.706501 -6.732264 -8.261906
v 5.389091 -7.104029 -8.672443
v 5.312737 -5.567347 -9.29464
v 6.058994 -6.962214 -8.463726
v 4.70697 -7.15063 -8.884106
v 4.823032 -5.601802 -9.446255
v 5.389091 -7.104029 -8.672443
v 4.024849 -7.100978 -9.094791
v 4.333332 -5.567347 -9.597866
v 4.70697 -7.15063 -8.884106
v 3.354946 -6.9602 -9.302517
v 3.852795 -5.465052 -9.747509
v 4.024849 -7.100978 -9.094791
v 2.708458 -6.725154 -9.502369
v 3.388546 -5.297908 -9.891247
v 3.354946 -6.9602 -9.302517
v 2.096588 -6.405085 -9.690407
v 2.949745 -5.065913 -10.026123
v 2.708458 -6.725154 -9.502369
v 1.52951 -6.002925 -9.864662
v 2.542511 -4.777217 -10.152134
v 2.096588 -6.405085 -9.690407
v 1.01741 -5.527858 -10.021198
v 2.175999 -4.433833 -10.26437
v 1.52951 -6.002925 -9.864662
v 0.56945 -4.983882 -10.158043
v 1.854282 -4.043849 -10.362816
v 1.01741 -5.527858 -10.021198
v 0.193775 -4.385218 -10.272243
v 1.583469 -3.61233 -10.44453
v 0.56945 -4.983882 -10.158043
v -0.102489 -3.739924 -10.359863
v 1.369671 -3.14532 -10.510494
v 0.193775 -4.385218 -10.272243
v -0.314251 -3.060237 -10.42189
v 1.21492 -2.656062 -10.555779
v -0.102489 -3.739924 -10.359863
v -0.440495 -2.356227 -10.456345
v 1.123291 -2.147547 -10.582363
v -0.314251 -3.060237 -10.42189
v -0.478165 -1.641078 -10.464218
v 1.094788 -1.631953 -10.589252
v -0.440495 -2.356227 -10.456345
v -0.427258 -0.925898 -10.44453
v 1.130417 -1.117366 -10.57547
v -0.478165 -1.641078 -10.464218
v -0.427258 -0.925898 -10.44453
v -0.288799 -0.220881 -10.400227
v 1.130417 -1.117366 -10.57547
v -0.288799 -0.220881 -10.400227
v -0.065838 0.459844 -10.329346
v 1.228157 -0.608851 -10.543964
v -0.065838 0.459844 -10.329346
v 0.237553 1.102086 -10.234833
v 1.387997 -0.118556 -10.49474
v 0.237553 1.102086 -10.234833
v 0.616283 1.701757 -10.116695
v 1.605869 0.345403 -10.425823
v 0.616283 1.701757 -10.116695
v 1.064243 2.244695 -9.978867
v 1.878716 0.777898 -10.340172
v 1.064243 2.244695 -9.978867
v 1.573288 2.722814 -9.823315
v 2.202469 1.167913 -10.240738
v 1.573288 2.722814 -9.823315
v 2.136292 3.126989 -9.651031
v 2.57 1.511327 -10.127522
v 3.413994 2.03095 -9.866634
v 2.975197 1.798986 -10.001511
v 2.743076 3.449102 -9.465942
v 3.876209 2.198125 -9.723881
v 3.413994 2.03095 -9.866634
v 3.38549 3.684148 -9.269047
v 3.38549 3.684148 -9.269047
v 4.051323 3.827977 -9.065254
v 3.876209 2.198125 -9.723881
v 4.051323 3.827977 -9.065254
v 4.731403 3.878606 -8.856541
v 4.355728 2.302434 -9.57621
v 4.731403 3.878606 -8.856541
v 5.411491 3.835088 -8.646843
v 4.844414 2.337896 -9.425579
v 5.411491 3.835088 -8.646843
v 6.081394 3.695287 -8.441082
v 5.333096 2.304479 -9.274952
v 6.081394 3.695287 -8.441082
v 6.727882 3.465337 -8.242218
v 5.813637 2.205175 -9.127277
v 6.727882 3.465337 -8.242218
v 7.341789 3.147252 -8.054176
v 6.277885 2.03806 -8.98354
v 7.341789 3.147252 -8.054176
v 7.910904 2.748143 -7.879921
v 6.717701 1.811162 -8.848667
v 7.910904 2.748143 -7.879921
v 8.426056 2.27509 -7.72142
v 7.125954 1.522466 -8.722649
v 8.426056 2.27509 -7.72142
v 8.877071 1.732152 -7.583591
v 7.494503 1.179052 -8.609432
v 8.877071 1.732152 -7.583591
v 9.256821 1.132451 -7.466434
v 7.817238 0.789037 -8.509998
v 9.256821 1.132451 -7.466434
v 9.558174 0.485173 -7.37389
v 8.089069 0.359533 -8.426319
v 9.558174 0.485173 -7.37389
v 9.777065 -0.197596 -7.305962
v 8.30592 -0.107417 -8.360355
v 9.777065 -0.197596 -7.305962
v 9.909416 -0.905635 -7.265602
v 8.462708 -0.599726 -8.312115
v 8.462708 -0.599726 -8.312115
v 8.557388 -1.110255 -8.282581
v 7.51181 -0.88235 -8.921516
v 8.30592 -0.107417 -8.360355
v 8.462708 -0.599726 -8.312115
v 7.398804 -0.526789 -8.955975
v 8.089069 0.359533 -8.426319
v 8.30592 -0.107417 -8.360355
v 7.243034 -0.190486 -9.004219
v 7.817238 0.789037 -8.509998
v 8.089069 0.359533 -8.426319
v 7.046543 0.122533 -9.06427
v 7.494503 1.179052 -8.609432
v 7.817238 0.789037 -8.509998
v 6.8134 0.406163 -9.136139
v 7.125954 1.522466 -8.722649
v 7.494503 1.179052 -8.609432
v 6.546661 0.652318 -9.218834
v 6.717701 1.811162 -8.848667
v 7.125954 1.522466 -8.722649
v 6.252434 0.860997 -9.30941
v 6.277885 2.03806 -8.98354
v 6.717701 1.811162 -8.848667
v 5.934788 1.026098 -9.406876
v 5.813637 2.205175 -9.127277
v 6.277885 2.03806 -8.98354
v 5.598816 1.146642 -9.51123
v 5.333096 2.304479 -9.274952
v 5.813637 2.205175 -9.127277
v 5.251648 1.218541 -9.618538
v 4.844414 2.337896 -9.425579
v 5.333096 2.304479 -9.274952
v 4.898373 1.243871 -9.727821
v 4.355728 2.302434 -9.57621
v 4.844414 2.337896 -9.425579
v 4.544075 1.218541 -9.837097
v 3.876209 2.198125 -9.723881
v 4.355728 2.302434 -9.57621
v 4.196907 1.144597 -9.944405
v 3.413994 2.03095 -9.866634
v 3.876209 2.198125 -9.723881
v 3.861958 1.024053 -10.047779
v 2.975197 1.798986 -10.001511
v 3.413994 2.03095 -9.866634
v 3.544312 0.856939 -10.146229
v 2.57 1.511327 -10.127522
v 2.975197 1.798986 -10.001511
v 3.249065 0.647252 -10.237785
v 2.202469 1.167913 -10.240738
v 2.57 1.511327 -10.127522
v 2.983345 0.399053 -10.320484
v 1.878716 0.777898 -10.340172
v 2.202469 1.167913 -10.240738
v 2.749184 0.118444 -10.393337
v 1.605869 0.345403 -10.425823
v 1.878716 0.777898 -10.340172
v 2.551674 -0.195582 -10.45536
v 1.387997 -0.118556 -10.49474
v 1.605869 0.345403 -10.425823
v 2.393871 -0.531886 -10.505569
v 1.228157 -0.608851 -10.543964
v 1.387997 -0.118556 -10.49474
v 2.277809 -0.886409 -10.541012
v 1.130417 -1.117366 -10.57547
v 1.228157 -0.608851 -10.543964
v 2.207558 -1.254115 -10.56464
v 1.130417 -1.117366 -10.57547
v 2.207558 -1.254115 -10.56464
v 1.094788 -1.631953 -10.589252
v 1.094788 -1.631953 -10.589252
v 2.182106 -1.629939 -10.572514
v 1.123291 -2.147547 -10.582363
v 1.123291 -2.147547 -10.582363
v 2.203487 -2.003718 -10.566608
v 1.21492 -2.656062 -10.555779
v 1.21492 -2.656062 -10.555779
v 2.271698 -2.372432 -10.546917
v 1.369671 -3.14532 -10.510494
v 1.369671 -3.14532 -10.510494
v 2.38369 -2.727992 -10.513447
v 1.583469 -3.61233 -10.44453
v 1.583469 -3.61233 -10.44453
v 2.538441 -3.064296 -10.465206
v 1.854282 -4.043849 -10.362816
v 1.854282 -4.043849 -10.362816
v 2.733913 -3.378321 -10.406136
v 2.175999 -4.433833 -10.26437
v 2.175999 -4.433833 -10.26437
v 2.967052 -3.6589 -10.334267
v 2.542511 -4.777217 -10.152134
v 2.542511 -4.777217 -10.152134
v 3.232777 -3.907099 -10.252556
v 2.949745 -5.065913 -10.026123
v 2.949745 -5.065913 -10.026123
v 3.527004 -4.1188 -10.161983
v 3.388546 -5.297908 -9.891247
v 3.388546 -5.297908 -9.891247
v 3.843632 -4.285945 -10.064518
v 3.852795 -5.465052 -9.747509
v 3.852795 -5.465052 -9.747509
v 4.1796 -4.406489 -9.961143
v 4.333332 -5.567347 -9.597866
v 4.333332 -5.567347 -9.597866
v 4.526768 -4.480433 -9.852852
v 4.823032 -5.601802 -9.446255
v 4.823032 -5.601802 -9.446255
v 4.881065 -4.503749 -9.742584
v 5.312737 -5.567347 -9.29464
v 5.312737 -5.567347 -9.29464
v 5.234344 -4.480433 -9.633308
v 5.793274 -5.467067 -9.145
v 5.793274 -5.467067 -9.145
v 5.582531 -4.408503 -9.525013
v 6.258541 -5.299922 -9.000278
v 6.258541 -5.299922 -9.000278
v 5.918499 -4.287959 -9.420658
v 6.699375 -5.069972 -8.86245
v 6.699375 -5.069972 -8.86245
v 6.237164 -4.120814 -9.321224
v 7.108646 -4.782283 -8.735451
v 7.108646 -4.782283 -8.735451
v 6.533424 -3.912165 -9.22868
v 7.479233 -4.438899 -8.620262
v 7.479233 -4.438899 -8.620262
v 6.801186 -3.662959 -9.145
v 7.804005 -4.048915 -8.51886
v 7.804005 -4.048915 -8.51886
v 7.035343 -3.380366 -9.072147
v 8.077869 -3.614344 -8.433208
v 8.077869 -3.614344 -8.433208
v 7.233871 -3.067317 -9.01012
v 8.296757 -3.150416 -8.36528
v 8.296757 -3.150416 -8.36528
v 7.392696 -2.730037 -8.960896
v 8.4566 -2.656062 -8.315071
v 8.4566 -2.656062 -8.315071
v 7.507736 -2.372432 -8.924469
v 8.554337 -2.147547 -8.28455
v 8.554337 -2.147547 -8.28455
v 7.577988 -2.003718 -8.901829
v 8.587933 -1.627925 -8.27372
v 8.587933 -1.627925 -8.27372
v 7.602421 -1.627925 -8.893951
v 8.557388 -1.110255 -8.282581
v 7.602421 -1.627925 -8.893951
v 7.107628 -1.627925 -9.22179
v 7.580021 -1.251063 -8.900845
v 7.577988 -2.003718 -8.901829
v 7.087269 -1.931788 -9.227695
v 7.602421 -1.627925 -8.893951
v 7.507736 -2.372432 -8.924469
v 7.031273 -2.228572 -9.246403
v 7.577988 -2.003718 -8.901829
v 7.392696 -2.730037 -8.960896
v 6.938625 -2.516291 -9.274952
v 7.507736 -2.372432 -8.924469
v 7.233871 -3.067317 -9.01012
v 6.810349 -2.787745 -9.315315
v 7.392696 -2.730037 -8.960896
v 7.035343 -3.380366 -9.072147
v 6.651524 -3.041011 -9.365524
v 7.233871 -3.067317 -9.01012
v 6.801186 -3.662959 -9.145
v 6.462158 -3.268916 -9.424591
v 7.035343 -3.380366 -9.072147
v 6.533424 -3.912165 -9.22868
v 6.246323 -3.470485 -9.491539
v 6.801186 -3.662959 -9.145
v 6.237164 -4.120814 -9.321224
v 6.008091 -3.63766 -9.56538
v 6.533424 -3.912165 -9.22868
v 5.918499 -4.287959 -9.420658
v 5.750515 -3.772364 -9.646103
v 6.237164 -4.120814 -9.321224
v 5.582531 -4.408503 -9.525013
v 5.479702 -3.869593 -9.730774
v 5.918499 -4.287959 -9.420658
v 5.234344 -4.480433 -9.633308
v 5.198708 -3.92837 -9.817406
v 5.582531 -4.408503 -9.525013
v 4.881065 -4.503749 -9.742584
v 4.914661 -3.94662 -9.90601
v 5.234344 -4.480433 -9.633308
v 4.526768 -4.480433 -9.852852
v 4.629597 -3.925318 -9.995602
v 4.881065 -4.503749 -9.742584
v 4.1796 -4.406489 -9.961143
v 4.349621 -3.867579 -10.082237
v 4.526768 -4.480433 -9.852852
v 3.843632 -4.285945 -10.064518
v 4.079826 -3.768306 -10.164936
v 4.1796 -4.406489 -9.961143
v 3.527004 -4.1188 -10.161983
v 3.824287 -3.63357 -10.244678
v 3.843632 -4.285945 -10.064518
v 3.232777 -3.907099 -10.252556
v 3.58707 -3.466456 -10.317528
v 3.527004 -4.1188 -10.161983
v 2.967052 -3.6589 -10.334267
v 3.37429 -3.26385 -10.383495
v 3.232777 -3.907099 -10.252556
v 2.733913 -3.378321 -10.406136
v 3.186962 -3.036952 -10.440594
v 2.967052 -3.6589 -10.334267
v 2.538441 -3.064296 -10.465206
v 3.030174 -2.785731 -10.489819
v 2.733913 -3.378321 -10.406136
v 2.38369 -2.727992 -10.513447
v 2.904949 -2.514247 -10.527229
v 2.538441 -3.064296 -10.465206
v 2.271698 -2.372432 -10.546917
v 2.815357 -2.226557 -10.555779
v 2.38369 -2.727992 -10.513447
v 2.203487 -2.003718 -10.566608
v 2.76038 -1.928736 -10.571529
v 2.271698 -2.372432 -10.546917
v 2.182106 -1.629939 -10.572514
v 2.744091 -1.627925 -10.57547
v 2.203487 -2.003718 -10.566608
v 2.207558 -1.254115 -10.56464
v 2.763435 -1.326014 -10.569561
v 2.182106 -1.629939 -10.572514
v 2.207558 -1.254115 -10.56464
v 2.277809 -0.886409 -10.541012
v 2.763435 -1.326014 -10.569561
v 2.277809 -0.886409 -10.541012
v 2.393871 -0.531886 -10.505569
v 2.82045 -1.031245 -10.550858
v 2.393871 -0.531886 -10.505569
v 2.551674 -0.195582 -10.45536
v 2.913094 -0.7456 -10.522305
v 2.551674 -0.195582 -10.45536
v 2.749184 0.118444 -10.393337
v 3.040356 -0.474116 -10.481941
v 2.749184 0.118444 -10.393337
v 2.983345 0.399053 -10.320484
v 3.199181 -0.222926 -10.431732
v 2.983345 0.399053 -10.320484
v 3.249065 0.647252 -10.237785
v 3.387527 0.004003 -10.373646
v 3.249065 0.647252 -10.237785
v 3.544312 0.856939 -10.146229
v 3.602345 0.204564 -10.306702
v 3.544312 0.856939 -10.146229
v 3.861958 1.024053 -10.047779
v 3.839558 0.373723 -10.232864
v 3.861958 1.024053 -10.047779
v 4.196907 1.144597 -9.944405
v 4.095097 0.506444 -10.153122
v 4.196907 1.144597 -9.944405
v 4.544075 1.218541 -9.837097
v 4.364891 0.605718 -10.069439
v 4.544075 1.218541 -9.837097
v 4.898373 1.243871 -9.727821
v 4.644867 0.663457 -9.982803
v 4.898373 1.243871 -9.727821
v 5.251648 1.218541 -9.618538
v 4.928913 0.684697 -9.894199
v 5.251648 1.218541 -9.618538
v 5.598816 1.146642 -9.51123
v 5.213982 0.665471 -9.806576
v 5.598816 1.146642 -9.51123
v 5.934788 1.026098 -9.406876
v 5.492939 0.607732 -9.719944
v 5.934788 1.026098 -9.406876
v 6.252434 0.860997 -9.30941
v 5.763752 0.510503 -9.636261
v 6.252434 0.860997 -9.30941
v 6.546661 0.652318 -9.218834
v 6.019291 0.377782 -9.557499
v 6.546661 0.652318 -9.218834
v 6.8134 0.406163 -9.136139
v 6.256504 0.208623 -9.483665
v 6.8134 0.406163 -9.136139
v 7.046543 0.122533 -9.06427
v 6.471321 0.011113 -9.417702
v 7.046543 0.122533 -9.06427
v 7.243034 -0.190486 -9.004219
v 6.658649 -0.215815 -9.359619
v 7.243034 -0.190486 -9.004219
v 7.398804 -0.526789 -8.955975
v 6.817474 -0.46905 -9.310394
v 7.51181 -0.88235 -8.921516
v 7.034325 -1.029231 -9.243446
v 7.398804 -0.526789 -8.955975
v 7.580021 -1.251063 -8.900845
v 7.089302 -1.326014 -9.226711
v 7.51181 -0.88235 -8.921516
v 7.034325 -1.029231 -9.243446
v 7.089302 -1.326014 -9.226711
v 6.737045 -1.130519 -9.661858
v 6.942699 -0.740535 -9.271999
v 7.034325 -1.029231 -9.243446
v 6.661705 -0.894496 -9.685486
v 6.817474 -0.46905 -9.310394
v 6.942699 -0.740535 -9.271999
v 6.556843 -0.668605 -9.719944
v 6.658649 -0.215815 -9.359619
v 6.817474 -0.46905 -9.310394
v 6.426529 -0.459925 -9.760307
v 6.471321 0.011113 -9.417702
v 6.658649 -0.215815 -9.359619
v 6.27076 -0.27151 -9.809532
v 6.256504 0.208623 -9.483665
v 6.471321 0.011113 -9.417702
v 6.093613 -0.107417 -9.864662
v 6.019291 0.377782 -9.557499
v 6.256504 0.208623 -9.483665
v 5.897121 0.030339 -9.926689
v 5.763752 0.510503 -9.636261
v 6.019291 0.377782 -9.557499
v 5.686375 0.138707 -9.992649
v 5.492939 0.607732 -9.719944
v 5.763752 0.510503 -9.636261
v 5.463413 0.217748 -10.06255
v 5.213982 0.665471 -9.806576
v 5.492939 0.607732 -9.719944
v 5.232307 0.266362 -10.135399
v 4.928913 0.684697 -9.894199
v 5.213982 0.665471 -9.806576
v 4.998146 0.280553 -10.208252
v 4.644867 0.663457 -9.982803
v 4.928913 0.684697 -9.894199
v 4.763985 0.264318 -10.282089
v 4.364891 0.605718 -10.069439
v 4.644867 0.663457 -9.982803
v 4.533894 0.215734 -10.353958
v 4.095097 0.506444 -10.153122
v 4.364891 0.605718 -10.069439
v 4.310936 0.134679 -10.423855
v 3.839558 0.373723 -10.232864
v 4.095097 0.506444 -10.153122
v 4.100189 0.023229 -10.489819
v 3.602345 0.204564 -10.306702
v 3.839558 0.373723 -10.232864
v 3.904716 -0.116542 -10.550858
v 3.387527 0.004003 -10.373646
v 3.602345 0.204564 -10.306702
v 3.728588 -0.280635 -10.605988
v 3.199181 -0.222926 -10.431732
v 3.387527 0.004003 -10.373646
v 3.572819 -0.46905 -10.654228
v 3.040356 -0.474116 -10.481941
v 3.199181 -0.222926 -10.431732
v 3.441486 -0.675685 -10.69558
v 2.913094 -0.7456 -10.522305
v 3.040356 -0.474116 -10.481941
v 3.337639 -0.898555 -10.72905
v 2.82045 -1.031245 -10.550858
v 2.913094 -0.7456 -10.522305
v 3.260265 -1.135585 -10.753662
v 2.763435 -1.326014 -10.569561
v 2.82045 -1.031245 -10.550858
v 3.213432 -1.379725 -10.767445
v 2.744091 -1.627925 -10.57547
v 2.763435 -1.326014 -10.569561
v 3.196125 -1.627925 -10.77335
v 2.744091 -1.627925 -10.57547
v 3.196125 -1.627925 -10.77335
v 2.76038 -1.928736 -10.571529
v 2.815357 -2.226557 -10.555779
v 2.76038 -1.928736 -10.571529
v 3.254158 -2.122218 -10.754646
v 2.815357 -2.226557 -10.555779
v 3.254158 -2.122218 -10.754646
v 2.904949 -2.514247 -10.527229
v 2.904949 -2.514247 -10.527229
v 3.328476 -2.358241 -10.732002
v 3.030174 -2.785731 -10.489819
v 3.030174 -2.785731 -10.489819
v 3.430286 -2.584162 -10.7005
v 3.186962 -3.036952 -10.440594
v 3.186962 -3.036952 -10.440594
v 3.559582 -2.792811 -10.659153
v 3.37429 -3.26385 -10.383495
v 3.37429 -3.26385 -10.383495
v 3.713314 -2.981227 -10.610909
v 3.58707 -3.466456 -10.317528
v 3.58707 -3.466456 -10.317528
v 3.888424 -3.148371 -10.555779
v 3.824287 -3.63357 -10.244678
v 3.824287 -3.63357 -10.244678
v 4.0839 -3.287165 -10.49474
v 4.079826 -3.768306 -10.164936
v 4.079826 -3.768306 -10.164936
v 4.293625 -3.398585 -10.42878
v 4.349621 -3.867579 -10.082237
v 4.349621 -3.867579 -10.082237
v 4.51659 -3.479609 -10.358879
v 4.629597 -3.925318 -9.995602
v 4.629597 -3.925318 -9.995602
v 4.747696 -3.531276 -10.28603
v 4.914661 -3.94662 -9.90601
v 4.914661 -3.94662 -9.90601
v 4.982876 -3.54748 -10.212193
v 5.198708 -3.92837 -9.817406
v 5.198708 -3.92837 -9.817406
v 5.21907 -3.53329 -10.138351
v 5.479702 -3.869593 -9.730774
v 5.479702 -3.869593 -9.730774
v 5.451195 -3.484675 -10.065502
v 5.750515 -3.772364 -9.646103
v 5.750515 -3.772364 -9.646103
v 5.675175 -3.40362 -9.995602
v 6.008091 -3.63766 -9.56538
v 6.008091 -3.63766 -9.56538
v 5.887959 -3.294245 -9.92767
v 6.246323 -3.470485 -9.491539
v 6.246323 -3.470485 -9.491539
v 6.085468 -3.155482 -9.866634
v 6.462158 -3.268916 -9.424591
v 6.462158 -3.268916 -9.424591
v 6.26363 -2.988307 -9.809532
v 6.651524 -3.041011 -9.365524
v 6.651524 -3.041011 -9.365524
v 6.420418 -2.799922 -9.761292
v 6.810349 -2.787745 -9.315315
v 6.810349 -2.787745 -9.315315
v 6.552769 -2.591243 -9.71896
v 6.938625 -2.516291 -9.274952
v 6.938625 -2.516291 -9.274952
v 6.658649 -2.363307 -9.68647
v 7.031273 -2.228572 -9.246403
v 7.031273 -2.228572 -9.246403
v 6.735008 -2.126277 -9.661858
v 7.087269 -1.931788 -9.227695
v 7.087269 -1.931788 -9.227695
v 6.781837 -1.878077 -9.647091
v 7.107628 -1.627925 -9.22179
v 7.089302 -1.326014 -9.226711
v 7.107628 -1.627925 -9.22179
v 6.782856 -1.376673 -9.647091
v 6.782856 -1.376673 -9.647091
v 6.79813 -1.627925 -9.64217
v 7.024147 -1.365535 -10.293903
v 6.781837 -1.878077 -9.647091
v 7.023129 -1.892268 -10.293903
v 6.79813 -1.627925 -9.64217
v 6.735008 -2.126277 -9.661858
v 6.974258 -2.152613 -10.308674
v 6.781837 -1.878077 -9.647091
v 6.658649 -2.363307 -9.68647
v 6.892811 -2.402827 -10.334267
v 6.735008 -2.126277 -9.661858
v 6.552769 -2.591243 -9.71896
v 6.782856 -2.639857 -10.369713
v 6.658649 -2.363307 -9.68647
v 6.420418 -2.799922 -9.761292
v 6.643379 -2.860682 -10.414009
v 6.552769 -2.591243 -9.71896
v 6.26363 -2.988307 -9.809532
v 6.479469 -3.060237 -10.46619
v 6.420418 -2.799922 -9.761292
v 6.085468 -3.155482 -9.866634
v 6.292141 -3.233454 -10.526245
v 6.26363 -2.988307 -9.809532
v 5.887959 -3.294245 -9.92767
v 6.085468 -3.380366 -10.592205
v 6.085468 -3.155482 -9.866634
v 5.675175 -3.40362 -9.995602
v 5.862503 -3.495814 -10.663086
v 5.887959 -3.294245 -9.92767
v 5.451195 -3.484675 -10.065502
v 5.627327 -3.581935 -10.738895
v 5.675175 -3.40362 -9.995602
v 5.21907 -3.53329 -10.138351
v 5.384003 -3.630549 -10.816669
v 5.451195 -3.484675 -10.065502
v 4.982876 -3.54748 -10.212193
v 5.136604 -3.646754 -10.896412
v 5.21907 -3.53329 -10.138351
v 4.747696 -3.531276 -10.28603
v 4.890228 -3.630549 -10.97517
v 4.982876 -3.54748 -10.212193
v 4.51659 -3.479609 -10.358879
v 4.647923 -3.577876 -11.052948
v 4.747696 -3.531276 -10.28603
v 4.293625 -3.398585 -10.42878
v 4.413761 -3.491786 -11.127769
v 4.51659 -3.479609 -10.358879
v 4.0839 -3.287165 -10.49474
v 4.193855 -3.373255 -11.198654
v 4.293625 -3.398585 -10.42878
v 3.888424 -3.148371 -10.555779
v 3.98922 -3.226344 -11.264614
v 4.0839 -3.287165 -10.49474
v 3.713314 -2.981227 -10.610909
v 3.804943 -3.050105 -11.323681
v 3.888424 -3.148371 -10.555779
v 3.559582 -2.792811 -10.659153
v 3.644085 -2.853572 -11.375862
v 3.713314 -2.981227 -10.610909
v 3.430286 -2.584162 -10.7005
v 3.509697 -2.632777 -11.420162
v 3.559582 -2.792811 -10.659153
v 3.328476 -2.358241 -10.732002
v 3.402798 -2.395747 -11.453636
v 3.430286 -2.584162 -10.7005
v 3.254158 -2.122218 -10.754646
v 3.325424 -2.147547 -11.479233
v 3.328476 -2.358241 -10.732002
v 3.210377 -1.878077 -10.769413
v 3.278591 -1.890254 -11.494984
v 3.254158 -2.122218 -10.754646
v 3.196125 -1.627925 -10.77335
v 3.265354 -1.627925 -11.498924
v 3.210377 -1.878077 -10.769413
v 3.196125 -1.627925 -10.77335
v 3.213432 -1.379725 -10.767445
v 3.265354 -1.627925 -11.498924
v 3.213432 -1.379725 -10.767445
v 3.260265 -1.135585 -10.753662
v 3.282661 -1.365535 -11.494003
v 3.260265 -1.135585 -10.753662
v 3.337639 -0.898555 -10.72905
v 3.33255 -1.110255 -11.478249
v 3.337639 -0.898555 -10.72905
v 3.441486 -0.675685 -10.69558
v 3.412979 -0.861079 -11.453636
v 3.441486 -0.675685 -10.69558
v 3.572819 -0.46905 -10.654228
v 3.522934 -0.627101 -11.418194
v 3.572819 -0.46905 -10.654228
v 3.728588 -0.280635 -10.605988
v 3.661392 -0.40829 -11.374878
v 3.728588 -0.280635 -10.605988
v 3.904716 -0.116542 -10.550858
v 3.824287 -0.211756 -11.322701
v 3.904716 -0.116542 -10.550858
v 4.100189 0.023229 -10.489819
v 4.009579 -0.037532 -11.26363
v 4.100189 0.023229 -10.489819
v 4.310936 0.134679 -10.423855
v 4.214214 0.109349 -11.198654
v 4.310936 0.134679 -10.423855
v 4.533894 0.215734 -10.353958
v 4.435143 0.224828 -11.128754
v 4.533894 0.215734 -10.353958
v 4.763985 0.264318 -10.282089
v 4.668282 0.310949 -11.05492
v 4.763985 0.264318 -10.282089
v 4.998146 0.280553 -10.208252
v 4.910591 0.361577 -10.977142
v 4.998146 0.280553 -10.208252
v 5.232307 0.266362 -10.135399
v 5.155949 0.380834 -10.899368
v 5.232307 0.266362 -10.135399
v 5.463413 0.217748 -10.06255
v 5.40131 0.364629 -10.820606
v 5.463413 0.217748 -10.06255
v 5.686375 0.138707 -9.992649
v 5.643616 0.314977 -10.743816
v 5.686375 0.138707 -9.992649
v 5.897121 0.030339 -9.926689
v 5.876759 0.231908 -10.668995
v 5.897121 0.030339 -9.926689
v 6.093613 -0.107417 -9.864662
v 6.098701 0.11643 -10.597126
v 6.093613 -0.107417 -9.864662
v 6.27076 -0.27151 -9.809532
v 6.303337 -0.030421 -10.53215
v 6.27076 -0.27151 -9.809532
v 6.426529 -0.459925 -9.760307
v 6.489651 -0.202632 -10.47308
v 6.426529 -0.459925 -9.760307
v 6.556843 -0.668605 -9.719944
v 6.652542 -0.399165 -10.419918
v 6.556843 -0.668605 -9.719944
v 6.661705 -0.894496 -9.685486
v 6.789986 -0.617976 -10.376602
v 6.661705 -0.894496 -9.685486
v 6.737045 -1.130519 -9.661858
v 6.896885 -0.854975 -10.335251
v 6.737045 -1.130519 -9.661858
v 6.782856 -1.376673 -9.647091
v 6.976295 -1.105189 -10.308674
v 6.976295 -1.105189 -10.308674
v 7.024147 -1.365535 -10.293903
v 7.349934 -1.083949 -11.815929
v 6.896885 -0.854975 -10.335251
v 6.976295 -1.105189 -10.308674
v 7.269505 -0.82461 -11.842514
v 6.789986 -0.617976 -10.376602
v 6.896885 -0.854975 -10.335251
v 7.157516 -0.578456 -11.881889
v 6.652542 -0.399165 -10.419918
v 6.789986 -0.617976 -10.376602
v 7.014984 -0.35052 -11.927177
v 6.489651 -0.202632 -10.47308
v 6.652542 -0.399165 -10.419918
v 6.848015 -0.1459 -11.982311
v 6.303337 -0.030421 -10.53215
v 6.489651 -0.202632 -10.47308
v 6.655598 0.034368 -12.045319
v 6.098701 0.11643 -10.597126
v 6.303337 -0.030421 -10.53215
v 6.443832 0.185338 -12.114231
v 5.876759 0.231908 -10.668995
v 6.098701 0.11643 -10.597126
v 6.215782 0.305883 -12.188072
v 5.643616 0.314977 -10.743816
v 5.876759 0.231908 -10.668995
v 5.974495 0.391973 -12.26683
v 5.40131 0.364629 -10.820606
v 5.643616 0.314977 -10.743816
v 5.724045 0.445653 -12.347557
v 5.155949 0.380834 -10.899368
v 5.40131 0.364629 -10.820606
v 5.469521 0.461858 -12.430256
v 4.910591 0.361577 -10.977142
v 5.155949 0.380834 -10.899368
v 5.216015 0.442632 -12.511967
v 4.668282 0.310949 -11.05492
v 4.910591 0.361577 -10.977142
v 4.965569 0.387914 -12.593681
v 4.435143 0.224828 -11.128754
v 4.668282 0.310949 -11.05492
v 4.724277 0.29981 -12.671459
v 4.214214 0.109349 -11.198654
v 4.435143 0.224828 -11.128754
v 4.495209 0.178228 -12.745293
v 4.009579 -0.037532 -11.26363
v 4.214214 0.109349 -11.198654
v 4.283443 0.027288 -12.813225
v 3.824287 -0.211756 -11.322701
v 4.009579 -0.037532 -11.26363
v 4.091026 -0.15301 -12.875248
v 3.661392 -0.40829 -11.374878
v 3.824287 -0.211756 -11.322701
v 3.922024 -0.35763 -12.930378
v 3.522934 -0.627101 -11.418194
v 3.661392 -0.40829 -11.374878
v 3.779491 -0.585536 -12.975666
v 3.412979 -0.861079 -11.453636
v 3.522934 -0.627101 -11.418194
v 3.665466 -0.828669 -13.012093
v 3.33255 -1.110255 -11.478249
v 3.412979 -0.861079 -11.453636
v 3.581982 -1.089015 -13.039658
v 3.282661 -1.365535 -11.494003
v 3.33255 -1.110255 -11.478249
v 3.53006 -1.355403 -13.055408
v 3.265354 -1.627925 -11.498924
v 3.282661 -1.365535 -11.494003
v 3.510715 -1.627925 -13.060333
v 3.265354 -1.627925 -11.498924
v 3.510715 -1.627925 -13.060333
v 3.278591 -1.890254 -11.494984
v 3.278591 -1.890254 -11.494984
v 3.525986 -1.901393 -13.055408
v 3.325424 -2.147547 -11.479233
v 3.325424 -2.147547 -11.479233
v 3.572819 -2.168849 -13.039658
v 3.402798 -2.395747 -11.453636
v 3.402798 -2.395747 -11.453636
v 3.653248 -2.428157 -13.013077
v 3.509697 -2.632777 -11.420162
v 3.509697 -2.632777 -11.420162
v 3.763203 -2.674281 -12.97665
v 3.644085 -2.853572 -11.375862
v 3.644085 -2.853572 -11.375862
v 3.903698 -2.902217 -12.931366
v 3.804943 -3.050105 -11.323681
v 3.804943 -3.050105 -11.323681
v 4.069645 -3.108851 -12.876232
v 3.98922 -3.226344 -11.264614
v 3.98922 -3.226344 -11.264614
v 4.260029 -3.290187 -12.814209
v 4.193855 -3.373255 -11.198654
v 4.193855 -3.373255 -11.198654
v 4.470772 -3.443141 -12.746281
v 4.413761 -3.491786 -11.127769
v 4.413761 -3.491786 -11.127769
v 4.698826 -3.565699 -12.671459
v 4.647923 -3.577876 -11.052948
v 4.647923 -3.577876 -11.052948
v 4.940113 -3.653834 -12.593681
v 4.890228 -3.630549 -10.97517
v 4.890228 -3.630549 -10.97517
v 5.190563 -3.709559 -12.511967
v 5.136604 -3.646754 -10.896412
v 5.136604 -3.646754 -10.896412
v 5.446106 -3.728785 -12.429272
v 5.384003 -3.630549 -10.816669
v 5.384003 -3.630549 -10.816669
v 5.701645 -3.709559 -12.346573
v 5.627327 -3.581935 -10.738895
v 5.627327 -3.581935 -10.738895
v 5.953114 -3.6589 -12.264862
v 5.862503 -3.495814 -10.663086
v 5.862503 -3.495814 -10.663086
v 6.195419 -3.570796 -12.1861
v 6.085468 -3.380366 -10.592205
v 6.085468 -3.380366 -10.592205
v 6.426529 -3.450251 -12.112263
v 6.292141 -3.233454 -10.526245
v 6.292141 -3.233454 -10.526245
v 6.640324 -3.29629 -12.04335
v 6.479469 -3.060237 -10.46619
v 6.479469 -3.060237 -10.46619
v 6.833763 -3.115962 -11.980343
v 6.643379 -2.860682 -10.414009
v 6.643379 -2.860682 -10.414009
v 7.004803 -2.909327 -11.925213
v 6.782856 -2.639857 -10.369713
v 6.782856 -2.639857 -10.369713
v 7.147335 -2.679377 -11.878941
v 6.892811 -2.402827 -10.334267
v 6.892811 -2.402827 -10.334267
v 7.262379 -2.433192 -11.842514
v 6.974258 -2.152613 -10.308674
v 6.974258 -2.152613 -10.308674
v 7.345863 -2.172877 -11.815929
v 7.023129 -1.892268 -10.293903
v 7.023129 -1.892268 -10.293903
v 7.396767 -1.901393 -11.799194
v 7.039417 -1.627925 -10.288982
v 7.024147 -1.365535 -10.293903
v 7.039417 -1.627925 -10.288982
v 7.399822 -1.353389 -11.800179
v 7.399822 -1.353389 -11.800179
v 7.415092 -1.627925 -11.794273
v 8.020855 -1.346278 -14.227943
v 8.036125 -1.627925 -14.222034
v 7.415092 -1.627925 -11.794273
v 8.016785 -1.908503 -14.226959
v 8.016785 -1.908503 -14.226959
v 7.396767 -1.901393 -11.799194
v 7.963844 -2.184016 -14.24271
v 7.963844 -2.184016 -14.24271
v 7.345863 -2.172877 -11.815929
v 7.879341 -2.451442 -14.270275
v 7.879341 -2.451442 -14.270275
v 7.262379 -2.433192 -11.842514
v 7.76226 -2.702662 -14.307686
v 7.76226 -2.702662 -14.307686
v 7.147335 -2.679377 -11.878941
v 7.615658 -2.936671 -14.35297
v 7.615658 -2.936671 -14.35297
v 7.004803 -2.909327 -11.925213
v 7.442581 -3.148371 -14.409088
v 7.442581 -3.148371 -14.409088
v 6.833763 -3.115962 -11.980343
v 7.245071 -3.333735 -14.473083
v 7.245071 -3.333735 -14.473083
v 6.640324 -3.29629 -12.04335
v 7.028217 -3.488734 -14.54298
v 7.028217 -3.488734 -14.54298
v 6.426529 -3.450251 -12.112263
v 6.793037 -3.614344 -14.617805
v 6.793037 -3.614344 -14.617805
v 6.195419 -3.570796 -12.1861
v 6.546661 -3.705531 -14.697548
v 6.546661 -3.705531 -14.697548
v 5.953114 -3.6589 -12.264862
v 6.291122 -3.758174 -14.780243
v 6.291122 -3.758174 -14.780243
v 5.701645 -3.709559 -12.346573
v 6.031509 -3.77743 -14.863926
v 6.031509 -3.77743 -14.863926
v 5.446106 -3.728785 -12.429272
v 5.771896 -3.758174 -14.947605
v 5.771896 -3.758174 -14.947605
v 5.190563 -3.709559 -12.511967
v 5.517372 -3.702479 -15.030304
v 5.517372 -3.702479 -15.030304
v 4.940113 -3.653834 -12.593681
v 5.272011 -3.612329 -15.11005
v 5.272011 -3.612329 -15.11005
v 4.698826 -3.565699 -12.671459
v 5.039886 -3.48672 -15.185856
v 5.039886 -3.48672 -15.185856
v 4.470772 -3.443141 -12.746281
v 4.825069 -3.329707 -15.255756
v 4.825069 -3.329707 -15.255756
v 4.260029 -3.290187 -12.814209
v 4.631634 -3.143306 -15.317776
v 4.631634 -3.143306 -15.317776
v 4.069645 -3.108851 -12.876232
v 4.462631 -2.932611 -15.373894
v 4.462631 -2.932611 -15.373894
v 3.903698 -2.902217 -12.931366
v 4.320099 -2.69961 -15.420162
v 4.320099 -2.69961 -15.420162
v 3.763203 -2.674281 -12.97665
v 4.208107 -2.446376 -15.457577
v 4.208107 -2.446376 -15.457577
v 3.653248 -2.428157 -13.013077
v 4.126659 -2.182002 -15.484158
v 4.126659 -2.182002 -15.484158
v 3.572819 -2.168849 -13.039658
v 4.078808 -1.908503 -15.500893
v 4.078808 -1.908503 -15.500893
v 3.525986 -1.901393 -13.055408
v 4.064556 -1.627925 -15.506802
v 4.0839 -1.34933 -15.500893
v 4.064556 -1.627925 -15.506802
v 3.53006 -1.355403 -13.055408
v 4.136841 -1.074824 -15.484158
v 4.0839 -1.34933 -15.500893
v 3.581982 -1.089015 -13.039658
v 4.222359 -0.81042 -15.457577
v 4.136841 -1.074824 -15.484158
v 3.665466 -0.828669 -13.012093
v 4.339439 -0.55923 -15.420162
v 4.222359 -0.81042 -15.457577
v 3.779491 -0.585536 -12.975666
v 4.485027 -0.325221 -15.374878
v 4.339439 -0.55923 -15.420162
v 3.922024 -0.35763 -12.930378
v 4.657085 -0.116542 -15.318764
v 4.485027 -0.325221 -15.374878
v 4.091026 -0.15301 -12.875248
v 4.853577 0.06986 -15.255756
v 4.657085 -0.116542 -15.318764
v 4.283443 0.027288 -12.813225
v 5.070427 0.224828 -15.18684
v 4.853577 0.06986 -15.255756
v 4.495209 0.178228 -12.745293
v 5.303574 0.348394 -15.111034
v 5.070427 0.224828 -15.18684
v 4.724277 0.29981 -12.671459
v 5.54995 0.438573 -15.032276
v 5.303574 0.348394 -15.111034
v 4.965569 0.387914 -12.593681
v 5.804474 0.494268 -14.950562
v 5.54995 0.438573 -15.032276
v 5.216015 0.442632 -12.511967
v 6.063068 0.512517 -14.866879
v 5.804474 0.494268 -14.950562
v 5.469521 0.461858 -12.430256
v 6.322681 0.496312 -14.782211
v 6.063068 0.512517 -14.866879
v 5.724045 0.445653 -12.347557
v 6.576187 0.440618 -14.7005
v 6.322681 0.496312 -14.782211
v 5.974495 0.391973 -12.26683
v 6.821545 0.352453 -14.620758
v 6.576187 0.440618 -14.7005
v 6.215782 0.305883 -12.188072
v 7.054688 0.229894 -14.544949
v 6.821545 0.352453 -14.620758
v 6.443832 0.185338 -12.114231
v 7.269505 0.073888 -14.475048
v 7.054688 0.229894 -14.544949
v 6.655598 0.034368 -12.045319
v 7.463963 -0.111506 -14.412045
v 7.269505 0.073888 -14.475048
v 6.848015 -0.1459 -11.982311
v 7.632965 -0.320155 -14.355927
v 7.463963 -0.111506 -14.412045
v 7.014984 -0.35052 -11.927177
v 7.776512 -0.55514 -14.30867
v 7.632965 -0.320155 -14.355927
v 7.157516 -0.578456 -11.881889
v 7.889523 -0.805354 -14.271259
v 7.776512 -0.55514 -14.30867
v 7.269505 -0.82461 -11.842514
v 7.971989 -1.07281 -14.244678
v 7.889523 -0.805354 -14.271259
v 7.349934 -1.083949 -11.815929
v 8.020855 -1.346278 -14.227943
v 7.971989 -1.07281 -14.244678
v 7.399822 -1.353389 -11.800179
v 8.226509 -1.62689 12.277591
v 7.079124 -1.249052 12.479411
v 7.102539 -1.624876 12.479411
v 8.167461 -0.729399 12.275623
v 6.982403 -0.5025 12.479411
v 7.055706 -0.872221 12.479411
v 7.991333 0.153933 12.27267
v 6.788967 0.224825 12.479411
v 6.910118 -0.131742 12.479411
v 7.696087 1.005831 12.267749
v 7.289867 1.81418 12.262828
v 6.667812 0.582399 12.479411
v 7.289867 1.81418 12.262828
v 6.780823 2.560732 12.256923
v 6.332863 1.260073 12.479411
v 6.780823 2.560732 12.256923
v 6.179131 3.236391 12.250026
v 5.912392 1.888125 12.479411
v 6.179131 3.236391 12.250026
v 5.500065 3.839113 12.243137
v 5.412506 2.455385 12.479411
v 5.500065 3.839113 12.243137
v 4.745659 4.343569 12.23624
v 4.850521 2.965944 12.478436
v 4.745659 4.343569 12.23624
v 3.930168 4.736605 12.229358
v 4.219307 3.389376 12.478436
v 3.930168 4.736605 12.229358
v 3.072937 5.022249 12.222461
v 3.537186 3.724642 12.478436
v 3.072937 5.022249 12.222461
v 2.19025 5.202578 12.214581
v 2.816376 3.967745 12.478436
v 2.19025 5.202578 12.214581
v 1.292297 5.254244 12.207698
v 2.071136 4.126803 12.478436
v 1.292297 5.254244 12.207698
v 0.397392 5.188387 12.199818
v 1.309601 4.175417 12.478436
v 0.397392 5.188387 12.199818
v -0.480202 5.002016 12.192928
v 0.549088 4.126803 12.478436
v -0.480202 5.002016 12.192928
v -0.559612 3.857363 12.478436
v -0.198189 3.978884 12.478436
v -1.326233 4.705202 12.186038
v -1.266167 3.572695 12.478436
v -0.921036 3.736818 12.478436
v -2.12849 4.306093 12.182095
v -1.931999 3.201967 12.479411
v -1.611298 3.409639 12.479411
v -2.87373 3.794527 12.183078
v -2.540817 2.743075 12.479411
v -2.253716 2.994295 12.479411
v -3.529381 3.184755 12.189975
v -4.11784 2.506044 12.188007
v -2.827919 2.491854 12.479411
v -4.11784 2.506044 12.188007
v -4.60347 1.753389 12.194896
v -3.328819 1.916475 12.479411
v -4.60347 1.753389 12.194896
v -5.02496 0.964296 12.186038
v -3.753365 1.282351 12.479411
v -5.02496 0.964296 12.186038
v -5.335476 0.117464 12.177173
v -4.099514 0.60367 12.480394
v -5.335476 0.117464 12.177173
v -5.519749 -0.760801 12.18111
v -4.334694 -0.119596 12.480394
v -5.519749 -0.760801 12.18111
v -5.588982 -1.657286 12.187015
v -4.482315 -0.867155 12.480394
v -5.588982 -1.657286 12.187015
v -5.544186 -2.551725 12.192928
v -4.532204 -1.624876 12.480394
v -5.544186 -2.551725 12.192928
v -5.383324 -3.430967 12.200801
v -4.483334 -2.384611 12.480394
v -5.383324 -3.430967 12.200801
v -5.105385 -4.283903 12.207698
v -4.336727 -3.130155 12.480394
v -5.105385 -4.283903 12.207698
v -4.716476 -5.089231 12.215571
v -4.089333 -3.85037 12.480394
v -4.716476 -5.089231 12.215571
v -3.538544 -4.84918 12.47941
v -3.751328 -4.53311 12.47941
v -4.222702 -5.838835 12.220492
v -3.074295 -5.450865 12.47941
v -3.326782 -5.166227 12.47941
v -3.631191 -6.517546 12.227382
v -2.534706 -5.985716 12.47941
v -2.821808 -5.735502 12.47941
v -2.24659 -6.235929 12.47941
v -1.611298 -6.65933 12.47941
v -1.928944 -6.447599 12.47941
v -2.20179 -7.617613 12.236239
v -1.268204 -6.827482 12.47941
v -1.611298 -6.65933 12.47941
v -1.386303 -8.019773 12.240184
v -0.563683 -7.117216 12.47941
v -0.926125 -6.994627 12.47941
v -0.526016 -8.311521 12.244121
v 0.173412 -7.30966 12.478435
v -0.202263 -7.238768 12.47941
v 0.36787 -8.484709 12.24708
v 0.929855 -7.400816 12.478435
v 0.548073 -7.380583 12.478435
v 1.277023 -8.535368 12.250025
v 1.690369 -7.394773 12.478435
v 1.310619 -7.420103 12.478435
v 2.184143 -8.477629 12.252977
v 2.443756 -7.294462 12.478435
v 2.070118 -7.368406 12.478435
v 3.077007 -8.301359 12.255939
v 3.177799 -7.097959 12.478435
v 2.817394 -7.220549 12.478435
v 3.938313 -8.00659 12.257907
v 3.876209 -6.801145 12.47941
v 3.539223 -6.97537 12.47941
v 4.750748 -7.595335 12.261844
v 4.529823 -6.417234 12.478435
v 4.214214 -6.626951 12.47941
v 5.509228 -7.094938 12.26578
v 5.130497 -5.958372 12.478435
v 4.845432 -6.206541 12.478435
v 6.194401 -6.50131 12.269716
v 5.666012 -5.424528 12.478435
v 5.415562 -5.709165 12.478435
v 6.797112 -5.823637 12.273653
v 6.127209 -4.825865 12.47941
v 5.915443 -5.139891 12.47941
v 7.305138 -5.075041 12.276607
v 6.506954 -4.173521 12.480394
v 6.33897 -4.511839 12.480394
v 7.70932 -4.264677 12.277591
v 6.791004 -3.47656 12.463663
v 6.674942 -3.835173 12.480394
v 8.002533 -3.412748 12.273653
v 6.985458 -2.748258 12.460711
v 6.907066 -3.116972 12.446924
v 8.17968 -2.526396 12.278583
v 7.084213 -2.001676 12.476459
v 7.064869 -2.378508 12.473514
v 5.978565 -1.592433 -14.906258
v 4.249851 -0.819545 -15.47234
v 5.988747 -1.567103 -14.903305
v 5.977547 -1.597499 -14.907246
v 4.165348 -1.081904 -15.498924
v 5.978565 -1.592433 -14.906258
v 5.974495 -1.624873 -14.90823
v 4.113426 -1.351344 -15.514675
v 5.977547 -1.597499 -14.907246
v 5.973476 -1.629939 -14.90823
v 4.094082 -1.627925 -15.519596
v 5.974495 -1.624873 -14.90823
v 5.976532 -1.657283 -14.907246
v 4.108334 -1.903407 -15.513691
v 5.973476 -1.629939 -14.90823
v 5.978565 -1.662318 -14.906258
v 4.156185 -2.174922 -15.496956
v 5.976532 -1.657283 -14.907246
v 5.987728 -1.687648 -14.903305
v 4.236614 -2.437251 -15.470375
v 5.978565 -1.662318 -14.906258
v 5.989765 -1.692744 -14.902321
v 4.347584 -2.683406 -15.432964
v 5.987728 -1.687648 -14.903305
v 6.005035 -1.716029 -14.897396
v 4.488083 -2.91537 -15.386692
v 5.989765 -1.692744 -14.902321
v 6.009109 -1.718043 -14.896416
v 4.655048 -3.122035 -15.331558
v 6.005035 -1.716029 -14.897396
v 6.028454 -1.734278 -14.889523
v 4.845432 -3.305384 -15.268551
v 6.009109 -1.718043 -14.896416
v 6.033543 -1.739314 -14.888538
v 5.057194 -3.459346 -15.19865
v 6.028454 -1.734278 -14.889523
v 6.055943 -1.748439 -14.880665
v 5.286266 -3.581934 -15.124817
v 6.033543 -1.739314 -14.888538
v 6.06205 -1.750483 -14.879677
v 5.527554 -3.670038 -15.046059
v 6.055943 -1.748439 -14.880665
v 6.086483 -1.752497 -14.871803
v 5.778004 -3.725764 -14.964344
v 6.06205 -1.750483 -14.879677
v 6.091576 -1.755519 -14.869831
v 6.033543 -3.744014 -14.880665
v 6.086483 -1.752497 -14.871803
v 6.117027 -1.750483 -14.861958
v 6.289085 -3.725764 -14.79895
v 6.091576 -1.755519 -14.869831
v 6.122116 -1.748439 -14.859989
v 6.540554 -3.673091 -14.716251
v 6.117027 -1.750483 -14.861958
v 6.145535 -1.739314 -14.852112
v 6.783875 -3.581935 -14.638477
v 6.122116 -1.748439 -14.859989
v 6.150623 -1.736293 -14.851128
v 7.014984 -3.46139 -14.563656
v 6.145535 -1.739314 -14.852112
v 6.169968 -1.720088 -14.844238
v 7.228783 -3.308406 -14.49474
v 6.150623 -1.736293 -14.851128
v 6.174042 -1.716029 -14.84325
v 7.422218 -3.125087 -14.43272
v 6.169968 -1.720088 -14.844238
v 6.189312 -1.694758 -14.838329
v 7.593258 -2.91537 -14.378571
v 6.174042 -1.716029 -14.84325
v 6.192364 -1.687648 -14.837345
v 7.736809 -2.686457 -14.333286
v 6.189312 -1.694758 -14.838329
v 6.202545 -1.664363 -14.834389
v 7.851852 -2.437251 -14.295872
v 6.192364 -1.687648 -14.837345
v 6.203564 -1.657283 -14.834389
v 7.936356 -2.174922 -14.269291
v 6.202545 -1.664363 -14.834389
v 6.207638 -1.631953 -14.83242
v 7.988277 -1.903407 -14.254524
v 6.203564 -1.657283 -14.834389
v 6.207638 -1.624873 -14.83242
v 8.007622 -1.627925 -14.248615
v 6.207638 -1.631953 -14.83242
v 6.204582 -1.599543 -14.834389
v 7.992352 -1.351344 -14.254524
v 6.207638 -1.624873 -14.83242
v 6.202545 -1.592433 -14.834389
v 7.9445 -1.07989 -14.271259
v 6.204582 -1.599543 -14.834389
v 6.193382 -1.567103 -14.837345
v 7.864071 -0.819545 -14.29784
v 6.202545 -1.592433 -14.834389
v 6.190327 -1.562037 -14.838329
v 7.753098 -0.571376 -14.335255
v 6.193382 -1.567103 -14.837345
v 6.176075 -1.541774 -14.84325
v 7.612602 -0.341426 -14.382507
v 6.190327 -1.562037 -14.838329
v 6.172005 -1.536738 -14.844238
v 7.445633 -0.132746 -14.436653
v 6.176075 -1.541774 -14.84325
v 6.15266 -1.520533 -14.851128
v 7.254234 0.048558 -14.49966
v 6.172005 -1.536738 -14.844238
v 6.147572 -1.518519 -14.852112
v 7.042469 0.201543 -14.569561
v 6.15266 -1.520533 -14.851128
v 6.125172 -1.50738 -14.859989
v 6.814419 0.325109 -14.644382
v 6.147572 -1.518519 -14.852112
v 6.119064 -1.504328 -14.860973
v 6.572113 0.413244 -14.723145
v 6.125172 -1.50738 -14.859989
v 6.094631 -1.502284 -14.868851
v 6.321663 0.466924 -14.804855
v 6.119064 -1.504328 -14.860973
v 6.08852 -1.502284 -14.871803
v 6.067139 0.485173 -14.887554
v 6.094631 -1.502284 -14.868851
v 6.064087 -1.504328 -14.879677
v 5.8116 0.466924 -14.971237
v 6.08852 -1.502284 -14.871803
v 6.058994 -1.50738 -14.880665
v 5.560131 0.413244 -15.051968
v 6.064087 -1.504328 -14.879677
v 6.03558 -1.518519 -14.888538
v 5.316807 0.322088 -15.130722
v 6.058994 -1.50738 -14.880665
v 6.030491 -1.520533 -14.889523
v 5.08672 0.201543 -15.205544
v 6.03558 -1.518519 -14.888538
v 6.011147 -1.536738 -14.896416
v 4.872921 0.046544 -15.27446
v 6.030491 -1.520533 -14.889523
v 4.872921 0.046544 -15.27446
v 6.011147 -1.536738 -14.896416
v 4.678463 -0.134761 -15.336483
v 4.678463 -0.134761 -15.336483
v 6.007072 -1.541774 -14.897396
v 4.508446 -0.341426 -15.390629
v 5.988747 -1.567103 -14.903305
v 4.364891 -0.571376 -15.436901
v 5.991802 -1.562037 -14.902321
v 6.202545 -1.627925 -14.829468
v 6.198475 -1.597499 -14.831436
v 6.207638 -1.624873 -14.83242
v 6.198475 -1.660304 -14.831436
v 6.202545 -1.627925 -14.829468
v 6.203564 -1.657283 -14.834389
v 6.198475 -1.597499 -14.831436
v 6.187275 -1.567103 -14.835377
v 6.202545 -1.592433 -14.834389
v 6.187275 -1.567103 -14.835377
v 6.169968 -1.541774 -14.840298
v 6.190327 -1.562037 -14.838329
v 6.169968 -1.541774 -14.840298
v 6.146553 -1.522547 -14.848171
v 6.172005 -1.536738 -14.844238
v 6.146553 -1.522547 -14.848171
v 6.120079 -1.511409 -14.856049
v 6.147572 -1.518519 -14.852112
v 6.120079 -1.511409 -14.856049
v 6.090557 -1.50738 -14.865894
v 6.119064 -1.504328 -14.860973
v 6.090557 -1.50738 -14.865894
v 6.061031 -1.511409 -14.87574
v 6.08852 -1.502284 -14.871803
v 6.061031 -1.511409 -14.87574
v 6.034561 -1.522547 -14.884602
v 6.058994 -1.50738 -14.880665
v 6.034561 -1.522547 -14.884602
v 6.011147 -1.541774 -14.891495
v 6.030491 -1.520533 -14.889523
v 6.011147 -1.541774 -14.891495
v 5.992821 -1.567103 -14.897396
v 6.007072 -1.541774 -14.897396
v 5.992821 -1.567103 -14.897396
v 5.980602 -1.597499 -14.901337
v 5.988747 -1.567103 -14.903305
v 5.980602 -1.597499 -14.901337
v 5.977547 -1.627925 -14.902321
v 5.977547 -1.597499 -14.907246
v 5.977547 -1.627925 -14.902321
v 5.980602 -1.660304 -14.901337
v 5.973476 -1.629939 -14.90823
v 5.980602 -1.660304 -14.901337
v 5.991802 -1.687648 -14.897396
v 5.978565 -1.662318 -14.906258
v 5.991802 -1.687648 -14.897396
v 6.009109 -1.712977 -14.891495
v 5.989765 -1.692744 -14.902321
v 6.009109 -1.712977 -14.891495
v 6.032524 -1.734278 -14.884602
v 6.009109 -1.718043 -14.896416
v 6.032524 -1.734278 -14.884602
v 6.060013 -1.745417 -14.87574
v 6.033543 -1.739314 -14.888538
v 6.060013 -1.745417 -14.87574
v 6.08852 -1.750483 -14.865894
v 6.06205 -1.750483 -14.879677
v 6.08852 -1.750483 -14.865894
v 6.118046 -1.745417 -14.856049
v 6.091576 -1.755519 -14.869831
v 6.118046 -1.745417 -14.856049
v 6.145535 -1.734278 -14.848171
v 6.122116 -1.748439 -14.859989
v 6.145535 -1.734278 -14.848171
v 6.168949 -1.712977 -14.840298
v 6.150623 -1.736293 -14.851128
v 6.186256 -1.687648 -14.835377
v 6.198475 -1.660304 -14.831436
v 6.192364 -1.687648 -14.837345
v 6.168949 -1.712977 -14.840298
v 6.186256 -1.687648 -14.835377
v 6.174042 -1.716029 -14.84325
v 7.289867 1.81418 12.262828
v 6.332863 1.260073 12.479411
v 6.500847 0.920717 12.479411
v 6.780823 2.560732 12.256923
v 5.912392 1.888125 12.479411
v 6.123135 1.574099 12.479411
v 6.179131 3.236391 12.250026
v 5.412506 2.455385 12.479411
v 5.661938 2.171755 12.479411
v 5.500065 3.839113 12.243137
v 4.850521 2.965944 12.478436
v 5.131516 2.710665 12.478435
v 4.745659 4.343569 12.23624
v 4.219307 3.389376 12.478436
v 4.534912 3.177645 12.478436
v 3.930168 4.736605 12.229358
v 3.537186 3.724642 12.478436
v 3.878246 3.55649 12.478436
v 3.072937 5.022249 12.222461
v 2.816376 3.967745 12.478436
v 3.176781 3.846224 12.478436
v 2.19025 5.202578 12.214581
v 2.071136 4.126803 12.478436
v 2.443756 4.046755 12.478436
v 1.292297 5.254244 12.207698
v 1.309601 4.175417 12.478436
v 1.690369 4.151125 12.478436
v 0.397392 5.188387 12.199818
v 0.549088 4.126803 12.478436
v 0.929855 4.151125 12.478436
v 0.549088 4.126803 12.478436
v -0.480202 5.002016 12.192928
v -0.198189 3.978884 12.478436
v -4.11784 2.506044 12.188007
v -3.328819 1.916475 12.479411
v -3.078369 2.204165 12.479411
v -4.60347 1.753389 12.194896
v -3.753365 1.282351 12.479411
v -3.540581 1.599428 12.479411
v -5.02496 0.964296 12.186038
v -4.099514 0.60367 12.480394
v -3.926437 0.943026 12.479411
v -5.335476 0.117464 12.177173
v -4.334694 -0.119596 12.480394
v -4.216595 0.242037 12.480394
v -5.519749 -0.760801 12.18111
v -4.482315 -0.867155 12.480394
v -4.407997 -0.493376 12.480394
v -5.588982 -1.657286 12.187015
v -4.532204 -1.624876 12.480394
v -4.507767 -1.246 12.480394
v -5.544186 -2.551725 12.192928
v -4.483334 -2.384611 12.480394
v -4.507767 -2.004728 12.480394
v -5.383324 -3.430967 12.200801
v -4.336727 -3.130155 12.480394
v -4.41003 -2.757383 12.480394
v -5.105385 -4.283903 12.207698
v -4.089333 -3.85037 12.480394
v -4.212521 -3.490751 12.480394
v -4.716476 -5.089231 12.215571
v -3.751328 -4.53311 12.47941
v -3.92033 -4.19174 12.47941
v 8.226509 -1.62689 12.277591
v 7.055706 -0.872221 12.479411
v 7.079124 -1.249052 12.479411
v 8.167461 -0.729399 12.275623
v 6.910118 -0.131742 12.479411
v 6.982403 -0.5025 12.479411
v 7.991333 0.153933 12.27267
v 6.667812 0.582399 12.479411
v 6.788967 0.224825 12.479411
v -0.480202 5.002016 12.192928
v -0.921036 3.736818 12.478436
v -0.559612 3.857363 12.478436
v -1.326233 4.705202 12.186038
v -1.611298 3.409639 12.479411
v -1.266167 3.572695 12.478436
v -2.12849 4.306093 12.182095
v -2.253716 2.994295 12.479411
v -1.931999 3.201967 12.479411
v -2.87373 3.794527 12.183078
v -2.827919 2.491854 12.479411
v -2.540817 2.743075 12.479411
v -4.716476 -5.089231 12.215571
v -3.326782 -5.166227 12.47941
v -3.538544 -4.84918 12.47941
v -4.222702 -5.838835 12.220492
v -2.821808 -5.735502 12.47941
v -3.074295 -5.450865 12.47941
v -3.631191 -6.517546 12.227382
v -2.24659 -6.235929 12.47941
v -2.534706 -5.985716 12.47941
v -2.24659 -6.235929 12.47941
v -2.954163 -7.113157 12.231318
v -1.611298 -6.65933 12.47941
v -2.20179 -7.617613 12.236239
v -0.926125 -6.994627 12.47941
v -1.268204 -6.827482 12.47941
v -1.386303 -8.019773 12.240184
v -0.202263 -7.238768 12.47941
v -0.563683 -7.117216 12.47941
v -0.526016 -8.311521 12.244121
v 0.548073 -7.380583 12.478435
v 0.173412 -7.30966 12.478435
v 0.36787 -8.484709 12.24708
v 1.310619 -7.420103 12.478435
v 0.929855 -7.400816 12.478435
v 1.277023 -8.535368 12.250025
v 2.070118 -7.368406 12.478435
v 1.690369 -7.394773 12.478435
v 2.184143 -8.477629 12.252977
v 2.817394 -7.220549 12.478435
v 2.443756 -7.294462 12.478435
v 3.077007 -8.301359 12.255939
v 3.539223 -6.97537 12.47941
v 3.177799 -7.097959 12.478435
v 3.938313 -8.00659 12.257907
v 4.214214 -6.626951 12.47941
v 3.876209 -6.801145 12.47941
v 4.750748 -7.595335 12.261844
v 4.845432 -6.206541 12.478435
v 4.529823 -6.417234 12.478435
v 5.509228 -7.094938 12.26578
v 5.415562 -5.709165 12.478435
v 5.130497 -5.958372 12.478435
v 6.194401 -6.50131 12.269716
v 5.915443 -5.139891 12.47941
v 5.666012 -5.424528 12.478435
v 6.797112 -5.823637 12.273653
v 6.33897 -4.511839 12.480394
v 6.127209 -4.825865 12.47941
v 7.305138 -5.075041 12.276607
v 6.674942 -3.835173 12.480394
v 6.506954 -4.173521 12.480394
v 7.70932 -4.264677 12.277591
v 6.907066 -3.116972 12.446924
v 6.791004 -3.47656 12.463663
v 8.002533 -3.412748 12.273653
v 7.064869 -2.378508 12.473514
v 6.985458 -2.748258 12.460711
v 8.17968 -2.526396 12.278583
v 7.102539 -1.624876 12.479411
v 7.084213 -2.001676 12.476459
vt 0.65425485473 0.615082513717
vt 0.651962321393 0.610587687237
vt 0.651667666043 0.61093010803
vt 0.654515166208 0.614695996614
vt 0.657212453048 0.618822677287
vt 0.657440698877 0.618333774261
vt 0.660481858145 0.621970455988
vt 0.657440698877 0.618333774261
vt 0.657212453048 0.618822677287
vt 0.664009630833 0.624527372045
vt 0.660665845739 0.621480661968
vt 0.660481858145 0.621970455988
vt 0.667743317138 0.626445320344
vt 0.664146460437 0.62397539299
vt 0.664009630833 0.624527372045
vt 0.671611468166 0.627700709093
vt 0.667835473273 0.625911072046
vt 0.667743317138 0.626445320344
vt 0.675553866712 0.628231090336
vt 0.671656030101 0.627123980298
vt 0.671611468166 0.627700709093
vt 0.679524498074 0.628090114882
vt 0.675553359777 0.627653400681
vt 0.675553866712 0.628231090336
vt 0.683409403595 0.627168083582
vt 0.679443843049 0.627467577696
vt 0.679524498074 0.628090114882
vt 0.687181298993 0.625601855027
vt 0.683283268857 0.626584543208
vt 0.683409403595 0.627168083582
vt 0.69077462067 0.62334730043
vt 0.687006689257 0.625016729911
vt 0.687181298993 0.625601855027
vt 0.694093530234 0.620417055922
vt 0.690521930369 0.622740549831
vt 0.69077462067 0.62334730043
vt 0.697103555574 0.616887749304
vt 0.693795176828 0.619870236458
vt 0.694093530234 0.620417055922
vt 0.699729040454 0.612879713659
vt 0.696759509504 0.616422358411
vt 0.697103555574 0.616887749304
vt 0.701961515135 0.608328660748
vt 0.699347797437 0.612411271635
vt 0.699729040454 0.612879713659
vt 0.703722209919 0.603453022779
vt 0.701534844105 0.607961171271
vt 0.701961515135 0.608328660748
vt 0.705005966541 0.598213201886
vt 0.703265017952 0.60312781179
vt 0.703722209919 0.603453022779
vt 0.705770517498 0.59283497244
vt 0.704518511787 0.598030583019
vt 0.705005966541 0.598213201886
vt 0.706011811791 0.587276586853
vt 0.705267904833 0.592694436779
vt 0.705770517498 0.59283497244
vt 0.705714844083 0.581723735067
vt 0.705509045298 0.587238556771
vt 0.706011811791 0.587276586853
vt 0.704894551342 0.576258347699
vt 0.705208865231 0.581787490089
vt 0.705714844083 0.581723735067
vt 0.703578013691 0.570941807588
vt 0.704407143884 0.576404753998
vt 0.704894551342 0.576258347699
vt 0.701758463057 0.565939384031
vt 0.703094658515 0.571192240173
vt 0.703578013691 0.570941807588
vt 0.699488361499 0.561274719394
vt 0.701305645437 0.566231494862
vt 0.701758463057 0.565939384031
vt 0.696804080111 0.557046572996
vt 0.699080940641 0.561669042126
vt 0.699488361499 0.561274719394
vt 0.693747017388 0.553337837326
vt 0.696433902853 0.557483215117
vt 0.696804080111 0.557046572996
vt 0.69039903534 0.550229156341
vt 0.693443450142 0.553817432228
vt 0.693747017388 0.553337837326
vt 0.686779719642 0.547700965619
vt 0.690144076406 0.550749722864
vt 0.69039903534 0.550229156341
vt 0.68299351842 0.545850498598
vt 0.686584915324 0.548321194154
vt 0.686779719642 0.547700965619
vt 0.679076911644 0.544757713365
vt 0.682850024682 0.546472641249
vt 0.68299351842 0.545850498598
vt 0.675109567714 0.54432025464
vt 0.678993234747 0.545378761812
vt 0.679076911644 0.544757713365
vt 0.671152996488 0.544636308848
vt 0.675091179721 0.544961700971
vt 0.675109567714 0.54432025464
vt 0.667282599708 0.545663095016
vt 0.671194052786 0.5452571531
vt 0.671152996488 0.544636308848
vt 0.663561271128 0.547360668124
vt 0.667385582735 0.546284171916
vt 0.667282599708 0.545663095016
vt 0.66004857548 0.549747009982
vt 0.663725862815 0.547941424801
vt 0.663561271128 0.547360668124
vt 0.656806091178 0.552742904253
vt 0.660262463957 0.550269314592
vt 0.66004857548 0.549747009982
vt 0.653894886095 0.556309791554
vt 0.657063942868 0.553204709154
vt 0.656806091178 0.552742904253
vt 0.651351435761 0.560346567188
vt 0.654194066304 0.556710246059
vt 0.653894886095 0.556309791554
vt 0.649212480369 0.564818686602
vt 0.651682300396 0.560668557789
vt 0.651351435761 0.560346567188
vt 0.647531550521 0.569686021631
vt 0.649572425846 0.565119413615
vt 0.649212480369 0.564818686602
vt 0.646311816638 0.574776223786
vt 0.647906152566 0.569848446004
vt 0.647531550521 0.569686021631
vt 0.645593088198 0.58005138132
vt 0.646700978353 0.574897936225
vt 0.646311816638 0.574776223786
vt 0.645376936885 0.585475584598
vt 0.645982293045 0.580133572165
vt 0.645593088198 0.58005138132
vt 0.645665385335 0.590877620974
vt 0.645766158586 0.585458023528
vt 0.645376936885 0.585475584598
vt 0.646456421388 0.596218241631
vt 0.646052267262 0.590818521869
vt 0.645665385335 0.590877620974
vt 0.64773404389 0.601382086539
vt 0.646826442677 0.59605833756
vt 0.646456421388 0.596218241631
vt 0.649487429743 0.606312742413
vt 0.648089509437 0.601181281922
vt 0.64773404389 0.601382086539
vt 0.651667666043 0.61093010803
vt 0.649808937775 0.606048724703
vt 0.649487429743 0.606312742413
vt 0.867709330965 0.685764935784
vt 0.884433368322 0.652773759883
vt 0.882721609174 0.68714307092
vt 0.884433368322 0.652773759883
vt 0.868054186247 0.622953643207
vt 0.88301249463 0.618354775148
vt 0.88301249463 0.618354775148
vt 0.863460329273 0.59195154272
vt 0.878104130975 0.584461629744
vt 0.878104130975 0.584461629744
vt 0.855984359833 0.562177461076
vt 0.869801061955 0.551722274461
vt 0.869801061955 0.551722274461
vt 0.845611951522 0.533845078521
vt 0.858414265503 0.520736928766
vt 0.858414265503 0.520736928766
vt 0.832558900456 0.507673243943
vt 0.844090720046 0.492104765643
vt 0.844090720046 0.492104765643
vt 0.817071968661 0.483985418004
vt 0.827136041383 0.46614028756
vt 0.827136041383 0.46614028756
vt 0.799475119172 0.463240319284
vt 0.807800963507 0.443513413134
vt 0.807800963507 0.443513413134
vt 0.78000367625 0.445757948431
vt 0.786499304311 0.424355433542
vt 0.786499304311 0.424355433542
vt 0.759154143562 0.431394315196
vt 0.763637389365 0.408884645581
vt 0.763637389365 0.408884645581
vt 0.737070788083 0.421099176124
vt 0.739479129904 0.397544163672
vt 0.739479129904 0.397544163672
vt 0.714175241331 0.414947710321
vt 0.714421468236 0.390829962038
vt 0.714421468236 0.390829962038
vt 0.69091847332 0.41293796679
vt 0.688980923456 0.38870288899
vt 0.688980923456 0.38870288899
vt 0.667613641973 0.414714938113
vt 0.663544661 0.390776752309
vt 0.663544661 0.390776752309
vt 0.644703770218 0.420771264029
vt 0.638491971472 0.397339968805
vt 0.638491971472 0.397339968805
vt 0.622654863523 0.43096914959
vt 0.614381651878 0.408585920507
vt 0.614381651878 0.408585920507
vt 0.601758183609 0.445020250067
vt 0.591588533576 0.423997641265
vt 0.591588533576 0.423997641265
vt 0.582479960958 0.462640908354
vt 0.570552742933 0.443221301712
vt 0.570552742933 0.443221301712
vt 0.565137946275 0.483438247496
vt 0.551586222882 0.466010194511
vt 0.551586222882 0.466010194511
vt 0.549984682444 0.507130967428
vt 0.535047959743 0.491838144423
vt 0.535047959743 0.491838144423
vt 0.537340762169 0.533290055548
vt 0.521299367692 0.520488513838
vt 0.521299367692 0.520488513838
vt 0.52738145567 0.56138085528
vt 0.510443145526 0.551225381309
vt 0.510443145526 0.551225381309
vt 0.520265940285 0.591122121593
vt 0.502683535698 0.583624556627
vt 0.502683535698 0.583624556627
vt 0.516147196839 0.621765544188
vt 0.498225728314 0.617163732733
vt 0.498225728314 0.617163732733
vt 0.51499895034 0.65293356508
vt 0.496989664075 0.651181687708
vt 0.496989664075 0.651181687708
vt 0.516766452068 0.684162298246
vt 0.498947559259 0.685186155171
vt 0.498947559259 0.685186155171
vt 0.521475270334 0.714757478658
vt 0.504046384011 0.718666476082
vt 0.504046384011 0.718666476082
vt 0.529420798144 0.744340527497
vt 0.512105276201 0.751102303752
vt 0.512105276201 0.751102303752
vt 0.540208772447 0.771924895622
vt 0.523434011414 0.781698291474
vt 0.540208772447 0.771924895622
vt 0.537389252515 0.810309127734
vt 0.523434011414 0.781698291474
vt 0.552619222441 0.798116332876
vt 0.553817885852 0.836274199659
vt 0.537389252515 0.810309127734
vt 0.567671068282 0.82180180669
vt 0.572592457609 0.859141588516
vt 0.553817885852 0.836274199659
vt 0.58442139434 0.842997770891
vt 0.593514583404 0.878235270263
vt 0.572592457609 0.859141588516
vt 0.603472910066 0.860823650011
vt 0.615943018722 0.893757979599
vt 0.593514583404 0.878235270263
vt 0.623998750529 0.874781240099
vt 0.639569392106 0.905207947611
vt 0.615943018722 0.893757979599
vt 0.645661140586 0.885207553664
vt 0.664134137502 0.912362135286
vt 0.639569392106 0.905207947611
vt 0.668139570309 0.891785480239
vt 0.689179315757 0.915124143241
vt 0.664134137502 0.912362135286
vt 0.691075356152 0.894172639812
vt 0.71433420455 0.913084737956
vt 0.689179315757 0.915124143241
vt 0.714093432941 0.892448174886
vt 0.739113701992 0.906599323858
vt 0.71433420455 0.913084737956
vt 0.736736762666 0.88624325378
vt 0.763207823235 0.895737359997
vt 0.739113701992 0.906599323858
vt 0.758731306613 0.876347869088
vt 0.786118141394 0.880728039498
vt 0.763207823235 0.895737359997
vt 0.779665657192 0.862698299682
vt 0.807368853122 0.8615228997
vt 0.786118141394 0.880728039498
vt 0.799043935269 0.845151933835
vt 0.826538248626 0.838736564985
vt 0.807368853122 0.8615228997
vt 0.816499839593 0.824165710164
vt 0.843522134639 0.812927299697
vt 0.826538248626 0.838736564985
vt 0.83198024323 0.800622726825
vt 0.857885264262 0.784428234717
vt 0.843522134639 0.812927299697
vt 0.84508252299 0.774584904578
vt 0.869371364019 0.753577953092
vt 0.857885264262 0.784428234717
vt 0.855543588089 0.746371183562
vt 0.877693563301 0.720904934907
vt 0.869371364019 0.753577953092
vt 0.863162859297 0.716627094909
vt 0.882721609174 0.68714307092
vt 0.877693563301 0.720904934907
vt 0.877693563301 0.720904934907
vt 0.900700591087 0.688605761251
vt 0.895077354473 0.726047661675
vt 0.869371364019 0.753577953092
vt 0.895077354473 0.726047661675
vt 0.885828227556 0.762126832101
vt 0.857885264262 0.784428234717
vt 0.885828227556 0.762126832101
vt 0.873133300606 0.796217201501
vt 0.843522134639 0.812927299697
vt 0.873133300606 0.796217201501
vt 0.857224733545 0.827800887575
vt 0.826538248626 0.838736564985
vt 0.857224733545 0.827800887575
vt 0.838411266145 0.856323169049
vt 0.807368853122 0.8615228997
vt 0.838411266145 0.856323169049
vt 0.817061227433 0.881311560316
vt 0.786118141394 0.880728039498
vt 0.817061227433 0.881311560316
vt 0.793532809096 0.902284079187
vt 0.763207823235 0.895737359997
vt 0.793532809096 0.902284079187
vt 0.768234191919 0.918863546198
vt 0.739113701992 0.906599323858
vt 0.768234191919 0.918863546198
vt 0.74168193828 0.930823911268
vt 0.71433420455 0.913084737956
vt 0.74168193828 0.930823911268
vt 0.714326486335 0.937847105107
vt 0.689179315757 0.915124143241
vt 0.714326486335 0.937847105107
vt 0.686595098222 0.939956655232
vt 0.664134137502 0.912362135286
vt 0.686595098222 0.939956655232
vt 0.658973302805 0.937019911775
vt 0.639569392106 0.905207947611
vt 0.658973302805 0.937019911775
vt 0.631898903666 0.929084802831
vt 0.615943018722 0.893757979599
vt 0.631898903666 0.929084802831
vt 0.605831734593 0.916512602756
vt 0.593514583404 0.878235270263
vt 0.605831734593 0.916512602756
vt 0.581147501846 0.899363711137
vt 0.572592457609 0.859141588516
vt 0.581147501846 0.899363711137
vt 0.558281933881 0.877979926262
vt 0.553817885852 0.836274199659
vt 0.558281933881 0.877979926262
vt 0.537581951107 0.85282481057
vt 0.537389252515 0.810309127734
vt 0.537581951107 0.85282481057
vt 0.51935074467 0.824222726842
vt 0.523434011414 0.781698291474
vt 0.51935074467 0.824222726842
vt 0.503913522789 0.792804409012
vt 0.512105276201 0.751102303752
vt 0.503913522789 0.792804409012
vt 0.491548272925 0.758948161009
vt 0.48245644096 0.723214468014
vt 0.512105276201 0.751102303752
vt 0.491548272925 0.758948161009
vt 0.476789743333 0.686312242586
vt 0.504046384011 0.718666476082
vt 0.48245644096 0.723214468014
vt 0.474625326941 0.648818255767
vt 0.498947559259 0.685186155171
vt 0.476789743333 0.686312242586
vt 0.476042622605 0.611239093199
vt 0.496989664075 0.651181687708
vt 0.474625326941 0.648818255767
vt 0.48106895795 0.574370382196
vt 0.498225728314 0.617163732733
vt 0.476042622605 0.611239093199
vt 0.489605889135 0.538654325318
vt 0.502683535698 0.583624556627
vt 0.48106895795 0.574370382196
vt 0.50157991481 0.504819182693
vt 0.510443145526 0.551225381309
vt 0.489605889135 0.538654325318
vt 0.516788961404 0.473350413757
vt 0.521299367692 0.520488513838
vt 0.50157991481 0.504819182693
vt 0.535004511236 0.444804103915
vt 0.535047959743 0.491838144423
vt 0.516788961404 0.473350413757
vt 0.555868813564 0.419739538795
vt 0.551586222882 0.466010194511
vt 0.535004511236 0.444804103915
vt 0.579080800298 0.398498858303
vt 0.570552742933 0.443221301712
vt 0.555868813564 0.419739538795
vt 0.604179317623 0.381638747553
vt 0.591588533576 0.423997641265
vt 0.579080800298 0.398498858303
vt 0.630759446438 0.369298780502
vt 0.614381651878 0.408585920507
vt 0.604179317623 0.381638747553
vt 0.658282794177 0.361760167035
vt 0.638491971472 0.397339968805
vt 0.630759446438 0.369298780502
vt 0.686319830425 0.359227723533
vt 0.663544661 0.390776752309
vt 0.658282794177 0.361760167035
vt 0.714381055297 0.361671236527
vt 0.688980923456 0.38870288899
vt 0.686319830425 0.359227723533
vt 0.741993925377 0.369016359109
vt 0.714421468236 0.390829962038
vt 0.714381055297 0.361671236527
vt 0.768720432764 0.381268238756
vt 0.739479129904 0.397544163672
vt 0.741993925377 0.369016359109
vt 0.794084526632 0.398045474453
vt 0.763637389365 0.408884645581
vt 0.768720432764 0.381268238756
vt 0.81762975793 0.41924475553
vt 0.786499304311 0.424355433542
vt 0.794084526632 0.398045474453
vt 0.838981755746 0.44432212046
vt 0.807800963507 0.443513413134
vt 0.81762975793 0.41924475553
vt 0.857715199439 0.473000064263
vt 0.827136041383 0.46614028756
vt 0.838981755746 0.44432212046
vt 0.873548682198 0.504689421999
vt 0.844090720046 0.492104765643
vt 0.857715199439 0.473000064263
vt 0.886139517835 0.538910088965
vt 0.858414265503 0.520736928766
vt 0.873548682198 0.504689421999
vt 0.895281845684 0.575033936922
vt 0.869801061955 0.551722274461
vt 0.886139517835 0.538910088965
vt 0.900810375279 0.612504206304
vt 0.878104130975 0.584461629744
vt 0.895281845684 0.575033936922
vt 0.902633503898 0.650593005848
vt 0.88301249463 0.618354775148
vt 0.900810375279 0.612504206304
vt 0.882721609174 0.68714307092
vt 0.902633503898 0.650593005848
vt 0.900700591087 0.688605761251
vt 0.900700591087 0.688605761251
vt 0.91667755581 0.647678825488
vt 0.914606314424 0.688853923437
vt 0.91667755581 0.647678825488
vt 0.900810375279 0.612504206304
vt 0.914715196201 0.60649738721
vt 0.914715196201 0.60649738721
vt 0.895281845684 0.575033936922
vt 0.908718996776 0.566022687859
vt 0.908718996776 0.566022687859
vt 0.886139517835 0.538910088965
vt 0.898828465381 0.526971106938
vt 0.898828465381 0.526971106938
vt 0.873548682198 0.504689421999
vt 0.885170753479 0.489923761531
vt 0.885170753479 0.489923761531
vt 0.857715199439 0.473000064263
vt 0.868044107578 0.455663534264
vt 0.868044107578 0.455663534264
vt 0.838981755746 0.44432212046
vt 0.847765067081 0.424698953662
vt 0.847765067081 0.424698953662
vt 0.81762975793 0.41924475553
vt 0.824703529117 0.397501246063
vt 0.824703529117 0.397501246063
vt 0.794084526632 0.398045474453
vt 0.799242047462 0.374648423716
vt 0.799242047462 0.374648423716
vt 0.768720432764 0.381268238756
vt 0.771822758072 0.356405127495
vt 0.771822758072 0.356405127495
vt 0.741993925377 0.369016359109
vt 0.742943230058 0.343208127027
vt 0.742943230058 0.343208127027
vt 0.714381055297 0.361671236527
vt 0.713100851852 0.33522354934
vt 0.713100851852 0.33522354934
vt 0.686319830425 0.359227723533
vt 0.68278746208 0.33259108727
vt 0.68278746208 0.33259108727
vt 0.658282794177 0.361760167035
vt 0.652477377323 0.335309839886
vt 0.652477377323 0.335309839886
vt 0.630759446438 0.369298780502
vt 0.622691292427 0.343483378864
vt 0.622691292427 0.343483378864
vt 0.604179317623 0.381638747553
vt 0.59398326907 0.356837234231
vt 0.59398326907 0.356837234231
vt 0.579080800298 0.398498858303
vt 0.566850114438 0.375168753694
vt 0.566850114438 0.375168753694
vt 0.555868813564 0.419739538795
vt 0.541768689262 0.39806399085
vt 0.541768689262 0.39806399085
vt 0.535004511236 0.444804103915
vt 0.519211772343 0.425223698055
vt 0.519211772343 0.425223698055
vt 0.516788961404 0.473350413757
vt 0.499554381426 0.456030085914
vt 0.499554381426 0.456030085914
vt 0.50157991481 0.504819182693
vt 0.483145053856 0.490075076592
vt 0.483145053856 0.490075076592
vt 0.489605889135 0.538654325318
vt 0.470258380162 0.526679958498
vt 0.470258380162 0.526679958498
vt 0.48106895795 0.574370382196
vt 0.461041649404 0.565264946726
vt 0.461041649404 0.565264946726
vt 0.476042622605 0.611239093199
vt 0.455693060216 0.605148402035
vt 0.455693060216 0.605148402035
vt 0.474625326941 0.648818255767
vt 0.454207769729 0.645726122351
vt 0.454207769729 0.645726122351
vt 0.476789743333 0.686312242586
vt 0.456584240965 0.686286199936
vt 0.456584240965 0.686286199936
vt 0.48245644096 0.723214468014
vt 0.462743273654 0.726130269129
vt 0.462743273654 0.726130269129
vt 0.491548272925 0.758948161009
vt 0.472584320728 0.764693184975
vt 0.472584320728 0.764693184975
vt 0.503913522789 0.792804409012
vt 0.485933516302 0.801303792144
vt 0.503913522789 0.792804409012
vt 0.502618169841 0.835259879805
vt 0.485933516302 0.801303792144
vt 0.51935074467 0.824222726842
vt 0.52229170391 0.866185475449
vt 0.502618169841 0.835259879805
vt 0.537581951107 0.85282481057
vt 0.544634682528 0.893393839795
vt 0.52229170391 0.866185475449
vt 0.558281933881 0.877979926262
vt 0.569327779649 0.916474568852
vt 0.544634682528 0.893393839795
vt 0.581147501846 0.899363711137
vt 0.595924888778 0.93507873547
vt 0.569327779649 0.916474568852
vt 0.605831734593 0.916512602756
vt 0.624080671882 0.948731516999
vt 0.595924888778 0.93507873547
vt 0.631898903666 0.929084802831
vt 0.653299731917 0.957262602114
vt 0.624080671882 0.948731516999
vt 0.658973302805 0.937019911775
vt 0.6831265049 0.960474662092
vt 0.653299731917 0.957262602114
vt 0.686595098222 0.939956655232
vt 0.713091021975 0.958274549574
vt 0.6831265049 0.960474662092
vt 0.714326486335 0.937847105107
vt 0.742662903855 0.950680145927
vt 0.713091021975 0.958274549574
vt 0.74168193828 0.930823911268
vt 0.771365576566 0.937722438795
vt 0.742662903855 0.950680145927
vt 0.768234191919 0.918863546198
vt 0.798696779005 0.919808704154
vt 0.771365576566 0.937722438795
vt 0.793532809096 0.902284079187
vt 0.824134191801 0.89713461982
vt 0.798696779005 0.919808704154
vt 0.817061227433 0.881311560316
vt 0.847219611914 0.870161572237
vt 0.824134191801 0.89713461982
vt 0.838411266145 0.856323169049
vt 0.867568839329 0.839348718926
vt 0.847219611914 0.870161572237
vt 0.857224733545 0.827800887575
vt 0.884769732173 0.805158662598
vt 0.867568839329 0.839348718926
vt 0.873133300606 0.796217201501
vt 0.898505616217 0.768246120144
vt 0.884769732173 0.805158662598
vt 0.885828227556 0.762126832101
vt 0.90852703762 0.729204360774
vt 0.898505616217 0.768246120144
vt 0.895077354473 0.726047661675
vt 0.914606314424 0.688853923437
vt 0.90852703762 0.729204360774
vt 0.90852703762 0.729204360774
vt 0.927447795497 0.68778396747
vt 0.920884516674 0.731404322988
vt 0.898505616217 0.768246120144
vt 0.920884516674 0.731404322988
vt 0.91007739812 0.773488239746
vt 0.884769732173 0.805158662598
vt 0.91007739812 0.773488239746
vt 0.895248375905 0.813273039651
vt 0.867568839329 0.839348718926
vt 0.895248375905 0.813273039651
vt 0.876713063101 0.850080053531
vt 0.847219611914 0.870161572237
vt 0.876713063101 0.850080053531
vt 0.854788914872 0.883286290471
vt 0.829889902706 0.912401032904
vt 0.847219611914 0.870161572237
vt 0.854788914872 0.883286290471
vt 0.8025028594 0.936832067155
vt 0.824134191801 0.89713461982
vt 0.829889902706 0.912401032904
vt 0.773072656458 0.956202628551
vt 0.798696779005 0.919808704154
vt 0.8025028594 0.936832067155
vt 0.742179627853 0.970086563616
vt 0.771365576566 0.937722438795
vt 0.773072656458 0.956202628551
vt 0.713091021975 0.958274549574
vt 0.742179627853 0.970086563616
vt 0.710319767507 0.978297516408
vt 0.6831265049 0.960474662092
vt 0.710319767507 0.978297516408
vt 0.67805811254 0.980720455553
vt 0.653299731917 0.957262602114
vt 0.67805811254 0.980720455553
vt 0.645920152386 0.977200106939
vt 0.624080671882 0.948731516999
vt 0.645920152386 0.977200106939
vt 0.614473941536 0.967995273028
vt 0.595924888778 0.93507873547
vt 0.614473941536 0.967995273028
vt 0.584205735476 0.953221655161
vt 0.569327779649 0.916474568852
vt 0.584205735476 0.953221655161
vt 0.555569486388 0.93311949151
vt 0.544634682528 0.893393839795
vt 0.555569486388 0.93311949151
vt 0.529052872276 0.908220864173
vt 0.52229170391 0.866185475449
vt 0.529052872276 0.908220864173
vt 0.504989738259 0.878892304439
vt 0.502618169841 0.835259879805
vt 0.504989738259 0.878892304439
vt 0.483810320064 0.845605293692
vt 0.485933516302 0.801303792144
vt 0.483810320064 0.845605293692
vt 0.465873653719 0.808962839686
vt 0.472584320728 0.764693184975
vt 0.465873653719 0.808962839686
vt 0.451470090769 0.769527281191
vt 0.440860022586 0.728012132316
vt 0.472584320728 0.764693184975
vt 0.451470090769 0.769527281191
vt 0.434190346372 0.684984531208
vt 0.462743273654 0.726130269129
vt 0.440860022586 0.728012132316
vt 0.431584975712 0.641352752551
vt 0.456584240965 0.686286199936
vt 0.434190346372 0.684984531208
vt 0.433120728879 0.597702478627
vt 0.454207769729 0.645726122351
vt 0.431584975712 0.641352752551
vt 0.438850471774 0.554723518094
vt 0.455693060216 0.605148402035
vt 0.433120728879 0.597702478627
vt 0.448701992243 0.513108426382
vt 0.461041649404 0.565264946726
vt 0.438850471774 0.554723518094
vt 0.46255632527 0.473615860304
vt 0.470258380162 0.526679958498
vt 0.448701992243 0.513108426382
vt 0.480199113195 0.437008041998
vt 0.483145053856 0.490075076592
vt 0.46255632527 0.473615860304
vt 0.501360968249 0.403747759716
vt 0.499554381426 0.456030085914
vt 0.480199113195 0.437008041998
vt 0.525630568499 0.374494071109
vt 0.519211772343 0.425223698055
vt 0.501360968249 0.403747759716
vt 0.552645288406 0.349739999479
vt 0.541768689262 0.39806399085
vt 0.525630568499 0.374494071109
vt 0.59398326907 0.356837234231
vt 0.552645288406 0.349739999479
vt 0.581894643472 0.330053333978
vt 0.622691292427 0.343483378864
vt 0.581894643472 0.330053333978
vt 0.61284630704 0.315627308972
vt 0.652477377323 0.335309839886
vt 0.61284630704 0.315627308972
vt 0.644938943378 0.306897673458
vt 0.68278746208 0.33259108727
vt 0.644938943378 0.306897673458
vt 0.677592827059 0.303925105514
vt 0.713100851852 0.33522354934
vt 0.677592827059 0.303925105514
vt 0.710268920632 0.306717687545
vt 0.742943230058 0.343208127027
vt 0.710268920632 0.306717687545
vt 0.742413016105 0.315400663897
vt 0.771822758072 0.356405127495
vt 0.742413016105 0.315400663897
vt 0.773506180297 0.329637281683
vt 0.799242047462 0.374648423716
vt 0.773506180297 0.329637281683
vt 0.803003095517 0.349208072004
vt 0.824703529117 0.397501246063
vt 0.803003095517 0.349208072004
vt 0.830426955092 0.373880916798
vt 0.847765067081 0.424698953662
vt 0.830426955092 0.373880916798
vt 0.855269822467 0.403131659423
vt 0.868044107578 0.455663534264
vt 0.855269822467 0.403131659423
vt 0.877134274131 0.436539655248
vt 0.895630788923 0.473513227694
vt 0.868044107578 0.455663534264
vt 0.877134274131 0.436539655248
vt 0.910347860309 0.513361519815
vt 0.885170753479 0.489923761531
vt 0.895630788923 0.473513227694
vt 0.921061779691 0.555488492515
vt 0.898828465381 0.526971106938
vt 0.910347860309 0.513361519815
vt 0.927519081971 0.599129555043
vt 0.908718996776 0.566022687859
vt 0.921061779691 0.555488492515
vt 0.929655325895 0.643494005609
vt 0.914715196201 0.60649738721
vt 0.927519081971 0.599129555043
vt 0.914606314424 0.688853923437
vt 0.929655325895 0.643494005609
vt 0.927447795497 0.68778396747
vt 0.933935285245 0.684888610344
vt 0.929655325895 0.643494005609
vt 0.936294686747 0.638155411988
vt 0.936294686747 0.638155411988
vt 0.927519081971 0.599129555043
vt 0.934004240641 0.591445262657
vt 0.934004240641 0.591445262657
vt 0.921061779691 0.555488492515
vt 0.927168653719 0.545494453808
vt 0.927168653719 0.545494453808
vt 0.910347860309 0.513361519815
vt 0.915871517546 0.501163208225
vt 0.915871517546 0.501163208225
vt 0.895630788923 0.473513227694
vt 0.900336275576 0.459185739479
vt 0.895630788923 0.473513227694
vt 0.880845830601 0.420231172385
vt 0.900336275576 0.459185739479
vt 0.877134274131 0.436539655248
vt 0.857809306854 0.385089969216
vt 0.880845830601 0.420231172385
vt 0.855269822467 0.403131659423
vt 0.831648687162 0.354331711769
vt 0.857809306854 0.385089969216
vt 0.830426955092 0.373880916798
vt 0.802816579642 0.328329239529
vt 0.831648687162 0.354331711769
vt 0.803003095517 0.349208072004
vt 0.771785616985 0.307645987081
vt 0.802816579642 0.328329239529
vt 0.773506180297 0.329637281683
vt 0.739082519766 0.292599425568
vt 0.771785616985 0.307645987081
vt 0.742413016105 0.315400663897
vt 0.70526000051 0.283542710119
vt 0.739082519766 0.292599425568
vt 0.710268920632 0.306717687545
vt 0.670859867939 0.280500423062
vt 0.70526000051 0.283542710119
vt 0.677592827059 0.303925105514
vt 0.636452670933 0.283617735307
vt 0.670859867939 0.280500423062
vt 0.644938943378 0.306897673458
vt 0.602658721946 0.292843048755
vt 0.636452670933 0.283617735307
vt 0.61284630704 0.315627308972
vt 0.570055753635 0.307964807508
vt 0.602658721946 0.292843048755
vt 0.581894643472 0.330053333978
vt 0.539252983279 0.328825656595
vt 0.570055753635 0.307964807508
vt 0.552645288406 0.349739999479
vt 0.510836595993 0.354809988566
vt 0.539252983279 0.328825656595
vt 0.510836595993 0.354809988566
vt 0.501360968249 0.403747759716
vt 0.485271774594 0.385610052641
vt 0.485271774594 0.385610052641
vt 0.480199113195 0.437008041998
vt 0.46302577872 0.420585750392
vt 0.46302577872 0.420585750392
vt 0.46255632527 0.473615860304
vt 0.444494743847 0.459229518859
vt 0.444494743847 0.459229518859
vt 0.448701992243 0.513108426382
vt 0.429912833372 0.500813496913
vt 0.429912833372 0.500813496913
vt 0.438850471774 0.554723518094
vt 0.419604685363 0.544573469636
vt 0.419604685363 0.544573469636
vt 0.433120728879 0.597702478627
vt 0.413622311288 0.589837141017
vt 0.413622311288 0.589837141017
vt 0.431584975712 0.641352752551
vt 0.41205147588 0.635876088564
vt 0.41205147588 0.635876088564
vt 0.434190346372 0.684984531208
vt 0.414844919037 0.681830090124
vt 0.414844919037 0.681830090124
vt 0.440860022586 0.728012132316
vt 0.42187760362 0.727113498643
vt 0.42187760362 0.727113498643
vt 0.451470090769 0.769527281191
vt 0.433008619008 0.770878495416
vt 0.433008619008 0.770878495416
vt 0.465873653719 0.808962839686
vt 0.448168367455 0.812403291759
vt 0.465873653719 0.808962839686
vt 0.467079704639 0.851054503249
vt 0.448168367455 0.812403291759
vt 0.483810320064 0.845605293692
vt 0.489370189936 0.886095432893
vt 0.467079704639 0.851054503249
vt 0.504989738259 0.878892304439
vt 0.514671358232 0.917005126588
vt 0.489370189936 0.886095432893
vt 0.529052872276 0.908220864173
vt 0.542614096645 0.943228207917
vt 0.514671358232 0.917005126588
vt 0.555569486388 0.93311949151
vt 0.572713527765 0.964353994758
vt 0.542614096645 0.943228207917
vt 0.584205735476 0.953221655161
vt 0.604550245277 0.979948492939
vt 0.572713527765 0.964353994758
vt 0.614473941536 0.967995273028
vt 0.637631615004 0.989773841199
vt 0.604550245277 0.979948492939
vt 0.645920152386 0.977200106939
vt 0.671423201996 0.993394737698
vt 0.637631615004 0.989773841199
vt 0.671423201996 0.993394737698
vt 0.710319767507 0.978297516408
vt 0.705378121702 0.990912080154
vt 0.705378121702 0.990912080154
vt 0.742179627853 0.970086563616
vt 0.738919790915 0.982252653345
vt 0.738919790915 0.982252653345
vt 0.773072656458 0.956202628551
vt 0.771434151409 0.967529629235
vt 0.771434151409 0.967529629235
vt 0.8025028594 0.936832067155
vt 0.802381427929 0.947125088966
vt 0.802381427929 0.947125088966
vt 0.829889902706 0.912401032904
vt 0.831211640697 0.921424737781
vt 0.831211640697 0.921424737781
vt 0.854788914872 0.883286290471
vt 0.857419376726 0.890753310665
vt 0.857419376726 0.890753310665
vt 0.876713063101 0.850080053531
vt 0.880491498146 0.855739320424
vt 0.880491498146 0.855739320424
vt 0.895248375905 0.813273039651
vt 0.900010515253 0.816932594637
vt 0.900010515253 0.816932594637
vt 0.91007739812 0.773488239746
vt 0.915644167174 0.775078151014
vt 0.915644167174 0.775078151014
vt 0.920884516674 0.731404322988
vt 0.927031421643 0.730785751182
vt 0.927031421643 0.730785751182
vt 0.927447795497 0.68778396747
vt 0.933935285245 0.684888610344
vt 0.926583414758 0.727873168565
vt 0.933935285245 0.684888610344
vt 0.933638076948 0.680856693182
vt 0.914940500116 0.773190315326
vt 0.927031421643 0.730785751182
vt 0.926583414758 0.727873168565
vt 0.898947559889 0.816106221817
vt 0.915644167174 0.775078151014
vt 0.914940500116 0.773190315326
vt 0.878954395423 0.855897216485
vt 0.900010515253 0.816932594637
vt 0.898947559889 0.816106221817
vt 0.855331685111 0.891716596958
vt 0.880491498146 0.855739320424
vt 0.878954395423 0.855897216485
vt 0.828520683899 0.923134090575
vt 0.857419376726 0.890753310665
vt 0.855331685111 0.891716596958
vt 0.799024732395 0.949518844336
vt 0.831211640697 0.921424737781
vt 0.828520683899 0.923134090575
vt 0.767359826103 0.970417606047
vt 0.802381427929 0.947125088966
vt 0.799024732395 0.949518844336
vt 0.734086104354 0.985437506657
vt 0.771434151409 0.967529629235
vt 0.767359826103 0.970417606047
vt 0.699781330681 0.994352720057
vt 0.738919790915 0.982252653345
vt 0.734086104354 0.985437506657
vt 0.665026060507 0.996909075752
vt 0.705378121702 0.990912080154
vt 0.699781330681 0.994352720057
vt 0.630433354905 0.993151181035
vt 0.671423201996 0.993394737698
vt 0.665026060507 0.996909075752
vt 0.604550245277 0.979948492939
vt 0.630433354905 0.993151181035
vt 0.596582884018 0.983177014729
vt 0.572713527765 0.964353994758
vt 0.596582884018 0.983177014729
vt 0.563999538628 0.967228445522
vt 0.542614096645 0.943228207917
vt 0.563999538628 0.967228445522
vt 0.533154881652 0.945610793778
vt 0.514671358232 0.917005126588
vt 0.533154881652 0.945610793778
vt 0.504542637317 0.918693568672
vt 0.489370189936 0.886095432893
vt 0.504542637317 0.918693568672
vt 0.478610319163 0.88710669589
vt 0.467079704639 0.851054503249
vt 0.478610319163 0.88710669589
vt 0.455780439908 0.851243336645
vt 0.448168367455 0.812403291759
vt 0.455780439908 0.851243336645
vt 0.436433078768 0.811699828328
vt 0.420946758237 0.769090803468
vt 0.448168367455 0.812403291759
vt 0.436433078768 0.811699828328
vt 0.409567091931 0.724232506396
vt 0.433008619008 0.770878495416
vt 0.420946758237 0.769090803468
vt 0.402383418864 0.677818700573
vt 0.42187760362 0.727113498643
vt 0.409567091931 0.724232506396
vt 0.399558994882 0.630720390525
vt 0.414844919037 0.681830090124
vt 0.402383418864 0.677818700573
vt 0.40114047073 0.583546596865
vt 0.41205147588 0.635876088564
vt 0.399558994882 0.630720390525
vt 0.407224521947 0.537211940792
vt 0.413622311288 0.589837141017
vt 0.40114047073 0.583546596865
vt 0.417764544772 0.492393303571
vt 0.419604685363 0.544573469636
vt 0.407224521947 0.537211940792
vt 0.432648286238 0.449797616498
vt 0.429912833372 0.500813496913
vt 0.417764544772 0.492393303571
vt 0.451627941617 0.410281379616
vt 0.444494743847 0.459229518859
vt 0.432648286238 0.449797616498
vt 0.474363621578 0.374420812726
vt 0.46302577872 0.420585750392
vt 0.451627941617 0.410281379616
vt 0.510836595993 0.354809988566
vt 0.474363621578 0.374420812726
vt 0.500520368419 0.342956957386
vt 0.539252983279 0.328825656595
vt 0.500520368419 0.342956957386
vt 0.529625547902 0.316275962159
vt 0.570055753635 0.307964807508
vt 0.529625547902 0.316275962159
vt 0.561138920491 0.295000921008
vt 0.602658721946 0.292843048755
vt 0.561138920491 0.295000921008
vt 0.594523056591 0.279547668597
vt 0.636452670933 0.283617735307
vt 0.594523056591 0.279547668597
vt 0.629122100764 0.270172766353
vt 0.670859867939 0.280500423062
vt 0.629122100764 0.270172766353
vt 0.664330276053 0.266962680229
vt 0.70526000051 0.283542710119
vt 0.664330276053 0.266962680229
vt 0.699557702083 0.270014503826
vt 0.739082519766 0.292599425568
vt 0.699557702083 0.270014503826
vt 0.734183506932 0.279410018976
vt 0.771785616985 0.307645987081
vt 0.734183506932 0.279410018976
vt 0.767612125676 0.294792717565
vt 0.802816579642 0.328329239529
vt 0.767612125676 0.294792717565
vt 0.799345786272 0.315904188689
vt 0.831648687162 0.354331711769
vt 0.799345786272 0.315904188689
vt 0.828840936616 0.342479052404
vt 0.857809306854 0.385089969216
vt 0.828840936616 0.342479052404
vt 0.855626665674 0.374090157413
vt 0.880845830601 0.420231172385
vt 0.855626665674 0.374090157413
vt 0.879209038115 0.410102930317
vt 0.900336275576 0.459185739479
vt 0.879209038115 0.410102930317
vt 0.899173724305 0.449911080292
vt 0.915871517546 0.501163208225
vt 0.899173724305 0.449911080292
vt 0.915114279017 0.492875648978
vt 0.927168653719 0.545494453808
vt 0.915114279017 0.492875648978
vt 0.926692952615 0.538229397219
vt 0.933704488031 0.585266896321
vt 0.927168653719 0.545494453808
vt 0.926692952615 0.538229397219
vt 0.936023115048 0.633065326998
vt 0.934004240641 0.591445262657
vt 0.933704488031 0.585266896321
vt 0.933638076948 0.680856693182
vt 0.936294686747 0.638155411988
vt 0.936023115048 0.633065326998
vt 0.928110561427 0.676189750628
vt 0.936023115048 0.633065326998
vt 0.930462552518 0.628237138274
vt 0.930462552518 0.628237138274
vt 0.933704488031 0.585266896321
vt 0.928120640355 0.580252059637
vt 0.933704488031 0.585266896321
vt 0.921106608529 0.533118828396
vt 0.928120640355 0.580252059637
vt 0.926692952615 0.538229397219
vt 0.909476463771 0.487664449539
vt 0.921106608529 0.533118828396
vt 0.915114279017 0.492875648978
vt 0.893502511803 0.444601831815
vt 0.909476463771 0.487664449539
vt 0.899173724305 0.449911080292
vt 0.873512234768 0.404636792964
vt 0.893502511803 0.444601831815
vt 0.879209038115 0.410102930317
vt 0.849855332616 0.368596897732
vt 0.873512234768 0.404636792964
vt 0.855626665674 0.374090157413
vt 0.823012954306 0.336939120342
vt 0.849855332616 0.368596897732
vt 0.828840936616 0.342479052404
vt 0.793466885674 0.310257549879
vt 0.823012954306 0.336939120342
vt 0.799345786272 0.315904188689
vt 0.761685378859 0.289039408312
vt 0.793466885674 0.310257549879
vt 0.767612125676 0.294792717565
vt 0.728178694994 0.273609582549
vt 0.761685378859 0.289039408312
vt 0.734183506932 0.279410018976
vt 0.693460143191 0.26426451954
vt 0.728178694994 0.273609582549
vt 0.699557702083 0.270014503826
vt 0.658154504711 0.261160794189
vt 0.693460143191 0.26426451954
vt 0.664330276053 0.266962680229
vt 0.62285514342 0.264340583139
vt 0.658154504711 0.261160794189
vt 0.629122100764 0.270172766353
vt 0.588161995402 0.273787955194
vt 0.62285514342 0.264340583139
vt 0.594523056591 0.279547668597
vt 0.554707102503 0.289289882278
vt 0.588161995402 0.273787955194
vt 0.561138920491 0.295000921008
vt 0.523096780433 0.310580774955
vt 0.554707102503 0.289289882278
vt 0.529625547902 0.316275962159
vt 0.493915701407 0.337277289586
vt 0.523096780433 0.310580774955
vt 0.500520368419 0.342956957386
vt 0.467704252856 0.368876163121
vt 0.493915701407 0.337277289586
vt 0.467704252856 0.368876163121
vt 0.451627941617 0.410281379616
vt 0.444916739566 0.404765328819
vt 0.444916739566 0.404765328819
vt 0.432648286238 0.449797616498
vt 0.425942588437 0.444385654749
vt 0.425942588437 0.444385654749
vt 0.417764544772 0.492393303571
vt 0.411039612919 0.487088563853
vt 0.411039612919 0.487088563853
vt 0.407224521947 0.537211940792
vt 0.400492825829 0.531996228242
vt 0.400492825829 0.531996228242
vt 0.40114047073 0.583546596865
vt 0.394411041821 0.578456461374
vt 0.394411041821 0.578456461374
vt 0.399558994882 0.630720390525
vt 0.392794210028 0.625820310818
vt 0.392794210028 0.625820310818
vt 0.402383418864 0.677818700573
vt 0.395600587048 0.67310982234
vt 0.395600587048 0.67310982234
vt 0.409567091931 0.724232506396
vt 0.402736789914 0.71968455718
vt 0.409567091931 0.724232506396
vt 0.414110871138 0.764703261227
vt 0.402736789914 0.71968455718
vt 0.420946758237 0.769090803468
vt 0.429636731897 0.807380513355
vt 0.414110871138 0.764703261227
vt 0.429636731897 0.807380513355
vt 0.455780439908 0.851243336645
vt 0.449036151611 0.847038264288
vt 0.449036151611 0.847038264288
vt 0.478610319163 0.88710669589
vt 0.471920749249 0.88300223035
vt 0.478610319163 0.88710669589
vt 0.497945888485 0.914740274875
vt 0.471920749249 0.88300223035
vt 0.504542637317 0.918693568672
vt 0.526661204332 0.941663618076
vt 0.497945888485 0.914740274875
vt 0.533154881652 0.945610793778
vt 0.557614147201 0.963343738442
vt 0.526661204332 0.941663618076
vt 0.563999538628 0.967228445522
vt 0.590305081766 0.979257148907
vt 0.557614147201 0.963343738442
vt 0.596582884018 0.983177014729
vt 0.624234043747 0.989254044826
vt 0.590305081766 0.979257148907
vt 0.630433354905 0.993151181035
vt 0.658926094961 0.992993037139
vt 0.624234043747 0.989254044826
vt 0.658926094961 0.992993037139
vt 0.699781330681 0.994352720057
vt 0.693748502745 0.990458933373
vt 0.693748502745 0.990458933373
vt 0.734086104354 0.985437506657
vt 0.728162474635 0.981545708456
vt 0.728162474635 0.981545708456
vt 0.767359826103 0.970417606047
vt 0.761518071832 0.966458807678
vt 0.761518071832 0.966458807678
vt 0.799024732395 0.949518844336
vt 0.79323710274 0.945531197138
vt 0.79323710274 0.945531197138
vt 0.828520683899 0.923134090575
vt 0.822793689616 0.919013323227
vt 0.822793689616 0.919013323227
vt 0.855331685111 0.891716596958
vt 0.849653891886 0.887532234268
vt 0.849653891886 0.887532234268
vt 0.878954395423 0.855897216485
vt 0.873341940423 0.851584001132
vt 0.873341940423 0.851584001132
vt 0.898947559889 0.816106221817
vt 0.893359836111 0.811722788067
vt 0.893359836111 0.811722788067
vt 0.914940500116 0.773190315326
vt 0.909384540538 0.768696019607
vt 0.909384540538 0.768696019607
vt 0.926583414758 0.727873168565
vt 0.921054873161 0.723218301655
vt 0.921054873161 0.723218301655
vt 0.933638076948 0.680856693182
vt 0.928110561427 0.676189750628
vt 0.912231931818 0.717689626382
vt 0.928110561427 0.676189750628
vt 0.91922602635 0.671126352159
vt 0.900723251977 0.762583222657
vt 0.921054873161 0.723218301655
vt 0.912231931818 0.717689626382
vt 0.88490098475 0.805072835986
vt 0.909384540538 0.768696019607
vt 0.900723251977 0.762583222657
vt 0.865094581629 0.844410428239
vt 0.893359836111 0.811722788067
vt 0.88490098475 0.805072835986
vt 0.841688498616 0.879936095196
vt 0.873341940423 0.851584001132
vt 0.865094581629 0.844410428239
vt 0.815149620548 0.910987442924
vt 0.849653891886 0.887532234268
vt 0.841688498616 0.879936095196
vt 0.785912772233 0.937100085961
vt 0.822793689616 0.919013323227
vt 0.815149620548 0.910987442924
vt 0.754530368324 0.957721796834
vt 0.79323710274 0.945531197138
vt 0.785912772233 0.937100085961
vt 0.721548842226 0.972540689875
vt 0.761518071832 0.966458807678
vt 0.754530368324 0.957721796834
vt 0.687564933324 0.981187667232
vt 0.728162474635 0.981545708456
vt 0.721548842226 0.972540689875
vt 0.653161676579 0.983694169777
vt 0.693748502745 0.990458933373
vt 0.687564933324 0.981187667232
vt 0.618915999599 0.979874839086
vt 0.658926094961 0.992993037139
vt 0.653161676579 0.983694169777
vt 0.585416300042 0.969968567885
vt 0.624234043747 0.989254044826
vt 0.618915999599 0.979874839086
vt 0.553121126536 0.954093977036
vt 0.590305081766 0.979257148907
vt 0.585416300042 0.969968567885
vt 0.522550547756 0.932726682256
vt 0.557614147201 0.963343738442
vt 0.553121126536 0.954093977036
vt 0.494184925101 0.906163871689
vt 0.526661204332 0.941663618076
vt 0.522550547756 0.932726682256
vt 0.46852072378 0.874889182154
vt 0.497945888485 0.914740274875
vt 0.494184925101 0.906163871689
vt 0.449036151611 0.847038264288
vt 0.46852072378 0.874889182154
vt 0.445949657805 0.839390531635
vt 0.426842452518 0.800212466487
vt 0.449036151611 0.847038264288
vt 0.445949657805 0.839390531635
vt 0.414110871138 0.764703261227
vt 0.426842452518 0.800212466487
vt 0.411572277357 0.758135821369
vt 0.402736789914 0.71968455718
vt 0.411572277357 0.758135821369
vt 0.400380373074 0.713655249344
vt 0.393377610346 0.667648047375
vt 0.402736789914 0.71968455718
vt 0.400380373074 0.713655249344
vt 0.390663239883 0.620995549456
vt 0.395600587048 0.67310982234
vt 0.393377610346 0.667648047375
vt 0.392284041533 0.57433876268
vt 0.392794210028 0.625820310818
vt 0.390663239883 0.620995549456
vt 0.398284606637 0.528526537956
vt 0.394411041821 0.578456461374
vt 0.392284041533 0.57433876268
vt 0.408660740486 0.484209667525
vt 0.400492825829 0.531996228242
vt 0.398284606637 0.528526537956
vt 0.423309410716 0.442122539821
vt 0.411039612919 0.487088563853
vt 0.408660740486 0.484209667525
vt 0.442003212761 0.403081507063
vt 0.425942588437 0.444385654749
vt 0.423309410716 0.442122539821
vt 0.464451888279 0.36767754763
vt 0.444916739566 0.404765328819
vt 0.442003212761 0.403081507063
vt 0.493915701407 0.337277289586
vt 0.464451888279 0.36767754763
vt 0.490263887902 0.336532458972
vt 0.523096780433 0.310580774955
vt 0.490263887902 0.336532458972
vt 0.519046797288 0.310235197144
vt 0.554707102503 0.289289882278
vt 0.519046797288 0.310235197144
vt 0.550221124175 0.289188255505
vt 0.588161995402 0.273787955194
vt 0.550221124175 0.289188255505
vt 0.583245935443 0.273879205823
vt 0.62285514342 0.264340583139
vt 0.583245935443 0.273879205823
vt 0.617478386847 0.264532683058
vt 0.658154504711 0.261160794189
vt 0.617478386847 0.264532683058
vt 0.652350969158 0.261306762525
vt 0.693460143191 0.26426451954
vt 0.652350969158 0.261306762525
vt 0.687222750776 0.264363365788
vt 0.728178694994 0.273609582549
vt 0.687222750776 0.264363365788
vt 0.721522230043 0.273520419096
vt 0.761685378859 0.289039408312
vt 0.721522230043 0.273520419096
vt 0.754646412812 0.288747746605
vt 0.793466885674 0.310257549879
vt 0.754646412812 0.288747746605
vt 0.786072156821 0.309624035131
vt 0.823012954306 0.336939120342
vt 0.786072156821 0.309624035131
vt 0.815275712903 0.335955846464
vt 0.849855332616 0.368596897732
vt 0.815275712903 0.335955846464
vt 0.841803356645 0.367203720532
vt 0.873512234768 0.404636792964
vt 0.841803356645 0.367203720532
vt 0.865186553508 0.402865432813
vt 0.893502511803 0.444601831815
vt 0.865186553508 0.402865432813
vt 0.884965907097 0.442237270963
vt 0.909476463771 0.487664449539
vt 0.884965907097 0.442237270963
vt 0.900769097617 0.484833420678
vt 0.921106608529 0.533118828396
vt 0.900769097617 0.484833420678
vt 0.912260236284 0.529799588596
vt 0.919235618656 0.57639085557
vt 0.921106608529 0.533118828396
vt 0.912260236284 0.529799588596
vt 0.921567981426 0.623748412637
vt 0.928120640355 0.580252059637
vt 0.919235618656 0.57639085557
vt 0.91922602635 0.671126352159
vt 0.930462552518 0.628237138274
vt 0.921567981426 0.623748412637
vt 0.908462469148 0.666273381041
vt 0.921567981426 0.623748412637
vt 0.910771848964 0.620025248245
vt 0.921567981426 0.623748412637
vt 0.908480598426 0.573759896588
vt 0.910771848964 0.620025248245
vt 0.919235618656 0.57639085557
vt 0.901612924311 0.52834721622
vt 0.908480598426 0.573759896588
vt 0.912260236284 0.529799588596
vt 0.890314443762 0.484442726893
vt 0.901612924311 0.52834721622
vt 0.900769097617 0.484833420678
vt 0.874788984694 0.442970957179
vt 0.890314443762 0.484442726893
vt 0.884965907097 0.442237270963
vt 0.855369825977 0.404495652141
vt 0.874788984694 0.442970957179
vt 0.865186553508 0.402865432813
vt 0.832435049377 0.36981678273
vt 0.855369825977 0.404495652141
vt 0.841803356645 0.367203720532
vt 0.806451854023 0.339430111217
vt 0.832435049377 0.36981678273
vt 0.815275712903 0.335955846464
vt 0.777857025787 0.313924770237
vt 0.806451854023 0.339430111217
vt 0.786072156821 0.309624035131
vt 0.747127622234 0.293685881954
vt 0.777857025787 0.313924770237
vt 0.754646412812 0.288747746605
vt 0.714755799202 0.279073889423
vt 0.747127622234 0.293685881954
vt 0.721522230043 0.273520419096
vt 0.681308714736 0.2703514271
vt 0.714755799202 0.279073889423
vt 0.687222750776 0.264363365788
vt 0.64732064876 0.267551559636
vt 0.681308714736 0.2703514271
vt 0.652350969158 0.261306762525
vt 0.613421422741 0.270816341678
vt 0.64732064876 0.267551559636
vt 0.617478386847 0.264532683058
vt 0.580155126932 0.280039140511
vt 0.613421422741 0.270816341678
vt 0.583245935443 0.273879205823
vt 0.548140057861 0.295040893667
vt 0.580155126932 0.280039140511
vt 0.550221124175 0.289188255505
vt 0.5179327004 0.315552074718
vt 0.548140057861 0.295040893667
vt 0.519046797288 0.310235197144
vt 0.49012321719 0.341124126854
vt 0.5179327004 0.315552074718
vt 0.490263887902 0.336532458972
vt 0.465179000901 0.371288255346
vt 0.49012321719 0.341124126854
vt 0.464451888279 0.36767754763
vt 0.44352643518 0.405552833212
vt 0.465179000901 0.371288255346
vt 0.44352643518 0.405552833212
vt 0.423309410716 0.442122539821
vt 0.425530758924 0.443350373111
vt 0.425530758924 0.443350373111
vt 0.408660740486 0.484209667525
vt 0.411441418534 0.483903924076
vt 0.411441418534 0.483903924076
vt 0.398284606637 0.528526537956
vt 0.401449327442 0.526680415092
vt 0.401449327442 0.526680415092
vt 0.392284041533 0.57433876268
vt 0.395663560976 0.570909977753
vt 0.395663560976 0.570909977753
vt 0.390663239883 0.620995549456
vt 0.394086804348 0.615980680098
vt 0.394086804348 0.615980680098
vt 0.393377610346 0.667648047375
vt 0.396693928898 0.6610974801
vt 0.393377610346 0.667648047375
vt 0.403411515193 0.705537703839
vt 0.396693928898 0.6610974801
vt 0.403411515193 0.705537703839
vt 0.411572277357 0.758135821369
vt 0.414180244568 0.748506855347
vt 0.414180244568 0.748506855347
vt 0.426842452518 0.800212466487
vt 0.428911041417 0.789305070112
vt 0.428911041417 0.789305070112
vt 0.445949657805 0.839390531635
vt 0.44733041117 0.827301050901
vt 0.44733041117 0.827301050901
vt 0.46852072378 0.874889182154
vt 0.469093120881 0.861747501169
vt 0.469093120881 0.861747501169
vt 0.494184925101 0.906163871689
vt 0.493908546738 0.892254756113
vt 0.493908546738 0.892254756113
vt 0.522550547756 0.932726682256
vt 0.521328712456 0.91819730218
vt 0.521328712456 0.91819730218
vt 0.553121126536 0.954093977036
vt 0.55096502219 0.939161017204
vt 0.55096502219 0.939161017204
vt 0.585416300042 0.969968567885
vt 0.582303198651 0.954745698508
vt 0.582303198651 0.954745698508
vt 0.618915999599 0.979874839086
vt 0.614867167862 0.964691246211
vt 0.614867167862 0.964691246211
vt 0.653161676579 0.983694169777
vt 0.648159151169 0.968737938274
vt 0.648159151169 0.968737938274
vt 0.687564933324 0.981187667232
vt 0.681679510917 0.9667039101
vt 0.681679510917 0.9667039101
vt 0.721548842226 0.972540689875
vt 0.714821070515 0.958616265276
vt 0.714821070515 0.958616265276
vt 0.754530368324 0.957721796834
vt 0.74702669041 0.944549297319
vt 0.74702669041 0.944549297319
vt 0.785912772233 0.937100085961
vt 0.77772969621 0.92471401454
vt 0.77772969621 0.92471401454
vt 0.815149620548 0.910987442924
vt 0.806364080564 0.899601671511
vt 0.806364080564 0.899601671511
vt 0.841688498616 0.879936095196
vt 0.832392710165 0.869505283209
vt 0.832392710165 0.869505283209
vt 0.865094581629 0.844410428239
vt 0.855318080223 0.835051816999
vt 0.855318080223 0.835051816999
vt 0.88490098475 0.805072835986
vt 0.874755754384 0.796809904979
vt 0.874755754384 0.796809904979
vt 0.900723251977 0.762583222657
vt 0.890300118862 0.755464973898
vt 0.890300118862 0.755464973898
vt 0.912231931818 0.717689626382
vt 0.901606441622 0.711654267026
vt 0.901606441622 0.711654267026
vt 0.91922602635 0.671126352159
vt 0.908462469148 0.666273381041
vt 0.901606441622 0.711654267026
vt 0.897923083811 0.661768066948
vt 0.891197564286 0.705674719309
vt 0.890300118862 0.755464973898
vt 0.891197564286 0.705674719309
vt 0.880132636835 0.747852803775
vt 0.874755754384 0.796809904979
vt 0.880132636835 0.747852803775
vt 0.864962124271 0.787664922342
vt 0.855318080223 0.835051816999
vt 0.864962124271 0.787664922342
vt 0.845999127888 0.824385257782
vt 0.832392710165 0.869505283209
vt 0.845999127888 0.824385257782
vt 0.823637138539 0.857304128663
vt 0.806364080564 0.899601671511
vt 0.823637138539 0.857304128663
vt 0.798317460792 0.885914589072
vt 0.77772969621 0.92471401454
vt 0.798317460792 0.885914589072
vt 0.770501684783 0.909689275742
vt 0.74702669041 0.944549297319
vt 0.770501684783 0.909689275742
vt 0.740724861541 0.928270926033
vt 0.714821070515 0.958616265276
vt 0.740724861541 0.928270926033
vt 0.709557305068 0.941260115859
vt 0.681679510917 0.9667039101
vt 0.709557305068 0.941260115859
vt 0.677580864979 0.948515238112
vt 0.648159151169 0.968737938274
vt 0.677580864979 0.948515238112
vt 0.645313663047 0.949897164714
vt 0.614867167862 0.964691246211
vt 0.645313663047 0.949897164714
vt 0.613346545629 0.945465457314
vt 0.582303198651 0.954745698508
vt 0.613346545629 0.945465457314
vt 0.582161417627 0.935422134281
vt 0.55096502219 0.939161017204
vt 0.582161417627 0.935422134281
vt 0.552216265738 0.920065446821
vt 0.521328712456 0.91819730218
vt 0.552216265738 0.920065446821
vt 0.523996155059 0.899589022371
vt 0.493908546738 0.892254756113
vt 0.523996155059 0.899589022371
vt 0.497923187334 0.874525714991
vt 0.469093120881 0.861747501169
vt 0.497923187334 0.874525714991
vt 0.474395600544 0.845154700703
vt 0.44733041117 0.827301050901
vt 0.474395600544 0.845154700703
vt 0.453774268326 0.812064049526
vt 0.428911041417 0.789305070112
vt 0.453774268326 0.812064049526
vt 0.436343262395 0.775731532818
vt 0.414180244568 0.748506855347
vt 0.436343262395 0.775731532818
vt 0.422424088603 0.736885481279
vt 0.403411515193 0.705537703839
vt 0.422424088603 0.736885481279
vt 0.412224969525 0.695930294853
vt 0.396693928898 0.6610974801
vt 0.412224969525 0.695930294853
vt 0.40586616624 0.653695542617
vt 0.40337139168 0.610913522525
vt 0.396693928898 0.6610974801
vt 0.40586616624 0.653695542617
vt 0.404843885434 0.568204746455
vt 0.394086804348 0.615980680098
vt 0.40337139168 0.610913522525
vt 0.410267777271 0.526231326331
vt 0.395663560976 0.570909977753
vt 0.404843885434 0.568204746455
vt 0.419708801461 0.485657339712
vt 0.401449327442 0.526680415092
vt 0.410267777271 0.526231326331
vt 0.433027631501 0.447044306047
vt 0.411441418534 0.483903924076
vt 0.419708801461 0.485657339712
vt 0.450057563442 0.411148692246
vt 0.425530758924 0.443350373111
vt 0.433027631501 0.447044306047
vt 0.470577335034 0.378474258574
vt 0.44352643518 0.405552833212
vt 0.450057563442 0.411148692246
vt 0.49425017093 0.349611691161
vt 0.465179000901 0.371288255346
vt 0.470577335034 0.378474258574
vt 0.520703751244 0.325142013812
vt 0.49012321719 0.341124126854
vt 0.49425017093 0.349611691161
vt 0.549483710939 0.305373868565
vt 0.5179327004 0.315552074718
vt 0.520703751244 0.325142013812
vt 0.58007497649 0.290825109125
vt 0.548140057861 0.295040893667
vt 0.549483710939 0.305373868565
vt 0.61191143881 0.281726583148
vt 0.580155126932 0.280039140511
vt 0.58007497649 0.290825109125
vt 0.64448246963 0.278323570273
vt 0.613421422741 0.270816341678
vt 0.61191143881 0.281726583148
vt 0.67718412126 0.280721400499
vt 0.64732064876 0.267551559636
vt 0.64448246963 0.278323570273
vt 0.709500350651 0.288836701291
vt 0.681308714736 0.2703514271
vt 0.67718412126 0.280721400499
vt 0.740807279609 0.302637474767
vt 0.714755799202 0.279073889423
vt 0.709500350651 0.288836701291
vt 0.770607775342 0.321871633755
vt 0.747127622234 0.293685881954
vt 0.740807279609 0.302637474767
vt 0.798389673627 0.346270617917
vt 0.777857025787 0.313924770237
vt 0.770607775342 0.321871633755
vt 0.82368349636 0.3753822622
vt 0.806451854023 0.339430111217
vt 0.798389673627 0.346270617917
vt 0.846021516355 0.408761512058
vt 0.832435049377 0.36981678273
vt 0.82368349636 0.3753822622
vt 0.864966047725 0.445850460761
vt 0.855369825977 0.404495652141
vt 0.846021516355 0.408761512058
vt 0.880137540087 0.485939361214
vt 0.874788984694 0.442970957179
vt 0.864966047725 0.445850460761
vt 0.891194716859 0.528360130433
vt 0.890314443762 0.484442726893
vt 0.880137540087 0.485939361214
vt 0.897911906257 0.5723294323
vt 0.901612924311 0.52834721622
vt 0.891194716859 0.528360130433
vt 0.90016929483 0.617054479514
vt 0.908480598426 0.573759896588
vt 0.897911906257 0.5723294323
vt 0.908462469148 0.666273381041
vt 0.90016929483 0.617054479514
vt 0.897923083811 0.661768066948
vt 0.897923083811 0.661768066948
vt 0.889921012571 0.614691524411
vt 0.887759796837 0.657351975956
vt 0.889921012571 0.614691524411
vt 0.897911906257 0.5723294323
vt 0.887748619255 0.571890975198
vt 0.887748619255 0.571890975198
vt 0.891194716859 0.528360130433
vt 0.881249396307 0.529805887293
vt 0.881249396307 0.529805887293
vt 0.880137540087 0.485939361214
vt 0.870536738551 0.489314013622
vt 0.870536738551 0.489314013622
vt 0.864966047725 0.445850460761
vt 0.85587410599 0.451019156675
vt 0.85587410599 0.451019156675
vt 0.846021516355 0.408761512058
vt 0.837587202291 0.41569239938
vt 0.837587202291 0.41569239938
vt 0.82368349636 0.3753822622
vt 0.816063835493 0.384008635267
vt 0.816063835493 0.384008635267
vt 0.798389673627 0.346270617917
vt 0.79173092681 0.356412295119
vt 0.79173092681 0.356412295119
vt 0.770607775342 0.321871633755
vt 0.765075654186 0.33343193991
vt 0.765075654186 0.33343193991
vt 0.740807279609 0.302637474767
vt 0.736533988038 0.315369187669
vt 0.736533988038 0.315369187669
vt 0.709500350651 0.288836701291
vt 0.706614475139 0.302613049758
vt 0.706614475139 0.302613049758
vt 0.67718412126 0.280721400499
vt 0.675865991762 0.295181038298
vt 0.675865991762 0.295181038298
vt 0.64448246963 0.278323570273
vt 0.644815070826 0.293276633767
vt 0.644815070826 0.293276633767
vt 0.61191143881 0.281726583148
vt 0.614014922061 0.296782072125
vt 0.614014922061 0.296782072125
vt 0.58007497649 0.290825109125
vt 0.583977175652 0.305615216543
vt 0.583977175652 0.305615216543
vt 0.549483710939 0.305373868565
vt 0.555191895749 0.31960862101
vt 0.555191895749 0.31960862101
vt 0.520703751244 0.325142013812
vt 0.528210128803 0.33837630732
vt 0.528210128803 0.33837630732
vt 0.49425017093 0.349611691161
vt 0.503459891256 0.361574333859
vt 0.503459891256 0.361574333859
vt 0.470577335034 0.378474258574
vt 0.481361678409 0.388719184257
vt 0.481361678409 0.388719184257
vt 0.450057563442 0.411148692246
vt 0.462238322323 0.419429687195
vt 0.462238322323 0.419429687195
vt 0.433027631501 0.447044306047
vt 0.446394836831 0.45308927365
vt 0.446394836831 0.45308927365
vt 0.419708801461 0.485657339712
vt 0.434011560568 0.489174227898
vt 0.434011560568 0.489174227898
vt 0.410267777271 0.526231326331
vt 0.425269327729 0.527050135067
vt 0.425269327729 0.527050135067
vt 0.404843885434 0.568204746455
vt 0.420270122514 0.566201418953
vt 0.420270122514 0.566201418953
vt 0.40337139168 0.610913522525
vt 0.418984054492 0.606042644374
vt 0.418984054492 0.606042644374
vt 0.40586616624 0.653695542617
vt 0.421342628303 0.64602707463
vt 0.40586616624 0.653695542617
vt 0.427319398319 0.68548403717
vt 0.421342628303 0.64602707463
vt 0.412224969525 0.695930294853
vt 0.436787505714 0.723853509763
vt 0.427319398319 0.68548403717
vt 0.422424088603 0.736885481279
vt 0.449736914826 0.760443298508
vt 0.436787505714 0.723853509763
vt 0.436343262395 0.775731532818
vt 0.465958481786 0.794655671222
vt 0.449736914826 0.760443298508
vt 0.453774268326 0.812064049526
vt 0.485138583692 0.825998016065
vt 0.465958481786 0.794655671222
vt 0.474395600544 0.845154700703
vt 0.507055423278 0.853930698923
vt 0.485138583692 0.825998016065
vt 0.497923187334 0.874525714991
vt 0.53137614369 0.877983237273
vt 0.507055423278 0.853930698923
vt 0.523996155059 0.899589022371
vt 0.557786956294 0.897732135342
vt 0.53137614369 0.877983237273
vt 0.552216265738 0.920065446821
vt 0.585915816443 0.912789146604
vt 0.557786956294 0.897732135342
vt 0.582161417627 0.935422134281
vt 0.615343809042 0.922835715218
vt 0.585915816443 0.912789146604
vt 0.613346545629 0.945465457314
vt 0.645599795754 0.927612149188
vt 0.615343809042 0.922835715218
vt 0.645313663047 0.949897164714
vt 0.67621549112 0.926895621398
vt 0.645599795754 0.927612149188
vt 0.677580864979 0.948515238112
vt 0.706672017758 0.920703093791
vt 0.67621549112 0.926895621398
vt 0.709557305068 0.941260115859
vt 0.736416199415 0.909025761522
vt 0.706672017758 0.920703093791
vt 0.740724861541 0.928270926033
vt 0.764931488514 0.891955578734
vt 0.736416199415 0.909025761522
vt 0.770501684783 0.909689275742
vt 0.791653542405 0.869865582101
vt 0.764931488514 0.891955578734
vt 0.798317460792 0.885914589072
vt 0.816025437895 0.843042827027
vt 0.791653542405 0.869865582101
vt 0.823637138539 0.857304128663
vt 0.837580063941 0.811992871899
vt 0.816025437895 0.843042827027
vt 0.845999127888 0.824385257782
vt 0.855878338205 0.777265920215
vt 0.837580063941 0.811992871899
vt 0.864962124271 0.787664922342
vt 0.8705404865 0.739477805437
vt 0.855878338205 0.777265920215
vt 0.880132636835 0.747852803775
vt 0.881241325346 0.699256563151
vt 0.8705404865 0.739477805437
vt 0.891197564286 0.705674719309
vt 0.887759796837 0.657351975956
vt 0.881241325346 0.699256563151
vt 0.881241325346 0.699256563151
vt 0.877502250137 0.652727063054
vt 0.871322030892 0.692082692925
vt 0.8705404865 0.739477805437
vt 0.871322030892 0.692082692925
vt 0.861133108025 0.729806634632
vt 0.855878338205 0.777265920215
vt 0.861133108025 0.729806634632
vt 0.847200009259 0.765224370493
vt 0.837580063941 0.811992871899
vt 0.847200009259 0.765224370493
vt 0.829828172763 0.797601882703
vt 0.816025437895 0.843042827027
vt 0.829828172763 0.797601882703
vt 0.809394264216 0.826479443219
vt 0.791653542405 0.869865582101
vt 0.809394264216 0.826479443219
vt 0.786341865931 0.851249378366
vt 0.764931488514 0.891955578734
vt 0.786341865931 0.851249378366
vt 0.761087232945 0.871465087628
vt 0.736416199415 0.909025761522
vt 0.761087232945 0.871465087628
vt 0.734215974094 0.88689887042
vt 0.706672017758 0.920703093791
vt 0.734215974094 0.88689887042
vt 0.706250423156 0.897326308363
vt 0.67621549112 0.926895621398
vt 0.706250423156 0.897326308363
vt 0.677709102163 0.902563634683
vt 0.645599795754 0.927612149188
vt 0.677709102163 0.902563634683
vt 0.64909617618 0.902610427609
vt 0.615343809042 0.922835715218
vt 0.64909617618 0.902610427609
vt 0.620888339584 0.897619406546
vt 0.585915816443 0.912789146604
vt 0.620888339584 0.897619406546
vt 0.593573450468 0.887703392424
vt 0.557786956294 0.897732135342
vt 0.593573450468 0.887703392424
vt 0.567567062386 0.873219239532
vt 0.53137614369 0.877983237273
vt 0.567567062386 0.873219239532
vt 0.543228178569 0.854408796279
vt 0.507055423278 0.853930698923
vt 0.543228178569 0.854408796279
vt 0.520888658863 0.83171730056
vt 0.485138583692 0.825998016065
vt 0.520888658863 0.83171730056
vt 0.500785089059 0.80550269281
vt 0.465958481786 0.794655671222
vt 0.500785089059 0.80550269281
vt 0.483191162562 0.776205050922
vt 0.449736914826 0.760443298508
vt 0.483191162562 0.776205050922
vt 0.468346287298 0.744378486467
vt 0.436787505714 0.723853509763
vt 0.468346287298 0.744378486467
vt 0.456488916546 0.710481508563
vt 0.427319398319 0.68548403717
vt 0.456488916546 0.710481508563
vt 0.447774561152 0.675056212497
vt 0.421342628303 0.64602707463
vt 0.447774561152 0.675056212497
vt 0.442279474915 0.63862980363
vt 0.418984054492 0.606042644374
vt 0.442279474915 0.63862980363
vt 0.440050383493 0.601849159383
vt 0.441161400712 0.565157329979
vt 0.418984054492 0.606042644374
vt 0.440050383493 0.601849159383
vt 0.445680177535 0.529158924368
vt 0.420270122514 0.566201418953
vt 0.441161400712 0.565157329979
vt 0.453656997387 0.494256870002
vt 0.425269327729 0.527050135067
vt 0.445680177535 0.529158924368
vt 0.464982483 0.460980389223
vt 0.434011560568 0.489174227898
vt 0.453656997387 0.494256870002
vt 0.479542742064 0.429897667267
vt 0.446394836831 0.45308927365
vt 0.464982483 0.460980389223
vt 0.497108159548 0.40145958478
vt 0.462238322323 0.419429687195
vt 0.479542742064 0.429897667267
vt 0.517450765791 0.376208563858
vt 0.481361678409 0.388719184257
vt 0.497108159548 0.40145958478
vt 0.54025413935 0.354585272382
vt 0.503459891256 0.361574333859
vt 0.517450765791 0.376208563858
vt 0.565196594357 0.336989078747
vt 0.528210128803 0.33837630732
vt 0.54025413935 0.354585272382
vt 0.59183727197 0.323842112525
vt 0.555191895749 0.31960862101
vt 0.565196594357 0.336989078747
vt 0.619744902312 0.315304761902
vt 0.583977175652 0.305615216543
vt 0.59183727197 0.323842112525
vt 0.648443591051 0.31179104263
vt 0.614014922061 0.296782072125
vt 0.619744902312 0.315304761902
vt 0.677443030657 0.313319827335
vt 0.644815070826 0.293276633767
vt 0.648443591051 0.31179104263
vt 0.706233219985 0.319983804045
vt 0.675865991762 0.295181038298
vt 0.677443030657 0.313319827335
vt 0.734335329127 0.331704374195
vt 0.706614475139 0.302613049758
vt 0.706233219985 0.319983804045
vt 0.761222921038 0.348383757562
vt 0.736533988038 0.315369187669
vt 0.734335329127 0.331704374195
vt 0.786411931617 0.369741004321
vt 0.765075654186 0.33343193991
vt 0.761222921038 0.348383757562
vt 0.809437905871 0.395568263707
vt 0.79173092681 0.356412295119
vt 0.786411931617 0.369741004321
vt 0.829828172763 0.425276363999
vt 0.816063835493 0.384008635267
vt 0.809437905871 0.395568263707
vt 0.847181138586 0.458429889081
vt 0.837587202291 0.41569239938
vt 0.829828172763 0.425276363999
vt 0.861121681858 0.494411077083
vt 0.85587410599 0.451019156675
vt 0.847181138586 0.458429889081
vt 0.871291716642 0.532582923302
vt 0.870536738551 0.489314013622
vt 0.861121681858 0.494411077083
vt 0.877502250137 0.572181626275
vt 0.881249396307 0.529805887293
vt 0.871291716642 0.532582923302
vt 0.879575396598 0.612532199003
vt 0.887748619255 0.571890975198
vt 0.877502250137 0.572181626275
vt 0.887759796837 0.657351975956
vt 0.879575396598 0.612532199003
vt 0.877502250137 0.652727063054
vt 0.877502250137 0.652727063054
vt 0.868181990448 0.610432383612
vt 0.866252116171 0.647613705038
vt 0.868181990448 0.610432383612
vt 0.877502250137 0.572181626275
vt 0.866252116171 0.573131977641
vt 0.866252116171 0.573131977641
vt 0.871291716642 0.532582923302
vt 0.86049131299 0.536490001432
vt 0.86049131299 0.536490001432
vt 0.861121681858 0.494411077083
vt 0.851010298769 0.501152472728
vt 0.851010298769 0.501152472728
vt 0.847181138586 0.458429889081
vt 0.838067212944 0.467902497707
vt 0.838067212944 0.467902497707
vt 0.829828172763 0.425276363999
vt 0.821934173585 0.43730006466
vt 0.821934173585 0.43730006466
vt 0.809437905871 0.395568263707
vt 0.803011787677 0.409899941474
vt 0.803011787677 0.409899941474
vt 0.786411931617 0.369741004321
vt 0.781683008703 0.38620511857
vt 0.781683008703 0.38620511857
vt 0.761222921038 0.348383757562
vt 0.758369092316 0.366564902395
vt 0.758369092316 0.366564902395
vt 0.734335329127 0.331704374195
vt 0.733522815302 0.351346584544
vt 0.733522815302 0.351346584544
vt 0.706233219985 0.319983804045
vt 0.707617201289 0.340673188049
vt 0.707617201289 0.340673188049
vt 0.677443030657 0.313319827335
vt 0.681124539541 0.334700328737
vt 0.681124539541 0.334700328737
vt 0.648443591051 0.31179104263
vt 0.65449925081 0.333420560188
vt 0.65449925081 0.333420560188
vt 0.619744902312 0.315304761902
vt 0.628222717714 0.336803961675
vt 0.628222717714 0.336803961675
vt 0.59183727197 0.323842112525
vt 0.602721445456 0.344746075954
vt 0.602721445456 0.344746075954
vt 0.565196594357 0.336989078747
vt 0.578419171461 0.356910660091
vt 0.578419171461 0.356910660091
vt 0.54025413935 0.354585272382
vt 0.555696822525 0.373133018948
vt 0.555696822525 0.373133018948
vt 0.517450765791 0.376208563858
vt 0.534943624757 0.392927128889
vt 0.534943624757 0.392927128889
vt 0.497108159548 0.40145958478
vt 0.516467061688 0.416046763896
vt 0.516467061688 0.416046763896
vt 0.479542742064 0.429897667267
vt 0.500498854298 0.441992699388
vt 0.500498854298 0.441992699388
vt 0.464982483 0.460980389223
vt 0.487305780016 0.470402116709
vt 0.487305780016 0.470402116709
vt 0.453656997387 0.494256870002
vt 0.477020443153 0.500685892677
vt 0.477020443153 0.500685892677
vt 0.445680177535 0.529158924368
vt 0.469817335193 0.532461351313
vt 0.469817335193 0.532461351313
vt 0.441161400712 0.565157329979
vt 0.465731016614 0.565224249246
vt 0.465731016614 0.565224249246
vt 0.440050383493 0.601849159383
vt 0.464745313479 0.598545313199
vt 0.440050383493 0.601849159383
vt 0.466791953703 0.632011551747
vt 0.464745313479 0.598545313199
vt 0.442279474915 0.63862980363
vt 0.471799986941 0.66512814967
vt 0.466791953703 0.632011551747
vt 0.447774561152 0.675056212497
vt 0.479689759722 0.697492636412
vt 0.471799986941 0.66512814967
vt 0.456488916546 0.710481508563
vt 0.490443048968 0.728439282246
vt 0.479689759722 0.697492636412
vt 0.468346287298 0.744378486467
vt 0.503896808737 0.757602697979
vt 0.490443048968 0.728439282246
vt 0.483191162562 0.776205050922
vt 0.519806700946 0.784559998122
vt 0.503896808737 0.757602697979
vt 0.500785089059 0.80550269281
vt 0.538015663986 0.80871947388
vt 0.519806700946 0.784559998122
vt 0.520888658863 0.83171730056
vt 0.55829896672 0.829790638053
vt 0.538015663986 0.80871947388
vt 0.543228178569 0.854408796279
vt 0.580431834986 0.847345334463
vt 0.55829896672 0.829790638053
vt 0.567567062386 0.873219239532
vt 0.604150939495 0.860956639628
vt 0.580431834986 0.847345334463
vt 0.593573450468 0.887703392424
vt 0.629127016853 0.870395257141
vt 0.604150939495 0.860956639628
vt 0.620888339584 0.897619406546
vt 0.654995164535 0.875382094961
vt 0.629127016853 0.870395257141
vt 0.64909617618 0.902610427609
vt 0.681313399375 0.875689025275
vt 0.654995164535 0.875382094961
vt 0.677709102163 0.902563634683
vt 0.707582824723 0.871282730272
vt 0.681313399375 0.875689025275
vt 0.706250423156 0.897326308363
vt 0.733383803824 0.862125070853
vt 0.707582824723 0.871282730272
vt 0.734215974094 0.88689887042
vt 0.758233342146 0.848280740969
vt 0.733383803824 0.862125070853
vt 0.761087232945 0.871465087628
vt 0.781588689218 0.829997278687
vt 0.758233342146 0.848280740969
vt 0.786341865931 0.851249378366
vt 0.802981019586 0.807469844998
vt 0.781588689218 0.829997278687
vt 0.809394264216 0.826479443219
vt 0.821947156656 0.781091226773
vt 0.802981019586 0.807469844998
vt 0.829828172763 0.797601882703
vt 0.838074064978 0.7513546948
vt 0.821947156656 0.781091226773
vt 0.847200009259 0.765224370493
vt 0.851021762374 0.71871294246
vt 0.838074064978 0.7513546948
vt 0.861133108025 0.729806634632
vt 0.860502537032 0.683967760453
vt 0.851021762374 0.71871294246
vt 0.871322030892 0.692082692925
vt 0.866252116171 0.647613705038
vt 0.860502537032 0.683967760453
vt 0.860502537032 0.683967760453
vt 0.85276859733 0.641794668567
vt 0.847573280451 0.674686291901
vt 0.851021762374 0.71871294246
vt 0.847573280451 0.674686291901
vt 0.839025832266 0.706114065999
vt 0.838074064978 0.7513546948
vt 0.839025832266 0.706114065999
vt 0.827311840279 0.735521772278
vt 0.821947156656 0.781091226773
vt 0.827311840279 0.735521772278
vt 0.812714566505 0.762261224128
vt 0.802981019586 0.807469844998
vt 0.812714566505 0.762261224128
vt 0.79556453505 0.785970715432
vt 0.781588689218 0.829997278687
vt 0.79556453505 0.785970715432
vt 0.776211814032 0.806207034219
vt 0.758233342146 0.848280740969
vt 0.776211814032 0.806207034219
vt 0.755084834164 0.822553411313
vt 0.733383803824 0.862125070853
vt 0.755084834164 0.822553411313
vt 0.732624517191 0.834891002341
vt 0.707582824723 0.871282730272
vt 0.732624517191 0.834891002341
vt 0.709313567732 0.84295597278
vt 0.681313399375 0.875689025275
vt 0.709313567732 0.84295597278
vt 0.685599984404 0.846752022482
vt 0.654995164535 0.875382094961
vt 0.685599984404 0.846752022482
vt 0.661864392237 0.846290988803
vt 0.629127016853 0.870395257141
vt 0.661864392237 0.846290988803
vt 0.638552573353 0.841622052117
vt 0.604150939495 0.860956639628
vt 0.638552573353 0.841622052117
vt 0.616059223481 0.832956820895
vt 0.580431834986 0.847345334463
vt 0.616059223481 0.832956820895
vt 0.594746424966 0.82048281247
vt 0.55829896672 0.829790638053
vt 0.594746424966 0.82048281247
vt 0.574881903428 0.804549000598
vt 0.538015663986 0.80871947388
vt 0.574881903428 0.804549000598
vt 0.556677590578 0.785449531235
vt 0.519806700946 0.784559998122
vt 0.556677590578 0.785449531235
vt 0.540367716954 0.763543870462
vt 0.503896808737 0.757602697979
vt 0.540367716954 0.763543870462
vt 0.526106969854 0.739242964651
vt 0.490443048968 0.728439282246
vt 0.526106969854 0.739242964651
vt 0.514065607052 0.712954013577
vt 0.479689759722 0.697492636412
vt 0.514065607052 0.712954013577
vt 0.504416562652 0.685053631223
vt 0.471799986941 0.66512814967
vt 0.504416562652 0.685053631223
vt 0.497352756434 0.655963316762
vt 0.466791953703 0.632011551747
vt 0.497352756434 0.655963316762
vt 0.492875737263 0.626230876643
vt 0.464745313479 0.598545313199
vt 0.492875737263 0.626230876643
vt 0.491063720695 0.596118104892
vt 0.465731016614 0.565224249246
vt 0.491063720695 0.596118104892
vt 0.491955443167 0.566172275642
vt 0.495652903538 0.536768478648
vt 0.465731016614 0.565224249246
vt 0.491955443167 0.566172275642
vt 0.502122745564 0.508242200017
vt 0.469817335193 0.532461351313
vt 0.495652903538 0.536768478648
vt 0.511346746953 0.480995245693
vt 0.477020443153 0.500685892677
vt 0.502122745564 0.508242200017
vt 0.523202271725 0.455536289361
vt 0.487305780016 0.470402116709
vt 0.511346746953 0.480995245693
vt 0.53752490272 0.432188407422
vt 0.500498854298 0.441992699388
vt 0.523202271725 0.455536289361
vt 0.554102232924 0.411417643312
vt 0.516467061688 0.416046763896
vt 0.53752490272 0.432188407422
vt 0.572738018128 0.393552796094
vt 0.534943624757 0.392927128889
vt 0.554102232924 0.411417643312
vt 0.593131636902 0.378966728629
vt 0.555696822525 0.373133018948
vt 0.572738018128 0.393552796094
vt 0.614970724417 0.36799109579
vt 0.578419171461 0.356910660091
vt 0.593131636902 0.378966728629
vt 0.63789425351 0.360861608809
vt 0.602721445456 0.344746075954
vt 0.614970724417 0.36799109579
vt 0.661537594185 0.357809848799
vt 0.628222717714 0.336803961675
vt 0.63789425351 0.360861608809
vt 0.685504283276 0.358930250587
vt 0.65449925081 0.333420560188
vt 0.661537594185 0.357809848799
vt 0.709391252441 0.364252863774
vt 0.681124539541 0.334700328737
vt 0.685504283276 0.358930250587
vt 0.7327693137 0.373878642105
vt 0.707617201289 0.340673188049
vt 0.709391252441 0.364252863774
vt 0.755203253056 0.387586059216
vt 0.733522815302 0.351346584544
vt 0.7327693137 0.373878642105
vt 0.77629384731 0.405298423134
vt 0.758369092316 0.366564902395
vt 0.755203253056 0.387586059216
vt 0.795583618581 0.426754409239
vt 0.781683008703 0.38620511857
vt 0.77629384731 0.405298423134
vt 0.812689808068 0.451537289728
vt 0.803011787677 0.409899941474
vt 0.795583618581 0.426754409239
vt 0.82726255876 0.479228404523
vt 0.821934173585 0.43730006466
vt 0.812689808068 0.451537289728
vt 0.838964428167 0.509356708975
vt 0.838067212944 0.467902497707
vt 0.82726255876 0.479228404523
vt 0.847518508848 0.541275915436
vt 0.851010298769 0.501152472728
vt 0.838964428167 0.509356708975
vt 0.852750320923 0.574464772524
vt 0.86049131299 0.536490001432
vt 0.847518508848 0.541275915436
vt 0.854492356954 0.608218633182
vt 0.866252116171 0.573131977641
vt 0.852750320923 0.574464772524
vt 0.866252116171 0.647613705038
vt 0.854492356954 0.608218633182
vt 0.85276859733 0.641794668567
vt 0.85276859733 0.641794668567
vt 0.8370873408 0.605803491202
vt 0.835595455542 0.635409318963
vt 0.8370873408 0.605803491202
vt 0.852750320923 0.574464772524
vt 0.835541813251 0.576079025895
vt 0.835541813251 0.576079025895
vt 0.847518508848 0.541275915436
vt 0.830960758395 0.546845757691
vt 0.830960758395 0.546845757691
vt 0.838964428167 0.509356708975
vt 0.82345929564 0.51866774529
vt 0.82345929564 0.51866774529
vt 0.82726255876 0.479228404523
vt 0.813206292211 0.492116556418
vt 0.813206292211 0.492116556418
vt 0.812689808068 0.451537289728
vt 0.800440955951 0.467625353251
vt 0.800440955951 0.467625353251
vt 0.795583618581 0.426754409239
vt 0.785420228579 0.445749848215
vt 0.785420228579 0.445749848215
vt 0.77629384731 0.405298423134
vt 0.768495027732 0.42682695965
vt 0.768495027732 0.42682695965
vt 0.755203253056 0.387586059216
vt 0.749983355085 0.411147965896
vt 0.749983355085 0.411147965896
vt 0.7327693137 0.373878642105
vt 0.730280112485 0.398931623753
vt 0.730280112485 0.398931623753
vt 0.709391252441 0.364252863774
vt 0.709761692581 0.390377736672
vt 0.709761692581 0.390377736672
vt 0.685504283276 0.358930250587
vt 0.688775790395 0.385621720731
vt 0.688775790395 0.385621720731
vt 0.661537594185 0.357809848799
vt 0.66769303012 0.384505662665
vt 0.66769303012 0.384505662665
vt 0.63789425351 0.360861608809
vt 0.646882196302 0.38715926732
vt 0.646882196302 0.38715926732
vt 0.614970724417 0.36799109579
vt 0.626692838332 0.393402272349
vt 0.626692838332 0.393402272349
vt 0.593131636902 0.378966728629
vt 0.607450240853 0.40299976117
vt 0.607450240853 0.40299976117
vt 0.572738018128 0.393552796094
vt 0.589464553703 0.415754469039
vt 0.589464553703 0.415754469039
vt 0.554102232924 0.411417643312
vt 0.572998959606 0.431462640577
vt 0.572998959606 0.431462640577
vt 0.53752490272 0.432188407422
vt 0.558326282506 0.449781288736
vt 0.558326282506 0.449781288736
vt 0.523202271725 0.455536289361
vt 0.545645062362 0.47034802777
vt 0.545645062362 0.47034802777
vt 0.511346746953 0.480995245693
vt 0.535141706956 0.492860727586
vt 0.535141706956 0.492860727586
vt 0.502122745564 0.508242200017
vt 0.526967186247 0.516865373451
vt 0.526967186247 0.516865373451
vt 0.495652903538 0.536768478648
vt 0.521216202848 0.542035499196
vt 0.521216202848 0.542035499196
vt 0.491955443167 0.566172275642
vt 0.517910447578 0.568075182985
vt 0.491955443167 0.566172275642
vt 0.517051064973 0.594540539974
vt 0.517910447578 0.568075182985
vt 0.491063720695 0.596118104892
vt 0.518617913281 0.621114731359
vt 0.517051064973 0.594540539974
vt 0.492875737263 0.626230876643
vt 0.522554914822 0.647419692667
vt 0.518617913281 0.621114731359
vt 0.497352756434 0.655963316762
vt 0.528796961198 0.673097321653
vt 0.522554914822 0.647419692667
vt 0.504416562652 0.685053631223
vt 0.537307707474 0.697764613171
vt 0.528796961198 0.673097321653
vt 0.514065607052 0.712954013577
vt 0.54794045048 0.721002070221
vt 0.537307707474 0.697764613171
vt 0.526106969854 0.739242964651
vt 0.560552258404 0.742463300101
vt 0.54794045048 0.721002070221
vt 0.540367716954 0.763543870462
vt 0.574986278467 0.761791117266
vt 0.560552258404 0.742463300101
vt 0.556677590578 0.785449531235
vt 0.591070478405 0.778682740866
vt 0.574986278467 0.761791117266
vt 0.574881903428 0.804549000598
vt 0.608646835588 0.792702796646
vt 0.591070478405 0.778682740866
vt 0.594746424966 0.82048281247
vt 0.627484667734 0.80370803202
vt 0.608646835588 0.792702796646
vt 0.616059223481 0.832956820895
vt 0.647350569328 0.811367653693
vt 0.627484667734 0.80370803202
vt 0.638552573353 0.841622052117
vt 0.667934875452 0.815444515601
vt 0.647350569328 0.811367653693
vt 0.661864392237 0.846290988803
vt 0.688861104837 0.815827572466
vt 0.667934875452 0.815444515601
vt 0.685599984404 0.846752022482
vt 0.709783729168 0.812520564986
vt 0.688861104837 0.815827572466
vt 0.709313567732 0.84295597278
vt 0.730306685806 0.805394446562
vt 0.709783729168 0.812520564986
vt 0.732624517191 0.834891002341
vt 0.750032635448 0.794558962784
vt 0.730306685806 0.805394446562
vt 0.755084834164 0.822553411313
vt 0.768581533297 0.780140139011
vt 0.750032635448 0.794558962784
vt 0.776211814032 0.806207034219
vt 0.785552274133 0.76233925389
vt 0.768581533297 0.780140139011
vt 0.79556453505 0.785970715432
vt 0.800576137272 0.741489376834
vt 0.785552274133 0.76233925389
vt 0.812714566505 0.762261224128
vt 0.81334879515 0.717887410657
vt 0.800576137272 0.741489376834
vt 0.827311840279 0.735521772278
vt 0.823578732958 0.692021288049
vt 0.81334879515 0.717887410657
vt 0.839025832266 0.706114065999
vt 0.831056485755 0.66430787833
vt 0.823578732958 0.692021288049
vt 0.847573280451 0.674686291901
vt 0.835595455542 0.635409318963
vt 0.831056485755 0.66430787833
vt 0.831056485755 0.66430787833
vt 0.814014731892 0.628466342983
vt 0.810194992626 0.653176137907
vt 0.823578732958 0.692021288049
vt 0.810194992626 0.653176137907
vt 0.803885551197 0.676815680074
vt 0.81334879515 0.717887410657
vt 0.803885551197 0.676815680074
vt 0.795230860945 0.698921271392
vt 0.800576137272 0.741489376834
vt 0.795230860945 0.698921271392
vt 0.784440563467 0.719091707984
vt 0.785552274133 0.76233925389
vt 0.784440563467 0.719091707984
vt 0.771711176655 0.736948781924
vt 0.768581533297 0.780140139011
vt 0.771711176655 0.736948781924
vt 0.757331198023 0.752246661258
vt 0.750032635448 0.794558962784
vt 0.757331198023 0.752246661258
vt 0.741581355355 0.764665521459
vt 0.730306685806 0.805394446562
vt 0.741581355355 0.764665521459
vt 0.72480087524 0.774074710182
vt 0.709783729168 0.812520564986
vt 0.72480087524 0.774074710182
vt 0.70730987664 0.780303337761
vt 0.688861104837 0.815827572466
vt 0.70730987664 0.780303337761
vt 0.689441310812 0.783340195297
vt 0.667934875452 0.815444515601
vt 0.689441310812 0.783340195297
vt 0.671543762504 0.783103717886
vt 0.647350569328 0.811367653693
vt 0.671543762504 0.783103717886
vt 0.653887864543 0.779728457366
vt 0.627484667734 0.80370803202
vt 0.653887864543 0.779728457366
vt 0.636820343312 0.773309301545
vt 0.608646835588 0.792702796646
vt 0.636820343312 0.773309301545
vt 0.62059110372 0.76402050575
vt 0.591070478405 0.778682740866
vt 0.62059110372 0.76402050575
vt 0.605411716591 0.752027926927
vt 0.574986278467 0.761791117266
vt 0.605411716591 0.752027926927
vt 0.591502963262 0.73759907438
vt 0.560552258404 0.742463300101
vt 0.591502963262 0.73759907438
vt 0.579012895586 0.721043620261
vt 0.54794045048 0.721002070221
vt 0.579012895586 0.721043620261
vt 0.568090963168 0.702598480579
vt 0.537307707474 0.697764613171
vt 0.568090963168 0.702598480579
vt 0.558882396765 0.682569041264
vt 0.528796961198 0.673097321653
vt 0.558882396765 0.682569041264
vt 0.551523387046 0.661389808178
vt 0.522554914822 0.647419692667
vt 0.551523387046 0.661389808178
vt 0.546131706588 0.639209240885
vt 0.518617913281 0.621114731359
vt 0.546131706588 0.639209240885
vt 0.542751651562 0.616539032873
vt 0.517051064973 0.594540539974
vt 0.542751651562 0.616539032873
vt 0.541449014219 0.593529534881
vt 0.517910447578 0.568075182985
vt 0.541449014219 0.593529534881
vt 0.542235720276 0.570704994821
vt 0.521216202848 0.542035499196
vt 0.542235720276 0.570704994821
vt 0.545147719989 0.548215238792
vt 0.55016382891 0.526487281555
vt 0.521216202848 0.542035499196
vt 0.545147719989 0.548215238792
vt 0.557273636562 0.505782838472
vt 0.526967186247 0.516865373451
vt 0.55016382891 0.526487281555
vt 0.566361459375 0.486435559227
vt 0.535141706956 0.492860727586
vt 0.557273636562 0.505782838472
vt 0.577326328226 0.468769574012
vt 0.545645062362 0.47034802777
vt 0.566361459375 0.486435559227
vt 0.589978305961 0.453102440467
vt 0.558326282506 0.449781288736
vt 0.577326328226 0.468769574012
vt 0.604123257227 0.439660651026
vt 0.572998959606 0.431462640577
vt 0.589978305961 0.453102440467
vt 0.619577059379 0.428752035537
vt 0.589464553703 0.415754469039
vt 0.604123257227 0.439660651026
vt 0.636090248663 0.420653254468
vt 0.607450240853 0.40299976117
vt 0.619577059379 0.428752035537
vt 0.653362290682 0.41545964782
vt 0.626692838332 0.393402272349
vt 0.636090248663 0.420653254468
vt 0.671167757893 0.413337670091
vt 0.646882196302 0.38715926732
vt 0.653362290682 0.41545964782
vt 0.689169544518 0.414394613078
vt 0.66769303012 0.384505662665
vt 0.671167757893 0.413337670091
vt 0.707079485067 0.418627952578
vt 0.688775790395 0.385621720731
vt 0.689169544518 0.414394613078
vt 0.724581896684 0.426052978728
vt 0.709761692581 0.390377736672
vt 0.707079485067 0.418627952578
vt 0.741355912489 0.436636649527
vt 0.730280112485 0.398931623753
vt 0.724581896684 0.426052978728
vt 0.757080080991 0.45016780583
vt 0.749983355085 0.411147965896
vt 0.741355912489 0.436636649527
vt 0.77145350782 0.466398364237
vt 0.768495027732 0.42682695965
vt 0.757080080991 0.45016780583
vt 0.78419564365 0.485178708806
vt 0.785420228579 0.445749848215
vt 0.77145350782 0.466398364237
vt 0.795029503676 0.506155240083
vt 0.800440955951 0.467625353251
vt 0.78419564365 0.485178708806
vt 0.803705974033 0.528812359525
vt 0.813206292211 0.492116556418
vt 0.795029503676 0.506155240083
vt 0.81007277175 0.55292588074
vt 0.82345929564 0.51866774529
vt 0.803705974033 0.528812359525
vt 0.813956393401 0.577880301632
vt 0.830960758395 0.546845757691
vt 0.81007277175 0.55292588074
vt 0.815268474187 0.603165662805
vt 0.835541813251 0.576079025895
vt 0.813956393401 0.577880301632
vt 0.835595455542 0.635409318963
vt 0.815268474187 0.603165662805
vt 0.814014731892 0.628466342983
vt 0.789296151572 0.621436851699
vt 0.815268474187 0.603165662805
vt 0.790307304897 0.600703642431
vt 0.815268474187 0.603165662805
vt 0.789217263738 0.579928739199
vt 0.790307304897 0.600703642431
vt 0.813956393401 0.577880301632
vt 0.786069794888 0.559428915689
vt 0.789217263738 0.579928739199
vt 0.81007277175 0.55292588074
vt 0.780899352388 0.539705464903
vt 0.786069794888 0.559428915689
vt 0.803705974033 0.528812359525
vt 0.773827304102 0.5210225783
vt 0.780899352388 0.539705464903
vt 0.795029503676 0.506155240083
vt 0.765034533736 0.503797329481
vt 0.773827304102 0.5210225783
vt 0.78419564365 0.485178708806
vt 0.754655742619 0.488275004903
vt 0.765034533736 0.503797329481
vt 0.77145350782 0.466398364237
vt 0.742913354792 0.474825045574
vt 0.754655742619 0.488275004903
vt 0.757080080991 0.45016780583
vt 0.730063644192 0.463598265159
vt 0.742913354792 0.474825045574
vt 0.741355912489 0.436636649527
vt 0.716330463517 0.454759654537
vt 0.730063644192 0.463598265159
vt 0.724581896684 0.426052978728
vt 0.701976752364 0.448482312988
vt 0.716330463517 0.454759654537
vt 0.707079485067 0.418627952578
vt 0.687268867666 0.444841590595
vt 0.701976752364 0.448482312988
vt 0.689169544518 0.414394613078
vt 0.672437371773 0.443844747479
vt 0.687268867666 0.444841590595
vt 0.671167757893 0.413337670091
vt 0.657756057842 0.445443692465
vt 0.672437371773 0.443844747479
vt 0.653362290682 0.41545964782
vt 0.64347217629 0.44962226814
vt 0.657756057842 0.445443692465
vt 0.636090248663 0.420653254468
vt 0.629814199854 0.456230468222
vt 0.64347217629 0.44962226814
vt 0.619577059379 0.428752035537
vt 0.616999861083 0.465127198697
vt 0.629814199854 0.456230468222
vt 0.604123257227 0.439660651026
vt 0.605240704172 0.476181474054
vt 0.616999861083 0.465127198697
vt 0.589978305961 0.453102440467
vt 0.594697212727 0.489136570726
vt 0.605240704172 0.476181474054
vt 0.577326328226 0.468769574012
vt 0.585555442153 0.503774152443
vt 0.594697212727 0.489136570726
vt 0.566361459375 0.486435559227
vt 0.577955784484 0.519862191425
vt 0.585555442153 0.503774152443
vt 0.557273636562 0.505782838472
vt 0.571985408862 0.53707236102
vt 0.577955784484 0.519862191425
vt 0.55016382891 0.526487281555
vt 0.567741782767 0.555194427607
vt 0.571985408862 0.53707236102
vt 0.545147719989 0.548215238792
vt 0.565272185332 0.573934646525
vt 0.567741782767 0.555194427607
vt 0.542235720276 0.570704994821
vt 0.564567198623 0.593002113002
vt 0.565272185332 0.573934646525
vt 0.541449014219 0.593529534881
vt 0.565641825393 0.612154235947
vt 0.564567198623 0.593002113002
vt 0.542751651562 0.616539032873
vt 0.568434680192 0.631076881688
vt 0.565641825393 0.612154235947
vt 0.546131706588 0.639209240885
vt 0.572952188553 0.649535342164
vt 0.568434680192 0.631076881688
vt 0.572952188553 0.649535342164
vt 0.558882396765 0.682569041264
vt 0.579101022639 0.6671533923
vt 0.579101022639 0.6671533923
vt 0.568090963168 0.702598480579
vt 0.586800175364 0.683747479226
vt 0.586800175364 0.683747479226
vt 0.579012895586 0.721043620261
vt 0.595940169562 0.698975101067
vt 0.595940169562 0.698975101067
vt 0.591502963262 0.73759907438
vt 0.60638215661 0.712685419318
vt 0.60638215661 0.712685419318
vt 0.605411716591 0.752027926927
vt 0.618001198914 0.724516407614
vt 0.618001198914 0.724516407614
vt 0.62059110372 0.76402050575
vt 0.630654583573 0.734315495474
vt 0.630654583573 0.734315495474
vt 0.636820343312 0.773309301545
vt 0.644150482435 0.741859691253
vt 0.644150482435 0.741859691253
vt 0.653887864543 0.779728457366
vt 0.65830094674 0.746989997029
vt 0.65830094674 0.746989997029
vt 0.671543762504 0.783103717886
vt 0.672900287909 0.74959692451
vt 0.672900287909 0.74959692451
vt 0.689441310812 0.783340195297
vt 0.68766001467 0.74964095579
vt 0.68766001467 0.74964095579
vt 0.70730987664 0.780303337761
vt 0.702349683186 0.746970296053
vt 0.702349683186 0.746970296053
vt 0.72480087524 0.774074710182
vt 0.716695895737 0.741639367985
vt 0.716695895737 0.741639367985
vt 0.741581355355 0.764665521459
vt 0.730419168031 0.73377676081
vt 0.730419168031 0.73377676081
vt 0.757331198023 0.752246661258
vt 0.743260959077 0.723425164842
vt 0.743260959077 0.723425164842
vt 0.771711176655 0.736948781924
vt 0.754981478504 0.710757477269
vt 0.754981478504 0.710757477269
vt 0.784440563467 0.719091707984
vt 0.765332020887 0.695955771606
vt 0.765332020887 0.695955771606
vt 0.795230860945 0.698921271392
vt 0.774100028954 0.679329467251
vt 0.774100028954 0.679329467251
vt 0.803885551197 0.676815680074
vt 0.781106987038 0.661135728212
vt 0.781106987038 0.661135728212
vt 0.810194992626 0.653176137907
vt 0.786204794644 0.641714149265
vt 0.786204794644 0.641714149265
vt 0.814014731892 0.628466342983
vt 0.789296151572 0.621436851699
vt 0.760833313592 0.630333217913
vt 0.789296151572 0.621436851699
vt 0.763193818863 0.614632246448
vt 0.756931485071 0.645373679069
vt 0.786204794644 0.641714149265
vt 0.760833313592 0.630333217913
vt 0.751580250467 0.659514653609
vt 0.781106987038 0.661135728212
vt 0.756931485071 0.645373679069
vt 0.744860427023 0.672473433612
vt 0.774100028954 0.679329467251
vt 0.751580250467 0.659514653609
vt 0.736922805467 0.684050160453
vt 0.765332020887 0.695955771606
vt 0.744860427023 0.672473433612
vt 0.727900935009 0.693952656321
vt 0.754981478504 0.710757477269
vt 0.736922805467 0.684050160453
vt 0.717998053495 0.702113119317
vt 0.743260959077 0.723425164842
vt 0.727900935009 0.693952656321
vt 0.707385855001 0.70839338464
vt 0.730419168031 0.73377676081
vt 0.717998053495 0.702113119317
vt 0.696285624272 0.712664106877
vt 0.716695895737 0.741639367985
vt 0.707385855001 0.70839338464
vt 0.684868448887 0.714915833185
vt 0.702349683186 0.746970296053
vt 0.696285624272 0.712664106877
vt 0.673361596392 0.715048637942
vt 0.68766001467 0.74964095579
vt 0.684868448887 0.714915833185
vt 0.661944184529 0.713151285303
vt 0.672900287909 0.74959692451
vt 0.673361596392 0.715048637942
vt 0.650849847579 0.70928143602
vt 0.65830094674 0.746989997029
vt 0.661944184529 0.713151285303
vt 0.640221292935 0.703509197243
vt 0.644150482435 0.741859691253
vt 0.650849847579 0.70928143602
vt 0.630252415491 0.69595809636
vt 0.630654583573 0.734315495474
vt 0.640221292935 0.703509197243
vt 0.621059963176 0.686750787236
vt 0.618001198914 0.724516407614
vt 0.630252415491 0.69595809636
vt 0.612797025685 0.676080771544
vt 0.60638215661 0.712685419318
vt 0.621059963176 0.686750787236
vt 0.605561277268 0.664146890811
vt 0.595940169562 0.698975101067
vt 0.612797025685 0.676080771544
vt 0.599468271757 0.651123408959
vt 0.586800175364 0.683747479226
vt 0.605561277268 0.664146890811
vt 0.594605719403 0.637312093109
vt 0.579101022639 0.6671533923
vt 0.599468271757 0.651123408959
vt 0.591040230911 0.622785951602
vt 0.572952188553 0.649535342164
vt 0.594605719403 0.637312093109
vt 0.565641825393 0.612154235947
vt 0.591040230911 0.622785951602
vt 0.588830062985 0.60783421907
vt 0.564567198623 0.593002113002
vt 0.588830062985 0.60783421907
vt 0.588013085624 0.592731510474
vt 0.565272185332 0.573934646525
vt 0.588013085624 0.592731510474
vt 0.588607204225 0.577677248035
vt 0.567741782767 0.555194427607
vt 0.588607204225 0.577677248035
vt 0.590612262967 0.562882776566
vt 0.571985408862 0.53707236102
vt 0.590612262967 0.562882776566
vt 0.593987949582 0.548606981625
vt 0.577955784484 0.519862191425
vt 0.593987949582 0.548606981625
vt 0.598724458612 0.535042482484
vt 0.585555442153 0.503774152443
vt 0.598724458612 0.535042482484
vt 0.604757214443 0.522433814359
vt 0.594697212727 0.489136570726
vt 0.604757214443 0.522433814359
vt 0.611983802105 0.51093935904
vt 0.605240704172 0.476181474054
vt 0.611983802105 0.51093935904
vt 0.620288110717 0.500856118837
vt 0.616999861083 0.465127198697
vt 0.620288110717 0.500856118837
vt 0.629539792697 0.492270929463
vt 0.629814199854 0.456230468222
vt 0.629539792697 0.492270929463
vt 0.63958657297 0.485387409297
vt 0.64347217629 0.44962226814
vt 0.63958657297 0.485387409297
vt 0.650278154816 0.480281344726
vt 0.657756057842 0.445443692465
vt 0.650278154816 0.480281344726
vt 0.6614395362 0.477169728919
vt 0.672437371773 0.443844747479
vt 0.6614395362 0.477169728919
vt 0.672887545174 0.476007628149
vt 0.687268867666 0.444841590595
vt 0.672887545174 0.476007628149
vt 0.684425839787 0.47692941147
vt 0.701976752364 0.448482312988
vt 0.684425839787 0.47692941147
vt 0.695846556858 0.479937838308
vt 0.716330463517 0.454759654537
vt 0.695846556858 0.479937838308
vt 0.706968122748 0.484902157303
vt 0.730063644192 0.463598265159
vt 0.706968122748 0.484902157303
vt 0.717603193774 0.491886959617
vt 0.742913354792 0.474825045574
vt 0.717603193774 0.491886959617
vt 0.727530575396 0.500730175943
vt 0.754655742619 0.488275004903
vt 0.727530575396 0.500730175943
vt 0.736574157848 0.511242101279
vt 0.765034533736 0.503797329481
vt 0.736574157848 0.511242101279
vt 0.744555602931 0.523335866156
vt 0.773827304102 0.5210225783
vt 0.744555602931 0.523335866156
vt 0.751311332296 0.536738609271
vt 0.780899352388 0.539705464903
vt 0.751311332296 0.536738609271
vt 0.756741849525 0.551237566718
vt 0.786069794888 0.559428915689
vt 0.756741849525 0.551237566718
vt 0.760714393869 0.566569826884
vt 0.789217263738 0.579928739199
vt 0.760714393869 0.566569826884
vt 0.763117585847 0.582421110326
vt 0.790307304897 0.600703642431
vt 0.763117585847 0.582421110326
vt 0.76395602841 0.59853926961
vt 0.763193818863 0.614632246448
vt 0.790307304897 0.600703642431
vt 0.76395602841 0.59853926961
vt 0.763193818863 0.614632246448
vt 0.737145051432 0.596711056206
vt 0.736616305891 0.608032725212
vt 0.76395602841 0.59853926961
vt 0.736558842374 0.58531244331
vt 0.737145051432 0.596711056206
vt 0.763117585847 0.582421110326
vt 0.734858965377 0.574134989601
vt 0.736558842374 0.58531244331
vt 0.760714393869 0.566569826884
vt 0.732081738763 0.563257094366
vt 0.734858965377 0.574134989601
vt 0.756741849525 0.551237566718
vt 0.728290245026 0.553046701391
vt 0.732081738763 0.563257094366
vt 0.751311332296 0.536738609271
vt 0.723556920196 0.543487853834
vt 0.728290245026 0.553046701391
vt 0.744555602931 0.523335866156
vt 0.717963382351 0.534919450657
vt 0.723556920196 0.543487853834
vt 0.736574157848 0.511242101279
vt 0.71160772092 0.527388051338
vt 0.717963382351 0.534919450657
vt 0.727530575396 0.500730175943
vt 0.704619999582 0.521090664648
vt 0.71160772092 0.527388051338
vt 0.717603193774 0.491886959617
vt 0.697125338131 0.516067330084
vt 0.704619999582 0.521090664648
vt 0.706968122748 0.484902157303
vt 0.689257899517 0.51242164622
vt 0.697125338131 0.516067330084
vt 0.695846556858 0.479937838308
vt 0.681174360336 0.510231955056
vt 0.689257899517 0.51242164622
vt 0.684425839787 0.47692941147
vt 0.672983593104 0.509465393461
vt 0.681174360336 0.510231955056
vt 0.672887545174 0.476007628149
vt 0.664836991334 0.510176896611
vt 0.672983593104 0.509465393461
vt 0.6614395362 0.477169728919
vt 0.656882913388 0.51233217004
vt 0.664836991334 0.510176896611
vt 0.650278154816 0.480281344726
vt 0.649240549304 0.515857459057
vt 0.656882913388 0.51233217004
vt 0.63958657297 0.485387409297
vt 0.642055133409 0.520744582094
vt 0.649240549304 0.515857459057
vt 0.629539792697 0.492270929463
vt 0.635415111426 0.526813515271
vt 0.642055133409 0.520744582094
vt 0.620288110717 0.500856118837
vt 0.629466828684 0.534019633789
vt 0.635415111426 0.526813515271
vt 0.611983802105 0.51093935904
vt 0.624264967563 0.542190778691
vt 0.629466828684 0.534019633789
vt 0.604757214443 0.522433814359
vt 0.619902478371 0.551223783839
vt 0.624264967563 0.542190778691
vt 0.598724458612 0.535042482484
vt 0.616464274454 0.560994612866
vt 0.619902478371 0.551223783839
vt 0.593987949582 0.548606981625
vt 0.613985470255 0.571236399358
vt 0.616464274454 0.560994612866
vt 0.590612262967 0.562882776566
vt 0.6125200514 0.581893404883
vt 0.613985470255 0.571236399358
vt 0.588607204225 0.577677248035
vt 0.612067179021 0.592721114204
vt 0.6125200514 0.581893404883
vt 0.588013085624 0.592731510474
vt 0.612643449318 0.603562386182
vt 0.612067179021 0.592721114204
vt 0.612643449318 0.603562386182
vt 0.591040230911 0.622785951602
vt 0.614213175418 0.614316531177
vt 0.614213175418 0.614316531177
vt 0.594605719403 0.637312093109
vt 0.616779273438 0.624737613826
vt 0.616779273438 0.624737613826
vt 0.599468271757 0.651123408959
vt 0.620287974111 0.634668036288
vt 0.620287974111 0.634668036288
vt 0.605561277268 0.664146890811
vt 0.624692529522 0.64400057037
vt 0.624692529522 0.64400057037
vt 0.612797025685 0.676080771544
vt 0.629931023124 0.652499865515
vt 0.629931023124 0.652499865515
vt 0.621059963176 0.686750787236
vt 0.635900868895 0.660080402947
vt 0.635900868895 0.660080402947
vt 0.630252415491 0.69595809636
vt 0.642513124748 0.66654490161
vt 0.640221292935 0.703509197243
vt 0.642513124748 0.66654490161
vt 0.630252415491 0.69595809636
vt 0.650849847579 0.70928143602
vt 0.649702695268 0.671879641718
vt 0.640221292935 0.703509197243
vt 0.657314988787 0.675881874243
vt 0.661944184529 0.713151285303
vt 0.665251791211 0.678574918498
vt 0.665251791211 0.678574918498
vt 0.673361596392 0.715048637942
vt 0.673383674099 0.67981456369
vt 0.673383674099 0.67981456369
vt 0.684868448887 0.714915833185
vt 0.681559205962 0.679579094266
vt 0.681559205962 0.679579094266
vt 0.696285624272 0.712664106877
vt 0.689640018328 0.677911733921
vt 0.689640018328 0.677911733921
vt 0.707385855001 0.70839338464
vt 0.697491300663 0.674756666965
vt 0.697491300663 0.674756666965
vt 0.717998053495 0.702113119317
vt 0.704962048272 0.670261982284
vt 0.704962048272 0.670261982284
vt 0.727900935009 0.693952656321
vt 0.711932320999 0.664376310913
vt 0.711932320999 0.664376310913
vt 0.736922805467 0.684050160453
vt 0.718249814315 0.657235921226
vt 0.718249814315 0.657235921226
vt 0.744860427023 0.672473433612
vt 0.723804422163 0.649012453689
vt 0.723804422163 0.649012453689
vt 0.751580250467 0.659514653609
vt 0.728498154062 0.639856573368
vt 0.728498154062 0.639856573368
vt 0.756931485071 0.645373679069
vt 0.73224943138 0.629811949903
vt 0.73224943138 0.629811949903
vt 0.760833313592 0.630333217913
vt 0.734969617176 0.619149633829
vt 0.734969617176 0.619149633829
vt 0.763193818863 0.614632246448
vt 0.736616305891 0.608032725212
vt 0.717301181469 0.611726871886
vt 0.736616305891 0.608032725212
vt 0.718465215672 0.603783070605
vt 0.715373788926 0.619350605615
vt 0.734969617176 0.619149633829
vt 0.717301181469 0.611726871886
vt 0.712718091098 0.626517222478
vt 0.73224943138 0.629811949903
vt 0.715373788926 0.619350605615
vt 0.709377714063 0.633140382494
vt 0.728498154062 0.639856573368
vt 0.712718091098 0.626517222478
vt 0.705421293047 0.639085951767
vt 0.723804422163 0.649012453689
vt 0.709377714063 0.633140382494
vt 0.70090552638 0.644181207364
vt 0.718249814315 0.657235921226
vt 0.705421293047 0.639085951767
vt 0.695942092454 0.648434735707
vt 0.711932320999 0.664376310913
vt 0.70090552638 0.644181207364
vt 0.690602650368 0.651720536643
vt 0.704962048272 0.670261982284
vt 0.695942092454 0.648434735707
vt 0.684971131626 0.654021465278
vt 0.697491300663 0.674756666965
vt 0.690602650368 0.651720536643
vt 0.67917551445 0.655265580675
vt 0.689640018328 0.677911733921
vt 0.684971131626 0.654021465278
vt 0.673300285785 0.655505707753
vt 0.681559205962 0.679579094266
vt 0.67917551445 0.655265580675
vt 0.667431791058 0.654665923648
vt 0.673383674099 0.67981456369
vt 0.673300285785 0.655505707753
vt 0.661702679703 0.652801250304
vt 0.665251791211 0.678574918498
vt 0.667431791058 0.654665923648
vt 0.656196160936 0.649965228232
vt 0.657314988787 0.675881874243
vt 0.661702679703 0.652801250304
vt 0.650991481719 0.646165741913
vt 0.649702695268 0.671879641718
vt 0.656196160936 0.649965228232
vt 0.646169814401 0.641496220675
vt 0.642513124748 0.66654490161
vt 0.650991481719 0.646165741913
vt 0.641842833912 0.636049597912
vt 0.635900868895 0.660080402947
vt 0.646169814401 0.641496220675
vt 0.638040198466 0.629957662634
vt 0.629931023124 0.652499865515
vt 0.641842833912 0.636049597912
vt 0.63483893284 0.623200637999
vt 0.624692529522 0.64400057037
vt 0.638040198466 0.629957662634
vt 0.632284713895 0.61601331969
vt 0.620287974111 0.634668036288
vt 0.63483893284 0.623200637999
vt 0.630412357158 0.608483367981
vt 0.616779273438 0.624737613826
vt 0.632284713895 0.61601331969
vt 0.629275260914 0.600706318865
vt 0.614213175418 0.614316531177
vt 0.630412357158 0.608483367981
vt 0.612067179021 0.592721114204
vt 0.629275260914 0.600706318865
vt 0.628865064327 0.592790532749
vt 0.6125200514 0.581893404883
vt 0.628865064327 0.592790532749
vt 0.629208045912 0.58494032776
vt 0.613985470255 0.571236399358
vt 0.629208045912 0.58494032776
vt 0.630304651107 0.577213593156
vt 0.616464274454 0.560994612866
vt 0.630304651107 0.577213593156
vt 0.632109374893 0.569775121266
vt 0.619902478371 0.551223783839
vt 0.632109374893 0.569775121266
vt 0.634611310102 0.562749669091
vt 0.624264967563 0.542190778691
vt 0.634611310102 0.562749669091
vt 0.637773142498 0.556192709954
vt 0.629466828684 0.534019633789
vt 0.637773142498 0.556192709954
vt 0.641556320476 0.550339469369
vt 0.635415111426 0.526813515271
vt 0.641556320476 0.550339469369
vt 0.645879388258 0.54516378314
vt 0.642055133409 0.520744582094
vt 0.645879388258 0.54516378314
vt 0.650680893578 0.54075239254
vt 0.649240549304 0.515857459057
vt 0.650680893578 0.54075239254
vt 0.655865052348 0.537276541659
vt 0.656882913388 0.51233217004
vt 0.655865052348 0.537276541659
vt 0.661385226364 0.534782646138
vt 0.664836991334 0.510176896611
vt 0.661385226364 0.534782646138
vt 0.667114943915 0.533274699124
vt 0.672983593104 0.509465393461
vt 0.667114943915 0.533274699124
vt 0.67298421098 0.532842208279
vt 0.681174360336 0.510231955056
vt 0.67298421098 0.532842208279
vt 0.678857329311 0.533404256317
vt 0.689257899517 0.51242164622
vt 0.678857329311 0.533404256317
vt 0.684670061398 0.535009062227
vt 0.697125338131 0.516067330084
vt 0.684670061398 0.535009062227
vt 0.690299579518 0.537660589206
vt 0.704619999582 0.521090664648
vt 0.690299579518 0.537660589206
vt 0.695660111078 0.541320129506
vt 0.71160772092 0.527388051338
vt 0.695660111078 0.541320129506
vt 0.70066119304 0.545880731419
vt 0.717963382351 0.534919450657
vt 0.70066119304 0.545880731419
vt 0.705195594599 0.55132295095
vt 0.723556920196 0.543487853834
vt 0.705195594599 0.55132295095
vt 0.709170838552 0.557491327435
vt 0.728290245026 0.553046701391
vt 0.709170838552 0.557491327435
vt 0.712550339551 0.564321762252
vt 0.732081738763 0.563257094366
vt 0.712550339551 0.564321762252
vt 0.715257863359 0.571675265681
vt 0.734858965377 0.574134989601
vt 0.715257863359 0.571675265681
vt 0.717224980711 0.579463603608
vt 0.736558842374 0.58531244331
vt 0.717224980711 0.579463603608
vt 0.718429065677 0.587481108211
vt 0.737145051432 0.596711056206
vt 0.718429065677 0.587481108211
vt 0.718848080789 0.59563313332
vt 0.736616305891 0.608032725212
vt 0.718848080789 0.59563313332
vt 0.718465215672 0.603783070605
vt 0.718465215672 0.603783070605
vt 0.709753086635 0.595073019869
vt 0.709445289455 0.601565153738
vt 0.718848080789 0.59563313332
vt 0.709409508438 0.588520586079
vt 0.709753086635 0.595073019869
vt 0.718429065677 0.587481108211
vt 0.708455711828 0.58210315944
vt 0.709409508438 0.588520586079
vt 0.717224980711 0.579463603608
vt 0.706887886997 0.575871736484
vt 0.708455711828 0.58210315944
vt 0.715257863359 0.571675265681
vt 0.704716736912 0.569981636435
vt 0.706887886997 0.575871736484
vt 0.712550339551 0.564321762252
vt 0.702032012949 0.564479404292
vt 0.704716736912 0.569981636435
vt 0.709170838552 0.557491327435
vt 0.698840126523 0.559521836128
vt 0.702032012949 0.564479404292
vt 0.705195594599 0.55132295095
vt 0.69521156539 0.555131409567
vt 0.698840126523 0.559521836128
vt 0.70066119304 0.545880731419
vt 0.691216671659 0.551481299997
vt 0.69521156539 0.555131409567
vt 0.695660111078 0.541320129506
vt 0.686906232285 0.548528850908
vt 0.691216671659 0.551481299997
vt 0.690299579518 0.537660589206
vt 0.682388210066 0.546381334382
vt 0.686906232285 0.548528850908
vt 0.684670061398 0.535009062227
vt 0.67771847218 0.545057983966
vt 0.682388210066 0.546381334382
vt 0.678857329311 0.533404256317
vt 0.673009364081 0.544599289446
vt 0.67771847218 0.545057983966
vt 0.67298421098 0.532842208279
vt 0.668296190545 0.544981320509
vt 0.673009364081 0.544599289446
vt 0.667114943915 0.533274699124
vt 0.663685514705 0.546137228532
vt 0.668296190545 0.544981320509
vt 0.661385226364 0.534782646138
vt 0.659257978193 0.548172421946
vt 0.663685514705 0.546137228532
vt 0.655865052348 0.537276541659
vt 0.655072397178 0.550954236523
vt 0.659257978193 0.548172421946
vt 0.650680893578 0.54075239254
vt 0.651200500161 0.554418577557
vt 0.655072397178 0.550954236523
vt 0.645879388258 0.54516378314
vt 0.647734260927 0.558629769325
vt 0.651200500161 0.554418577557
vt 0.641556320476 0.550339469369
vt 0.644691731724 0.563352924163
vt 0.647734260927 0.558629769325
vt 0.637773142498 0.556192709954
vt 0.642146327847 0.568588166891
vt 0.644691731724 0.563352924163
vt 0.634611310102 0.562749669091
vt 0.640121142899 0.57425601897
vt 0.642146327847 0.568588166891
vt 0.632109374893 0.569775121266
vt 0.638669531065 0.580269669246
vt 0.640121142899 0.57425601897
vt 0.630304651107 0.577213593156
vt 0.637783736252 0.586509610402
vt 0.638669531065 0.580269669246
vt 0.629208045912 0.58494032776
vt 0.637523120173 0.592828091769
vt 0.637783736252 0.586509610402
vt 0.628865064327 0.592790532749
vt 0.637835573573 0.599185870557
vt 0.637523120173 0.592828091769
vt 0.637835573573 0.599185870557
vt 0.630412357158 0.608483367981
vt 0.638759997115 0.605418302683
vt 0.638759997115 0.605418302683
vt 0.632284713895 0.61601331969
vt 0.640258885607 0.611481999983
vt 0.640258885607 0.611481999983
vt 0.63483893284 0.623200637999
vt 0.642323136194 0.617277788243
vt 0.642323136194 0.617277788243
vt 0.638040198466 0.629957662634
vt 0.644903021205 0.622675201394
vt 0.644903021205 0.622675201394
vt 0.641842833912 0.636049597912
vt 0.647964540694 0.627587881982
vt 0.647964540694 0.627587881982
vt 0.646169814401 0.641496220675
vt 0.651465807263 0.631974146423
vt 0.651465807263 0.631974146423
vt 0.650991481719 0.646165741913
vt 0.655341410157 0.635723029356
vt 0.655341410157 0.635723029356
vt 0.656196160936 0.649965228232
vt 0.659528237084 0.638724331217
vt 0.659528237084 0.638724331217
vt 0.661702679703 0.652801250304
vt 0.66395991114 0.641034414493
vt 0.66395991114 0.641034414493
vt 0.667431791058 0.654665923648
vt 0.668572048988 0.642476394634
vt 0.668572048988 0.642476394634
vt 0.673300285785 0.655505707753
vt 0.673267817092 0.643151179945
vt 0.673267817092 0.643151179945
vt 0.67917551445 0.655265580675
vt 0.677991197956 0.642963237872
vt 0.677991197956 0.642963237872
vt 0.684971131626 0.654021465278
vt 0.682630367435 0.641950220353
vt 0.682630367435 0.641950220353
vt 0.690602650368 0.651720536643
vt 0.687146341949 0.640082629812
vt 0.687146341949 0.640082629812
vt 0.695942092454 0.648434735707
vt 0.691419237195 0.637437715226
vt 0.691419237195 0.637437715226
vt 0.70090552638 0.644181207364
vt 0.695398916432 0.633992612813
vt 0.695398916432 0.633992612813
vt 0.705421293047 0.639085951767
vt 0.699008700342 0.629911806298
vt 0.699008700342 0.629911806298
vt 0.709377714063 0.633140382494
vt 0.702165507477 0.62517183164
vt 0.702165507477 0.62517183164
vt 0.712718091098 0.626517222478
vt 0.704847038331 0.619837432834
vt 0.704847038331 0.619837432834
vt 0.715373788926 0.619350605615
vt 0.706963066202 0.614078900125
vt 0.715373788926 0.619350605615
vt 0.708514894887 0.60792297015
vt 0.706963066202 0.614078900125
vt 0.717301181469 0.611726871886
vt 0.709445289455 0.601565153738
vt 0.708514894887 0.60792297015
vt 0.702310706192 0.604958513308
vt 0.709445289455 0.601565153738
vt 0.703081617929 0.599725518627
vt 0.70104609732 0.609955110285
vt 0.708514894887 0.60792297015
vt 0.702310706192 0.604958513308
vt 0.69928216742 0.614709233247
vt 0.706963066202 0.614078900125
vt 0.70104609732 0.609955110285
vt 0.697101670169 0.619078002459
vt 0.704847038331 0.619837432834
vt 0.69928216742 0.614709233247
vt 0.694495965008 0.622989362581
vt 0.702165507477 0.62517183164
vt 0.697101670169 0.619078002459
vt 0.691541032759 0.626362906193
vt 0.699008700342 0.629911806298
vt 0.694495965008 0.622989362581
vt 0.688267225156 0.629154037556
vt 0.695398916432 0.633992612813
vt 0.691541032759 0.626362906193
vt 0.684765727047 0.631305705416
vt 0.691419237195 0.637437715226
vt 0.688267225156 0.629154037556
vt 0.681069738725 0.632820965461
vt 0.687146341949 0.640082629812
vt 0.684765727047 0.631305705416
vt 0.677247105826 0.633680876516
vt 0.682630367435 0.641950220353
vt 0.681069738725 0.632820965461
vt 0.673386832702 0.633810183358
vt 0.677991197956 0.642963237872
vt 0.677247105826 0.633680876516
vt 0.669533496543 0.633293864351
vt 0.673267817092 0.643151179945
vt 0.673386832702 0.633810183358
vt 0.665758829173 0.632100693588
vt 0.668572048988 0.642476394634
vt 0.669533496543 0.633293864351
vt 0.662109506162 0.630230537499
vt 0.66395991114 0.641034414493
vt 0.665758829173 0.632100693588
vt 0.658668533837 0.6277337692
vt 0.659528237084 0.638724331217
vt 0.662109506162 0.630230537499
vt 0.655484420667 0.624657819416
vt 0.655341410157 0.635723029356
vt 0.658668533837 0.6277337692
vt 0.652620876979 0.62108985326
vt 0.651465807263 0.631974146423
vt 0.655484420667 0.624657819416
vt 0.650094271996 0.617032186317
vt 0.647964540694 0.627587881982
vt 0.652620876979 0.62108985326
vt 0.647965570586 0.612612612172
vt 0.644903021205 0.622675201394
vt 0.650094271996 0.617032186317
vt 0.646282576855 0.607873810068
vt 0.642323136194 0.617277788243
vt 0.647965570586 0.612612612172
vt 0.645030712179 0.602859624694
vt 0.640258885607 0.611481999983
vt 0.646282576855 0.607873810068
vt 0.644276297502 0.597719165044
vt 0.638759997115 0.605418302683
vt 0.645030712179 0.602859624694
vt 0.643995565826 0.592508780686
vt 0.637835573573 0.599185870557
vt 0.644276297502 0.597719165044
vt 0.637783736252 0.586509610402
vt 0.643995565826 0.592508780686
vt 0.644224418153 0.587273501054
vt 0.644934366065 0.582178939315
vt 0.637783736252 0.586509610402
vt 0.644224418153 0.587273501054
vt 0.640121142899 0.57425601897
vt 0.644934366065 0.582178939315
vt 0.646134174188 0.577262535663
vt 0.642146327847 0.568588166891
vt 0.646134174188 0.577262535663
vt 0.647780593524 0.572565338943
vt 0.644691731724 0.563352924163
vt 0.647780593524 0.572565338943
vt 0.649877605479 0.568237232949
vt 0.647734260927 0.558629769325
vt 0.649877605479 0.568237232949
vt 0.652372434842 0.564335699396
vt 0.651200500161 0.554418577557
vt 0.652372434842 0.564335699396
vt 0.655219792701 0.560882247333
vt 0.655072397178 0.550954236523
vt 0.655219792701 0.560882247333
vt 0.658403396332 0.558024959265
vt 0.659257978193 0.548172421946
vt 0.658403396332 0.558024959265
vt 0.661827957705 0.555743322393
vt 0.663685514705 0.546137228532
vt 0.661827957705 0.555743322393
vt 0.665476741369 0.554101591462
vt 0.668296190545 0.544981320509
vt 0.665476741369 0.554101591462
vt 0.669269364305 0.553078898956
vt 0.673009364081 0.544599289446
vt 0.669269364305 0.553078898956
vt 0.673137902681 0.552804843477
vt 0.67771847218 0.545057983966
vt 0.673137902681 0.552804843477
vt 0.677032252244 0.553174012531
vt 0.682388210066 0.546381334382
vt 0.677032252244 0.553174012531
vt 0.68087026305 0.554273473063
vt 0.686906232285 0.548528850908
vt 0.68087026305 0.554273473063
vt 0.684581666084 0.556061885801
vt 0.691216671659 0.551481299997
vt 0.684581666084 0.556061885801
vt 0.688121092305 0.558454922357
vt 0.69521156539 0.555131409567
vt 0.688121092305 0.558454922357
vt 0.6914072096 0.561471896207
vt 0.698840126523 0.559521836128
vt 0.6914072096 0.561471896207
vt 0.694384545852 0.565096335604
vt 0.702032012949 0.564479404292
vt 0.694384545852 0.565096335604
vt 0.697002657895 0.569169679099
vt 0.704716736912 0.569981636435
vt 0.697002657895 0.569169679099
vt 0.699221874093 0.573675463575
vt 0.706887886997 0.575871736484
vt 0.699221874093 0.573675463575
vt 0.700994732506 0.578585621578
vt 0.708455711828 0.58210315944
vt 0.700994732506 0.578585621578
vt 0.702278791056 0.583684069525
vt 0.709409508438 0.588520586079
vt 0.702278791056 0.583684069525
vt 0.703065648347 0.589010180033
vt 0.709753086635 0.595073019869
vt 0.703065648347 0.589010180033
vt 0.703338730885 0.594364328894
vt 0.703081617929 0.599725518627
vt 0.709753086635 0.595073019869
vt 0.703338730885 0.594364328894
vt 0.704517624032 0.598830134897
vt 0.703338730885 0.594364328894
vt 0.704771883431 0.593294311592
vt 0.703338730885 0.594364328894
vt 0.704501851011 0.58770112904
vt 0.704771883431 0.593294311592
vt 0.703065648347 0.589010180033
vt 0.703691896212 0.58217918705
vt 0.704501851011 0.58770112904
vt 0.702278791056 0.583684069525
vt 0.702339520592 0.576859470841
vt 0.703691896212 0.58217918705
vt 0.700994732506 0.578585621578
vt 0.700512568545 0.571810368363
vt 0.702339520592 0.576859470841
vt 0.699221874093 0.573675463575
vt 0.698200667081 0.567098857706
vt 0.700512568545 0.571810368363
vt 0.697002657895 0.569169679099
vt 0.695487922869 0.562834091785
vt 0.698200667081 0.567098857706
vt 0.694384545852 0.565096335604
vt 0.692392251391 0.559123266438
vt 0.695487922869 0.562834091785
vt 0.6914072096 0.561471896207
vt 0.688985396718 0.555967397948
vt 0.692392251391 0.559123266438
vt 0.688121092305 0.558454922357
vt 0.685319656983 0.553474762351
vt 0.688985396718 0.555967397948
vt 0.684581666084 0.556061885801
vt 0.681459651046 0.551598738521
vt 0.685319656983 0.553474762351
vt 0.68087026305 0.554273473063
vt 0.677478649296 0.550511223799
vt 0.681459651046 0.551598738521
vt 0.677032252244 0.553174012531
vt 0.673439984511 0.550102547946
vt 0.677478649296 0.550511223799
vt 0.673137902681 0.552804843477
vt 0.66943103124 0.550372538126
vt 0.673439984511 0.550102547946
vt 0.669269364305 0.553078898956
vt 0.665498054772 0.551403042816
vt 0.66943103124 0.550372538126
vt 0.665476741369 0.554101591462
vt 0.661708253268 0.553129331479
vt 0.665498054772 0.551403042816
vt 0.661827957705 0.555743322393
vt 0.658156399122 0.555529612516
vt 0.661708253268 0.553129331479
vt 0.658403396332 0.558024959265
vt 0.654859000227 0.558518536322
vt 0.658156399122 0.555529612516
vt 0.655219792701 0.560882247333
vt 0.651896916256 0.562116636395
vt 0.654859000227 0.558518536322
vt 0.652372434842 0.564335699396
vt 0.649314598062 0.566136006848
vt 0.651896916256 0.562116636395
vt 0.649877605479 0.568237232949
vt 0.647158980273 0.570660362742
vt 0.649314598062 0.566136006848
vt 0.647780593524 0.572565338943
vt 0.645451045088 0.575528000142
vt 0.647158980273 0.570660362742
vt 0.646134174188 0.577262535663
vt 0.644212669714 0.580632116268
vt 0.645451045088 0.575528000142
vt 0.644934366065 0.582178939315
vt 0.643462999069 0.585934397552
vt 0.644212669714 0.580632116268
vt 0.644224418153 0.587273501054
vt 0.643252442563 0.591356511657
vt 0.643462999069 0.585934397552
vt 0.643252442563 0.591356511657
vt 0.644276297502 0.597719165044
vt 0.64352717709 0.596793877225
vt 0.64352717709 0.596793877225
vt 0.645030712179 0.602859624694
vt 0.644323272172 0.602104012937
vt 0.644323272172 0.602104012937
vt 0.646282576855 0.607873810068
vt 0.645605647807 0.607306973486
vt 0.645605647807 0.607306973486
vt 0.647965570586 0.612612612172
vt 0.647365090646 0.612220378745
vt 0.647365090646 0.612220378745
vt 0.650094271996 0.617032186317
vt 0.649580295766 0.616841148002
vt 0.649580295766 0.616841148002
vt 0.652620876979 0.62108985326
vt 0.652193888392 0.621025003714
vt 0.652193888392 0.621025003714
vt 0.655484420667 0.624657819416
vt 0.655171799119 0.624767768244
vt 0.655171799119 0.624767768244
vt 0.658668533837 0.6277337692
vt 0.658466919276 0.627962563998
vt 0.658466919276 0.627962563998
vt 0.662109506162 0.630230537499
vt 0.662032018431 0.630521786684
vt 0.662032018431 0.630521786684
vt 0.665758829173 0.632100693588
vt 0.66580370138 0.632484134345
vt 0.66580370138 0.632484134345
vt 0.669533496543 0.633293864351
vt 0.669737016532 0.633719652798
vt 0.669737016532 0.633719652798
vt 0.673386832702 0.633810183358
vt 0.673727677845 0.634302638563
vt 0.673727677845 0.634302638563
vt 0.677247105826 0.633680876516
vt 0.677732216625 0.63414711454
vt 0.677732216625 0.63414711454
vt 0.681069738725 0.632820965461
vt 0.681694529342 0.633285418276
vt 0.681694529342 0.633285418276
vt 0.684765727047 0.631305705416
vt 0.685520028133 0.631715442068
vt 0.685520028133 0.631715442068
vt 0.688267225156 0.629154037556
vt 0.689173130328 0.629453541676
vt 0.689173130328 0.629453541676
vt 0.691541032759 0.626362906193
vt 0.692545170244 0.626510557812
vt 0.692545170244 0.626510557812
vt 0.694495965008 0.622989362581
vt 0.695621653463 0.623014000512
vt 0.695621653463 0.623014000512
vt 0.697101670169 0.619078002459
vt 0.698321842208 0.618985116283
vt 0.698321842208 0.618985116283
vt 0.69928216742 0.614709233247
vt 0.700598702878 0.614458905496
vt 0.700598702878 0.614458905496
vt 0.70104609732 0.609955110285
vt 0.702399110331 0.609538037893
vt 0.702399110331 0.609538037893
vt 0.702310706192 0.604958513308
vt 0.703723449578 0.604303812535
vt 0.703723449578 0.604303812535
vt 0.703081617929 0.599725518627
vt 0.704517624032 0.598830134897
vt 0.704119456163 0.602056690593
vt 0.704517624032 0.598830134897
vt 0.704927447828 0.596537763708
vt 0.702813604367 0.607344981402
vt 0.703723449578 0.604303812535
vt 0.704119456163 0.602056690593
vt 0.700989230571 0.612332875326
vt 0.702399110331 0.609538037893
vt 0.702813604367 0.607344981402
vt 0.698687170693 0.61692805045
vt 0.700598702878 0.614458905496
vt 0.700989230571 0.612332875326
vt 0.695987994288 0.621017300226
vt 0.698321842208 0.618985116283
vt 0.698687170693 0.61692805045
vt 0.692885445721 0.624582935478
vt 0.695621653463 0.623014000512
vt 0.695987994288 0.621017300226
vt 0.689479979347 0.627528208277
vt 0.692545170244 0.626510557812
vt 0.692885445721 0.624582935478
vt 0.685822717369 0.629833511061
vt 0.689173130328 0.629453541676
vt 0.689479979347 0.627528208277
vt 0.681961190594 0.631418394045
vt 0.685520028133 0.631715442068
vt 0.685822717369 0.629833511061
vt 0.677966982692 0.632333646285
vt 0.681694529342 0.633285418276
vt 0.681961190594 0.631418394045
vt 0.673917029804 0.632478757661
vt 0.677732216625 0.63414711454
vt 0.677966982692 0.632333646285
vt 0.669896394133 0.631905093199
vt 0.673727677845 0.634302638563
vt 0.673917029804 0.632478757661
vt 0.665932396362 0.630612173249
vt 0.669737016532 0.633719652798
vt 0.669896394133 0.631905093199
vt 0.662126186846 0.628654205524
vt 0.66580370138 0.632484134345
vt 0.665932396362 0.630612173249
vt 0.658522019883 0.62603156278
vt 0.662032018431 0.630521786684
vt 0.662126186846 0.628654205524
vt 0.655198878668 0.622833597605
vt 0.658466919276 0.627962563998
vt 0.658522019883 0.62603156278
vt 0.652185177261 0.619061340696
vt 0.655171799119 0.624767768244
vt 0.655198878668 0.622833597605
vt 0.6495417365 0.614819055518
vt 0.652193888392 0.621025003714
vt 0.652185177261 0.619061340696
vt 0.647319081531 0.610132917361
vt 0.649580295766 0.616841148002
vt 0.6495417365 0.614819055518
vt 0.645542924821 0.605162425816
vt 0.647365090646 0.612220378745
vt 0.647319081531 0.610132917361
vt 0.644241716141 0.599865858415
vt 0.645605647807 0.607306973486
vt 0.645542924821 0.605162425816
vt 0.643436390496 0.594471091863
vt 0.644323272172 0.602104012937
vt 0.644241716141 0.599865858415
vt 0.64313870914 0.588971680206
vt 0.64352717709 0.596793877225
vt 0.643436390496 0.594471091863
vt 0.643462999069 0.585934397552
vt 0.64313870914 0.588971680206
vt 0.643376181972 0.583467856945
vt 0.644212669714 0.580632116268
vt 0.643376181972 0.583467856945
vt 0.644106263016 0.578098432411
vt 0.645451045088 0.575528000142
vt 0.644106263016 0.578098432411
vt 0.645359834228 0.572903679499
vt 0.647158980273 0.570660362742
vt 0.645359834228 0.572903679499
vt 0.647075621296 0.567981509386
vt 0.649314598062 0.566136006848
vt 0.647075621296 0.567981509386
vt 0.649267863242 0.563429989995
vt 0.651896916256 0.562116636395
vt 0.649267863242 0.563429989995
vt 0.651865732517 0.559311868702
vt 0.654859000227 0.558518536322
vt 0.651865732517 0.559311868702
vt 0.65484888472 0.555704397614
vt 0.658156399122 0.555529612516
vt 0.65484888472 0.555704397614
vt 0.658156363563 0.552669524768
vt 0.661708253268 0.553129331479
vt 0.658156363563 0.552669524768
vt 0.661747623281 0.550249994654
vt 0.665498054772 0.551403042816
vt 0.661747623281 0.550249994654
vt 0.665553262195 0.548525863601
vt 0.66943103124 0.550372538126
vt 0.665553262195 0.548525863601
vt 0.669516796877 0.5474594573
vt 0.673439984511 0.550102547946
vt 0.669516796877 0.5474594573
vt 0.673570216544 0.547134214791
vt 0.677478649296 0.550511223799
vt 0.673570216544 0.547134214791
vt 0.677634931881 0.547592275527
vt 0.681459651046 0.551598738521
vt 0.677634931881 0.547592275527
vt 0.681647041714 0.548692764239
vt 0.685319656983 0.553474762351
vt 0.681647041714 0.548692764239
vt 0.685523556872 0.550559565138
vt 0.688985396718 0.555967397948
vt 0.685523556872 0.550559565138
vt 0.689226500707 0.553091227641
vt 0.692392251391 0.559123266438
vt 0.689226500707 0.553091227641
vt 0.692662289435 0.556309608546
vt 0.695487922869 0.562834091785
vt 0.692662289435 0.556309608546
vt 0.695780079603 0.560070651432
vt 0.698200667081 0.567098857706
vt 0.695780079603 0.560070651432
vt 0.698540460651 0.564371573939
vt 0.700512568545 0.571810368363
vt 0.698540460651 0.564371573939
vt 0.700845854989 0.569149500401
vt 0.702339520592 0.576859470841
vt 0.700845854989 0.569149500401
vt 0.702706111254 0.574256505361
vt 0.703691896212 0.58217918705
vt 0.702706111254 0.574256505361
vt 0.704058018737 0.579647312133
vt 0.704501851011 0.58770112904
vt 0.704058018737 0.579647312133
vt 0.704884777579 0.585258624494
vt 0.704771883431 0.593294311592
vt 0.704884777579 0.585258624494
vt 0.705178652194 0.590895652907
vt 0.704927447828 0.596537763708
vt 0.704771883431 0.593294311592
vt 0.705178652194 0.590895652907
vt 0.705770517498 0.59283497244
vt 0.705178652194 0.590895652907
vt 0.706011811791 0.587276586853
vt 0.705714844083 0.581723735067
vt 0.705178652194 0.590895652907
vt 0.704884777579 0.585258624494
vt 0.704894551342 0.576258347699
vt 0.704884777579 0.585258624494
vt 0.704058018737 0.579647312133
vt 0.703578013691 0.570941807588
vt 0.704058018737 0.579647312133
vt 0.702706111254 0.574256505361
vt 0.701758463057 0.565939384031
vt 0.702706111254 0.574256505361
vt 0.700845854989 0.569149500401
vt 0.699488361499 0.561274719394
vt 0.700845854989 0.569149500401
vt 0.698540460651 0.564371573939
vt 0.696804080111 0.557046572996
vt 0.698540460651 0.564371573939
vt 0.695780079603 0.560070651432
vt 0.693747017388 0.553337837326
vt 0.695780079603 0.560070651432
vt 0.692662289435 0.556309608546
vt 0.69039903534 0.550229156341
vt 0.692662289435 0.556309608546
vt 0.689226500707 0.553091227641
vt 0.686779719642 0.547700965619
vt 0.689226500707 0.553091227641
vt 0.685523556872 0.550559565138
vt 0.68299351842 0.545850498598
vt 0.685523556872 0.550559565138
vt 0.681647041714 0.548692764239
vt 0.679076911644 0.544757713365
vt 0.681647041714 0.548692764239
vt 0.677634931881 0.547592275527
vt 0.675109567714 0.54432025464
vt 0.677634931881 0.547592275527
vt 0.673570216544 0.547134214791
vt 0.671152996488 0.544636308848
vt 0.673570216544 0.547134214791
vt 0.669516796877 0.5474594573
vt 0.667282599708 0.545663095016
vt 0.669516796877 0.5474594573
vt 0.665553262195 0.548525863601
vt 0.663561271128 0.547360668124
vt 0.665553262195 0.548525863601
vt 0.661747623281 0.550249994654
vt 0.66004857548 0.549747009982
vt 0.661747623281 0.550249994654
vt 0.658156363563 0.552669524768
vt 0.656806091178 0.552742904253
vt 0.658156363563 0.552669524768
vt 0.65484888472 0.555704397614
vt 0.653894886095 0.556309791554
vt 0.65484888472 0.555704397614
vt 0.651865732517 0.559311868702
vt 0.651351435761 0.560346567188
vt 0.651865732517 0.559311868702
vt 0.649267863242 0.563429989995
vt 0.649212480369 0.564818686602
vt 0.649267863242 0.563429989995
vt 0.647075621296 0.567981509386
vt 0.647531550521 0.569686021631
vt 0.647075621296 0.567981509386
vt 0.645359834228 0.572903679499
vt 0.646311816638 0.574776223786
vt 0.645359834228 0.572903679499
vt 0.644106263016 0.578098432411
vt 0.645593088198 0.58005138132
vt 0.644106263016 0.578098432411
vt 0.643376181972 0.583467856945
vt 0.645376936885 0.585475584598
vt 0.643376181972 0.583467856945
vt 0.64313870914 0.588971680206
vt 0.643436390496 0.594471091863
vt 0.645376936885 0.585475584598
vt 0.64313870914 0.588971680206
vt 0.644241716141 0.599865858415
vt 0.645665385335 0.590877620974
vt 0.643436390496 0.594471091863
vt 0.645542924821 0.605162425816
vt 0.646456421388 0.596218241631
vt 0.644241716141 0.599865858415
vt 0.647319081531 0.610132917361
vt 0.64773404389 0.601382086539
vt 0.645542924821 0.605162425816
vt 0.6495417365 0.614819055518
vt 0.649487429743 0.606312742413
vt 0.647319081531 0.610132917361
vt 0.652185177261 0.619061340696
vt 0.651667666043 0.61093010803
vt 0.6495417365 0.614819055518
vt 0.655198878668 0.622833597605
vt 0.65425485473 0.615082513717
vt 0.652185177261 0.619061340696
vt 0.658522019883 0.62603156278
vt 0.657212453048 0.618822677287
vt 0.655198878668 0.622833597605
vt 0.662126186846 0.628654205524
vt 0.660481858145 0.621970455988
vt 0.658522019883 0.62603156278
vt 0.665932396362 0.630612173249
vt 0.664009630833 0.624527372045
vt 0.662126186846 0.628654205524
vt 0.669896394133 0.631905093199
vt 0.667743317138 0.626445320344
vt 0.665932396362 0.630612173249
vt 0.673917029804 0.632478757661
vt 0.671611468166 0.627700709093
vt 0.669896394133 0.631905093199
vt 0.677966982692 0.632333646285
vt 0.675553866712 0.628231090336
vt 0.673917029804 0.632478757661
vt 0.681961190594 0.631418394045
vt 0.679524498074 0.628090114882
vt 0.677966982692 0.632333646285
vt 0.685822717369 0.629833511061
vt 0.683409403595 0.627168083582
vt 0.681961190594 0.631418394045
vt 0.689479979347 0.627528208277
vt 0.687181298993 0.625601855027
vt 0.685822717369 0.629833511061
vt 0.692885445721 0.624582935478
vt 0.69077462067 0.62334730043
vt 0.689479979347 0.627528208277
vt 0.695987994288 0.621017300226
vt 0.694093530234 0.620417055922
vt 0.692885445721 0.624582935478
vt 0.698687170693 0.61692805045
vt 0.697103555574 0.616887749304
vt 0.695987994288 0.621017300226
vt 0.700989230571 0.612332875326
vt 0.699729040454 0.612879713659
vt 0.698687170693 0.61692805045
vt 0.702813604367 0.607344981402
vt 0.701961515135 0.608328660748
vt 0.700989230571 0.612332875326
vt 0.704119456163 0.602056690593
vt 0.703722209919 0.603453022779
vt 0.702813604367 0.607344981402
vt 0.704927447828 0.596537763708
vt 0.705005966541 0.598213201886
vt 0.704119456163 0.602056690593
vt 0.841224333559 0.681846824837
vt 0.869244212296 0.654398046221
vt 0.867709330965 0.685764935784
vt 0.837469723579 0.707887409695
vt 0.867709330965 0.685764935784
vt 0.863162859297 0.716627094909
vt 0.831220825829 0.73300176042
vt 0.863162859297 0.716627094909
vt 0.855543588089 0.746371183562
vt 0.84508252299 0.774584904578
vt 0.826914918369 0.744899462566
vt 0.831220825829 0.73300176042
vt 0.83198024323 0.800622726825
vt 0.817173997108 0.76787708842
vt 0.822582731631 0.756833668282
vt 0.816499839593 0.824165710164
vt 0.805280057643 0.788894986002
vt 0.811739086463 0.778920508558
vt 0.799043935269 0.845151933835
vt 0.791592551548 0.807838184109
vt 0.798847385469 0.798869463446
vt 0.779665657192 0.862698299682
vt 0.776207008971 0.824260112406
vt 0.784346106919 0.816815389418
vt 0.758731306613 0.876347869088
vt 0.759272546098 0.837582657317
vt 0.768068014177 0.83170589038
vt 0.736736762666 0.88624325378
vt 0.741182782048 0.8477715056
vt 0.750477103806 0.843495926786
vt 0.714093432941 0.892448174886
vt 0.722279131413 0.85482342196
vt 0.731888460289 0.852044939274
vt 0.691075356152 0.894172639812
vt 0.702850374357 0.858493719872
vt 0.712669802536 0.857638407179
vt 0.668139570309 0.891785480239
vt 0.683237822317 0.858493719872
vt 0.693030920389 0.859347977579
vt 0.673418394137 0.857638407179
vt 0.654147205111 0.852436655748
vt 0.66378278673 0.855038041374
vt 0.635506030321 0.843924110626
vt 0.645661140586 0.885207553664
vt 0.623998750529 0.874781240099
vt 0.617708523797 0.83242791988
vt 0.623998750529 0.874781240099
vt 0.603472910066 0.860823650011
vt 0.601141024869 0.817821427763
vt 0.603472910066 0.860823650011
vt 0.58442139434 0.842997770891
vt 0.586332741809 0.800151976642
vt 0.58442139434 0.842997770891
vt 0.567671068282 0.82180180669
vt 0.552619222441 0.798116332876
vt 0.579873816146 0.790034755469
vt 0.586332741809 0.800151976642
vt 0.540208772447 0.771924895622
vt 0.567953700561 0.768767838832
vt 0.573414890484 0.779917499129
vt 0.529420798144 0.744340527497
vt 0.558002751387 0.745684007985
vt 0.562466153992 0.757617123518
vt 0.521475270334 0.714757478658
vt 0.550521233912 0.721038516072
vt 0.553540755434 0.73375650662
vt 0.516766452068 0.684162298246
vt 0.545584972193 0.695175346551
vt 0.547475458149 0.708320525523
vt 0.51499895034 0.65293356508
vt 0.543011901736 0.668706896717
vt 0.543668309366 0.682030202747
vt 0.516147196839 0.621765544188
vt 0.543011901736 0.642023780041
vt 0.542381670977 0.655382500473
vt 0.520265940285 0.591122121593
vt 0.545532541079 0.615554239992
vt 0.543642029334 0.628663969394
vt 0.52738145567 0.56138085528
vt 0.550626302461 0.589762989491
vt 0.547423027035 0.60244451059
vt 0.537340762169 0.533290055548
vt 0.558160244835 0.565108581604
vt 0.553803323644 0.577115827746
vt 0.573467421107 0.53083858789
vt 0.537340762169 0.533290055548
vt 0.549984682444 0.507130967428
vt 0.586490337588 0.510818771647
vt 0.549984682444 0.507130967428
vt 0.565137946275 0.483438247496
vt 0.601324796336 0.493220147813
vt 0.565137946275 0.483438247496
vt 0.582479960958 0.462640908354
vt 0.617708520362 0.478330313871
vt 0.582479960958 0.462640908354
vt 0.601758183609 0.445020250067
vt 0.635378639524 0.466538852228
vt 0.601758183609 0.445020250067
vt 0.622654863523 0.43096914959
vt 0.654046520186 0.457953093223
vt 0.622654863523 0.43096914959
vt 0.644703770218 0.420771264029
vt 0.673392213702 0.452967192613
vt 0.644703770218 0.420771264029
vt 0.667613641973 0.414714938113
vt 0.693057167498 0.451577423817
vt 0.667613641973 0.414714938113
vt 0.69091847332 0.41293796679
vt 0.71264354359 0.453395411607
vt 0.69091847332 0.41293796679
vt 0.714175241331 0.414947710321
vt 0.731914706265 0.45859498258
vt 0.714175241331 0.414947710321
vt 0.737070788083 0.421099176124
vt 0.750536754712 0.467216067285
vt 0.737070788083 0.421099176124
vt 0.759154143562 0.431394315196
vt 0.767944287413 0.479468993121
vt 0.759154143562 0.431394315196
vt 0.78000367625 0.445757948431
vt 0.784214860704 0.494253805388
vt 0.78000367625 0.445757948431
vt 0.799475119172 0.463240319284
vt 0.798917685331 0.51174463648
vt 0.799475119172 0.463240319284
vt 0.817071968661 0.483985418004
vt 0.811817760464 0.531764751661
vt 0.817071968661 0.483985418004
vt 0.832558900456 0.507673243943
vt 0.822749483528 0.553853137421
vt 0.832558900456 0.507673243943
vt 0.845611951522 0.533845078521
vt 0.831414208673 0.577650279255
vt 0.845611951522 0.533845078521
vt 0.855984359833 0.562177461076
vt 0.83707151443 0.602807733342
vt 0.855984359833 0.562177461076
vt 0.863460329273 0.59195154272
vt 0.841401900387 0.628852734782
vt 0.863460329273 0.59195154272
vt 0.868054186247 0.622953643207
vt 0.842432123 0.65537804396
vt 0.868054186247 0.622953643207
vt 0.869244212296 0.654398046221
vt 0.67438470068 0.58750122384
vt 0.648089509437 0.601181281922
vt 0.649808937775 0.606048724703
vt 0.674230388962 0.58700188542
vt 0.646826442677 0.59605833756
vt 0.648089509437 0.601181281922
vt 0.674213004316 0.586901463393
vt 0.646052267262 0.590818521869
vt 0.646826442677 0.59605833756
vt 0.674166474854 0.586364990058
vt 0.645766158586 0.585458023528
vt 0.646052267262 0.590818521869
vt 0.674151867847 0.586265963666
vt 0.645982293045 0.580133572165
vt 0.645766158586 0.585458023528
vt 0.674198454416 0.585732831673
vt 0.646700978353 0.574897936225
vt 0.645982293045 0.580133572165
vt 0.674230388962 0.585635781841
vt 0.647906152566 0.569848446004
vt 0.646700978353 0.574897936225
vt 0.674370092507 0.585144711812
vt 0.649572425846 0.565119413615
vt 0.647906152566 0.569848446004
vt 0.674402077874 0.585046448338
vt 0.651682300396 0.560668557789
vt 0.649572425846 0.565119413615
vt 0.674634938674 0.584598004536
vt 0.654194066304 0.556710246059
vt 0.651682300396 0.560668557789
vt 0.674696125274 0.584559973618
vt 0.657063942868 0.553204709154
vt 0.654194066304 0.556710246059
vt 0.674993048071 0.5842519833
vt 0.660262463957 0.550269314592
vt 0.657063942868 0.553204709154
vt 0.675068816694 0.584154858179
vt 0.663725862815 0.547941424801
vt 0.660262463957 0.550269314592
vt 0.675412419442 0.583987159522
vt 0.667385582735 0.546284171916
vt 0.663725862815 0.547941424801
vt 0.675502813632 0.583948532775
vt 0.671194052786 0.5452571531
vt 0.667385582735 0.546284171916
vt 0.675875683652 0.583919867696
vt 0.675091179721 0.544961700971
vt 0.671194052786 0.5452571531
vt 0.67595436372 0.583863444611
vt 0.678993234747 0.545378761812
vt 0.675091179721 0.544961700971
vt 0.676341951798 0.583972674354
vt 0.682850024682 0.546472641249
vt 0.678993234747 0.545378761812
vt 0.676420593388 0.584015343784
vt 0.686584915324 0.548321194154
vt 0.682850024682 0.546472641249
vt 0.676779159912 0.584204617386
vt 0.690144076406 0.550749722864
vt 0.686584915324 0.548321194154
vt 0.676854985888 0.584265069374
vt 0.693443450142 0.553817432228
vt 0.690144076406 0.550749722864
vt 0.677152359948 0.584591587228
vt 0.696433902853 0.557483215117
vt 0.693443450142 0.553817432228
vt 0.677213662421 0.584672370078
vt 0.699080940641 0.561669042126
vt 0.696433902853 0.557483215117
vt 0.67744695985 0.585095396729
vt 0.701305645437 0.566231494862
vt 0.699080940641 0.561669042126
vt 0.677493594531 0.585235897192
vt 0.703094658515 0.571192240173
vt 0.701305645437 0.566231494862
vt 0.677648229682 0.585695691782
vt 0.704407143884 0.576404753998
vt 0.703094658515 0.571192240173
vt 0.677662854201 0.585834252274
vt 0.705208865231 0.581787490089
vt 0.704407143884 0.576404753998
vt 0.67772700565 0.586332738005
vt 0.705509045298 0.587238556771
vt 0.705208865231 0.581787490089
vt 0.67772700565 0.586471302927
vt 0.705267904833 0.592694436779
vt 0.705509045298 0.587238556771
vt 0.677677464369 0.586964263975
vt 0.704518511787 0.598030583019
vt 0.705267904833 0.592694436779
vt 0.677648229682 0.587103411588
vt 0.703265017952 0.60312781179
vt 0.704518511787 0.598030583019
vt 0.677508203997 0.587594932917
vt 0.701534844105 0.607961171271
vt 0.703265017952 0.60312781179
vt 0.67746152603 0.587692672256
vt 0.699347797437 0.612411271635
vt 0.701534844105 0.607961171271
vt 0.677242835503 0.588082170253
vt 0.696759509504 0.616422358411
vt 0.699347797437 0.612411271635
vt 0.677181589961 0.588179299686
vt 0.693795176828 0.619870236458
vt 0.696759509504 0.616422358411
vt 0.676884212631 0.588486494321
vt 0.690521930369 0.622740549831
vt 0.693795176828 0.619870236458
vt 0.676808386189 0.588524484986
vt 0.687006689257 0.625016729911
vt 0.690521930369 0.622740549831
vt 0.676464434372 0.588731074811
vt 0.683283268857 0.626584543208
vt 0.687006689257 0.625016729911
vt 0.676373992983 0.588789361719
vt 0.679443843049 0.627467577696
vt 0.683283268857 0.626584543208
vt 0.676000982333 0.588817990642
vt 0.675553359777 0.627653400681
vt 0.679443843049 0.627467577696
vt 0.67590490059 0.588813736018
vt 0.671656030101 0.627123980298
vt 0.675553359777 0.627653400681
vt 0.675532026837 0.588762416364
vt 0.667835473273 0.625911072046
vt 0.671656030101 0.627123980298
vt 0.675456174013 0.588701308583
vt 0.664146460437 0.62397539299
vt 0.667835473273 0.625911072046
vt 0.6750980257 0.588472173032
vt 0.660665845739 0.621480661968
vt 0.664146460437 0.62397539299
vt 0.67502225661 0.588431379198
vt 0.657440698877 0.618333774261
vt 0.660665845739 0.621480661968
vt 0.654515166208 0.614695996614
vt 0.674725344885 0.588104667764
vt 0.674664143483 0.588004809972
vt 0.651962321393 0.610587687237
vt 0.674664143483 0.588004809972
vt 0.67443128035 0.587601656214
vt 0.67443128035 0.587601656214
vt 0.649808937775 0.606048724703
vt 0.651962321393 0.610587687237
vt 0.677662425377 0.586415713465
vt 0.67772700565 0.586471302927
vt 0.67772700565 0.586332738005
vt 0.677677464369 0.586964263975
vt 0.677598333213 0.587008438354
vt 0.677648229682 0.587103411588
vt 0.677598333213 0.585779242166
vt 0.677662854201 0.585834252274
vt 0.677648229682 0.585695691782
vt 0.677508203997 0.587594932917
vt 0.677426230854 0.587597731929
vt 0.67746152603 0.587692672256
vt 0.677242835503 0.588082170253
vt 0.677163692017 0.588086391788
vt 0.677181589961 0.588179299686
vt 0.676884212631 0.588486494321
vt 0.676805076432 0.588451335321
vt 0.676808386189 0.588524484986
vt 0.676464434372 0.588731074811
vt 0.676402651354 0.58865792671
vt 0.676373992983 0.588789361719
vt 0.676000982333 0.588817990642
vt 0.675950988872 0.588722571633
vt 0.67590490059 0.588813736018
vt 0.675532026837 0.588762416364
vt 0.675499410477 0.588629599645
vt 0.675456174013 0.588701308583
vt 0.6750980257 0.588472173032
vt 0.675094594339 0.58839905608
vt 0.67502225661 0.588431379198
vt 0.674725344885 0.588104667764
vt 0.674739292967 0.588013234339
vt 0.674664143483 0.588004809972
vt 0.67443128035 0.587601656214
vt 0.674459824515 0.587509610553
vt 0.67438470068 0.58750122384
vt 0.674230388962 0.58700188542
vt 0.674273498254 0.586909792088
vt 0.674213004316 0.586901463393
vt 0.674166474854 0.586364990058
vt 0.674226920359 0.586313603267
vt 0.674151867847 0.586265963666
vt 0.674198454416 0.585732831673
vt 0.674273498254 0.585681989507
vt 0.674230388962 0.585635781841
vt 0.674370092507 0.585144711812
vt 0.674445214942 0.585152872661
vt 0.674402077874 0.585046448338
vt 0.674634938674 0.584598004536
vt 0.674710071023 0.584665777198
vt 0.674696125274 0.584559973618
vt 0.674993048071 0.5842519833
vt 0.675065383467 0.584258709771
vt 0.675068816694 0.584154858179
vt 0.675412419442 0.583987159522
vt 0.675484810112 0.584052974211
vt 0.675502813632 0.583948532775
vt 0.675875683652 0.583919867696
vt 0.675921769132 0.583967310479
vt 0.67595436372 0.583863444611
vt 0.676341951798 0.583972674354
vt 0.676373484332 0.584079838533
vt 0.676420593388 0.584015343784
vt 0.676779159912 0.584204617386
vt 0.676790469533 0.584308540409
vt 0.676854985888 0.584265069374
vt 0.677152359948 0.584591587228
vt 0.677149068901 0.584736152209
vt 0.677213662421 0.584672370078
vt 0.677411606569 0.585238620824
vt 0.677493594531 0.585235897192
vt 0.67744695985 0.585095396729
vt 0.67772700565 0.586471302927
vt 0.677598333213 0.587008438354
vt 0.677677464369 0.586964263975
vt 0.677662854201 0.585834252274
vt 0.677662425377 0.586415713465
vt 0.67772700565 0.586332738005
vt 0.677648229682 0.587103411588
vt 0.677426230854 0.587597731929
vt 0.677508203997 0.587594932917
vt 0.67746152603 0.587692672256
vt 0.677163692017 0.588086391788
vt 0.677242835503 0.588082170253
vt 0.677181589961 0.588179299686
vt 0.676805076432 0.588451335321
vt 0.676884212631 0.588486494321
vt 0.676808386189 0.588524484986
vt 0.676402651354 0.58865792671
vt 0.676464434372 0.588731074811
vt 0.676373992983 0.588789361719
vt 0.675950988872 0.588722571633
vt 0.676000982333 0.588817990642
vt 0.67590490059 0.588813736018
vt 0.675499410477 0.588629599645
vt 0.675532026837 0.588762416364
vt 0.675456174013 0.588701308583
vt 0.675094594339 0.58839905608
vt 0.6750980257 0.588472173032
vt 0.67502225661 0.588431379198
vt 0.674739292967 0.588013234339
vt 0.674725344885 0.588104667764
vt 0.674664143483 0.588004809972
vt 0.674459824515 0.587509610553
vt 0.67443128035 0.587601656214
vt 0.67438470068 0.58750122384
vt 0.674273498254 0.586909792088
vt 0.674230388962 0.58700188542
vt 0.674213004316 0.586901463393
vt 0.674226920359 0.586313603267
vt 0.674166474854 0.586364990058
vt 0.674151867847 0.586265963666
vt 0.674273498254 0.585681989507
vt 0.674198454416 0.585732831673
vt 0.674230388962 0.585635781841
vt 0.674445214942 0.585152872661
vt 0.674370092507 0.585144711812
vt 0.674402077874 0.585046448338
vt 0.674710071023 0.584665777198
vt 0.674634938674 0.584598004536
vt 0.674696125274 0.584559973618
vt 0.675065383467 0.584258709771
vt 0.674993048071 0.5842519833
vt 0.675068816694 0.584154858179
vt 0.675484810112 0.584052974211
vt 0.675412419442 0.583987159522
vt 0.675502813632 0.583948532775
vt 0.675921769132 0.583967310479
vt 0.675875683652 0.583919867696
vt 0.67595436372 0.583863444611
vt 0.676373484332 0.584079838533
vt 0.676341951798 0.583972674354
vt 0.676420593388 0.584015343784
vt 0.676790469533 0.584308540409
vt 0.676779159912 0.584204617386
vt 0.676854985888 0.584265069374
vt 0.677149068901 0.584736152209
vt 0.677152359948 0.584591587228
vt 0.677493594531 0.585235897192
vt 0.677598333213 0.585779242166
vt 0.677648229682 0.585695691782
vt 0.677213662421 0.584672370078
vt 0.677411606569 0.585238620824
vt 0.67744695985 0.585095396729
vt 0.654515166208 0.614695996614
vt 0.651962321393 0.610587687237
vt 0.65425485473 0.615082513717
vt 0.65425485473 0.615082513717
vt 0.657212453048 0.618822677287
vt 0.654515166208 0.614695996614
vt 0.660665845739 0.621480661968
vt 0.657440698877 0.618333774261
vt 0.660481858145 0.621970455988
vt 0.664146460437 0.62397539299
vt 0.660665845739 0.621480661968
vt 0.664009630833 0.624527372045
vt 0.667835473273 0.625911072046
vt 0.664146460437 0.62397539299
vt 0.667743317138 0.626445320344
vt 0.671656030101 0.627123980298
vt 0.667835473273 0.625911072046
vt 0.671611468166 0.627700709093
vt 0.675553359777 0.627653400681
vt 0.671656030101 0.627123980298
vt 0.675553866712 0.628231090336
vt 0.679443843049 0.627467577696
vt 0.675553359777 0.627653400681
vt 0.679524498074 0.628090114882
vt 0.683283268857 0.626584543208
vt 0.679443843049 0.627467577696
vt 0.683409403595 0.627168083582
vt 0.687006689257 0.625016729911
vt 0.683283268857 0.626584543208
vt 0.687181298993 0.625601855027
vt 0.690521930369 0.622740549831
vt 0.687006689257 0.625016729911
vt 0.69077462067 0.62334730043
vt 0.693795176828 0.619870236458
vt 0.690521930369 0.622740549831
vt 0.694093530234 0.620417055922
vt 0.696759509504 0.616422358411
vt 0.693795176828 0.619870236458
vt 0.697103555574 0.616887749304
vt 0.699347797437 0.612411271635
vt 0.696759509504 0.616422358411
vt 0.699729040454 0.612879713659
vt 0.701534844105 0.607961171271
vt 0.699347797437 0.612411271635
vt 0.701961515135 0.608328660748
vt 0.703265017952 0.60312781179
vt 0.701534844105 0.607961171271
vt 0.703722209919 0.603453022779
vt 0.704518511787 0.598030583019
vt 0.703265017952 0.60312781179
vt 0.705005966541 0.598213201886
vt 0.705267904833 0.592694436779
vt 0.704518511787 0.598030583019
vt 0.705770517498 0.59283497244
vt 0.705509045298 0.587238556771
vt 0.705267904833 0.592694436779
vt 0.706011811791 0.587276586853
vt 0.705208865231 0.581787490089
vt 0.705509045298 0.587238556771
vt 0.705714844083 0.581723735067
vt 0.704407143884 0.576404753998
vt 0.705208865231 0.581787490089
vt 0.704894551342 0.576258347699
vt 0.703094658515 0.571192240173
vt 0.704407143884 0.576404753998
vt 0.703578013691 0.570941807588
vt 0.701305645437 0.566231494862
vt 0.703094658515 0.571192240173
vt 0.701758463057 0.565939384031
vt 0.699080940641 0.561669042126
vt 0.701305645437 0.566231494862
vt 0.699488361499 0.561274719394
vt 0.696433902853 0.557483215117
vt 0.699080940641 0.561669042126
vt 0.696804080111 0.557046572996
vt 0.693443450142 0.553817432228
vt 0.696433902853 0.557483215117
vt 0.693747017388 0.553337837326
vt 0.690144076406 0.550749722864
vt 0.693443450142 0.553817432228
vt 0.69039903534 0.550229156341
vt 0.686584915324 0.548321194154
vt 0.690144076406 0.550749722864
vt 0.686779719642 0.547700965619
vt 0.682850024682 0.546472641249
vt 0.686584915324 0.548321194154
vt 0.68299351842 0.545850498598
vt 0.678993234747 0.545378761812
vt 0.682850024682 0.546472641249
vt 0.679076911644 0.544757713365
vt 0.675091179721 0.544961700971
vt 0.678993234747 0.545378761812
vt 0.675109567714 0.54432025464
vt 0.671194052786 0.5452571531
vt 0.675091179721 0.544961700971
vt 0.671152996488 0.544636308848
vt 0.667385582735 0.546284171916
vt 0.671194052786 0.5452571531
vt 0.667282599708 0.545663095016
vt 0.663725862815 0.547941424801
vt 0.667385582735 0.546284171916
vt 0.663561271128 0.547360668124
vt 0.660262463957 0.550269314592
vt 0.663725862815 0.547941424801
vt 0.66004857548 0.549747009982
vt 0.657063942868 0.553204709154
vt 0.660262463957 0.550269314592
vt 0.656806091178 0.552742904253
vt 0.654194066304 0.556710246059
vt 0.657063942868 0.553204709154
vt 0.653894886095 0.556309791554
vt 0.651682300396 0.560668557789
vt 0.654194066304 0.556710246059
vt 0.651351435761 0.560346567188
vt 0.649572425846 0.565119413615
vt 0.651682300396 0.560668557789
vt 0.649212480369 0.564818686602
vt 0.647906152566 0.569848446004
vt 0.649572425846 0.565119413615
vt 0.647531550521 0.569686021631
vt 0.646700978353 0.574897936225
vt 0.647906152566 0.569848446004
vt 0.646311816638 0.574776223786
vt 0.645982293045 0.580133572165
vt 0.646700978353 0.574897936225
vt 0.645593088198 0.58005138132
vt 0.645766158586 0.585458023528
vt 0.645982293045 0.580133572165
vt 0.645376936885 0.585475584598
vt 0.646052267262 0.590818521869
vt 0.645766158586 0.585458023528
vt 0.645665385335 0.590877620974
vt 0.646826442677 0.59605833756
vt 0.646052267262 0.590818521869
vt 0.646456421388 0.596218241631
vt 0.648089509437 0.601181281922
vt 0.646826442677 0.59605833756
vt 0.64773404389 0.601382086539
vt 0.649808937775 0.606048724703
vt 0.648089509437 0.601181281922
vt 0.649487429743 0.606312742413
vt 0.651962321393 0.610587687237
vt 0.649808937775 0.606048724703
vt 0.651667666043 0.61093010803
vt 0.869244212296 0.654398046221
vt 0.884433368322 0.652773759883
vt 0.867709330965 0.685764935784
vt 0.869244212296 0.654398046221
vt 0.868054186247 0.622953643207
vt 0.884433368322 0.652773759883
vt 0.868054186247 0.622953643207
vt 0.863460329273 0.59195154272
vt 0.88301249463 0.618354775148
vt 0.863460329273 0.59195154272
vt 0.855984359833 0.562177461076
vt 0.878104130975 0.584461629744
vt 0.855984359833 0.562177461076
vt 0.845611951522 0.533845078521
vt 0.869801061955 0.551722274461
vt 0.845611951522 0.533845078521
vt 0.832558900456 0.507673243943
vt 0.858414265503 0.520736928766
vt 0.832558900456 0.507673243943
vt 0.817071968661 0.483985418004
vt 0.844090720046 0.492104765643
vt 0.817071968661 0.483985418004
vt 0.799475119172 0.463240319284
vt 0.827136041383 0.46614028756
vt 0.799475119172 0.463240319284
vt 0.78000367625 0.445757948431
vt 0.807800963507 0.443513413134
vt 0.78000367625 0.445757948431
vt 0.759154143562 0.431394315196
vt 0.786499304311 0.424355433542
vt 0.759154143562 0.431394315196
vt 0.737070788083 0.421099176124
vt 0.763637389365 0.408884645581
vt 0.737070788083 0.421099176124
vt 0.714175241331 0.414947710321
vt 0.739479129904 0.397544163672
vt 0.714175241331 0.414947710321
vt 0.69091847332 0.41293796679
vt 0.714421468236 0.390829962038
vt 0.69091847332 0.41293796679
vt 0.667613641973 0.414714938113
vt 0.688980923456 0.38870288899
vt 0.667613641973 0.414714938113
vt 0.644703770218 0.420771264029
vt 0.663544661 0.390776752309
vt 0.644703770218 0.420771264029
vt 0.622654863523 0.43096914959
vt 0.638491971472 0.397339968805
vt 0.622654863523 0.43096914959
vt 0.601758183609 0.445020250067
vt 0.614381651878 0.408585920507
vt 0.601758183609 0.445020250067
vt 0.582479960958 0.462640908354
vt 0.591588533576 0.423997641265
vt 0.582479960958 0.462640908354
vt 0.565137946275 0.483438247496
vt 0.570552742933 0.443221301712
vt 0.565137946275 0.483438247496
vt 0.549984682444 0.507130967428
vt 0.551586222882 0.466010194511
vt 0.549984682444 0.507130967428
vt 0.537340762169 0.533290055548
vt 0.535047959743 0.491838144423
vt 0.537340762169 0.533290055548
vt 0.52738145567 0.56138085528
vt 0.521299367692 0.520488513838
vt 0.52738145567 0.56138085528
vt 0.520265940285 0.591122121593
vt 0.510443145526 0.551225381309
vt 0.520265940285 0.591122121593
vt 0.516147196839 0.621765544188
vt 0.502683535698 0.583624556627
vt 0.516147196839 0.621765544188
vt 0.51499895034 0.65293356508
vt 0.498225728314 0.617163732733
vt 0.51499895034 0.65293356508
vt 0.516766452068 0.684162298246
vt 0.496989664075 0.651181687708
vt 0.516766452068 0.684162298246
vt 0.521475270334 0.714757478658
vt 0.498947559259 0.685186155171
vt 0.521475270334 0.714757478658
vt 0.529420798144 0.744340527497
vt 0.504046384011 0.718666476082
vt 0.529420798144 0.744340527497
vt 0.540208772447 0.771924895622
vt 0.512105276201 0.751102303752
vt 0.552619222441 0.798116332876
vt 0.537389252515 0.810309127734
vt 0.540208772447 0.771924895622
vt 0.567671068282 0.82180180669
vt 0.553817885852 0.836274199659
vt 0.552619222441 0.798116332876
vt 0.58442139434 0.842997770891
vt 0.572592457609 0.859141588516
vt 0.567671068282 0.82180180669
vt 0.603472910066 0.860823650011
vt 0.593514583404 0.878235270263
vt 0.58442139434 0.842997770891
vt 0.623998750529 0.874781240099
vt 0.615943018722 0.893757979599
vt 0.603472910066 0.860823650011
vt 0.645661140586 0.885207553664
vt 0.639569392106 0.905207947611
vt 0.623998750529 0.874781240099
vt 0.668139570309 0.891785480239
vt 0.664134137502 0.912362135286
vt 0.645661140586 0.885207553664
vt 0.691075356152 0.894172639812
vt 0.689179315757 0.915124143241
vt 0.668139570309 0.891785480239
vt 0.714093432941 0.892448174886
vt 0.71433420455 0.913084737956
vt 0.691075356152 0.894172639812
vt 0.736736762666 0.88624325378
vt 0.739113701992 0.906599323858
vt 0.714093432941 0.892448174886
vt 0.758731306613 0.876347869088
vt 0.763207823235 0.895737359997
vt 0.736736762666 0.88624325378
vt 0.779665657192 0.862698299682
vt 0.786118141394 0.880728039498
vt 0.758731306613 0.876347869088
vt 0.799043935269 0.845151933835
vt 0.807368853122 0.8615228997
vt 0.779665657192 0.862698299682
vt 0.816499839593 0.824165710164
vt 0.826538248626 0.838736564985
vt 0.799043935269 0.845151933835
vt 0.83198024323 0.800622726825
vt 0.843522134639 0.812927299697
vt 0.816499839593 0.824165710164
vt 0.84508252299 0.774584904578
vt 0.857885264262 0.784428234717
vt 0.83198024323 0.800622726825
vt 0.855543588089 0.746371183562
vt 0.869371364019 0.753577953092
vt 0.84508252299 0.774584904578
vt 0.863162859297 0.716627094909
vt 0.877693563301 0.720904934907
vt 0.855543588089 0.746371183562
vt 0.867709330965 0.685764935784
vt 0.882721609174 0.68714307092
vt 0.863162859297 0.716627094909
vt 0.882721609174 0.68714307092
vt 0.900700591087 0.688605761251
vt 0.877693563301 0.720904934907
vt 0.877693563301 0.720904934907
vt 0.895077354473 0.726047661675
vt 0.869371364019 0.753577953092
vt 0.869371364019 0.753577953092
vt 0.885828227556 0.762126832101
vt 0.857885264262 0.784428234717
vt 0.857885264262 0.784428234717
vt 0.873133300606 0.796217201501
vt 0.843522134639 0.812927299697
vt 0.843522134639 0.812927299697
vt 0.857224733545 0.827800887575
vt 0.826538248626 0.838736564985
vt 0.826538248626 0.838736564985
vt 0.838411266145 0.856323169049
vt 0.807368853122 0.8615228997
vt 0.807368853122 0.8615228997
vt 0.817061227433 0.881311560316
vt 0.786118141394 0.880728039498
vt 0.786118141394 0.880728039498
vt 0.793532809096 0.902284079187
vt 0.763207823235 0.895737359997
vt 0.763207823235 0.895737359997
vt 0.768234191919 0.918863546198
vt 0.739113701992 0.906599323858
vt 0.739113701992 0.906599323858
vt 0.74168193828 0.930823911268
vt 0.71433420455 0.913084737956
vt 0.71433420455 0.913084737956
vt 0.714326486335 0.937847105107
vt 0.689179315757 0.915124143241
vt 0.689179315757 0.915124143241
vt 0.686595098222 0.939956655232
vt 0.664134137502 0.912362135286
vt 0.664134137502 0.912362135286
vt 0.658973302805 0.937019911775
vt 0.639569392106 0.905207947611
vt 0.639569392106 0.905207947611
vt 0.631898903666 0.929084802831
vt 0.615943018722 0.893757979599
vt 0.615943018722 0.893757979599
vt 0.605831734593 0.916512602756
vt 0.593514583404 0.878235270263
vt 0.593514583404 0.878235270263
vt 0.581147501846 0.899363711137
vt 0.572592457609 0.859141588516
vt 0.572592457609 0.859141588516
vt 0.558281933881 0.877979926262
vt 0.553817885852 0.836274199659
vt 0.553817885852 0.836274199659
vt 0.537581951107 0.85282481057
vt 0.537389252515 0.810309127734
vt 0.537389252515 0.810309127734
vt 0.51935074467 0.824222726842
vt 0.523434011414 0.781698291474
vt 0.523434011414 0.781698291474
vt 0.503913522789 0.792804409012
vt 0.512105276201 0.751102303752
vt 0.504046384011 0.718666476082
vt 0.512105276201 0.751102303752
vt 0.48245644096 0.723214468014
vt 0.498947559259 0.685186155171
vt 0.504046384011 0.718666476082
vt 0.476789743333 0.686312242586
vt 0.496989664075 0.651181687708
vt 0.498947559259 0.685186155171
vt 0.474625326941 0.648818255767
vt 0.498225728314 0.617163732733
vt 0.496989664075 0.651181687708
vt 0.476042622605 0.611239093199
vt 0.502683535698 0.583624556627
vt 0.498225728314 0.617163732733
vt 0.48106895795 0.574370382196
vt 0.510443145526 0.551225381309
vt 0.502683535698 0.583624556627
vt 0.489605889135 0.538654325318
vt 0.521299367692 0.520488513838
vt 0.510443145526 0.551225381309
vt 0.50157991481 0.504819182693
vt 0.535047959743 0.491838144423
vt 0.521299367692 0.520488513838
vt 0.516788961404 0.473350413757
vt 0.551586222882 0.466010194511
vt 0.535047959743 0.491838144423
vt 0.535004511236 0.444804103915
vt 0.570552742933 0.443221301712
vt 0.551586222882 0.466010194511
vt 0.555868813564 0.419739538795
vt 0.591588533576 0.423997641265
vt 0.570552742933 0.443221301712
vt 0.579080800298 0.398498858303
vt 0.614381651878 0.408585920507
vt 0.591588533576 0.423997641265
vt 0.604179317623 0.381638747553
vt 0.638491971472 0.397339968805
vt 0.614381651878 0.408585920507
vt 0.630759446438 0.369298780502
vt 0.663544661 0.390776752309
vt 0.638491971472 0.397339968805
vt 0.658282794177 0.361760167035
vt 0.688980923456 0.38870288899
vt 0.663544661 0.390776752309
vt 0.686319830425 0.359227723533
vt 0.714421468236 0.390829962038
vt 0.688980923456 0.38870288899
vt 0.714381055297 0.361671236527
vt 0.739479129904 0.397544163672
vt 0.714421468236 0.390829962038
vt 0.741993925377 0.369016359109
vt 0.763637389365 0.408884645581
vt 0.739479129904 0.397544163672
vt 0.768720432764 0.381268238756
vt 0.786499304311 0.424355433542
vt 0.763637389365 0.408884645581
vt 0.794084526632 0.398045474453
vt 0.807800963507 0.443513413134
vt 0.786499304311 0.424355433542
vt 0.81762975793 0.41924475553
vt 0.827136041383 0.46614028756
vt 0.807800963507 0.443513413134
vt 0.838981755746 0.44432212046
vt 0.844090720046 0.492104765643
vt 0.827136041383 0.46614028756
vt 0.857715199439 0.473000064263
vt 0.858414265503 0.520736928766
vt 0.844090720046 0.492104765643
vt 0.873548682198 0.504689421999
vt 0.869801061955 0.551722274461
vt 0.858414265503 0.520736928766
vt 0.886139517835 0.538910088965
vt 0.878104130975 0.584461629744
vt 0.869801061955 0.551722274461
vt 0.895281845684 0.575033936922
vt 0.88301249463 0.618354775148
vt 0.878104130975 0.584461629744
vt 0.900810375279 0.612504206304
vt 0.884433368322 0.652773759883
vt 0.88301249463 0.618354775148
vt 0.902633503898 0.650593005848
vt 0.884433368322 0.652773759883
vt 0.902633503898 0.650593005848
vt 0.882721609174 0.68714307092
vt 0.902633503898 0.650593005848
vt 0.91667755581 0.647678825488
vt 0.900700591087 0.688605761251
vt 0.902633503898 0.650593005848
vt 0.900810375279 0.612504206304
vt 0.91667755581 0.647678825488
vt 0.900810375279 0.612504206304
vt 0.895281845684 0.575033936922
vt 0.914715196201 0.60649738721
vt 0.895281845684 0.575033936922
vt 0.886139517835 0.538910088965
vt 0.908718996776 0.566022687859
vt 0.886139517835 0.538910088965
vt 0.873548682198 0.504689421999
vt 0.898828465381 0.526971106938
vt 0.873548682198 0.504689421999
vt 0.857715199439 0.473000064263
vt 0.885170753479 0.489923761531
vt 0.857715199439 0.473000064263
vt 0.838981755746 0.44432212046
vt 0.868044107578 0.455663534264
vt 0.838981755746 0.44432212046
vt 0.81762975793 0.41924475553
vt 0.847765067081 0.424698953662
vt 0.81762975793 0.41924475553
vt 0.794084526632 0.398045474453
vt 0.824703529117 0.397501246063
vt 0.794084526632 0.398045474453
vt 0.768720432764 0.381268238756
vt 0.799242047462 0.374648423716
vt 0.768720432764 0.381268238756
vt 0.741993925377 0.369016359109
vt 0.771822758072 0.356405127495
vt 0.741993925377 0.369016359109
vt 0.714381055297 0.361671236527
vt 0.742943230058 0.343208127027
vt 0.714381055297 0.361671236527
vt 0.686319830425 0.359227723533
vt 0.713100851852 0.33522354934
vt 0.686319830425 0.359227723533
vt 0.658282794177 0.361760167035
vt 0.68278746208 0.33259108727
vt 0.658282794177 0.361760167035
vt 0.630759446438 0.369298780502
vt 0.652477377323 0.335309839886
vt 0.630759446438 0.369298780502
vt 0.604179317623 0.381638747553
vt 0.622691292427 0.343483378864
vt 0.604179317623 0.381638747553
vt 0.579080800298 0.398498858303
vt 0.59398326907 0.356837234231
vt 0.579080800298 0.398498858303
vt 0.555868813564 0.419739538795
vt 0.566850114438 0.375168753694
vt 0.555868813564 0.419739538795
vt 0.535004511236 0.444804103915
vt 0.541768689262 0.39806399085
vt 0.535004511236 0.444804103915
vt 0.516788961404 0.473350413757
vt 0.519211772343 0.425223698055
vt 0.516788961404 0.473350413757
vt 0.50157991481 0.504819182693
vt 0.499554381426 0.456030085914
vt 0.50157991481 0.504819182693
vt 0.489605889135 0.538654325318
vt 0.483145053856 0.490075076592
vt 0.489605889135 0.538654325318
vt 0.48106895795 0.574370382196
vt 0.470258380162 0.526679958498
vt 0.48106895795 0.574370382196
vt 0.476042622605 0.611239093199
vt 0.461041649404 0.565264946726
vt 0.476042622605 0.611239093199
vt 0.474625326941 0.648818255767
vt 0.455693060216 0.605148402035
vt 0.474625326941 0.648818255767
vt 0.476789743333 0.686312242586
vt 0.454207769729 0.645726122351
vt 0.476789743333 0.686312242586
vt 0.48245644096 0.723214468014
vt 0.456584240965 0.686286199936
vt 0.48245644096 0.723214468014
vt 0.491548272925 0.758948161009
vt 0.462743273654 0.726130269129
vt 0.491548272925 0.758948161009
vt 0.503913522789 0.792804409012
vt 0.472584320728 0.764693184975
vt 0.51935074467 0.824222726842
vt 0.502618169841 0.835259879805
vt 0.503913522789 0.792804409012
vt 0.537581951107 0.85282481057
vt 0.52229170391 0.866185475449
vt 0.51935074467 0.824222726842
vt 0.558281933881 0.877979926262
vt 0.544634682528 0.893393839795
vt 0.537581951107 0.85282481057
vt 0.581147501846 0.899363711137
vt 0.569327779649 0.916474568852
vt 0.558281933881 0.877979926262
vt 0.605831734593 0.916512602756
vt 0.595924888778 0.93507873547
vt 0.581147501846 0.899363711137
vt 0.631898903666 0.929084802831
vt 0.624080671882 0.948731516999
vt 0.605831734593 0.916512602756
vt 0.658973302805 0.937019911775
vt 0.653299731917 0.957262602114
vt 0.631898903666 0.929084802831
vt 0.686595098222 0.939956655232
vt 0.6831265049 0.960474662092
vt 0.658973302805 0.937019911775
vt 0.714326486335 0.937847105107
vt 0.713091021975 0.958274549574
vt 0.686595098222 0.939956655232
vt 0.74168193828 0.930823911268
vt 0.742662903855 0.950680145927
vt 0.714326486335 0.937847105107
vt 0.768234191919 0.918863546198
vt 0.771365576566 0.937722438795
vt 0.74168193828 0.930823911268
vt 0.793532809096 0.902284079187
vt 0.798696779005 0.919808704154
vt 0.768234191919 0.918863546198
vt 0.817061227433 0.881311560316
vt 0.824134191801 0.89713461982
vt 0.793532809096 0.902284079187
vt 0.838411266145 0.856323169049
vt 0.847219611914 0.870161572237
vt 0.817061227433 0.881311560316
vt 0.857224733545 0.827800887575
vt 0.867568839329 0.839348718926
vt 0.838411266145 0.856323169049
vt 0.873133300606 0.796217201501
vt 0.884769732173 0.805158662598
vt 0.857224733545 0.827800887575
vt 0.885828227556 0.762126832101
vt 0.898505616217 0.768246120144
vt 0.873133300606 0.796217201501
vt 0.895077354473 0.726047661675
vt 0.90852703762 0.729204360774
vt 0.885828227556 0.762126832101
vt 0.900700591087 0.688605761251
vt 0.914606314424 0.688853923437
vt 0.895077354473 0.726047661675
vt 0.914606314424 0.688853923437
vt 0.927447795497 0.68778396747
vt 0.90852703762 0.729204360774
vt 0.90852703762 0.729204360774
vt 0.920884516674 0.731404322988
vt 0.898505616217 0.768246120144
vt 0.898505616217 0.768246120144
vt 0.91007739812 0.773488239746
vt 0.884769732173 0.805158662598
vt 0.884769732173 0.805158662598
vt 0.895248375905 0.813273039651
vt 0.867568839329 0.839348718926
vt 0.867568839329 0.839348718926
vt 0.876713063101 0.850080053531
vt 0.847219611914 0.870161572237
vt 0.824134191801 0.89713461982
vt 0.847219611914 0.870161572237
vt 0.829889902706 0.912401032904
vt 0.798696779005 0.919808704154
vt 0.824134191801 0.89713461982
vt 0.8025028594 0.936832067155
vt 0.771365576566 0.937722438795
vt 0.798696779005 0.919808704154
vt 0.773072656458 0.956202628551
vt 0.742662903855 0.950680145927
vt 0.771365576566 0.937722438795
vt 0.742179627853 0.970086563616
vt 0.742662903855 0.950680145927
vt 0.742179627853 0.970086563616
vt 0.713091021975 0.958274549574
vt 0.713091021975 0.958274549574
vt 0.710319767507 0.978297516408
vt 0.6831265049 0.960474662092
vt 0.6831265049 0.960474662092
vt 0.67805811254 0.980720455553
vt 0.653299731917 0.957262602114
vt 0.653299731917 0.957262602114
vt 0.645920152386 0.977200106939
vt 0.624080671882 0.948731516999
vt 0.624080671882 0.948731516999
vt 0.614473941536 0.967995273028
vt 0.595924888778 0.93507873547
vt 0.595924888778 0.93507873547
vt 0.584205735476 0.953221655161
vt 0.569327779649 0.916474568852
vt 0.569327779649 0.916474568852
vt 0.555569486388 0.93311949151
vt 0.544634682528 0.893393839795
vt 0.544634682528 0.893393839795
vt 0.529052872276 0.908220864173
vt 0.52229170391 0.866185475449
vt 0.52229170391 0.866185475449
vt 0.504989738259 0.878892304439
vt 0.502618169841 0.835259879805
vt 0.502618169841 0.835259879805
vt 0.483810320064 0.845605293692
vt 0.485933516302 0.801303792144
vt 0.485933516302 0.801303792144
vt 0.465873653719 0.808962839686
vt 0.472584320728 0.764693184975
vt 0.462743273654 0.726130269129
vt 0.472584320728 0.764693184975
vt 0.440860022586 0.728012132316
vt 0.456584240965 0.686286199936
vt 0.462743273654 0.726130269129
vt 0.434190346372 0.684984531208
vt 0.454207769729 0.645726122351
vt 0.456584240965 0.686286199936
vt 0.431584975712 0.641352752551
vt 0.455693060216 0.605148402035
vt 0.454207769729 0.645726122351
vt 0.433120728879 0.597702478627
vt 0.461041649404 0.565264946726
vt 0.455693060216 0.605148402035
vt 0.438850471774 0.554723518094
vt 0.470258380162 0.526679958498
vt 0.461041649404 0.565264946726
vt 0.448701992243 0.513108426382
vt 0.483145053856 0.490075076592
vt 0.470258380162 0.526679958498
vt 0.46255632527 0.473615860304
vt 0.499554381426 0.456030085914
vt 0.483145053856 0.490075076592
vt 0.480199113195 0.437008041998
vt 0.519211772343 0.425223698055
vt 0.499554381426 0.456030085914
vt 0.501360968249 0.403747759716
vt 0.541768689262 0.39806399085
vt 0.519211772343 0.425223698055
vt 0.525630568499 0.374494071109
vt 0.566850114438 0.375168753694
vt 0.541768689262 0.39806399085
vt 0.552645288406 0.349739999479
vt 0.566850114438 0.375168753694
vt 0.552645288406 0.349739999479
vt 0.59398326907 0.356837234231
vt 0.59398326907 0.356837234231
vt 0.581894643472 0.330053333978
vt 0.622691292427 0.343483378864
vt 0.622691292427 0.343483378864
vt 0.61284630704 0.315627308972
vt 0.652477377323 0.335309839886
vt 0.652477377323 0.335309839886
vt 0.644938943378 0.306897673458
vt 0.68278746208 0.33259108727
vt 0.68278746208 0.33259108727
vt 0.677592827059 0.303925105514
vt 0.713100851852 0.33522354934
vt 0.713100851852 0.33522354934
vt 0.710268920632 0.306717687545
vt 0.742943230058 0.343208127027
vt 0.742943230058 0.343208127027
vt 0.742413016105 0.315400663897
vt 0.771822758072 0.356405127495
vt 0.771822758072 0.356405127495
vt 0.773506180297 0.329637281683
vt 0.799242047462 0.374648423716
vt 0.799242047462 0.374648423716
vt 0.803003095517 0.349208072004
vt 0.824703529117 0.397501246063
vt 0.824703529117 0.397501246063
vt 0.830426955092 0.373880916798
vt 0.847765067081 0.424698953662
vt 0.847765067081 0.424698953662
vt 0.855269822467 0.403131659423
vt 0.868044107578 0.455663534264
vt 0.885170753479 0.489923761531
vt 0.868044107578 0.455663534264
vt 0.895630788923 0.473513227694
vt 0.898828465381 0.526971106938
vt 0.885170753479 0.489923761531
vt 0.910347860309 0.513361519815
vt 0.908718996776 0.566022687859
vt 0.898828465381 0.526971106938
vt 0.921061779691 0.555488492515
vt 0.914715196201 0.60649738721
vt 0.908718996776 0.566022687859
vt 0.927519081971 0.599129555043
vt 0.91667755581 0.647678825488
vt 0.914715196201 0.60649738721
vt 0.929655325895 0.643494005609
vt 0.91667755581 0.647678825488
vt 0.929655325895 0.643494005609
vt 0.914606314424 0.688853923437
vt 0.927447795497 0.68778396747
vt 0.929655325895 0.643494005609
vt 0.933935285245 0.684888610344
vt 0.929655325895 0.643494005609
vt 0.927519081971 0.599129555043
vt 0.936294686747 0.638155411988
vt 0.927519081971 0.599129555043
vt 0.921061779691 0.555488492515
vt 0.934004240641 0.591445262657
vt 0.921061779691 0.555488492515
vt 0.910347860309 0.513361519815
vt 0.927168653719 0.545494453808
vt 0.910347860309 0.513361519815
vt 0.895630788923 0.473513227694
vt 0.915871517546 0.501163208225
vt 0.877134274131 0.436539655248
vt 0.880845830601 0.420231172385
vt 0.895630788923 0.473513227694
vt 0.855269822467 0.403131659423
vt 0.857809306854 0.385089969216
vt 0.877134274131 0.436539655248
vt 0.830426955092 0.373880916798
vt 0.831648687162 0.354331711769
vt 0.855269822467 0.403131659423
vt 0.803003095517 0.349208072004
vt 0.802816579642 0.328329239529
vt 0.830426955092 0.373880916798
vt 0.773506180297 0.329637281683
vt 0.771785616985 0.307645987081
vt 0.803003095517 0.349208072004
vt 0.742413016105 0.315400663897
vt 0.739082519766 0.292599425568
vt 0.773506180297 0.329637281683
vt 0.710268920632 0.306717687545
vt 0.70526000051 0.283542710119
vt 0.742413016105 0.315400663897
vt 0.677592827059 0.303925105514
vt 0.670859867939 0.280500423062
vt 0.710268920632 0.306717687545
vt 0.644938943378 0.306897673458
vt 0.636452670933 0.283617735307
vt 0.677592827059 0.303925105514
vt 0.61284630704 0.315627308972
vt 0.602658721946 0.292843048755
vt 0.644938943378 0.306897673458
vt 0.581894643472 0.330053333978
vt 0.570055753635 0.307964807508
vt 0.61284630704 0.315627308972
vt 0.552645288406 0.349739999479
vt 0.539252983279 0.328825656595
vt 0.581894643472 0.330053333978
vt 0.525630568499 0.374494071109
vt 0.510836595993 0.354809988566
vt 0.552645288406 0.349739999479
vt 0.525630568499 0.374494071109
vt 0.501360968249 0.403747759716
vt 0.510836595993 0.354809988566
vt 0.501360968249 0.403747759716
vt 0.480199113195 0.437008041998
vt 0.485271774594 0.385610052641
vt 0.480199113195 0.437008041998
vt 0.46255632527 0.473615860304
vt 0.46302577872 0.420585750392
vt 0.46255632527 0.473615860304
vt 0.448701992243 0.513108426382
vt 0.444494743847 0.459229518859
vt 0.448701992243 0.513108426382
vt 0.438850471774 0.554723518094
vt 0.429912833372 0.500813496913
vt 0.438850471774 0.554723518094
vt 0.433120728879 0.597702478627
vt 0.419604685363 0.544573469636
vt 0.433120728879 0.597702478627
vt 0.431584975712 0.641352752551
vt 0.413622311288 0.589837141017
vt 0.431584975712 0.641352752551
vt 0.434190346372 0.684984531208
vt 0.41205147588 0.635876088564
vt 0.434190346372 0.684984531208
vt 0.440860022586 0.728012132316
vt 0.414844919037 0.681830090124
vt 0.440860022586 0.728012132316
vt 0.451470090769 0.769527281191
vt 0.42187760362 0.727113498643
vt 0.451470090769 0.769527281191
vt 0.465873653719 0.808962839686
vt 0.433008619008 0.770878495416
vt 0.483810320064 0.845605293692
vt 0.467079704639 0.851054503249
vt 0.465873653719 0.808962839686
vt 0.504989738259 0.878892304439
vt 0.489370189936 0.886095432893
vt 0.483810320064 0.845605293692
vt 0.529052872276 0.908220864173
vt 0.514671358232 0.917005126588
vt 0.504989738259 0.878892304439
vt 0.555569486388 0.93311949151
vt 0.542614096645 0.943228207917
vt 0.529052872276 0.908220864173
vt 0.584205735476 0.953221655161
vt 0.572713527765 0.964353994758
vt 0.555569486388 0.93311949151
vt 0.614473941536 0.967995273028
vt 0.604550245277 0.979948492939
vt 0.584205735476 0.953221655161
vt 0.645920152386 0.977200106939
vt 0.637631615004 0.989773841199
vt 0.614473941536 0.967995273028
vt 0.67805811254 0.980720455553
vt 0.671423201996 0.993394737698
vt 0.645920152386 0.977200106939
vt 0.67805811254 0.980720455553
vt 0.710319767507 0.978297516408
vt 0.671423201996 0.993394737698
vt 0.710319767507 0.978297516408
vt 0.742179627853 0.970086563616
vt 0.705378121702 0.990912080154
vt 0.742179627853 0.970086563616
vt 0.773072656458 0.956202628551
vt 0.738919790915 0.982252653345
vt 0.773072656458 0.956202628551
vt 0.8025028594 0.936832067155
vt 0.771434151409 0.967529629235
vt 0.8025028594 0.936832067155
vt 0.829889902706 0.912401032904
vt 0.802381427929 0.947125088966
vt 0.829889902706 0.912401032904
vt 0.854788914872 0.883286290471
vt 0.831211640697 0.921424737781
vt 0.854788914872 0.883286290471
vt 0.876713063101 0.850080053531
vt 0.857419376726 0.890753310665
vt 0.876713063101 0.850080053531
vt 0.895248375905 0.813273039651
vt 0.880491498146 0.855739320424
vt 0.895248375905 0.813273039651
vt 0.91007739812 0.773488239746
vt 0.900010515253 0.816932594637
vt 0.91007739812 0.773488239746
vt 0.920884516674 0.731404322988
vt 0.915644167174 0.775078151014
vt 0.920884516674 0.731404322988
vt 0.927447795497 0.68778396747
vt 0.927031421643 0.730785751182
vt 0.927031421643 0.730785751182
vt 0.933935285245 0.684888610344
vt 0.926583414758 0.727873168565
vt 0.915644167174 0.775078151014
vt 0.927031421643 0.730785751182
vt 0.914940500116 0.773190315326
vt 0.900010515253 0.816932594637
vt 0.915644167174 0.775078151014
vt 0.898947559889 0.816106221817
vt 0.880491498146 0.855739320424
vt 0.900010515253 0.816932594637
vt 0.878954395423 0.855897216485
vt 0.857419376726 0.890753310665
vt 0.880491498146 0.855739320424
vt 0.855331685111 0.891716596958
vt 0.831211640697 0.921424737781
vt 0.857419376726 0.890753310665
vt 0.828520683899 0.923134090575
vt 0.802381427929 0.947125088966
vt 0.831211640697 0.921424737781
vt 0.799024732395 0.949518844336
vt 0.771434151409 0.967529629235
vt 0.802381427929 0.947125088966
vt 0.767359826103 0.970417606047
vt 0.738919790915 0.982252653345
vt 0.771434151409 0.967529629235
vt 0.734086104354 0.985437506657
vt 0.705378121702 0.990912080154
vt 0.738919790915 0.982252653345
vt 0.699781330681 0.994352720057
vt 0.671423201996 0.993394737698
vt 0.705378121702 0.990912080154
vt 0.665026060507 0.996909075752
vt 0.637631615004 0.989773841199
vt 0.671423201996 0.993394737698
vt 0.630433354905 0.993151181035
vt 0.637631615004 0.989773841199
vt 0.630433354905 0.993151181035
vt 0.604550245277 0.979948492939
vt 0.604550245277 0.979948492939
vt 0.596582884018 0.983177014729
vt 0.572713527765 0.964353994758
vt 0.572713527765 0.964353994758
vt 0.563999538628 0.967228445522
vt 0.542614096645 0.943228207917
vt 0.542614096645 0.943228207917
vt 0.533154881652 0.945610793778
vt 0.514671358232 0.917005126588
vt 0.514671358232 0.917005126588
vt 0.504542637317 0.918693568672
vt 0.489370189936 0.886095432893
vt 0.489370189936 0.886095432893
vt 0.478610319163 0.88710669589
vt 0.467079704639 0.851054503249
vt 0.467079704639 0.851054503249
vt 0.455780439908 0.851243336645
vt 0.448168367455 0.812403291759
vt 0.433008619008 0.770878495416
vt 0.448168367455 0.812403291759
vt 0.420946758237 0.769090803468
vt 0.42187760362 0.727113498643
vt 0.433008619008 0.770878495416
vt 0.409567091931 0.724232506396
vt 0.414844919037 0.681830090124
vt 0.42187760362 0.727113498643
vt 0.402383418864 0.677818700573
vt 0.41205147588 0.635876088564
vt 0.414844919037 0.681830090124
vt 0.399558994882 0.630720390525
vt 0.413622311288 0.589837141017
vt 0.41205147588 0.635876088564
vt 0.40114047073 0.583546596865
vt 0.419604685363 0.544573469636
vt 0.413622311288 0.589837141017
vt 0.407224521947 0.537211940792
vt 0.429912833372 0.500813496913
vt 0.419604685363 0.544573469636
vt 0.417764544772 0.492393303571
vt 0.444494743847 0.459229518859
vt 0.429912833372 0.500813496913
vt 0.432648286238 0.449797616498
vt 0.46302577872 0.420585750392
vt 0.444494743847 0.459229518859
vt 0.451627941617 0.410281379616
vt 0.485271774594 0.385610052641
vt 0.46302577872 0.420585750392
vt 0.474363621578 0.374420812726
vt 0.485271774594 0.385610052641
vt 0.474363621578 0.374420812726
vt 0.510836595993 0.354809988566
vt 0.510836595993 0.354809988566
vt 0.500520368419 0.342956957386
vt 0.539252983279 0.328825656595
vt 0.539252983279 0.328825656595
vt 0.529625547902 0.316275962159
vt 0.570055753635 0.307964807508
vt 0.570055753635 0.307964807508
vt 0.561138920491 0.295000921008
vt 0.602658721946 0.292843048755
vt 0.602658721946 0.292843048755
vt 0.594523056591 0.279547668597
vt 0.636452670933 0.283617735307
vt 0.636452670933 0.283617735307
vt 0.629122100764 0.270172766353
vt 0.670859867939 0.280500423062
vt 0.670859867939 0.280500423062
vt 0.664330276053 0.266962680229
vt 0.70526000051 0.283542710119
vt 0.70526000051 0.283542710119
vt 0.699557702083 0.270014503826
vt 0.739082519766 0.292599425568
vt 0.739082519766 0.292599425568
vt 0.734183506932 0.279410018976
vt 0.771785616985 0.307645987081
vt 0.771785616985 0.307645987081
vt 0.767612125676 0.294792717565
vt 0.802816579642 0.328329239529
vt 0.802816579642 0.328329239529
vt 0.799345786272 0.315904188689
vt 0.831648687162 0.354331711769
vt 0.831648687162 0.354331711769
vt 0.828840936616 0.342479052404
vt 0.857809306854 0.385089969216
vt 0.857809306854 0.385089969216
vt 0.855626665674 0.374090157413
vt 0.880845830601 0.420231172385
vt 0.880845830601 0.420231172385
vt 0.879209038115 0.410102930317
vt 0.900336275576 0.459185739479
vt 0.900336275576 0.459185739479
vt 0.899173724305 0.449911080292
vt 0.915871517546 0.501163208225
vt 0.915871517546 0.501163208225
vt 0.915114279017 0.492875648978
vt 0.927168653719 0.545494453808
vt 0.934004240641 0.591445262657
vt 0.927168653719 0.545494453808
vt 0.933704488031 0.585266896321
vt 0.936294686747 0.638155411988
vt 0.934004240641 0.591445262657
vt 0.936023115048 0.633065326998
vt 0.933935285245 0.684888610344
vt 0.936294686747 0.638155411988
vt 0.933638076948 0.680856693182
vt 0.933638076948 0.680856693182
vt 0.936023115048 0.633065326998
vt 0.928110561427 0.676189750628
vt 0.936023115048 0.633065326998
vt 0.933704488031 0.585266896321
vt 0.930462552518 0.628237138274
vt 0.926692952615 0.538229397219
vt 0.921106608529 0.533118828396
vt 0.933704488031 0.585266896321
vt 0.915114279017 0.492875648978
vt 0.909476463771 0.487664449539
vt 0.926692952615 0.538229397219
vt 0.899173724305 0.449911080292
vt 0.893502511803 0.444601831815
vt 0.915114279017 0.492875648978
vt 0.879209038115 0.410102930317
vt 0.873512234768 0.404636792964
vt 0.899173724305 0.449911080292
vt 0.855626665674 0.374090157413
vt 0.849855332616 0.368596897732
vt 0.879209038115 0.410102930317
vt 0.828840936616 0.342479052404
vt 0.823012954306 0.336939120342
vt 0.855626665674 0.374090157413
vt 0.799345786272 0.315904188689
vt 0.793466885674 0.310257549879
vt 0.828840936616 0.342479052404
vt 0.767612125676 0.294792717565
vt 0.761685378859 0.289039408312
vt 0.799345786272 0.315904188689
vt 0.734183506932 0.279410018976
vt 0.728178694994 0.273609582549
vt 0.767612125676 0.294792717565
vt 0.699557702083 0.270014503826
vt 0.693460143191 0.26426451954
vt 0.734183506932 0.279410018976
vt 0.664330276053 0.266962680229
vt 0.658154504711 0.261160794189
vt 0.699557702083 0.270014503826
vt 0.629122100764 0.270172766353
vt 0.62285514342 0.264340583139
vt 0.664330276053 0.266962680229
vt 0.594523056591 0.279547668597
vt 0.588161995402 0.273787955194
vt 0.629122100764 0.270172766353
vt 0.561138920491 0.295000921008
vt 0.554707102503 0.289289882278
vt 0.594523056591 0.279547668597
vt 0.529625547902 0.316275962159
vt 0.523096780433 0.310580774955
vt 0.561138920491 0.295000921008
vt 0.500520368419 0.342956957386
vt 0.493915701407 0.337277289586
vt 0.529625547902 0.316275962159
vt 0.474363621578 0.374420812726
vt 0.467704252856 0.368876163121
vt 0.500520368419 0.342956957386
vt 0.474363621578 0.374420812726
vt 0.451627941617 0.410281379616
vt 0.467704252856 0.368876163121
vt 0.451627941617 0.410281379616
vt 0.432648286238 0.449797616498
vt 0.444916739566 0.404765328819
vt 0.432648286238 0.449797616498
vt 0.417764544772 0.492393303571
vt 0.425942588437 0.444385654749
vt 0.417764544772 0.492393303571
vt 0.407224521947 0.537211940792
vt 0.411039612919 0.487088563853
vt 0.407224521947 0.537211940792
vt 0.40114047073 0.583546596865
vt 0.400492825829 0.531996228242
vt 0.40114047073 0.583546596865
vt 0.399558994882 0.630720390525
vt 0.394411041821 0.578456461374
vt 0.399558994882 0.630720390525
vt 0.402383418864 0.677818700573
vt 0.392794210028 0.625820310818
vt 0.402383418864 0.677818700573
vt 0.409567091931 0.724232506396
vt 0.395600587048 0.67310982234
vt 0.420946758237 0.769090803468
vt 0.414110871138 0.764703261227
vt 0.409567091931 0.724232506396
vt 0.436433078768 0.811699828328
vt 0.429636731897 0.807380513355
vt 0.420946758237 0.769090803468
vt 0.436433078768 0.811699828328
vt 0.455780439908 0.851243336645
vt 0.429636731897 0.807380513355
vt 0.455780439908 0.851243336645
vt 0.478610319163 0.88710669589
vt 0.449036151611 0.847038264288
vt 0.504542637317 0.918693568672
vt 0.497945888485 0.914740274875
vt 0.478610319163 0.88710669589
vt 0.533154881652 0.945610793778
vt 0.526661204332 0.941663618076
vt 0.504542637317 0.918693568672
vt 0.563999538628 0.967228445522
vt 0.557614147201 0.963343738442
vt 0.533154881652 0.945610793778
vt 0.596582884018 0.983177014729
vt 0.590305081766 0.979257148907
vt 0.563999538628 0.967228445522
vt 0.630433354905 0.993151181035
vt 0.624234043747 0.989254044826
vt 0.596582884018 0.983177014729
vt 0.665026060507 0.996909075752
vt 0.658926094961 0.992993037139
vt 0.630433354905 0.993151181035
vt 0.665026060507 0.996909075752
vt 0.699781330681 0.994352720057
vt 0.658926094961 0.992993037139
vt 0.699781330681 0.994352720057
vt 0.734086104354 0.985437506657
vt 0.693748502745 0.990458933373
vt 0.734086104354 0.985437506657
vt 0.767359826103 0.970417606047
vt 0.728162474635 0.981545708456
vt 0.767359826103 0.970417606047
vt 0.799024732395 0.949518844336
vt 0.761518071832 0.966458807678
vt 0.799024732395 0.949518844336
vt 0.828520683899 0.923134090575
vt 0.79323710274 0.945531197138
vt 0.828520683899 0.923134090575
vt 0.855331685111 0.891716596958
vt 0.822793689616 0.919013323227
vt 0.855331685111 0.891716596958
vt 0.878954395423 0.855897216485
vt 0.849653891886 0.887532234268
vt 0.878954395423 0.855897216485
vt 0.898947559889 0.816106221817
vt 0.873341940423 0.851584001132
vt 0.898947559889 0.816106221817
vt 0.914940500116 0.773190315326
vt 0.893359836111 0.811722788067
vt 0.914940500116 0.773190315326
vt 0.926583414758 0.727873168565
vt 0.909384540538 0.768696019607
vt 0.926583414758 0.727873168565
vt 0.933638076948 0.680856693182
vt 0.921054873161 0.723218301655
vt 0.921054873161 0.723218301655
vt 0.928110561427 0.676189750628
vt 0.912231931818 0.717689626382
vt 0.909384540538 0.768696019607
vt 0.921054873161 0.723218301655
vt 0.900723251977 0.762583222657
vt 0.893359836111 0.811722788067
vt 0.909384540538 0.768696019607
vt 0.88490098475 0.805072835986
vt 0.873341940423 0.851584001132
vt 0.893359836111 0.811722788067
vt 0.865094581629 0.844410428239
vt 0.849653891886 0.887532234268
vt 0.873341940423 0.851584001132
vt 0.841688498616 0.879936095196
vt 0.822793689616 0.919013323227
vt 0.849653891886 0.887532234268
vt 0.815149620548 0.910987442924
vt 0.79323710274 0.945531197138
vt 0.822793689616 0.919013323227
vt 0.785912772233 0.937100085961
vt 0.761518071832 0.966458807678
vt 0.79323710274 0.945531197138
vt 0.754530368324 0.957721796834
vt 0.728162474635 0.981545708456
vt 0.761518071832 0.966458807678
vt 0.721548842226 0.972540689875
vt 0.693748502745 0.990458933373
vt 0.728162474635 0.981545708456
vt 0.687564933324 0.981187667232
vt 0.658926094961 0.992993037139
vt 0.693748502745 0.990458933373
vt 0.653161676579 0.983694169777
vt 0.624234043747 0.989254044826
vt 0.658926094961 0.992993037139
vt 0.618915999599 0.979874839086
vt 0.590305081766 0.979257148907
vt 0.624234043747 0.989254044826
vt 0.585416300042 0.969968567885
vt 0.557614147201 0.963343738442
vt 0.590305081766 0.979257148907
vt 0.553121126536 0.954093977036
vt 0.526661204332 0.941663618076
vt 0.557614147201 0.963343738442
vt 0.522550547756 0.932726682256
vt 0.497945888485 0.914740274875
vt 0.526661204332 0.941663618076
vt 0.494184925101 0.906163871689
vt 0.471920749249 0.88300223035
vt 0.497945888485 0.914740274875
vt 0.46852072378 0.874889182154
vt 0.471920749249 0.88300223035
vt 0.46852072378 0.874889182154
vt 0.449036151611 0.847038264288
vt 0.429636731897 0.807380513355
vt 0.449036151611 0.847038264288
vt 0.426842452518 0.800212466487
vt 0.429636731897 0.807380513355
vt 0.426842452518 0.800212466487
vt 0.414110871138 0.764703261227
vt 0.414110871138 0.764703261227
vt 0.411572277357 0.758135821369
vt 0.402736789914 0.71968455718
vt 0.395600587048 0.67310982234
vt 0.402736789914 0.71968455718
vt 0.393377610346 0.667648047375
vt 0.392794210028 0.625820310818
vt 0.395600587048 0.67310982234
vt 0.390663239883 0.620995549456
vt 0.394411041821 0.578456461374
vt 0.392794210028 0.625820310818
vt 0.392284041533 0.57433876268
vt 0.400492825829 0.531996228242
vt 0.394411041821 0.578456461374
vt 0.398284606637 0.528526537956
vt 0.411039612919 0.487088563853
vt 0.400492825829 0.531996228242
vt 0.408660740486 0.484209667525
vt 0.425942588437 0.444385654749
vt 0.411039612919 0.487088563853
vt 0.423309410716 0.442122539821
vt 0.444916739566 0.404765328819
vt 0.425942588437 0.444385654749
vt 0.442003212761 0.403081507063
vt 0.467704252856 0.368876163121
vt 0.444916739566 0.404765328819
vt 0.464451888279 0.36767754763
vt 0.467704252856 0.368876163121
vt 0.464451888279 0.36767754763
vt 0.493915701407 0.337277289586
vt 0.493915701407 0.337277289586
vt 0.490263887902 0.336532458972
vt 0.523096780433 0.310580774955
vt 0.523096780433 0.310580774955
vt 0.519046797288 0.310235197144
vt 0.554707102503 0.289289882278
vt 0.554707102503 0.289289882278
vt 0.550221124175 0.289188255505
vt 0.588161995402 0.273787955194
vt 0.588161995402 0.273787955194
vt 0.583245935443 0.273879205823
vt 0.62285514342 0.264340583139
vt 0.62285514342 0.264340583139
vt 0.617478386847 0.264532683058
vt 0.658154504711 0.261160794189
vt 0.658154504711 0.261160794189
vt 0.652350969158 0.261306762525
vt 0.693460143191 0.26426451954
vt 0.693460143191 0.26426451954
vt 0.687222750776 0.264363365788
vt 0.728178694994 0.273609582549
vt 0.728178694994 0.273609582549
vt 0.721522230043 0.273520419096
vt 0.761685378859 0.289039408312
vt 0.761685378859 0.289039408312
vt 0.754646412812 0.288747746605
vt 0.793466885674 0.310257549879
vt 0.793466885674 0.310257549879
vt 0.786072156821 0.309624035131
vt 0.823012954306 0.336939120342
vt 0.823012954306 0.336939120342
vt 0.815275712903 0.335955846464
vt 0.849855332616 0.368596897732
vt 0.849855332616 0.368596897732
vt 0.841803356645 0.367203720532
vt 0.873512234768 0.404636792964
vt 0.873512234768 0.404636792964
vt 0.865186553508 0.402865432813
vt 0.893502511803 0.444601831815
vt 0.893502511803 0.444601831815
vt 0.884965907097 0.442237270963
vt 0.909476463771 0.487664449539
vt 0.909476463771 0.487664449539
vt 0.900769097617 0.484833420678
vt 0.921106608529 0.533118828396
vt 0.928120640355 0.580252059637
vt 0.921106608529 0.533118828396
vt 0.919235618656 0.57639085557
vt 0.930462552518 0.628237138274
vt 0.928120640355 0.580252059637
vt 0.921567981426 0.623748412637
vt 0.928110561427 0.676189750628
vt 0.930462552518 0.628237138274
vt 0.91922602635 0.671126352159
vt 0.91922602635 0.671126352159
vt 0.921567981426 0.623748412637
vt 0.908462469148 0.666273381041
vt 0.919235618656 0.57639085557
vt 0.908480598426 0.573759896588
vt 0.921567981426 0.623748412637
vt 0.912260236284 0.529799588596
vt 0.901612924311 0.52834721622
vt 0.919235618656 0.57639085557
vt 0.900769097617 0.484833420678
vt 0.890314443762 0.484442726893
vt 0.912260236284 0.529799588596
vt 0.884965907097 0.442237270963
vt 0.874788984694 0.442970957179
vt 0.900769097617 0.484833420678
vt 0.865186553508 0.402865432813
vt 0.855369825977 0.404495652141
vt 0.884965907097 0.442237270963
vt 0.841803356645 0.367203720532
vt 0.832435049377 0.36981678273
vt 0.865186553508 0.402865432813
vt 0.815275712903 0.335955846464
vt 0.806451854023 0.339430111217
vt 0.841803356645 0.367203720532
vt 0.786072156821 0.309624035131
vt 0.777857025787 0.313924770237
vt 0.815275712903 0.335955846464
vt 0.754646412812 0.288747746605
vt 0.747127622234 0.293685881954
vt 0.786072156821 0.309624035131
vt 0.721522230043 0.273520419096
vt 0.714755799202 0.279073889423
vt 0.754646412812 0.288747746605
vt 0.687222750776 0.264363365788
vt 0.681308714736 0.2703514271
vt 0.721522230043 0.273520419096
vt 0.652350969158 0.261306762525
vt 0.64732064876 0.267551559636
vt 0.687222750776 0.264363365788
vt 0.617478386847 0.264532683058
vt 0.613421422741 0.270816341678
vt 0.652350969158 0.261306762525
vt 0.583245935443 0.273879205823
vt 0.580155126932 0.280039140511
vt 0.617478386847 0.264532683058
vt 0.550221124175 0.289188255505
vt 0.548140057861 0.295040893667
vt 0.583245935443 0.273879205823
vt 0.519046797288 0.310235197144
vt 0.5179327004 0.315552074718
vt 0.550221124175 0.289188255505
vt 0.490263887902 0.336532458972
vt 0.49012321719 0.341124126854
vt 0.519046797288 0.310235197144
vt 0.464451888279 0.36767754763
vt 0.465179000901 0.371288255346
vt 0.490263887902 0.336532458972
vt 0.442003212761 0.403081507063
vt 0.44352643518 0.405552833212
vt 0.464451888279 0.36767754763
vt 0.442003212761 0.403081507063
vt 0.423309410716 0.442122539821
vt 0.44352643518 0.405552833212
vt 0.423309410716 0.442122539821
vt 0.408660740486 0.484209667525
vt 0.425530758924 0.443350373111
vt 0.408660740486 0.484209667525
vt 0.398284606637 0.528526537956
vt 0.411441418534 0.483903924076
vt 0.398284606637 0.528526537956
vt 0.392284041533 0.57433876268
vt 0.401449327442 0.526680415092
vt 0.392284041533 0.57433876268
vt 0.390663239883 0.620995549456
vt 0.395663560976 0.570909977753
vt 0.390663239883 0.620995549456
vt 0.393377610346 0.667648047375
vt 0.394086804348 0.615980680098
vt 0.400380373074 0.713655249344
vt 0.403411515193 0.705537703839
vt 0.393377610346 0.667648047375
vt 0.400380373074 0.713655249344
vt 0.411572277357 0.758135821369
vt 0.403411515193 0.705537703839
vt 0.411572277357 0.758135821369
vt 0.426842452518 0.800212466487
vt 0.414180244568 0.748506855347
vt 0.426842452518 0.800212466487
vt 0.445949657805 0.839390531635
vt 0.428911041417 0.789305070112
vt 0.445949657805 0.839390531635
vt 0.46852072378 0.874889182154
vt 0.44733041117 0.827301050901
vt 0.46852072378 0.874889182154
vt 0.494184925101 0.906163871689
vt 0.469093120881 0.861747501169
vt 0.494184925101 0.906163871689
vt 0.522550547756 0.932726682256
vt 0.493908546738 0.892254756113
vt 0.522550547756 0.932726682256
vt 0.553121126536 0.954093977036
vt 0.521328712456 0.91819730218
vt 0.553121126536 0.954093977036
vt 0.585416300042 0.969968567885
vt 0.55096502219 0.939161017204
vt 0.585416300042 0.969968567885
vt 0.618915999599 0.979874839086
vt 0.582303198651 0.954745698508
vt 0.618915999599 0.979874839086
vt 0.653161676579 0.983694169777
vt 0.614867167862 0.964691246211
vt 0.653161676579 0.983694169777
vt 0.687564933324 0.981187667232
vt 0.648159151169 0.968737938274
vt 0.687564933324 0.981187667232
vt 0.721548842226 0.972540689875
vt 0.681679510917 0.9667039101
vt 0.721548842226 0.972540689875
vt 0.754530368324 0.957721796834
vt 0.714821070515 0.958616265276
vt 0.754530368324 0.957721796834
vt 0.785912772233 0.937100085961
vt 0.74702669041 0.944549297319
vt 0.785912772233 0.937100085961
vt 0.815149620548 0.910987442924
vt 0.77772969621 0.92471401454
vt 0.815149620548 0.910987442924
vt 0.841688498616 0.879936095196
vt 0.806364080564 0.899601671511
vt 0.841688498616 0.879936095196
vt 0.865094581629 0.844410428239
vt 0.832392710165 0.869505283209
vt 0.865094581629 0.844410428239
vt 0.88490098475 0.805072835986
vt 0.855318080223 0.835051816999
vt 0.88490098475 0.805072835986
vt 0.900723251977 0.762583222657
vt 0.874755754384 0.796809904979
vt 0.900723251977 0.762583222657
vt 0.912231931818 0.717689626382
vt 0.890300118862 0.755464973898
vt 0.912231931818 0.717689626382
vt 0.91922602635 0.671126352159
vt 0.901606441622 0.711654267026
vt 0.908462469148 0.666273381041
vt 0.897923083811 0.661768066948
vt 0.901606441622 0.711654267026
vt 0.901606441622 0.711654267026
vt 0.891197564286 0.705674719309
vt 0.890300118862 0.755464973898
vt 0.890300118862 0.755464973898
vt 0.880132636835 0.747852803775
vt 0.874755754384 0.796809904979
vt 0.874755754384 0.796809904979
vt 0.864962124271 0.787664922342
vt 0.855318080223 0.835051816999
vt 0.855318080223 0.835051816999
vt 0.845999127888 0.824385257782
vt 0.832392710165 0.869505283209
vt 0.832392710165 0.869505283209
vt 0.823637138539 0.857304128663
vt 0.806364080564 0.899601671511
vt 0.806364080564 0.899601671511
vt 0.798317460792 0.885914589072
vt 0.77772969621 0.92471401454
vt 0.77772969621 0.92471401454
vt 0.770501684783 0.909689275742
vt 0.74702669041 0.944549297319
vt 0.74702669041 0.944549297319
vt 0.740724861541 0.928270926033
vt 0.714821070515 0.958616265276
vt 0.714821070515 0.958616265276
vt 0.709557305068 0.941260115859
vt 0.681679510917 0.9667039101
vt 0.681679510917 0.9667039101
vt 0.677580864979 0.948515238112
vt 0.648159151169 0.968737938274
vt 0.648159151169 0.968737938274
vt 0.645313663047 0.949897164714
vt 0.614867167862 0.964691246211
vt 0.614867167862 0.964691246211
vt 0.613346545629 0.945465457314
vt 0.582303198651 0.954745698508
vt 0.582303198651 0.954745698508
vt 0.582161417627 0.935422134281
vt 0.55096502219 0.939161017204
vt 0.55096502219 0.939161017204
vt 0.552216265738 0.920065446821
vt 0.521328712456 0.91819730218
vt 0.521328712456 0.91819730218
vt 0.523996155059 0.899589022371
vt 0.493908546738 0.892254756113
vt 0.493908546738 0.892254756113
vt 0.497923187334 0.874525714991
vt 0.469093120881 0.861747501169
vt 0.469093120881 0.861747501169
vt 0.474395600544 0.845154700703
vt 0.44733041117 0.827301050901
vt 0.44733041117 0.827301050901
vt 0.453774268326 0.812064049526
vt 0.428911041417 0.789305070112
vt 0.428911041417 0.789305070112
vt 0.436343262395 0.775731532818
vt 0.414180244568 0.748506855347
vt 0.414180244568 0.748506855347
vt 0.422424088603 0.736885481279
vt 0.403411515193 0.705537703839
vt 0.403411515193 0.705537703839
vt 0.412224969525 0.695930294853
vt 0.396693928898 0.6610974801
vt 0.394086804348 0.615980680098
vt 0.396693928898 0.6610974801
vt 0.40337139168 0.610913522525
vt 0.395663560976 0.570909977753
vt 0.394086804348 0.615980680098
vt 0.404843885434 0.568204746455
vt 0.401449327442 0.526680415092
vt 0.395663560976 0.570909977753
vt 0.410267777271 0.526231326331
vt 0.411441418534 0.483903924076
vt 0.401449327442 0.526680415092
vt 0.419708801461 0.485657339712
vt 0.425530758924 0.443350373111
vt 0.411441418534 0.483903924076
vt 0.433027631501 0.447044306047
vt 0.44352643518 0.405552833212
vt 0.425530758924 0.443350373111
vt 0.450057563442 0.411148692246
vt 0.465179000901 0.371288255346
vt 0.44352643518 0.405552833212
vt 0.470577335034 0.378474258574
vt 0.49012321719 0.341124126854
vt 0.465179000901 0.371288255346
vt 0.49425017093 0.349611691161
vt 0.5179327004 0.315552074718
vt 0.49012321719 0.341124126854
vt 0.520703751244 0.325142013812
vt 0.548140057861 0.295040893667
vt 0.5179327004 0.315552074718
vt 0.549483710939 0.305373868565
vt 0.580155126932 0.280039140511
vt 0.548140057861 0.295040893667
vt 0.58007497649 0.290825109125
vt 0.613421422741 0.270816341678
vt 0.580155126932 0.280039140511
vt 0.61191143881 0.281726583148
vt 0.64732064876 0.267551559636
vt 0.613421422741 0.270816341678
vt 0.64448246963 0.278323570273
vt 0.681308714736 0.2703514271
vt 0.64732064876 0.267551559636
vt 0.67718412126 0.280721400499
vt 0.714755799202 0.279073889423
vt 0.681308714736 0.2703514271
vt 0.709500350651 0.288836701291
vt 0.747127622234 0.293685881954
vt 0.714755799202 0.279073889423
vt 0.740807279609 0.302637474767
vt 0.777857025787 0.313924770237
vt 0.747127622234 0.293685881954
vt 0.770607775342 0.321871633755
vt 0.806451854023 0.339430111217
vt 0.777857025787 0.313924770237
vt 0.798389673627 0.346270617917
vt 0.832435049377 0.36981678273
vt 0.806451854023 0.339430111217
vt 0.82368349636 0.3753822622
vt 0.855369825977 0.404495652141
vt 0.832435049377 0.36981678273
vt 0.846021516355 0.408761512058
vt 0.874788984694 0.442970957179
vt 0.855369825977 0.404495652141
vt 0.864966047725 0.445850460761
vt 0.890314443762 0.484442726893
vt 0.874788984694 0.442970957179
vt 0.880137540087 0.485939361214
vt 0.901612924311 0.52834721622
vt 0.890314443762 0.484442726893
vt 0.891194716859 0.528360130433
vt 0.908480598426 0.573759896588
vt 0.901612924311 0.52834721622
vt 0.897911906257 0.5723294323
vt 0.910771848964 0.620025248245
vt 0.908480598426 0.573759896588
vt 0.90016929483 0.617054479514
vt 0.910771848964 0.620025248245
vt 0.90016929483 0.617054479514
vt 0.908462469148 0.666273381041
vt 0.90016929483 0.617054479514
vt 0.889921012571 0.614691524411
vt 0.897923083811 0.661768066948
vt 0.90016929483 0.617054479514
vt 0.897911906257 0.5723294323
vt 0.889921012571 0.614691524411
vt 0.897911906257 0.5723294323
vt 0.891194716859 0.528360130433
vt 0.887748619255 0.571890975198
vt 0.891194716859 0.528360130433
vt 0.880137540087 0.485939361214
vt 0.881249396307 0.529805887293
vt 0.880137540087 0.485939361214
vt 0.864966047725 0.445850460761
vt 0.870536738551 0.489314013622
vt 0.864966047725 0.445850460761
vt 0.846021516355 0.408761512058
vt 0.85587410599 0.451019156675
vt 0.846021516355 0.408761512058
vt 0.82368349636 0.3753822622
vt 0.837587202291 0.41569239938
vt 0.82368349636 0.3753822622
vt 0.798389673627 0.346270617917
vt 0.816063835493 0.384008635267
vt 0.798389673627 0.346270617917
vt 0.770607775342 0.321871633755
vt 0.79173092681 0.356412295119
vt 0.770607775342 0.321871633755
vt 0.740807279609 0.302637474767
vt 0.765075654186 0.33343193991
vt 0.740807279609 0.302637474767
vt 0.709500350651 0.288836701291
vt 0.736533988038 0.315369187669
vt 0.709500350651 0.288836701291
vt 0.67718412126 0.280721400499
vt 0.706614475139 0.302613049758
vt 0.67718412126 0.280721400499
vt 0.64448246963 0.278323570273
vt 0.675865991762 0.295181038298
vt 0.64448246963 0.278323570273
vt 0.61191143881 0.281726583148
vt 0.644815070826 0.293276633767
vt 0.61191143881 0.281726583148
vt 0.58007497649 0.290825109125
vt 0.614014922061 0.296782072125
vt 0.58007497649 0.290825109125
vt 0.549483710939 0.305373868565
vt 0.583977175652 0.305615216543
vt 0.549483710939 0.305373868565
vt 0.520703751244 0.325142013812
vt 0.555191895749 0.31960862101
vt 0.520703751244 0.325142013812
vt 0.49425017093 0.349611691161
vt 0.528210128803 0.33837630732
vt 0.49425017093 0.349611691161
vt 0.470577335034 0.378474258574
vt 0.503459891256 0.361574333859
vt 0.470577335034 0.378474258574
vt 0.450057563442 0.411148692246
vt 0.481361678409 0.388719184257
vt 0.450057563442 0.411148692246
vt 0.433027631501 0.447044306047
vt 0.462238322323 0.419429687195
vt 0.433027631501 0.447044306047
vt 0.419708801461 0.485657339712
vt 0.446394836831 0.45308927365
vt 0.419708801461 0.485657339712
vt 0.410267777271 0.526231326331
vt 0.434011560568 0.489174227898
vt 0.410267777271 0.526231326331
vt 0.404843885434 0.568204746455
vt 0.425269327729 0.527050135067
vt 0.404843885434 0.568204746455
vt 0.40337139168 0.610913522525
vt 0.420270122514 0.566201418953
vt 0.40337139168 0.610913522525
vt 0.40586616624 0.653695542617
vt 0.418984054492 0.606042644374
vt 0.412224969525 0.695930294853
vt 0.427319398319 0.68548403717
vt 0.40586616624 0.653695542617
vt 0.422424088603 0.736885481279
vt 0.436787505714 0.723853509763
vt 0.412224969525 0.695930294853
vt 0.436343262395 0.775731532818
vt 0.449736914826 0.760443298508
vt 0.422424088603 0.736885481279
vt 0.453774268326 0.812064049526
vt 0.465958481786 0.794655671222
vt 0.436343262395 0.775731532818
vt 0.474395600544 0.845154700703
vt 0.485138583692 0.825998016065
vt 0.453774268326 0.812064049526
vt 0.497923187334 0.874525714991
vt 0.507055423278 0.853930698923
vt 0.474395600544 0.845154700703
vt 0.523996155059 0.899589022371
vt 0.53137614369 0.877983237273
vt 0.497923187334 0.874525714991
vt 0.552216265738 0.920065446821
vt 0.557786956294 0.897732135342
vt 0.523996155059 0.899589022371
vt 0.582161417627 0.935422134281
vt 0.585915816443 0.912789146604
vt 0.552216265738 0.920065446821
vt 0.613346545629 0.945465457314
vt 0.615343809042 0.922835715218
vt 0.582161417627 0.935422134281
vt 0.645313663047 0.949897164714
vt 0.645599795754 0.927612149188
vt 0.613346545629 0.945465457314
vt 0.677580864979 0.948515238112
vt 0.67621549112 0.926895621398
vt 0.645313663047 0.949897164714
vt 0.709557305068 0.941260115859
vt 0.706672017758 0.920703093791
vt 0.677580864979 0.948515238112
vt 0.740724861541 0.928270926033
vt 0.736416199415 0.909025761522
vt 0.709557305068 0.941260115859
vt 0.770501684783 0.909689275742
vt 0.764931488514 0.891955578734
vt 0.740724861541 0.928270926033
vt 0.798317460792 0.885914589072
vt 0.791653542405 0.869865582101
vt 0.770501684783 0.909689275742
vt 0.823637138539 0.857304128663
vt 0.816025437895 0.843042827027
vt 0.798317460792 0.885914589072
vt 0.845999127888 0.824385257782
vt 0.837580063941 0.811992871899
vt 0.823637138539 0.857304128663
vt 0.864962124271 0.787664922342
vt 0.855878338205 0.777265920215
vt 0.845999127888 0.824385257782
vt 0.880132636835 0.747852803775
vt 0.8705404865 0.739477805437
vt 0.864962124271 0.787664922342
vt 0.891197564286 0.705674719309
vt 0.881241325346 0.699256563151
vt 0.880132636835 0.747852803775
vt 0.897923083811 0.661768066948
vt 0.887759796837 0.657351975956
vt 0.891197564286 0.705674719309
vt 0.887759796837 0.657351975956
vt 0.877502250137 0.652727063054
vt 0.881241325346 0.699256563151
vt 0.881241325346 0.699256563151
vt 0.871322030892 0.692082692925
vt 0.8705404865 0.739477805437
vt 0.8705404865 0.739477805437
vt 0.861133108025 0.729806634632
vt 0.855878338205 0.777265920215
vt 0.855878338205 0.777265920215
vt 0.847200009259 0.765224370493
vt 0.837580063941 0.811992871899
vt 0.837580063941 0.811992871899
vt 0.829828172763 0.797601882703
vt 0.816025437895 0.843042827027
vt 0.816025437895 0.843042827027
vt 0.809394264216 0.826479443219
vt 0.791653542405 0.869865582101
vt 0.791653542405 0.869865582101
vt 0.786341865931 0.851249378366
vt 0.764931488514 0.891955578734
vt 0.764931488514 0.891955578734
vt 0.761087232945 0.871465087628
vt 0.736416199415 0.909025761522
vt 0.736416199415 0.909025761522
vt 0.734215974094 0.88689887042
vt 0.706672017758 0.920703093791
vt 0.706672017758 0.920703093791
vt 0.706250423156 0.897326308363
vt 0.67621549112 0.926895621398
vt 0.67621549112 0.926895621398
vt 0.677709102163 0.902563634683
vt 0.645599795754 0.927612149188
vt 0.645599795754 0.927612149188
vt 0.64909617618 0.902610427609
vt 0.615343809042 0.922835715218
vt 0.615343809042 0.922835715218
vt 0.620888339584 0.897619406546
vt 0.585915816443 0.912789146604
vt 0.585915816443 0.912789146604
vt 0.593573450468 0.887703392424
vt 0.557786956294 0.897732135342
vt 0.557786956294 0.897732135342
vt 0.567567062386 0.873219239532
vt 0.53137614369 0.877983237273
vt 0.53137614369 0.877983237273
vt 0.543228178569 0.854408796279
vt 0.507055423278 0.853930698923
vt 0.507055423278 0.853930698923
vt 0.520888658863 0.83171730056
vt 0.485138583692 0.825998016065
vt 0.485138583692 0.825998016065
vt 0.500785089059 0.80550269281
vt 0.465958481786 0.794655671222
vt 0.465958481786 0.794655671222
vt 0.483191162562 0.776205050922
vt 0.449736914826 0.760443298508
vt 0.449736914826 0.760443298508
vt 0.468346287298 0.744378486467
vt 0.436787505714 0.723853509763
vt 0.436787505714 0.723853509763
vt 0.456488916546 0.710481508563
vt 0.427319398319 0.68548403717
vt 0.427319398319 0.68548403717
vt 0.447774561152 0.675056212497
vt 0.421342628303 0.64602707463
vt 0.421342628303 0.64602707463
vt 0.442279474915 0.63862980363
vt 0.418984054492 0.606042644374
vt 0.420270122514 0.566201418953
vt 0.418984054492 0.606042644374
vt 0.441161400712 0.565157329979
vt 0.425269327729 0.527050135067
vt 0.420270122514 0.566201418953
vt 0.445680177535 0.529158924368
vt 0.434011560568 0.489174227898
vt 0.425269327729 0.527050135067
vt 0.453656997387 0.494256870002
vt 0.446394836831 0.45308927365
vt 0.434011560568 0.489174227898
vt 0.464982483 0.460980389223
vt 0.462238322323 0.419429687195
vt 0.446394836831 0.45308927365
vt 0.479542742064 0.429897667267
vt 0.481361678409 0.388719184257
vt 0.462238322323 0.419429687195
vt 0.497108159548 0.40145958478
vt 0.503459891256 0.361574333859
vt 0.481361678409 0.388719184257
vt 0.517450765791 0.376208563858
vt 0.528210128803 0.33837630732
vt 0.503459891256 0.361574333859
vt 0.54025413935 0.354585272382
vt 0.555191895749 0.31960862101
vt 0.528210128803 0.33837630732
vt 0.565196594357 0.336989078747
vt 0.583977175652 0.305615216543
vt 0.555191895749 0.31960862101
vt 0.59183727197 0.323842112525
vt 0.614014922061 0.296782072125
vt 0.583977175652 0.305615216543
vt 0.619744902312 0.315304761902
vt 0.644815070826 0.293276633767
vt 0.614014922061 0.296782072125
vt 0.648443591051 0.31179104263
vt 0.675865991762 0.295181038298
vt 0.644815070826 0.293276633767
vt 0.677443030657 0.313319827335
vt 0.706614475139 0.302613049758
vt 0.675865991762 0.295181038298
vt 0.706233219985 0.319983804045
vt 0.736533988038 0.315369187669
vt 0.706614475139 0.302613049758
vt 0.734335329127 0.331704374195
vt 0.765075654186 0.33343193991
vt 0.736533988038 0.315369187669
vt 0.761222921038 0.348383757562
vt 0.79173092681 0.356412295119
vt 0.765075654186 0.33343193991
vt 0.786411931617 0.369741004321
vt 0.816063835493 0.384008635267
vt 0.79173092681 0.356412295119
vt 0.809437905871 0.395568263707
vt 0.837587202291 0.41569239938
vt 0.816063835493 0.384008635267
vt 0.829828172763 0.425276363999
vt 0.85587410599 0.451019156675
vt 0.837587202291 0.41569239938
vt 0.847181138586 0.458429889081
vt 0.870536738551 0.489314013622
vt 0.85587410599 0.451019156675
vt 0.861121681858 0.494411077083
vt 0.881249396307 0.529805887293
vt 0.870536738551 0.489314013622
vt 0.871291716642 0.532582923302
vt 0.887748619255 0.571890975198
vt 0.881249396307 0.529805887293
vt 0.877502250137 0.572181626275
vt 0.889921012571 0.614691524411
vt 0.887748619255 0.571890975198
vt 0.879575396598 0.612532199003
vt 0.889921012571 0.614691524411
vt 0.879575396598 0.612532199003
vt 0.887759796837 0.657351975956
vt 0.879575396598 0.612532199003
vt 0.868181990448 0.610432383612
vt 0.877502250137 0.652727063054
vt 0.879575396598 0.612532199003
vt 0.877502250137 0.572181626275
vt 0.868181990448 0.610432383612
vt 0.877502250137 0.572181626275
vt 0.871291716642 0.532582923302
vt 0.866252116171 0.573131977641
vt 0.871291716642 0.532582923302
vt 0.861121681858 0.494411077083
vt 0.86049131299 0.536490001432
vt 0.861121681858 0.494411077083
vt 0.847181138586 0.458429889081
vt 0.851010298769 0.501152472728
vt 0.847181138586 0.458429889081
vt 0.829828172763 0.425276363999
vt 0.838067212944 0.467902497707
vt 0.829828172763 0.425276363999
vt 0.809437905871 0.395568263707
vt 0.821934173585 0.43730006466
vt 0.809437905871 0.395568263707
vt 0.786411931617 0.369741004321
vt 0.803011787677 0.409899941474
vt 0.786411931617 0.369741004321
vt 0.761222921038 0.348383757562
vt 0.781683008703 0.38620511857
vt 0.761222921038 0.348383757562
vt 0.734335329127 0.331704374195
vt 0.758369092316 0.366564902395
vt 0.734335329127 0.331704374195
vt 0.706233219985 0.319983804045
vt 0.733522815302 0.351346584544
vt 0.706233219985 0.319983804045
vt 0.677443030657 0.313319827335
vt 0.707617201289 0.340673188049
vt 0.677443030657 0.313319827335
vt 0.648443591051 0.31179104263
vt 0.681124539541 0.334700328737
vt 0.648443591051 0.31179104263
vt 0.619744902312 0.315304761902
vt 0.65449925081 0.333420560188
vt 0.619744902312 0.315304761902
vt 0.59183727197 0.323842112525
vt 0.628222717714 0.336803961675
vt 0.59183727197 0.323842112525
vt 0.565196594357 0.336989078747
vt 0.602721445456 0.344746075954
vt 0.565196594357 0.336989078747
vt 0.54025413935 0.354585272382
vt 0.578419171461 0.356910660091
vt 0.54025413935 0.354585272382
vt 0.517450765791 0.376208563858
vt 0.555696822525 0.373133018948
vt 0.517450765791 0.376208563858
vt 0.497108159548 0.40145958478
vt 0.534943624757 0.392927128889
vt 0.497108159548 0.40145958478
vt 0.479542742064 0.429897667267
vt 0.516467061688 0.416046763896
vt 0.479542742064 0.429897667267
vt 0.464982483 0.460980389223
vt 0.500498854298 0.441992699388
vt 0.464982483 0.460980389223
vt 0.453656997387 0.494256870002
vt 0.487305780016 0.470402116709
vt 0.453656997387 0.494256870002
vt 0.445680177535 0.529158924368
vt 0.477020443153 0.500685892677
vt 0.445680177535 0.529158924368
vt 0.441161400712 0.565157329979
vt 0.469817335193 0.532461351313
vt 0.441161400712 0.565157329979
vt 0.440050383493 0.601849159383
vt 0.465731016614 0.565224249246
vt 0.442279474915 0.63862980363
vt 0.466791953703 0.632011551747
vt 0.440050383493 0.601849159383
vt 0.447774561152 0.675056212497
vt 0.471799986941 0.66512814967
vt 0.442279474915 0.63862980363
vt 0.456488916546 0.710481508563
vt 0.479689759722 0.697492636412
vt 0.447774561152 0.675056212497
vt 0.468346287298 0.744378486467
vt 0.490443048968 0.728439282246
vt 0.456488916546 0.710481508563
vt 0.483191162562 0.776205050922
vt 0.503896808737 0.757602697979
vt 0.468346287298 0.744378486467
vt 0.500785089059 0.80550269281
vt 0.519806700946 0.784559998122
vt 0.483191162562 0.776205050922
vt 0.520888658863 0.83171730056
vt 0.538015663986 0.80871947388
vt 0.500785089059 0.80550269281
vt 0.543228178569 0.854408796279
vt 0.55829896672 0.829790638053
vt 0.520888658863 0.83171730056
vt 0.567567062386 0.873219239532
vt 0.580431834986 0.847345334463
vt 0.543228178569 0.854408796279
vt 0.593573450468 0.887703392424
vt 0.604150939495 0.860956639628
vt 0.567567062386 0.873219239532
vt 0.620888339584 0.897619406546
vt 0.629127016853 0.870395257141
vt 0.593573450468 0.887703392424
vt 0.64909617618 0.902610427609
vt 0.654995164535 0.875382094961
vt 0.620888339584 0.897619406546
vt 0.677709102163 0.902563634683
vt 0.681313399375 0.875689025275
vt 0.64909617618 0.902610427609
vt 0.706250423156 0.897326308363
vt 0.707582824723 0.871282730272
vt 0.677709102163 0.902563634683
vt 0.734215974094 0.88689887042
vt 0.733383803824 0.862125070853
vt 0.706250423156 0.897326308363
vt 0.761087232945 0.871465087628
vt 0.758233342146 0.848280740969
vt 0.734215974094 0.88689887042
vt 0.786341865931 0.851249378366
vt 0.781588689218 0.829997278687
vt 0.761087232945 0.871465087628
vt 0.809394264216 0.826479443219
vt 0.802981019586 0.807469844998
vt 0.786341865931 0.851249378366
vt 0.829828172763 0.797601882703
vt 0.821947156656 0.781091226773
vt 0.809394264216 0.826479443219
vt 0.847200009259 0.765224370493
vt 0.838074064978 0.7513546948
vt 0.829828172763 0.797601882703
vt 0.861133108025 0.729806634632
vt 0.851021762374 0.71871294246
vt 0.847200009259 0.765224370493
vt 0.871322030892 0.692082692925
vt 0.860502537032 0.683967760453
vt 0.861133108025 0.729806634632
vt 0.877502250137 0.652727063054
vt 0.866252116171 0.647613705038
vt 0.871322030892 0.692082692925
vt 0.866252116171 0.647613705038
vt 0.85276859733 0.641794668567
vt 0.860502537032 0.683967760453
vt 0.860502537032 0.683967760453
vt 0.847573280451 0.674686291901
vt 0.851021762374 0.71871294246
vt 0.851021762374 0.71871294246
vt 0.839025832266 0.706114065999
vt 0.838074064978 0.7513546948
vt 0.838074064978 0.7513546948
vt 0.827311840279 0.735521772278
vt 0.821947156656 0.781091226773
vt 0.821947156656 0.781091226773
vt 0.812714566505 0.762261224128
vt 0.802981019586 0.807469844998
vt 0.802981019586 0.807469844998
vt 0.79556453505 0.785970715432
vt 0.781588689218 0.829997278687
vt 0.781588689218 0.829997278687
vt 0.776211814032 0.806207034219
vt 0.758233342146 0.848280740969
vt 0.758233342146 0.848280740969
vt 0.755084834164 0.822553411313
vt 0.733383803824 0.862125070853
vt 0.733383803824 0.862125070853
vt 0.732624517191 0.834891002341
vt 0.707582824723 0.871282730272
vt 0.707582824723 0.871282730272
vt 0.709313567732 0.84295597278
vt 0.681313399375 0.875689025275
vt 0.681313399375 0.875689025275
vt 0.685599984404 0.846752022482
vt 0.654995164535 0.875382094961
vt 0.654995164535 0.875382094961
vt 0.661864392237 0.846290988803
vt 0.629127016853 0.870395257141
vt 0.629127016853 0.870395257141
vt 0.638552573353 0.841622052117
vt 0.604150939495 0.860956639628
vt 0.604150939495 0.860956639628
vt 0.616059223481 0.832956820895
vt 0.580431834986 0.847345334463
vt 0.580431834986 0.847345334463
vt 0.594746424966 0.82048281247
vt 0.55829896672 0.829790638053
vt 0.55829896672 0.829790638053
vt 0.574881903428 0.804549000598
vt 0.538015663986 0.80871947388
vt 0.538015663986 0.80871947388
vt 0.556677590578 0.785449531235
vt 0.519806700946 0.784559998122
vt 0.519806700946 0.784559998122
vt 0.540367716954 0.763543870462
vt 0.503896808737 0.757602697979
vt 0.503896808737 0.757602697979
vt 0.526106969854 0.739242964651
vt 0.490443048968 0.728439282246
vt 0.490443048968 0.728439282246
vt 0.514065607052 0.712954013577
vt 0.479689759722 0.697492636412
vt 0.479689759722 0.697492636412
vt 0.504416562652 0.685053631223
vt 0.471799986941 0.66512814967
vt 0.471799986941 0.66512814967
vt 0.497352756434 0.655963316762
vt 0.466791953703 0.632011551747
vt 0.466791953703 0.632011551747
vt 0.492875737263 0.626230876643
vt 0.464745313479 0.598545313199
vt 0.464745313479 0.598545313199
vt 0.491063720695 0.596118104892
vt 0.465731016614 0.565224249246
vt 0.469817335193 0.532461351313
vt 0.465731016614 0.565224249246
vt 0.495652903538 0.536768478648
vt 0.477020443153 0.500685892677
vt 0.469817335193 0.532461351313
vt 0.502122745564 0.508242200017
vt 0.487305780016 0.470402116709
vt 0.477020443153 0.500685892677
vt 0.511346746953 0.480995245693
vt 0.500498854298 0.441992699388
vt 0.487305780016 0.470402116709
vt 0.523202271725 0.455536289361
vt 0.516467061688 0.416046763896
vt 0.500498854298 0.441992699388
vt 0.53752490272 0.432188407422
vt 0.534943624757 0.392927128889
vt 0.516467061688 0.416046763896
vt 0.554102232924 0.411417643312
vt 0.555696822525 0.373133018948
vt 0.534943624757 0.392927128889
vt 0.572738018128 0.393552796094
vt 0.578419171461 0.356910660091
vt 0.555696822525 0.373133018948
vt 0.593131636902 0.378966728629
vt 0.602721445456 0.344746075954
vt 0.578419171461 0.356910660091
vt 0.614970724417 0.36799109579
vt 0.628222717714 0.336803961675
vt 0.602721445456 0.344746075954
vt 0.63789425351 0.360861608809
vt 0.65449925081 0.333420560188
vt 0.628222717714 0.336803961675
vt 0.661537594185 0.357809848799
vt 0.681124539541 0.334700328737
vt 0.65449925081 0.333420560188
vt 0.685504283276 0.358930250587
vt 0.707617201289 0.340673188049
vt 0.681124539541 0.334700328737
vt 0.709391252441 0.364252863774
vt 0.733522815302 0.351346584544
vt 0.707617201289 0.340673188049
vt 0.7327693137 0.373878642105
vt 0.758369092316 0.366564902395
vt 0.733522815302 0.351346584544
vt 0.755203253056 0.387586059216
vt 0.781683008703 0.38620511857
vt 0.758369092316 0.366564902395
vt 0.77629384731 0.405298423134
vt 0.803011787677 0.409899941474
vt 0.781683008703 0.38620511857
vt 0.795583618581 0.426754409239
vt 0.821934173585 0.43730006466
vt 0.803011787677 0.409899941474
vt 0.812689808068 0.451537289728
vt 0.838067212944 0.467902497707
vt 0.821934173585 0.43730006466
vt 0.82726255876 0.479228404523
vt 0.851010298769 0.501152472728
vt 0.838067212944 0.467902497707
vt 0.838964428167 0.509356708975
vt 0.86049131299 0.536490001432
vt 0.851010298769 0.501152472728
vt 0.847518508848 0.541275915436
vt 0.866252116171 0.573131977641
vt 0.86049131299 0.536490001432
vt 0.852750320923 0.574464772524
vt 0.868181990448 0.610432383612
vt 0.866252116171 0.573131977641
vt 0.854492356954 0.608218633182
vt 0.868181990448 0.610432383612
vt 0.854492356954 0.608218633182
vt 0.866252116171 0.647613705038
vt 0.854492356954 0.608218633182
vt 0.8370873408 0.605803491202
vt 0.85276859733 0.641794668567
vt 0.854492356954 0.608218633182
vt 0.852750320923 0.574464772524
vt 0.8370873408 0.605803491202
vt 0.852750320923 0.574464772524
vt 0.847518508848 0.541275915436
vt 0.835541813251 0.576079025895
vt 0.847518508848 0.541275915436
vt 0.838964428167 0.509356708975
vt 0.830960758395 0.546845757691
vt 0.838964428167 0.509356708975
vt 0.82726255876 0.479228404523
vt 0.82345929564 0.51866774529
vt 0.82726255876 0.479228404523
vt 0.812689808068 0.451537289728
vt 0.813206292211 0.492116556418
vt 0.812689808068 0.451537289728
vt 0.795583618581 0.426754409239
vt 0.800440955951 0.467625353251
vt 0.795583618581 0.426754409239
vt 0.77629384731 0.405298423134
vt 0.785420228579 0.445749848215
vt 0.77629384731 0.405298423134
vt 0.755203253056 0.387586059216
vt 0.768495027732 0.42682695965
vt 0.755203253056 0.387586059216
vt 0.7327693137 0.373878642105
vt 0.749983355085 0.411147965896
vt 0.7327693137 0.373878642105
vt 0.709391252441 0.364252863774
vt 0.730280112485 0.398931623753
vt 0.709391252441 0.364252863774
vt 0.685504283276 0.358930250587
vt 0.709761692581 0.390377736672
vt 0.685504283276 0.358930250587
vt 0.661537594185 0.357809848799
vt 0.688775790395 0.385621720731
vt 0.661537594185 0.357809848799
vt 0.63789425351 0.360861608809
vt 0.66769303012 0.384505662665
vt 0.63789425351 0.360861608809
vt 0.614970724417 0.36799109579
vt 0.646882196302 0.38715926732
vt 0.614970724417 0.36799109579
vt 0.593131636902 0.378966728629
vt 0.626692838332 0.393402272349
vt 0.593131636902 0.378966728629
vt 0.572738018128 0.393552796094
vt 0.607450240853 0.40299976117
vt 0.572738018128 0.393552796094
vt 0.554102232924 0.411417643312
vt 0.589464553703 0.415754469039
vt 0.554102232924 0.411417643312
vt 0.53752490272 0.432188407422
vt 0.572998959606 0.431462640577
vt 0.53752490272 0.432188407422
vt 0.523202271725 0.455536289361
vt 0.558326282506 0.449781288736
vt 0.523202271725 0.455536289361
vt 0.511346746953 0.480995245693
vt 0.545645062362 0.47034802777
vt 0.511346746953 0.480995245693
vt 0.502122745564 0.508242200017
vt 0.535141706956 0.492860727586
vt 0.502122745564 0.508242200017
vt 0.495652903538 0.536768478648
vt 0.526967186247 0.516865373451
vt 0.495652903538 0.536768478648
vt 0.491955443167 0.566172275642
vt 0.521216202848 0.542035499196
vt 0.491063720695 0.596118104892
vt 0.517051064973 0.594540539974
vt 0.491955443167 0.566172275642
vt 0.492875737263 0.626230876643
vt 0.518617913281 0.621114731359
vt 0.491063720695 0.596118104892
vt 0.497352756434 0.655963316762
vt 0.522554914822 0.647419692667
vt 0.492875737263 0.626230876643
vt 0.504416562652 0.685053631223
vt 0.528796961198 0.673097321653
vt 0.497352756434 0.655963316762
vt 0.514065607052 0.712954013577
vt 0.537307707474 0.697764613171
vt 0.504416562652 0.685053631223
vt 0.526106969854 0.739242964651
vt 0.54794045048 0.721002070221
vt 0.514065607052 0.712954013577
vt 0.540367716954 0.763543870462
vt 0.560552258404 0.742463300101
vt 0.526106969854 0.739242964651
vt 0.556677590578 0.785449531235
vt 0.574986278467 0.761791117266
vt 0.540367716954 0.763543870462
vt 0.574881903428 0.804549000598
vt 0.591070478405 0.778682740866
vt 0.556677590578 0.785449531235
vt 0.594746424966 0.82048281247
vt 0.608646835588 0.792702796646
vt 0.574881903428 0.804549000598
vt 0.616059223481 0.832956820895
vt 0.627484667734 0.80370803202
vt 0.594746424966 0.82048281247
vt 0.638552573353 0.841622052117
vt 0.647350569328 0.811367653693
vt 0.616059223481 0.832956820895
vt 0.661864392237 0.846290988803
vt 0.667934875452 0.815444515601
vt 0.638552573353 0.841622052117
vt 0.685599984404 0.846752022482
vt 0.688861104837 0.815827572466
vt 0.661864392237 0.846290988803
vt 0.709313567732 0.84295597278
vt 0.709783729168 0.812520564986
vt 0.685599984404 0.846752022482
vt 0.732624517191 0.834891002341
vt 0.730306685806 0.805394446562
vt 0.709313567732 0.84295597278
vt 0.755084834164 0.822553411313
vt 0.750032635448 0.794558962784
vt 0.732624517191 0.834891002341
vt 0.776211814032 0.806207034219
vt 0.768581533297 0.780140139011
vt 0.755084834164 0.822553411313
vt 0.79556453505 0.785970715432
vt 0.785552274133 0.76233925389
vt 0.776211814032 0.806207034219
vt 0.812714566505 0.762261224128
vt 0.800576137272 0.741489376834
vt 0.79556453505 0.785970715432
vt 0.827311840279 0.735521772278
vt 0.81334879515 0.717887410657
vt 0.812714566505 0.762261224128
vt 0.839025832266 0.706114065999
vt 0.823578732958 0.692021288049
vt 0.827311840279 0.735521772278
vt 0.847573280451 0.674686291901
vt 0.831056485755 0.66430787833
vt 0.839025832266 0.706114065999
vt 0.85276859733 0.641794668567
vt 0.835595455542 0.635409318963
vt 0.847573280451 0.674686291901
vt 0.835595455542 0.635409318963
vt 0.814014731892 0.628466342983
vt 0.831056485755 0.66430787833
vt 0.831056485755 0.66430787833
vt 0.810194992626 0.653176137907
vt 0.823578732958 0.692021288049
vt 0.823578732958 0.692021288049
vt 0.803885551197 0.676815680074
vt 0.81334879515 0.717887410657
vt 0.81334879515 0.717887410657
vt 0.795230860945 0.698921271392
vt 0.800576137272 0.741489376834
vt 0.800576137272 0.741489376834
vt 0.784440563467 0.719091707984
vt 0.785552274133 0.76233925389
vt 0.785552274133 0.76233925389
vt 0.771711176655 0.736948781924
vt 0.768581533297 0.780140139011
vt 0.768581533297 0.780140139011
vt 0.757331198023 0.752246661258
vt 0.750032635448 0.794558962784
vt 0.750032635448 0.794558962784
vt 0.741581355355 0.764665521459
vt 0.730306685806 0.805394446562
vt 0.730306685806 0.805394446562
vt 0.72480087524 0.774074710182
vt 0.709783729168 0.812520564986
vt 0.709783729168 0.812520564986
vt 0.70730987664 0.780303337761
vt 0.688861104837 0.815827572466
vt 0.688861104837 0.815827572466
vt 0.689441310812 0.783340195297
vt 0.667934875452 0.815444515601
vt 0.667934875452 0.815444515601
vt 0.671543762504 0.783103717886
vt 0.647350569328 0.811367653693
vt 0.647350569328 0.811367653693
vt 0.653887864543 0.779728457366
vt 0.627484667734 0.80370803202
vt 0.627484667734 0.80370803202
vt 0.636820343312 0.773309301545
vt 0.608646835588 0.792702796646
vt 0.608646835588 0.792702796646
vt 0.62059110372 0.76402050575
vt 0.591070478405 0.778682740866
vt 0.591070478405 0.778682740866
vt 0.605411716591 0.752027926927
vt 0.574986278467 0.761791117266
vt 0.574986278467 0.761791117266
vt 0.591502963262 0.73759907438
vt 0.560552258404 0.742463300101
vt 0.560552258404 0.742463300101
vt 0.579012895586 0.721043620261
vt 0.54794045048 0.721002070221
vt 0.54794045048 0.721002070221
vt 0.568090963168 0.702598480579
vt 0.537307707474 0.697764613171
vt 0.537307707474 0.697764613171
vt 0.558882396765 0.682569041264
vt 0.528796961198 0.673097321653
vt 0.528796961198 0.673097321653
vt 0.551523387046 0.661389808178
vt 0.522554914822 0.647419692667
vt 0.522554914822 0.647419692667
vt 0.546131706588 0.639209240885
vt 0.518617913281 0.621114731359
vt 0.518617913281 0.621114731359
vt 0.542751651562 0.616539032873
vt 0.517051064973 0.594540539974
vt 0.517051064973 0.594540539974
vt 0.541449014219 0.593529534881
vt 0.517910447578 0.568075182985
vt 0.517910447578 0.568075182985
vt 0.542235720276 0.570704994821
vt 0.521216202848 0.542035499196
vt 0.526967186247 0.516865373451
vt 0.521216202848 0.542035499196
vt 0.55016382891 0.526487281555
vt 0.535141706956 0.492860727586
vt 0.526967186247 0.516865373451
vt 0.557273636562 0.505782838472
vt 0.545645062362 0.47034802777
vt 0.535141706956 0.492860727586
vt 0.566361459375 0.486435559227
vt 0.558326282506 0.449781288736
vt 0.545645062362 0.47034802777
vt 0.577326328226 0.468769574012
vt 0.572998959606 0.431462640577
vt 0.558326282506 0.449781288736
vt 0.589978305961 0.453102440467
vt 0.589464553703 0.415754469039
vt 0.572998959606 0.431462640577
vt 0.604123257227 0.439660651026
vt 0.607450240853 0.40299976117
vt 0.589464553703 0.415754469039
vt 0.619577059379 0.428752035537
vt 0.626692838332 0.393402272349
vt 0.607450240853 0.40299976117
vt 0.636090248663 0.420653254468
vt 0.646882196302 0.38715926732
vt 0.626692838332 0.393402272349
vt 0.653362290682 0.41545964782
vt 0.66769303012 0.384505662665
vt 0.646882196302 0.38715926732
vt 0.671167757893 0.413337670091
vt 0.688775790395 0.385621720731
vt 0.66769303012 0.384505662665
vt 0.689169544518 0.414394613078
vt 0.709761692581 0.390377736672
vt 0.688775790395 0.385621720731
vt 0.707079485067 0.418627952578
vt 0.730280112485 0.398931623753
vt 0.709761692581 0.390377736672
vt 0.724581896684 0.426052978728
vt 0.749983355085 0.411147965896
vt 0.730280112485 0.398931623753
vt 0.741355912489 0.436636649527
vt 0.768495027732 0.42682695965
vt 0.749983355085 0.411147965896
vt 0.757080080991 0.45016780583
vt 0.785420228579 0.445749848215
vt 0.768495027732 0.42682695965
vt 0.77145350782 0.466398364237
vt 0.800440955951 0.467625353251
vt 0.785420228579 0.445749848215
vt 0.78419564365 0.485178708806
vt 0.813206292211 0.492116556418
vt 0.800440955951 0.467625353251
vt 0.795029503676 0.506155240083
vt 0.82345929564 0.51866774529
vt 0.813206292211 0.492116556418
vt 0.803705974033 0.528812359525
vt 0.830960758395 0.546845757691
vt 0.82345929564 0.51866774529
vt 0.81007277175 0.55292588074
vt 0.835541813251 0.576079025895
vt 0.830960758395 0.546845757691
vt 0.813956393401 0.577880301632
vt 0.8370873408 0.605803491202
vt 0.835541813251 0.576079025895
vt 0.815268474187 0.603165662805
vt 0.8370873408 0.605803491202
vt 0.815268474187 0.603165662805
vt 0.835595455542 0.635409318963
vt 0.814014731892 0.628466342983
vt 0.815268474187 0.603165662805
vt 0.789296151572 0.621436851699
vt 0.813956393401 0.577880301632
vt 0.789217263738 0.579928739199
vt 0.815268474187 0.603165662805
vt 0.81007277175 0.55292588074
vt 0.786069794888 0.559428915689
vt 0.813956393401 0.577880301632
vt 0.803705974033 0.528812359525
vt 0.780899352388 0.539705464903
vt 0.81007277175 0.55292588074
vt 0.795029503676 0.506155240083
vt 0.773827304102 0.5210225783
vt 0.803705974033 0.528812359525
vt 0.78419564365 0.485178708806
vt 0.765034533736 0.503797329481
vt 0.795029503676 0.506155240083
vt 0.77145350782 0.466398364237
vt 0.754655742619 0.488275004903
vt 0.78419564365 0.485178708806
vt 0.757080080991 0.45016780583
vt 0.742913354792 0.474825045574
vt 0.77145350782 0.466398364237
vt 0.741355912489 0.436636649527
vt 0.730063644192 0.463598265159
vt 0.757080080991 0.45016780583
vt 0.724581896684 0.426052978728
vt 0.716330463517 0.454759654537
vt 0.741355912489 0.436636649527
vt 0.707079485067 0.418627952578
vt 0.701976752364 0.448482312988
vt 0.724581896684 0.426052978728
vt 0.689169544518 0.414394613078
vt 0.687268867666 0.444841590595
vt 0.707079485067 0.418627952578
vt 0.671167757893 0.413337670091
vt 0.672437371773 0.443844747479
vt 0.689169544518 0.414394613078
vt 0.653362290682 0.41545964782
vt 0.657756057842 0.445443692465
vt 0.671167757893 0.413337670091
vt 0.636090248663 0.420653254468
vt 0.64347217629 0.44962226814
vt 0.653362290682 0.41545964782
vt 0.619577059379 0.428752035537
vt 0.629814199854 0.456230468222
vt 0.636090248663 0.420653254468
vt 0.604123257227 0.439660651026
vt 0.616999861083 0.465127198697
vt 0.619577059379 0.428752035537
vt 0.589978305961 0.453102440467
vt 0.605240704172 0.476181474054
vt 0.604123257227 0.439660651026
vt 0.577326328226 0.468769574012
vt 0.594697212727 0.489136570726
vt 0.589978305961 0.453102440467
vt 0.566361459375 0.486435559227
vt 0.585555442153 0.503774152443
vt 0.577326328226 0.468769574012
vt 0.557273636562 0.505782838472
vt 0.577955784484 0.519862191425
vt 0.566361459375 0.486435559227
vt 0.55016382891 0.526487281555
vt 0.571985408862 0.53707236102
vt 0.557273636562 0.505782838472
vt 0.545147719989 0.548215238792
vt 0.567741782767 0.555194427607
vt 0.55016382891 0.526487281555
vt 0.542235720276 0.570704994821
vt 0.565272185332 0.573934646525
vt 0.545147719989 0.548215238792
vt 0.541449014219 0.593529534881
vt 0.564567198623 0.593002113002
vt 0.542235720276 0.570704994821
vt 0.542751651562 0.616539032873
vt 0.565641825393 0.612154235947
vt 0.541449014219 0.593529534881
vt 0.546131706588 0.639209240885
vt 0.568434680192 0.631076881688
vt 0.542751651562 0.616539032873
vt 0.551523387046 0.661389808178
vt 0.572952188553 0.649535342164
vt 0.546131706588 0.639209240885
vt 0.551523387046 0.661389808178
vt 0.558882396765 0.682569041264
vt 0.572952188553 0.649535342164
vt 0.558882396765 0.682569041264
vt 0.568090963168 0.702598480579
vt 0.579101022639 0.6671533923
vt 0.568090963168 0.702598480579
vt 0.579012895586 0.721043620261
vt 0.586800175364 0.683747479226
vt 0.579012895586 0.721043620261
vt 0.591502963262 0.73759907438
vt 0.595940169562 0.698975101067
vt 0.591502963262 0.73759907438
vt 0.605411716591 0.752027926927
vt 0.60638215661 0.712685419318
vt 0.605411716591 0.752027926927
vt 0.62059110372 0.76402050575
vt 0.618001198914 0.724516407614
vt 0.62059110372 0.76402050575
vt 0.636820343312 0.773309301545
vt 0.630654583573 0.734315495474
vt 0.636820343312 0.773309301545
vt 0.653887864543 0.779728457366
vt 0.644150482435 0.741859691253
vt 0.653887864543 0.779728457366
vt 0.671543762504 0.783103717886
vt 0.65830094674 0.746989997029
vt 0.671543762504 0.783103717886
vt 0.689441310812 0.783340195297
vt 0.672900287909 0.74959692451
vt 0.689441310812 0.783340195297
vt 0.70730987664 0.780303337761
vt 0.68766001467 0.74964095579
vt 0.70730987664 0.780303337761
vt 0.72480087524 0.774074710182
vt 0.702349683186 0.746970296053
vt 0.72480087524 0.774074710182
vt 0.741581355355 0.764665521459
vt 0.716695895737 0.741639367985
vt 0.741581355355 0.764665521459
vt 0.757331198023 0.752246661258
vt 0.730419168031 0.73377676081
vt 0.757331198023 0.752246661258
vt 0.771711176655 0.736948781924
vt 0.743260959077 0.723425164842
vt 0.771711176655 0.736948781924
vt 0.784440563467 0.719091707984
vt 0.754981478504 0.710757477269
vt 0.784440563467 0.719091707984
vt 0.795230860945 0.698921271392
vt 0.765332020887 0.695955771606
vt 0.795230860945 0.698921271392
vt 0.803885551197 0.676815680074
vt 0.774100028954 0.679329467251
vt 0.803885551197 0.676815680074
vt 0.810194992626 0.653176137907
vt 0.781106987038 0.661135728212
vt 0.810194992626 0.653176137907
vt 0.814014731892 0.628466342983
vt 0.786204794644 0.641714149265
vt 0.786204794644 0.641714149265
vt 0.789296151572 0.621436851699
vt 0.760833313592 0.630333217913
vt 0.781106987038 0.661135728212
vt 0.786204794644 0.641714149265
vt 0.756931485071 0.645373679069
vt 0.774100028954 0.679329467251
vt 0.781106987038 0.661135728212
vt 0.751580250467 0.659514653609
vt 0.765332020887 0.695955771606
vt 0.774100028954 0.679329467251
vt 0.744860427023 0.672473433612
vt 0.754981478504 0.710757477269
vt 0.765332020887 0.695955771606
vt 0.736922805467 0.684050160453
vt 0.743260959077 0.723425164842
vt 0.754981478504 0.710757477269
vt 0.727900935009 0.693952656321
vt 0.730419168031 0.73377676081
vt 0.743260959077 0.723425164842
vt 0.717998053495 0.702113119317
vt 0.716695895737 0.741639367985
vt 0.730419168031 0.73377676081
vt 0.707385855001 0.70839338464
vt 0.702349683186 0.746970296053
vt 0.716695895737 0.741639367985
vt 0.696285624272 0.712664106877
vt 0.68766001467 0.74964095579
vt 0.702349683186 0.746970296053
vt 0.684868448887 0.714915833185
vt 0.672900287909 0.74959692451
vt 0.68766001467 0.74964095579
vt 0.673361596392 0.715048637942
vt 0.65830094674 0.746989997029
vt 0.672900287909 0.74959692451
vt 0.661944184529 0.713151285303
vt 0.644150482435 0.741859691253
vt 0.65830094674 0.746989997029
vt 0.650849847579 0.70928143602
vt 0.630654583573 0.734315495474
vt 0.644150482435 0.741859691253
vt 0.640221292935 0.703509197243
vt 0.618001198914 0.724516407614
vt 0.630654583573 0.734315495474
vt 0.630252415491 0.69595809636
vt 0.60638215661 0.712685419318
vt 0.618001198914 0.724516407614
vt 0.621059963176 0.686750787236
vt 0.595940169562 0.698975101067
vt 0.60638215661 0.712685419318
vt 0.612797025685 0.676080771544
vt 0.586800175364 0.683747479226
vt 0.595940169562 0.698975101067
vt 0.605561277268 0.664146890811
vt 0.579101022639 0.6671533923
vt 0.586800175364 0.683747479226
vt 0.599468271757 0.651123408959
vt 0.572952188553 0.649535342164
vt 0.579101022639 0.6671533923
vt 0.594605719403 0.637312093109
vt 0.568434680192 0.631076881688
vt 0.572952188553 0.649535342164
vt 0.591040230911 0.622785951602
vt 0.568434680192 0.631076881688
vt 0.591040230911 0.622785951602
vt 0.565641825393 0.612154235947
vt 0.565641825393 0.612154235947
vt 0.588830062985 0.60783421907
vt 0.564567198623 0.593002113002
vt 0.564567198623 0.593002113002
vt 0.588013085624 0.592731510474
vt 0.565272185332 0.573934646525
vt 0.565272185332 0.573934646525
vt 0.588607204225 0.577677248035
vt 0.567741782767 0.555194427607
vt 0.567741782767 0.555194427607
vt 0.590612262967 0.562882776566
vt 0.571985408862 0.53707236102
vt 0.571985408862 0.53707236102
vt 0.593987949582 0.548606981625
vt 0.577955784484 0.519862191425
vt 0.577955784484 0.519862191425
vt 0.598724458612 0.535042482484
vt 0.585555442153 0.503774152443
vt 0.585555442153 0.503774152443
vt 0.604757214443 0.522433814359
vt 0.594697212727 0.489136570726
vt 0.594697212727 0.489136570726
vt 0.611983802105 0.51093935904
vt 0.605240704172 0.476181474054
vt 0.605240704172 0.476181474054
vt 0.620288110717 0.500856118837
vt 0.616999861083 0.465127198697
vt 0.616999861083 0.465127198697
vt 0.629539792697 0.492270929463
vt 0.629814199854 0.456230468222
vt 0.629814199854 0.456230468222
vt 0.63958657297 0.485387409297
vt 0.64347217629 0.44962226814
vt 0.64347217629 0.44962226814
vt 0.650278154816 0.480281344726
vt 0.657756057842 0.445443692465
vt 0.657756057842 0.445443692465
vt 0.6614395362 0.477169728919
vt 0.672437371773 0.443844747479
vt 0.672437371773 0.443844747479
vt 0.672887545174 0.476007628149
vt 0.687268867666 0.444841590595
vt 0.687268867666 0.444841590595
vt 0.684425839787 0.47692941147
vt 0.701976752364 0.448482312988
vt 0.701976752364 0.448482312988
vt 0.695846556858 0.479937838308
vt 0.716330463517 0.454759654537
vt 0.716330463517 0.454759654537
vt 0.706968122748 0.484902157303
vt 0.730063644192 0.463598265159
vt 0.730063644192 0.463598265159
vt 0.717603193774 0.491886959617
vt 0.742913354792 0.474825045574
vt 0.742913354792 0.474825045574
vt 0.727530575396 0.500730175943
vt 0.754655742619 0.488275004903
vt 0.754655742619 0.488275004903
vt 0.736574157848 0.511242101279
vt 0.765034533736 0.503797329481
vt 0.765034533736 0.503797329481
vt 0.744555602931 0.523335866156
vt 0.773827304102 0.5210225783
vt 0.773827304102 0.5210225783
vt 0.751311332296 0.536738609271
vt 0.780899352388 0.539705464903
vt 0.780899352388 0.539705464903
vt 0.756741849525 0.551237566718
vt 0.786069794888 0.559428915689
vt 0.786069794888 0.559428915689
vt 0.760714393869 0.566569826884
vt 0.789217263738 0.579928739199
vt 0.789217263738 0.579928739199
vt 0.763117585847 0.582421110326
vt 0.790307304897 0.600703642431
vt 0.789296151572 0.621436851699
vt 0.790307304897 0.600703642431
vt 0.763193818863 0.614632246448
vt 0.76395602841 0.59853926961
vt 0.737145051432 0.596711056206
vt 0.763193818863 0.614632246448
vt 0.763117585847 0.582421110326
vt 0.736558842374 0.58531244331
vt 0.76395602841 0.59853926961
vt 0.760714393869 0.566569826884
vt 0.734858965377 0.574134989601
vt 0.763117585847 0.582421110326
vt 0.756741849525 0.551237566718
vt 0.732081738763 0.563257094366
vt 0.760714393869 0.566569826884
vt 0.751311332296 0.536738609271
vt 0.728290245026 0.553046701391
vt 0.756741849525 0.551237566718
vt 0.744555602931 0.523335866156
vt 0.723556920196 0.543487853834
vt 0.751311332296 0.536738609271
vt 0.736574157848 0.511242101279
vt 0.717963382351 0.534919450657
vt 0.744555602931 0.523335866156
vt 0.727530575396 0.500730175943
vt 0.71160772092 0.527388051338
vt 0.736574157848 0.511242101279
vt 0.717603193774 0.491886959617
vt 0.704619999582 0.521090664648
vt 0.727530575396 0.500730175943
vt 0.706968122748 0.484902157303
vt 0.697125338131 0.516067330084
vt 0.717603193774 0.491886959617
vt 0.695846556858 0.479937838308
vt 0.689257899517 0.51242164622
vt 0.706968122748 0.484902157303
vt 0.684425839787 0.47692941147
vt 0.681174360336 0.510231955056
vt 0.695846556858 0.479937838308
vt 0.672887545174 0.476007628149
vt 0.672983593104 0.509465393461
vt 0.684425839787 0.47692941147
vt 0.6614395362 0.477169728919
vt 0.664836991334 0.510176896611
vt 0.672887545174 0.476007628149
vt 0.650278154816 0.480281344726
vt 0.656882913388 0.51233217004
vt 0.6614395362 0.477169728919
vt 0.63958657297 0.485387409297
vt 0.649240549304 0.515857459057
vt 0.650278154816 0.480281344726
vt 0.629539792697 0.492270929463
vt 0.642055133409 0.520744582094
vt 0.63958657297 0.485387409297
vt 0.620288110717 0.500856118837
vt 0.635415111426 0.526813515271
vt 0.629539792697 0.492270929463
vt 0.611983802105 0.51093935904
vt 0.629466828684 0.534019633789
vt 0.620288110717 0.500856118837
vt 0.604757214443 0.522433814359
vt 0.624264967563 0.542190778691
vt 0.611983802105 0.51093935904
vt 0.598724458612 0.535042482484
vt 0.619902478371 0.551223783839
vt 0.604757214443 0.522433814359
vt 0.593987949582 0.548606981625
vt 0.616464274454 0.560994612866
vt 0.598724458612 0.535042482484
vt 0.590612262967 0.562882776566
vt 0.613985470255 0.571236399358
vt 0.593987949582 0.548606981625
vt 0.588607204225 0.577677248035
vt 0.6125200514 0.581893404883
vt 0.590612262967 0.562882776566
vt 0.588013085624 0.592731510474
vt 0.612067179021 0.592721114204
vt 0.588607204225 0.577677248035
vt 0.588830062985 0.60783421907
vt 0.612643449318 0.603562386182
vt 0.588013085624 0.592731510474
vt 0.588830062985 0.60783421907
vt 0.591040230911 0.622785951602
vt 0.612643449318 0.603562386182
vt 0.591040230911 0.622785951602
vt 0.594605719403 0.637312093109
vt 0.614213175418 0.614316531177
vt 0.594605719403 0.637312093109
vt 0.599468271757 0.651123408959
vt 0.616779273438 0.624737613826
vt 0.599468271757 0.651123408959
vt 0.605561277268 0.664146890811
vt 0.620287974111 0.634668036288
vt 0.605561277268 0.664146890811
vt 0.612797025685 0.676080771544
vt 0.624692529522 0.64400057037
vt 0.612797025685 0.676080771544
vt 0.621059963176 0.686750787236
vt 0.629931023124 0.652499865515
vt 0.621059963176 0.686750787236
vt 0.630252415491 0.69595809636
vt 0.635900868895 0.660080402947
vt 0.649702695268 0.671879641718
vt 0.642513124748 0.66654490161
vt 0.640221292935 0.703509197243
vt 0.657314988787 0.675881874243
vt 0.649702695268 0.671879641718
vt 0.650849847579 0.70928143602
vt 0.650849847579 0.70928143602
vt 0.661944184529 0.713151285303
vt 0.657314988787 0.675881874243
vt 0.661944184529 0.713151285303
vt 0.673361596392 0.715048637942
vt 0.665251791211 0.678574918498
vt 0.673361596392 0.715048637942
vt 0.684868448887 0.714915833185
vt 0.673383674099 0.67981456369
vt 0.684868448887 0.714915833185
vt 0.696285624272 0.712664106877
vt 0.681559205962 0.679579094266
vt 0.696285624272 0.712664106877
vt 0.707385855001 0.70839338464
vt 0.689640018328 0.677911733921
vt 0.707385855001 0.70839338464
vt 0.717998053495 0.702113119317
vt 0.697491300663 0.674756666965
vt 0.717998053495 0.702113119317
vt 0.727900935009 0.693952656321
vt 0.704962048272 0.670261982284
vt 0.727900935009 0.693952656321
vt 0.736922805467 0.684050160453
vt 0.711932320999 0.664376310913
vt 0.736922805467 0.684050160453
vt 0.744860427023 0.672473433612
vt 0.718249814315 0.657235921226
vt 0.744860427023 0.672473433612
vt 0.751580250467 0.659514653609
vt 0.723804422163 0.649012453689
vt 0.751580250467 0.659514653609
vt 0.756931485071 0.645373679069
vt 0.728498154062 0.639856573368
vt 0.756931485071 0.645373679069
vt 0.760833313592 0.630333217913
vt 0.73224943138 0.629811949903
vt 0.760833313592 0.630333217913
vt 0.763193818863 0.614632246448
vt 0.734969617176 0.619149633829
vt 0.734969617176 0.619149633829
vt 0.736616305891 0.608032725212
vt 0.717301181469 0.611726871886
vt 0.73224943138 0.629811949903
vt 0.734969617176 0.619149633829
vt 0.715373788926 0.619350605615
vt 0.728498154062 0.639856573368
vt 0.73224943138 0.629811949903
vt 0.712718091098 0.626517222478
vt 0.723804422163 0.649012453689
vt 0.728498154062 0.639856573368
vt 0.709377714063 0.633140382494
vt 0.718249814315 0.657235921226
vt 0.723804422163 0.649012453689
vt 0.705421293047 0.639085951767
vt 0.711932320999 0.664376310913
vt 0.718249814315 0.657235921226
vt 0.70090552638 0.644181207364
vt 0.704962048272 0.670261982284
vt 0.711932320999 0.664376310913
vt 0.695942092454 0.648434735707
vt 0.697491300663 0.674756666965
vt 0.704962048272 0.670261982284
vt 0.690602650368 0.651720536643
vt 0.689640018328 0.677911733921
vt 0.697491300663 0.674756666965
vt 0.684971131626 0.654021465278
vt 0.681559205962 0.679579094266
vt 0.689640018328 0.677911733921
vt 0.67917551445 0.655265580675
vt 0.673383674099 0.67981456369
vt 0.681559205962 0.679579094266
vt 0.673300285785 0.655505707753
vt 0.665251791211 0.678574918498
vt 0.673383674099 0.67981456369
vt 0.667431791058 0.654665923648
vt 0.657314988787 0.675881874243
vt 0.665251791211 0.678574918498
vt 0.661702679703 0.652801250304
vt 0.649702695268 0.671879641718
vt 0.657314988787 0.675881874243
vt 0.656196160936 0.649965228232
vt 0.642513124748 0.66654490161
vt 0.649702695268 0.671879641718
vt 0.650991481719 0.646165741913
vt 0.635900868895 0.660080402947
vt 0.642513124748 0.66654490161
vt 0.646169814401 0.641496220675
vt 0.629931023124 0.652499865515
vt 0.635900868895 0.660080402947
vt 0.641842833912 0.636049597912
vt 0.624692529522 0.64400057037
vt 0.629931023124 0.652499865515
vt 0.638040198466 0.629957662634
vt 0.620287974111 0.634668036288
vt 0.624692529522 0.64400057037
vt 0.63483893284 0.623200637999
vt 0.616779273438 0.624737613826
vt 0.620287974111 0.634668036288
vt 0.632284713895 0.61601331969
vt 0.614213175418 0.614316531177
vt 0.616779273438 0.624737613826
vt 0.630412357158 0.608483367981
vt 0.612643449318 0.603562386182
vt 0.614213175418 0.614316531177
vt 0.629275260914 0.600706318865
vt 0.612643449318 0.603562386182
vt 0.629275260914 0.600706318865
vt 0.612067179021 0.592721114204
vt 0.612067179021 0.592721114204
vt 0.628865064327 0.592790532749
vt 0.6125200514 0.581893404883
vt 0.6125200514 0.581893404883
vt 0.629208045912 0.58494032776
vt 0.613985470255 0.571236399358
vt 0.613985470255 0.571236399358
vt 0.630304651107 0.577213593156
vt 0.616464274454 0.560994612866
vt 0.616464274454 0.560994612866
vt 0.632109374893 0.569775121266
vt 0.619902478371 0.551223783839
vt 0.619902478371 0.551223783839
vt 0.634611310102 0.562749669091
vt 0.624264967563 0.542190778691
vt 0.624264967563 0.542190778691
vt 0.637773142498 0.556192709954
vt 0.629466828684 0.534019633789
vt 0.629466828684 0.534019633789
vt 0.641556320476 0.550339469369
vt 0.635415111426 0.526813515271
vt 0.635415111426 0.526813515271
vt 0.645879388258 0.54516378314
vt 0.642055133409 0.520744582094
vt 0.642055133409 0.520744582094
vt 0.650680893578 0.54075239254
vt 0.649240549304 0.515857459057
vt 0.649240549304 0.515857459057
vt 0.655865052348 0.537276541659
vt 0.656882913388 0.51233217004
vt 0.656882913388 0.51233217004
vt 0.661385226364 0.534782646138
vt 0.664836991334 0.510176896611
vt 0.664836991334 0.510176896611
vt 0.667114943915 0.533274699124
vt 0.672983593104 0.509465393461
vt 0.672983593104 0.509465393461
vt 0.67298421098 0.532842208279
vt 0.681174360336 0.510231955056
vt 0.681174360336 0.510231955056
vt 0.678857329311 0.533404256317
vt 0.689257899517 0.51242164622
vt 0.689257899517 0.51242164622
vt 0.684670061398 0.535009062227
vt 0.697125338131 0.516067330084
vt 0.697125338131 0.516067330084
vt 0.690299579518 0.537660589206
vt 0.704619999582 0.521090664648
vt 0.704619999582 0.521090664648
vt 0.695660111078 0.541320129506
vt 0.71160772092 0.527388051338
vt 0.71160772092 0.527388051338
vt 0.70066119304 0.545880731419
vt 0.717963382351 0.534919450657
vt 0.717963382351 0.534919450657
vt 0.705195594599 0.55132295095
vt 0.723556920196 0.543487853834
vt 0.723556920196 0.543487853834
vt 0.709170838552 0.557491327435
vt 0.728290245026 0.553046701391
vt 0.728290245026 0.553046701391
vt 0.712550339551 0.564321762252
vt 0.732081738763 0.563257094366
vt 0.732081738763 0.563257094366
vt 0.715257863359 0.571675265681
vt 0.734858965377 0.574134989601
vt 0.734858965377 0.574134989601
vt 0.717224980711 0.579463603608
vt 0.736558842374 0.58531244331
vt 0.736558842374 0.58531244331
vt 0.718429065677 0.587481108211
vt 0.737145051432 0.596711056206
vt 0.737145051432 0.596711056206
vt 0.718848080789 0.59563313332
vt 0.736616305891 0.608032725212
vt 0.718848080789 0.59563313332
vt 0.709753086635 0.595073019869
vt 0.718465215672 0.603783070605
vt 0.718429065677 0.587481108211
vt 0.709409508438 0.588520586079
vt 0.718848080789 0.59563313332
vt 0.717224980711 0.579463603608
vt 0.708455711828 0.58210315944
vt 0.718429065677 0.587481108211
vt 0.715257863359 0.571675265681
vt 0.706887886997 0.575871736484
vt 0.717224980711 0.579463603608
vt 0.712550339551 0.564321762252
vt 0.704716736912 0.569981636435
vt 0.715257863359 0.571675265681
vt 0.709170838552 0.557491327435
vt 0.702032012949 0.564479404292
vt 0.712550339551 0.564321762252
vt 0.705195594599 0.55132295095
vt 0.698840126523 0.559521836128
vt 0.709170838552 0.557491327435
vt 0.70066119304 0.545880731419
vt 0.69521156539 0.555131409567
vt 0.705195594599 0.55132295095
vt 0.695660111078 0.541320129506
vt 0.691216671659 0.551481299997
vt 0.70066119304 0.545880731419
vt 0.690299579518 0.537660589206
vt 0.686906232285 0.548528850908
vt 0.695660111078 0.541320129506
vt 0.684670061398 0.535009062227
vt 0.682388210066 0.546381334382
vt 0.690299579518 0.537660589206
vt 0.678857329311 0.533404256317
vt 0.67771847218 0.545057983966
vt 0.684670061398 0.535009062227
vt 0.67298421098 0.532842208279
vt 0.673009364081 0.544599289446
vt 0.678857329311 0.533404256317
vt 0.667114943915 0.533274699124
vt 0.668296190545 0.544981320509
vt 0.67298421098 0.532842208279
vt 0.661385226364 0.534782646138
vt 0.663685514705 0.546137228532
vt 0.667114943915 0.533274699124
vt 0.655865052348 0.537276541659
vt 0.659257978193 0.548172421946
vt 0.661385226364 0.534782646138
vt 0.650680893578 0.54075239254
vt 0.655072397178 0.550954236523
vt 0.655865052348 0.537276541659
vt 0.645879388258 0.54516378314
vt 0.651200500161 0.554418577557
vt 0.650680893578 0.54075239254
vt 0.641556320476 0.550339469369
vt 0.647734260927 0.558629769325
vt 0.645879388258 0.54516378314
vt 0.637773142498 0.556192709954
vt 0.644691731724 0.563352924163
vt 0.641556320476 0.550339469369
vt 0.634611310102 0.562749669091
vt 0.642146327847 0.568588166891
vt 0.637773142498 0.556192709954
vt 0.632109374893 0.569775121266
vt 0.640121142899 0.57425601897
vt 0.634611310102 0.562749669091
vt 0.630304651107 0.577213593156
vt 0.638669531065 0.580269669246
vt 0.632109374893 0.569775121266
vt 0.629208045912 0.58494032776
vt 0.637783736252 0.586509610402
vt 0.630304651107 0.577213593156
vt 0.628865064327 0.592790532749
vt 0.637523120173 0.592828091769
vt 0.629208045912 0.58494032776
vt 0.629275260914 0.600706318865
vt 0.637835573573 0.599185870557
vt 0.628865064327 0.592790532749
vt 0.629275260914 0.600706318865
vt 0.630412357158 0.608483367981
vt 0.637835573573 0.599185870557
vt 0.630412357158 0.608483367981
vt 0.632284713895 0.61601331969
vt 0.638759997115 0.605418302683
vt 0.632284713895 0.61601331969
vt 0.63483893284 0.623200637999
vt 0.640258885607 0.611481999983
vt 0.63483893284 0.623200637999
vt 0.638040198466 0.629957662634
vt 0.642323136194 0.617277788243
vt 0.638040198466 0.629957662634
vt 0.641842833912 0.636049597912
vt 0.644903021205 0.622675201394
vt 0.641842833912 0.636049597912
vt 0.646169814401 0.641496220675
vt 0.647964540694 0.627587881982
vt 0.646169814401 0.641496220675
vt 0.650991481719 0.646165741913
vt 0.651465807263 0.631974146423
vt 0.650991481719 0.646165741913
vt 0.656196160936 0.649965228232
vt 0.655341410157 0.635723029356
vt 0.656196160936 0.649965228232
vt 0.661702679703 0.652801250304
vt 0.659528237084 0.638724331217
vt 0.661702679703 0.652801250304
vt 0.667431791058 0.654665923648
vt 0.66395991114 0.641034414493
vt 0.667431791058 0.654665923648
vt 0.673300285785 0.655505707753
vt 0.668572048988 0.642476394634
vt 0.673300285785 0.655505707753
vt 0.67917551445 0.655265580675
vt 0.673267817092 0.643151179945
vt 0.67917551445 0.655265580675
vt 0.684971131626 0.654021465278
vt 0.677991197956 0.642963237872
vt 0.684971131626 0.654021465278
vt 0.690602650368 0.651720536643
vt 0.682630367435 0.641950220353
vt 0.690602650368 0.651720536643
vt 0.695942092454 0.648434735707
vt 0.687146341949 0.640082629812
vt 0.695942092454 0.648434735707
vt 0.70090552638 0.644181207364
vt 0.691419237195 0.637437715226
vt 0.70090552638 0.644181207364
vt 0.705421293047 0.639085951767
vt 0.695398916432 0.633992612813
vt 0.705421293047 0.639085951767
vt 0.709377714063 0.633140382494
vt 0.699008700342 0.629911806298
vt 0.709377714063 0.633140382494
vt 0.712718091098 0.626517222478
vt 0.702165507477 0.62517183164
vt 0.712718091098 0.626517222478
vt 0.715373788926 0.619350605615
vt 0.704847038331 0.619837432834
vt 0.717301181469 0.611726871886
vt 0.708514894887 0.60792297015
vt 0.715373788926 0.619350605615
vt 0.718465215672 0.603783070605
vt 0.709445289455 0.601565153738
vt 0.717301181469 0.611726871886
vt 0.708514894887 0.60792297015
vt 0.709445289455 0.601565153738
vt 0.702310706192 0.604958513308
vt 0.706963066202 0.614078900125
vt 0.708514894887 0.60792297015
vt 0.70104609732 0.609955110285
vt 0.704847038331 0.619837432834
vt 0.706963066202 0.614078900125
vt 0.69928216742 0.614709233247
vt 0.702165507477 0.62517183164
vt 0.704847038331 0.619837432834
vt 0.697101670169 0.619078002459
vt 0.699008700342 0.629911806298
vt 0.702165507477 0.62517183164
vt 0.694495965008 0.622989362581
vt 0.695398916432 0.633992612813
vt 0.699008700342 0.629911806298
vt 0.691541032759 0.626362906193
vt 0.691419237195 0.637437715226
vt 0.695398916432 0.633992612813
vt 0.688267225156 0.629154037556
vt 0.687146341949 0.640082629812
vt 0.691419237195 0.637437715226
vt 0.684765727047 0.631305705416
vt 0.682630367435 0.641950220353
vt 0.687146341949 0.640082629812
vt 0.681069738725 0.632820965461
vt 0.677991197956 0.642963237872
vt 0.682630367435 0.641950220353
vt 0.677247105826 0.633680876516
vt 0.673267817092 0.643151179945
vt 0.677991197956 0.642963237872
vt 0.673386832702 0.633810183358
vt 0.668572048988 0.642476394634
vt 0.673267817092 0.643151179945
vt 0.669533496543 0.633293864351
vt 0.66395991114 0.641034414493
vt 0.668572048988 0.642476394634
vt 0.665758829173 0.632100693588
vt 0.659528237084 0.638724331217
vt 0.66395991114 0.641034414493
vt 0.662109506162 0.630230537499
vt 0.655341410157 0.635723029356
vt 0.659528237084 0.638724331217
vt 0.658668533837 0.6277337692
vt 0.651465807263 0.631974146423
vt 0.655341410157 0.635723029356
vt 0.655484420667 0.624657819416
vt 0.647964540694 0.627587881982
vt 0.651465807263 0.631974146423
vt 0.652620876979 0.62108985326
vt 0.644903021205 0.622675201394
vt 0.647964540694 0.627587881982
vt 0.650094271996 0.617032186317
vt 0.642323136194 0.617277788243
vt 0.644903021205 0.622675201394
vt 0.647965570586 0.612612612172
vt 0.640258885607 0.611481999983
vt 0.642323136194 0.617277788243
vt 0.646282576855 0.607873810068
vt 0.638759997115 0.605418302683
vt 0.640258885607 0.611481999983
vt 0.645030712179 0.602859624694
vt 0.637835573573 0.599185870557
vt 0.638759997115 0.605418302683
vt 0.644276297502 0.597719165044
vt 0.637523120173 0.592828091769
vt 0.637835573573 0.599185870557
vt 0.643995565826 0.592508780686
vt 0.637523120173 0.592828091769
vt 0.643995565826 0.592508780686
vt 0.637783736252 0.586509610402
vt 0.638669531065 0.580269669246
vt 0.637783736252 0.586509610402
vt 0.644934366065 0.582178939315
vt 0.638669531065 0.580269669246
vt 0.644934366065 0.582178939315
vt 0.640121142899 0.57425601897
vt 0.640121142899 0.57425601897
vt 0.646134174188 0.577262535663
vt 0.642146327847 0.568588166891
vt 0.642146327847 0.568588166891
vt 0.647780593524 0.572565338943
vt 0.644691731724 0.563352924163
vt 0.644691731724 0.563352924163
vt 0.649877605479 0.568237232949
vt 0.647734260927 0.558629769325
vt 0.647734260927 0.558629769325
vt 0.652372434842 0.564335699396
vt 0.651200500161 0.554418577557
vt 0.651200500161 0.554418577557
vt 0.655219792701 0.560882247333
vt 0.655072397178 0.550954236523
vt 0.655072397178 0.550954236523
vt 0.658403396332 0.558024959265
vt 0.659257978193 0.548172421946
vt 0.659257978193 0.548172421946
vt 0.661827957705 0.555743322393
vt 0.663685514705 0.546137228532
vt 0.663685514705 0.546137228532
vt 0.665476741369 0.554101591462
vt 0.668296190545 0.544981320509
vt 0.668296190545 0.544981320509
vt 0.669269364305 0.553078898956
vt 0.673009364081 0.544599289446
vt 0.673009364081 0.544599289446
vt 0.673137902681 0.552804843477
vt 0.67771847218 0.545057983966
vt 0.67771847218 0.545057983966
vt 0.677032252244 0.553174012531
vt 0.682388210066 0.546381334382
vt 0.682388210066 0.546381334382
vt 0.68087026305 0.554273473063
vt 0.686906232285 0.548528850908
vt 0.686906232285 0.548528850908
vt 0.684581666084 0.556061885801
vt 0.691216671659 0.551481299997
vt 0.691216671659 0.551481299997
vt 0.688121092305 0.558454922357
vt 0.69521156539 0.555131409567
vt 0.69521156539 0.555131409567
vt 0.6914072096 0.561471896207
vt 0.698840126523 0.559521836128
vt 0.698840126523 0.559521836128
vt 0.694384545852 0.565096335604
vt 0.702032012949 0.564479404292
vt 0.702032012949 0.564479404292
vt 0.697002657895 0.569169679099
vt 0.704716736912 0.569981636435
vt 0.704716736912 0.569981636435
vt 0.699221874093 0.573675463575
vt 0.706887886997 0.575871736484
vt 0.706887886997 0.575871736484
vt 0.700994732506 0.578585621578
vt 0.708455711828 0.58210315944
vt 0.708455711828 0.58210315944
vt 0.702278791056 0.583684069525
vt 0.709409508438 0.588520586079
vt 0.709409508438 0.588520586079
vt 0.703065648347 0.589010180033
vt 0.709753086635 0.595073019869
vt 0.709445289455 0.601565153738
vt 0.709753086635 0.595073019869
vt 0.703081617929 0.599725518627
vt 0.703081617929 0.599725518627
vt 0.703338730885 0.594364328894
vt 0.704517624032 0.598830134897
vt 0.703065648347 0.589010180033
vt 0.704501851011 0.58770112904
vt 0.703338730885 0.594364328894
vt 0.702278791056 0.583684069525
vt 0.703691896212 0.58217918705
vt 0.703065648347 0.589010180033
vt 0.700994732506 0.578585621578
vt 0.702339520592 0.576859470841
vt 0.702278791056 0.583684069525
vt 0.699221874093 0.573675463575
vt 0.700512568545 0.571810368363
vt 0.700994732506 0.578585621578
vt 0.697002657895 0.569169679099
vt 0.698200667081 0.567098857706
vt 0.699221874093 0.573675463575
vt 0.694384545852 0.565096335604
vt 0.695487922869 0.562834091785
vt 0.697002657895 0.569169679099
vt 0.6914072096 0.561471896207
vt 0.692392251391 0.559123266438
vt 0.694384545852 0.565096335604
vt 0.688121092305 0.558454922357
vt 0.688985396718 0.555967397948
vt 0.6914072096 0.561471896207
vt 0.684581666084 0.556061885801
vt 0.685319656983 0.553474762351
vt 0.688121092305 0.558454922357
vt 0.68087026305 0.554273473063
vt 0.681459651046 0.551598738521
vt 0.684581666084 0.556061885801
vt 0.677032252244 0.553174012531
vt 0.677478649296 0.550511223799
vt 0.68087026305 0.554273473063
vt 0.673137902681 0.552804843477
vt 0.673439984511 0.550102547946
vt 0.677032252244 0.553174012531
vt 0.669269364305 0.553078898956
vt 0.66943103124 0.550372538126
vt 0.673137902681 0.552804843477
vt 0.665476741369 0.554101591462
vt 0.665498054772 0.551403042816
vt 0.669269364305 0.553078898956
vt 0.661827957705 0.555743322393
vt 0.661708253268 0.553129331479
vt 0.665476741369 0.554101591462
vt 0.658403396332 0.558024959265
vt 0.658156399122 0.555529612516
vt 0.661827957705 0.555743322393
vt 0.655219792701 0.560882247333
vt 0.654859000227 0.558518536322
vt 0.658403396332 0.558024959265
vt 0.652372434842 0.564335699396
vt 0.651896916256 0.562116636395
vt 0.655219792701 0.560882247333
vt 0.649877605479 0.568237232949
vt 0.649314598062 0.566136006848
vt 0.652372434842 0.564335699396
vt 0.647780593524 0.572565338943
vt 0.647158980273 0.570660362742
vt 0.649877605479 0.568237232949
vt 0.646134174188 0.577262535663
vt 0.645451045088 0.575528000142
vt 0.647780593524 0.572565338943
vt 0.644934366065 0.582178939315
vt 0.644212669714 0.580632116268
vt 0.646134174188 0.577262535663
vt 0.644224418153 0.587273501054
vt 0.643462999069 0.585934397552
vt 0.644934366065 0.582178939315
vt 0.643995565826 0.592508780686
vt 0.643252442563 0.591356511657
vt 0.644224418153 0.587273501054
vt 0.643995565826 0.592508780686
vt 0.644276297502 0.597719165044
vt 0.643252442563 0.591356511657
vt 0.644276297502 0.597719165044
vt 0.645030712179 0.602859624694
vt 0.64352717709 0.596793877225
vt 0.645030712179 0.602859624694
vt 0.646282576855 0.607873810068
vt 0.644323272172 0.602104012937
vt 0.646282576855 0.607873810068
vt 0.647965570586 0.612612612172
vt 0.645605647807 0.607306973486
vt 0.647965570586 0.612612612172
vt 0.650094271996 0.617032186317
vt 0.647365090646 0.612220378745
vt 0.650094271996 0.617032186317
vt 0.652620876979 0.62108985326
vt 0.649580295766 0.616841148002
vt 0.652620876979 0.62108985326
vt 0.655484420667 0.624657819416
vt 0.652193888392 0.621025003714
vt 0.655484420667 0.624657819416
vt 0.658668533837 0.6277337692
vt 0.655171799119 0.624767768244
vt 0.658668533837 0.6277337692
vt 0.662109506162 0.630230537499
vt 0.658466919276 0.627962563998
vt 0.662109506162 0.630230537499
vt 0.665758829173 0.632100693588
vt 0.662032018431 0.630521786684
vt 0.665758829173 0.632100693588
vt 0.669533496543 0.633293864351
vt 0.66580370138 0.632484134345
vt 0.669533496543 0.633293864351
vt 0.673386832702 0.633810183358
vt 0.669737016532 0.633719652798
vt 0.673386832702 0.633810183358
vt 0.677247105826 0.633680876516
vt 0.673727677845 0.634302638563
vt 0.677247105826 0.633680876516
vt 0.681069738725 0.632820965461
vt 0.677732216625 0.63414711454
vt 0.681069738725 0.632820965461
vt 0.684765727047 0.631305705416
vt 0.681694529342 0.633285418276
vt 0.684765727047 0.631305705416
vt 0.688267225156 0.629154037556
vt 0.685520028133 0.631715442068
vt 0.688267225156 0.629154037556
vt 0.691541032759 0.626362906193
vt 0.689173130328 0.629453541676
vt 0.691541032759 0.626362906193
vt 0.694495965008 0.622989362581
vt 0.692545170244 0.626510557812
vt 0.694495965008 0.622989362581
vt 0.697101670169 0.619078002459
vt 0.695621653463 0.623014000512
vt 0.697101670169 0.619078002459
vt 0.69928216742 0.614709233247
vt 0.698321842208 0.618985116283
vt 0.69928216742 0.614709233247
vt 0.70104609732 0.609955110285
vt 0.700598702878 0.614458905496
vt 0.70104609732 0.609955110285
vt 0.702310706192 0.604958513308
vt 0.702399110331 0.609538037893
vt 0.702310706192 0.604958513308
vt 0.703081617929 0.599725518627
vt 0.703723449578 0.604303812535
vt 0.703723449578 0.604303812535
vt 0.704517624032 0.598830134897
vt 0.704119456163 0.602056690593
vt 0.702399110331 0.609538037893
vt 0.703723449578 0.604303812535
vt 0.702813604367 0.607344981402
vt 0.700598702878 0.614458905496
vt 0.702399110331 0.609538037893
vt 0.700989230571 0.612332875326
vt 0.698321842208 0.618985116283
vt 0.700598702878 0.614458905496
vt 0.698687170693 0.61692805045
vt 0.695621653463 0.623014000512
vt 0.698321842208 0.618985116283
vt 0.695987994288 0.621017300226
vt 0.692545170244 0.626510557812
vt 0.695621653463 0.623014000512
vt 0.692885445721 0.624582935478
vt 0.689173130328 0.629453541676
vt 0.692545170244 0.626510557812
vt 0.689479979347 0.627528208277
vt 0.685520028133 0.631715442068
vt 0.689173130328 0.629453541676
vt 0.685822717369 0.629833511061
vt 0.681694529342 0.633285418276
vt 0.685520028133 0.631715442068
vt 0.681961190594 0.631418394045
vt 0.677732216625 0.63414711454
vt 0.681694529342 0.633285418276
vt 0.677966982692 0.632333646285
vt 0.673727677845 0.634302638563
vt 0.677732216625 0.63414711454
vt 0.673917029804 0.632478757661
vt 0.669737016532 0.633719652798
vt 0.673727677845 0.634302638563
vt 0.669896394133 0.631905093199
vt 0.66580370138 0.632484134345
vt 0.669737016532 0.633719652798
vt 0.665932396362 0.630612173249
vt 0.662032018431 0.630521786684
vt 0.66580370138 0.632484134345
vt 0.662126186846 0.628654205524
vt 0.658466919276 0.627962563998
vt 0.662032018431 0.630521786684
vt 0.658522019883 0.62603156278
vt 0.655171799119 0.624767768244
vt 0.658466919276 0.627962563998
vt 0.655198878668 0.622833597605
vt 0.652193888392 0.621025003714
vt 0.655171799119 0.624767768244
vt 0.652185177261 0.619061340696
vt 0.649580295766 0.616841148002
vt 0.652193888392 0.621025003714
vt 0.6495417365 0.614819055518
vt 0.647365090646 0.612220378745
vt 0.649580295766 0.616841148002
vt 0.647319081531 0.610132917361
vt 0.645605647807 0.607306973486
vt 0.647365090646 0.612220378745
vt 0.645542924821 0.605162425816
vt 0.644323272172 0.602104012937
vt 0.645605647807 0.607306973486
vt 0.644241716141 0.599865858415
vt 0.64352717709 0.596793877225
vt 0.644323272172 0.602104012937
vt 0.643436390496 0.594471091863
vt 0.643252442563 0.591356511657
vt 0.64352717709 0.596793877225
vt 0.64313870914 0.588971680206
vt 0.643252442563 0.591356511657
vt 0.64313870914 0.588971680206
vt 0.643462999069 0.585934397552
vt 0.643462999069 0.585934397552
vt 0.643376181972 0.583467856945
vt 0.644212669714 0.580632116268
vt 0.644212669714 0.580632116268
vt 0.644106263016 0.578098432411
vt 0.645451045088 0.575528000142
vt 0.645451045088 0.575528000142
vt 0.645359834228 0.572903679499
vt 0.647158980273 0.570660362742
vt 0.647158980273 0.570660362742
vt 0.647075621296 0.567981509386
vt 0.649314598062 0.566136006848
vt 0.649314598062 0.566136006848
vt 0.649267863242 0.563429989995
vt 0.651896916256 0.562116636395
vt 0.651896916256 0.562116636395
vt 0.651865732517 0.559311868702
vt 0.654859000227 0.558518536322
vt 0.654859000227 0.558518536322
vt 0.65484888472 0.555704397614
vt 0.658156399122 0.555529612516
vt 0.658156399122 0.555529612516
vt 0.658156363563 0.552669524768
vt 0.661708253268 0.553129331479
vt 0.661708253268 0.553129331479
vt 0.661747623281 0.550249994654
vt 0.665498054772 0.551403042816
vt 0.665498054772 0.551403042816
vt 0.665553262195 0.548525863601
vt 0.66943103124 0.550372538126
vt 0.66943103124 0.550372538126
vt 0.669516796877 0.5474594573
vt 0.673439984511 0.550102547946
vt 0.673439984511 0.550102547946
vt 0.673570216544 0.547134214791
vt 0.677478649296 0.550511223799
vt 0.677478649296 0.550511223799
vt 0.677634931881 0.547592275527
vt 0.681459651046 0.551598738521
vt 0.681459651046 0.551598738521
vt 0.681647041714 0.548692764239
vt 0.685319656983 0.553474762351
vt 0.685319656983 0.553474762351
vt 0.685523556872 0.550559565138
vt 0.688985396718 0.555967397948
vt 0.688985396718 0.555967397948
vt 0.689226500707 0.553091227641
vt 0.692392251391 0.559123266438
vt 0.692392251391 0.559123266438
vt 0.692662289435 0.556309608546
vt 0.695487922869 0.562834091785
vt 0.695487922869 0.562834091785
vt 0.695780079603 0.560070651432
vt 0.698200667081 0.567098857706
vt 0.698200667081 0.567098857706
vt 0.698540460651 0.564371573939
vt 0.700512568545 0.571810368363
vt 0.700512568545 0.571810368363
vt 0.700845854989 0.569149500401
vt 0.702339520592 0.576859470841
vt 0.702339520592 0.576859470841
vt 0.702706111254 0.574256505361
vt 0.703691896212 0.58217918705
vt 0.703691896212 0.58217918705
vt 0.704058018737 0.579647312133
vt 0.704501851011 0.58770112904
vt 0.704501851011 0.58770112904
vt 0.704884777579 0.585258624494
vt 0.704771883431 0.593294311592
vt 0.704517624032 0.598830134897
vt 0.704771883431 0.593294311592
vt 0.704927447828 0.596537763708
vt 0.704927447828 0.596537763708
vt 0.705178652194 0.590895652907
vt 0.705770517498 0.59283497244
vt 0.706011811791 0.587276586853
vt 0.705178652194 0.590895652907
vt 0.705714844083 0.581723735067
vt 0.705714844083 0.581723735067
vt 0.704884777579 0.585258624494
vt 0.704894551342 0.576258347699
vt 0.704894551342 0.576258347699
vt 0.704058018737 0.579647312133
vt 0.703578013691 0.570941807588
vt 0.703578013691 0.570941807588
vt 0.702706111254 0.574256505361
vt 0.701758463057 0.565939384031
vt 0.701758463057 0.565939384031
vt 0.700845854989 0.569149500401
vt 0.699488361499 0.561274719394
vt 0.699488361499 0.561274719394
vt 0.698540460651 0.564371573939
vt 0.696804080111 0.557046572996
vt 0.696804080111 0.557046572996
vt 0.695780079603 0.560070651432
vt 0.693747017388 0.553337837326
vt 0.693747017388 0.553337837326
vt 0.692662289435 0.556309608546
vt 0.69039903534 0.550229156341
vt 0.69039903534 0.550229156341
vt 0.689226500707 0.553091227641
vt 0.686779719642 0.547700965619
vt 0.686779719642 0.547700965619
vt 0.685523556872 0.550559565138
vt 0.68299351842 0.545850498598
vt 0.68299351842 0.545850498598
vt 0.681647041714 0.548692764239
vt 0.679076911644 0.544757713365
vt 0.679076911644 0.544757713365
vt 0.677634931881 0.547592275527
vt 0.675109567714 0.54432025464
vt 0.675109567714 0.54432025464
vt 0.673570216544 0.547134214791
vt 0.671152996488 0.544636308848
vt 0.671152996488 0.544636308848
vt 0.669516796877 0.5474594573
vt 0.667282599708 0.545663095016
vt 0.667282599708 0.545663095016
vt 0.665553262195 0.548525863601
vt 0.663561271128 0.547360668124
vt 0.663561271128 0.547360668124
vt 0.661747623281 0.550249994654
vt 0.66004857548 0.549747009982
vt 0.66004857548 0.549747009982
vt 0.658156363563 0.552669524768
vt 0.656806091178 0.552742904253
vt 0.656806091178 0.552742904253
vt 0.65484888472 0.555704397614
vt 0.653894886095 0.556309791554
vt 0.653894886095 0.556309791554
vt 0.651865732517 0.559311868702
vt 0.651351435761 0.560346567188
vt 0.651351435761 0.560346567188
vt 0.649267863242 0.563429989995
vt 0.649212480369 0.564818686602
vt 0.649212480369 0.564818686602
vt 0.647075621296 0.567981509386
vt 0.647531550521 0.569686021631
vt 0.647531550521 0.569686021631
vt 0.645359834228 0.572903679499
vt 0.646311816638 0.574776223786
vt 0.646311816638 0.574776223786
vt 0.644106263016 0.578098432411
vt 0.645593088198 0.58005138132
vt 0.645593088198 0.58005138132
vt 0.643376181972 0.583467856945
vt 0.645376936885 0.585475584598
vt 0.645665385335 0.590877620974
vt 0.645376936885 0.585475584598
vt 0.643436390496 0.594471091863
vt 0.646456421388 0.596218241631
vt 0.645665385335 0.590877620974
vt 0.644241716141 0.599865858415
vt 0.64773404389 0.601382086539
vt 0.646456421388 0.596218241631
vt 0.645542924821 0.605162425816
vt 0.649487429743 0.606312742413
vt 0.64773404389 0.601382086539
vt 0.647319081531 0.610132917361
vt 0.651667666043 0.61093010803
vt 0.649487429743 0.606312742413
vt 0.6495417365 0.614819055518
vt 0.65425485473 0.615082513717
vt 0.651667666043 0.61093010803
vt 0.652185177261 0.619061340696
vt 0.657212453048 0.618822677287
vt 0.65425485473 0.615082513717
vt 0.655198878668 0.622833597605
vt 0.660481858145 0.621970455988
vt 0.657212453048 0.618822677287
vt 0.658522019883 0.62603156278
vt 0.664009630833 0.624527372045
vt 0.660481858145 0.621970455988
vt 0.662126186846 0.628654205524
vt 0.667743317138 0.626445320344
vt 0.664009630833 0.624527372045
vt 0.665932396362 0.630612173249
vt 0.671611468166 0.627700709093
vt 0.667743317138 0.626445320344
vt 0.669896394133 0.631905093199
vt 0.675553866712 0.628231090336
vt 0.671611468166 0.627700709093
vt 0.673917029804 0.632478757661
vt 0.679524498074 0.628090114882
vt 0.675553866712 0.628231090336
vt 0.677966982692 0.632333646285
vt 0.683409403595 0.627168083582
vt 0.679524498074 0.628090114882
vt 0.681961190594 0.631418394045
vt 0.687181298993 0.625601855027
vt 0.683409403595 0.627168083582
vt 0.685822717369 0.629833511061
vt 0.69077462067 0.62334730043
vt 0.687181298993 0.625601855027
vt 0.689479979347 0.627528208277
vt 0.694093530234 0.620417055922
vt 0.69077462067 0.62334730043
vt 0.692885445721 0.624582935478
vt 0.697103555574 0.616887749304
vt 0.694093530234 0.620417055922
vt 0.695987994288 0.621017300226
vt 0.699729040454 0.612879713659
vt 0.697103555574 0.616887749304
vt 0.698687170693 0.61692805045
vt 0.701961515135 0.608328660748
vt 0.699729040454 0.612879713659
vt 0.700989230571 0.612332875326
vt 0.703722209919 0.603453022779
vt 0.701961515135 0.608328660748
vt 0.702813604367 0.607344981402
vt 0.705005966541 0.598213201886
vt 0.703722209919 0.603453022779
vt 0.704119456163 0.602056690593
vt 0.705770517498 0.59283497244
vt 0.705005966541 0.598213201886
vt 0.704927447828 0.596537763708
vt 0.869244212296 0.654398046221
vt 0.841828266963 0.668594727705
vt 0.842432123 0.65537804396
vt 0.867709330965 0.685764935784
vt 0.839333901825 0.694848883065
vt 0.841224333559 0.681846824837
vt 0.863162859297 0.716627094909
vt 0.834345326283 0.720426878364
vt 0.837469723579 0.707887409695
vt 0.855543588089 0.746371183562
vt 0.84508252299 0.774584904578
vt 0.831220825829 0.73300176042
vt 0.84508252299 0.774584904578
vt 0.83198024323 0.800622726825
vt 0.822582731631 0.756833668282
vt 0.83198024323 0.800622726825
vt 0.816499839593 0.824165710164
vt 0.811739086463 0.778920508558
vt 0.816499839593 0.824165710164
vt 0.799043935269 0.845151933835
vt 0.798847385469 0.798869463446
vt 0.799043935269 0.845151933835
vt 0.779665657192 0.862698299682
vt 0.784346106919 0.816815389418
vt 0.779665657192 0.862698299682
vt 0.758731306613 0.876347869088
vt 0.768068014177 0.83170589038
vt 0.758731306613 0.876347869088
vt 0.736736762666 0.88624325378
vt 0.750477103806 0.843495926786
vt 0.736736762666 0.88624325378
vt 0.714093432941 0.892448174886
vt 0.731888460289 0.852044939274
vt 0.714093432941 0.892448174886
vt 0.691075356152 0.894172639812
vt 0.712669802536 0.857638407179
vt 0.691075356152 0.894172639812
vt 0.668139570309 0.891785480239
vt 0.693030920389 0.859347977579
vt 0.668139570309 0.891785480239
vt 0.645661140586 0.885207553664
vt 0.673418394137 0.857638407179
vt 0.645661140586 0.885207553664
vt 0.644826630611 0.848163222074
vt 0.654147205111 0.852436655748
vt 0.623998750529 0.874781240099
vt 0.62660560285 0.83815252584
vt 0.635506030321 0.843924110626
vt 0.603472910066 0.860823650011
vt 0.609437875288 0.825124673822
vt 0.617708523797 0.83242791988
vt 0.58442139434 0.842997770891
vt 0.593736896234 0.808986719786
vt 0.601141024869 0.817821427763
vt 0.567671068282 0.82180180669
vt 0.552619222441 0.798116332876
vt 0.586332741809 0.800151976642
vt 0.552619222441 0.798116332876
vt 0.540208772447 0.771924895622
vt 0.573414890484 0.779917499129
vt 0.540208772447 0.771924895622
vt 0.529420798144 0.744340527497
vt 0.562466153992 0.757617123518
vt 0.529420798144 0.744340527497
vt 0.521475270334 0.714757478658
vt 0.553540755434 0.73375650662
vt 0.521475270334 0.714757478658
vt 0.516766452068 0.684162298246
vt 0.547475458149 0.708320525523
vt 0.516766452068 0.684162298246
vt 0.51499895034 0.65293356508
vt 0.543668309366 0.682030202747
vt 0.51499895034 0.65293356508
vt 0.516147196839 0.621765544188
vt 0.542381670977 0.655382500473
vt 0.516147196839 0.621765544188
vt 0.520265940285 0.591122121593
vt 0.543642029334 0.628663969394
vt 0.520265940285 0.591122121593
vt 0.52738145567 0.56138085528
vt 0.547423027035 0.60244451059
vt 0.52738145567 0.56138085528
vt 0.537340762169 0.533290055548
vt 0.553803323644 0.577115827746
vt 0.537340762169 0.533290055548
vt 0.568006231344 0.541988247862
vt 0.562518684935 0.553103549465
vt 0.549984682444 0.507130967428
vt 0.579978879348 0.520828662185
vt 0.573467421107 0.53083858789
vt 0.565137946275 0.483438247496
vt 0.593894491796 0.502019442147
vt 0.586490337588 0.510818771647
vt 0.601324796336 0.493220147813
vt 0.617708520362 0.478330313871
vt 0.609516658349 0.485776303442
vt 0.601758183609 0.445020250067
vt 0.626556668003 0.472416876357
vt 0.617708520362 0.478330313871
vt 0.622654863523 0.43096914959
vt 0.644725758177 0.462227738525
vt 0.635378639524 0.466538852228
vt 0.644703770218 0.420771264029
vt 0.66373025068 0.455461286042
vt 0.654046520186 0.457953093223
vt 0.667613641973 0.414714938113
vt 0.683237816971 0.452255674595
vt 0.673392213702 0.452967192613
vt 0.69091847332 0.41293796679
vt 0.702850368438 0.452468184029
vt 0.693057167498 0.451577423817
vt 0.714175241331 0.414947710321
vt 0.722279124927 0.45599574217
vt 0.71264354359 0.453395411607
vt 0.737070788083 0.421099176124
vt 0.741209027752 0.462906008813
vt 0.731914706265 0.45859498258
vt 0.759154143562 0.431394315196
vt 0.759227381424 0.473343075295
vt 0.750536754712 0.467216067285
vt 0.78000367625 0.445757948431
vt 0.776075762994 0.486844530162
vt 0.767944287413 0.479468993121
vt 0.799475119172 0.463240319284
vt 0.791566273018 0.502980969669
vt 0.784214860704 0.494253805388
vt 0.817071968661 0.483985418004
vt 0.80537642707 0.521754242269
vt 0.798917685331 0.51174463648
vt 0.832558900456 0.507673243943
vt 0.817279053385 0.542808171477
vt 0.811817760464 0.531764751661
vt 0.845611951522 0.533845078521
vt 0.827081794521 0.565751180815
vt 0.822749483528 0.553853137421
vt 0.855984359833 0.562177461076
vt 0.834244281071 0.590218019748
vt 0.831414208673 0.577650279255
vt 0.863460329273 0.59195154272
vt 0.839227602603 0.615808640452
vt 0.83707151443 0.602807733342
vt 0.868054186247 0.622953643207
vt 0.841930058084 0.642114796623
vt 0.841401900387 0.628852734782
vt 0.674230388962 0.58700188542
vt 0.648089509437 0.601181281922
vt 0.67438470068 0.58750122384
vt 0.674213004316 0.586901463393
vt 0.646826442677 0.59605833756
vt 0.674230388962 0.58700188542
vt 0.674166474854 0.586364990058
vt 0.646052267262 0.590818521869
vt 0.674213004316 0.586901463393
vt 0.674151867847 0.586265963666
vt 0.645766158586 0.585458023528
vt 0.674166474854 0.586364990058
vt 0.674198454416 0.585732831673
vt 0.645982293045 0.580133572165
vt 0.674151867847 0.586265963666
vt 0.674230388962 0.585635781841
vt 0.646700978353 0.574897936225
vt 0.674198454416 0.585732831673
vt 0.674370092507 0.585144711812
vt 0.647906152566 0.569848446004
vt 0.674230388962 0.585635781841
vt 0.674402077874 0.585046448338
vt 0.649572425846 0.565119413615
vt 0.674370092507 0.585144711812
vt 0.674634938674 0.584598004536
vt 0.651682300396 0.560668557789
vt 0.674402077874 0.585046448338
vt 0.674696125274 0.584559973618
vt 0.654194066304 0.556710246059
vt 0.674634938674 0.584598004536
vt 0.674993048071 0.5842519833
vt 0.657063942868 0.553204709154
vt 0.674696125274 0.584559973618
vt 0.675068816694 0.584154858179
vt 0.660262463957 0.550269314592
vt 0.674993048071 0.5842519833
vt 0.675412419442 0.583987159522
vt 0.663725862815 0.547941424801
vt 0.675068816694 0.584154858179
vt 0.675502813632 0.583948532775
vt 0.667385582735 0.546284171916
vt 0.675412419442 0.583987159522
vt 0.675875683652 0.583919867696
vt 0.671194052786 0.5452571531
vt 0.675502813632 0.583948532775
vt 0.67595436372 0.583863444611
vt 0.675091179721 0.544961700971
vt 0.675875683652 0.583919867696
vt 0.676341951798 0.583972674354
vt 0.678993234747 0.545378761812
vt 0.67595436372 0.583863444611
vt 0.676420593388 0.584015343784
vt 0.682850024682 0.546472641249
vt 0.676341951798 0.583972674354
vt 0.676779159912 0.584204617386
vt 0.686584915324 0.548321194154
vt 0.676420593388 0.584015343784
vt 0.676854985888 0.584265069374
vt 0.690144076406 0.550749722864
vt 0.676779159912 0.584204617386
vt 0.677152359948 0.584591587228
vt 0.693443450142 0.553817432228
vt 0.676854985888 0.584265069374
vt 0.677213662421 0.584672370078
vt 0.696433902853 0.557483215117
vt 0.677152359948 0.584591587228
vt 0.67744695985 0.585095396729
vt 0.699080940641 0.561669042126
vt 0.677213662421 0.584672370078
vt 0.677493594531 0.585235897192
vt 0.701305645437 0.566231494862
vt 0.67744695985 0.585095396729
vt 0.677648229682 0.585695691782
vt 0.703094658515 0.571192240173
vt 0.677493594531 0.585235897192
vt 0.677662854201 0.585834252274
vt 0.704407143884 0.576404753998
vt 0.677648229682 0.585695691782
vt 0.67772700565 0.586332738005
vt 0.705208865231 0.581787490089
vt 0.677662854201 0.585834252274
vt 0.67772700565 0.586471302927
vt 0.705509045298 0.587238556771
vt 0.67772700565 0.586332738005
vt 0.677677464369 0.586964263975
vt 0.705267904833 0.592694436779
vt 0.67772700565 0.586471302927
vt 0.677648229682 0.587103411588
vt 0.704518511787 0.598030583019
vt 0.677677464369 0.586964263975
vt 0.677508203997 0.587594932917
vt 0.703265017952 0.60312781179
vt 0.677648229682 0.587103411588
vt 0.67746152603 0.587692672256
vt 0.701534844105 0.607961171271
vt 0.677508203997 0.587594932917
vt 0.677242835503 0.588082170253
vt 0.699347797437 0.612411271635
vt 0.67746152603 0.587692672256
vt 0.677181589961 0.588179299686
vt 0.696759509504 0.616422358411
vt 0.677242835503 0.588082170253
vt 0.676884212631 0.588486494321
vt 0.693795176828 0.619870236458
vt 0.677181589961 0.588179299686
vt 0.676808386189 0.588524484986
vt 0.690521930369 0.622740549831
vt 0.676884212631 0.588486494321
vt 0.676464434372 0.588731074811
vt 0.687006689257 0.625016729911
vt 0.676808386189 0.588524484986
vt 0.676373992983 0.588789361719
vt 0.683283268857 0.626584543208
vt 0.676464434372 0.588731074811
vt 0.676000982333 0.588817990642
vt 0.679443843049 0.627467577696
vt 0.676373992983 0.588789361719
vt 0.67590490059 0.588813736018
vt 0.675553359777 0.627653400681
vt 0.676000982333 0.588817990642
vt 0.675532026837 0.588762416364
vt 0.671656030101 0.627123980298
vt 0.67590490059 0.588813736018
vt 0.675456174013 0.588701308583
vt 0.667835473273 0.625911072046
vt 0.675532026837 0.588762416364
vt 0.6750980257 0.588472173032
vt 0.664146460437 0.62397539299
vt 0.675456174013 0.588701308583
vt 0.67502225661 0.588431379198
vt 0.660665845739 0.621480661968
vt 0.6750980257 0.588472173032
vt 0.674725344885 0.588104667764
vt 0.657440698877 0.618333774261
vt 0.67502225661 0.588431379198
vt 0.657440698877 0.618333774261
vt 0.674725344885 0.588104667764
vt 0.654515166208 0.614695996614
vt 0.654515166208 0.614695996614
vt 0.674664143483 0.588004809972
vt 0.651962321393 0.610587687237
vt 0.67438470068 0.58750122384
vt 0.649808937775 0.606048724703
vt 0.67443128035 0.587601656214
vt 0.677662425377 0.586415713465
vt 0.677598333213 0.587008438354
vt 0.67772700565 0.586471302927
vt 0.677598333213 0.585779242166
vt 0.677662425377 0.586415713465
vt 0.677662854201 0.585834252274
vt 0.677598333213 0.587008438354
vt 0.677426230854 0.587597731929
vt 0.677648229682 0.587103411588
vt 0.677426230854 0.587597731929
vt 0.677163692017 0.588086391788
vt 0.67746152603 0.587692672256
vt 0.677163692017 0.588086391788
vt 0.676805076432 0.588451335321
vt 0.677181589961 0.588179299686
vt 0.676805076432 0.588451335321
vt 0.676402651354 0.58865792671
vt 0.676808386189 0.588524484986
vt 0.676402651354 0.58865792671
vt 0.675950988872 0.588722571633
vt 0.676373992983 0.588789361719
vt 0.675950988872 0.588722571633
vt 0.675499410477 0.588629599645
vt 0.67590490059 0.588813736018
vt 0.675499410477 0.588629599645
vt 0.675094594339 0.58839905608
vt 0.675456174013 0.588701308583
vt 0.675094594339 0.58839905608
vt 0.674739292967 0.588013234339
vt 0.67502225661 0.588431379198
vt 0.674739292967 0.588013234339
vt 0.674459824515 0.587509610553
vt 0.674664143483 0.588004809972
vt 0.674459824515 0.587509610553
vt 0.674273498254 0.586909792088
vt 0.67438470068 0.58750122384
vt 0.674273498254 0.586909792088
vt 0.674226920359 0.586313603267
vt 0.674213004316 0.586901463393
vt 0.674226920359 0.586313603267
vt 0.674273498254 0.585681989507
vt 0.674151867847 0.586265963666
vt 0.674273498254 0.585681989507
vt 0.674445214942 0.585152872661
vt 0.674230388962 0.585635781841
vt 0.674445214942 0.585152872661
vt 0.674710071023 0.584665777198
vt 0.674402077874 0.585046448338
vt 0.674710071023 0.584665777198
vt 0.675065383467 0.584258709771
vt 0.674696125274 0.584559973618
vt 0.675065383467 0.584258709771
vt 0.675484810112 0.584052974211
vt 0.675068816694 0.584154858179
vt 0.675484810112 0.584052974211
vt 0.675921769132 0.583967310479
vt 0.675502813632 0.583948532775
vt 0.675921769132 0.583967310479
vt 0.676373484332 0.584079838533
vt 0.67595436372 0.583863444611
vt 0.676373484332 0.584079838533
vt 0.676790469533 0.584308540409
vt 0.676420593388 0.584015343784
vt 0.676790469533 0.584308540409
vt 0.677149068901 0.584736152209
vt 0.676854985888 0.584265069374
vt 0.677411606569 0.585238620824
vt 0.677598333213 0.585779242166
vt 0.677493594531 0.585235897192
vt 0.677149068901 0.584736152209
vt 0.677411606569 0.585238620824
vt 0.677213662421 0.584672370078
vt 0.84508252299 0.774584904578
vt 0.822582731631 0.756833668282
vt 0.826914918369 0.744899462566
vt 0.83198024323 0.800622726825
vt 0.811739086463 0.778920508558
vt 0.817173997108 0.76787708842
vt 0.816499839593 0.824165710164
vt 0.798847385469 0.798869463446
vt 0.805280057643 0.788894986002
vt 0.799043935269 0.845151933835
vt 0.784346106919 0.816815389418
vt 0.791592551548 0.807838184109
vt 0.779665657192 0.862698299682
vt 0.768068014177 0.83170589038
vt 0.776207008971 0.824260112406
vt 0.758731306613 0.876347869088
vt 0.750477103806 0.843495926786
vt 0.759272546098 0.837582657317
vt 0.736736762666 0.88624325378
vt 0.731888460289 0.852044939274
vt 0.741182782048 0.8477715056
vt 0.714093432941 0.892448174886
vt 0.712669802536 0.857638407179
vt 0.722279131413 0.85482342196
vt 0.691075356152 0.894172639812
vt 0.693030920389 0.859347977579
vt 0.702850374357 0.858493719872
vt 0.668139570309 0.891785480239
vt 0.673418394137 0.857638407179
vt 0.683237822317 0.858493719872
vt 0.673418394137 0.857638407179
vt 0.645661140586 0.885207553664
vt 0.654147205111 0.852436655748
vt 0.552619222441 0.798116332876
vt 0.573414890484 0.779917499129
vt 0.579873816146 0.790034755469
vt 0.540208772447 0.771924895622
vt 0.562466153992 0.757617123518
vt 0.567953700561 0.768767838832
vt 0.529420798144 0.744340527497
vt 0.553540755434 0.73375650662
vt 0.558002751387 0.745684007985
vt 0.521475270334 0.714757478658
vt 0.547475458149 0.708320525523
vt 0.550521233912 0.721038516072
vt 0.516766452068 0.684162298246
vt 0.543668309366 0.682030202747
vt 0.545584972193 0.695175346551
vt 0.51499895034 0.65293356508
vt 0.542381670977 0.655382500473
vt 0.543011901736 0.668706896717
vt 0.516147196839 0.621765544188
vt 0.543642029334 0.628663969394
vt 0.543011901736 0.642023780041
vt 0.520265940285 0.591122121593
vt 0.547423027035 0.60244451059
vt 0.545532541079 0.615554239992
vt 0.52738145567 0.56138085528
vt 0.553803323644 0.577115827746
vt 0.550626302461 0.589762989491
vt 0.537340762169 0.533290055548
vt 0.562518684935 0.553103549465
vt 0.558160244835 0.565108581604
vt 0.869244212296 0.654398046221
vt 0.841224333559 0.681846824837
vt 0.841828266963 0.668594727705
vt 0.867709330965 0.685764935784
vt 0.837469723579 0.707887409695
vt 0.839333901825 0.694848883065
vt 0.863162859297 0.716627094909
vt 0.831220825829 0.73300176042
vt 0.834345326283 0.720426878364
vt 0.645661140586 0.885207553664
vt 0.635506030321 0.843924110626
vt 0.644826630611 0.848163222074
vt 0.623998750529 0.874781240099
vt 0.617708523797 0.83242791988
vt 0.62660560285 0.83815252584
vt 0.603472910066 0.860823650011
vt 0.601141024869 0.817821427763
vt 0.609437875288 0.825124673822
vt 0.58442139434 0.842997770891
vt 0.586332741809 0.800151976642
vt 0.593736896234 0.808986719786
vt 0.537340762169 0.533290055548
vt 0.573467421107 0.53083858789
vt 0.568006231344 0.541988247862
vt 0.549984682444 0.507130967428
vt 0.586490337588 0.510818771647
vt 0.579978879348 0.520828662185
vt 0.565137946275 0.483438247496
vt 0.601324796336 0.493220147813
vt 0.593894491796 0.502019442147
vt 0.601324796336 0.493220147813
vt 0.582479960958 0.462640908354
vt 0.617708520362 0.478330313871
vt 0.601758183609 0.445020250067
vt 0.635378639524 0.466538852228
vt 0.626556668003 0.472416876357
vt 0.622654863523 0.43096914959
vt 0.654046520186 0.457953093223
vt 0.644725758177 0.462227738525
vt 0.644703770218 0.420771264029
vt 0.673392213702 0.452967192613
vt 0.66373025068 0.455461286042
vt 0.667613641973 0.414714938113
vt 0.693057167498 0.451577423817
vt 0.683237816971 0.452255674595
vt 0.69091847332 0.41293796679
vt 0.71264354359 0.453395411607
vt 0.702850368438 0.452468184029
vt 0.714175241331 0.414947710321
vt 0.731914706265 0.45859498258
vt 0.722279124927 0.45599574217
vt 0.737070788083 0.421099176124
vt 0.750536754712 0.467216067285
vt 0.741209027752 0.462906008813
vt 0.759154143562 0.431394315196
vt 0.767944287413 0.479468993121
vt 0.759227381424 0.473343075295
vt 0.78000367625 0.445757948431
vt 0.784214860704 0.494253805388
vt 0.776075762994 0.486844530162
vt 0.799475119172 0.463240319284
vt 0.798917685331 0.51174463648
vt 0.791566273018 0.502980969669
vt 0.817071968661 0.483985418004
vt 0.811817760464 0.531764751661
vt 0.80537642707 0.521754242269
vt 0.832558900456 0.507673243943
vt 0.822749483528 0.553853137421
vt 0.817279053385 0.542808171477
vt 0.845611951522 0.533845078521
vt 0.831414208673 0.577650279255
vt 0.827081794521 0.565751180815
vt 0.855984359833 0.562177461076
vt 0.83707151443 0.602807733342
vt 0.834244281071 0.590218019748
vt 0.863460329273 0.59195154272
vt 0.841401900387 0.628852734782
vt 0.839227602603 0.615808640452
vt 0.868054186247 0.622953643207
vt 0.842432123 0.65537804396
vt 0.841930058084 0.642114796623
n -0.5329 0.6565 -0.5339
n -0.0048 0.2275 -0.9738
n -0.6 0.5633 -0.5681
n 0.0121 0.273 -0.9619
n -0.4334 0.7314 -0.5265
n 0.0657 0.2896 -0.9549
n -0.3344 0.7993 -0.4993
n 0.0657 0.2896 -0.9549
n -0.4334 0.7314 -0.5265
n -0.222 0.8481 -0.4811
n 0.1033 0.3199 -0.9418
n -0.3344 0.7993 -0.4993
n -0.1147 0.886 -0.4492
n 0.1548 0.3268 -0.9323
n -0.222 0.8481 -0.4811
n 0.0083 0.9034 -0.4287
n 0.1923 0.3456 -0.9185
n -0.1147 0.886 -0.4492
n 0.1283 0.9045 -0.4068
n 0.2443 0.3391 -0.9085
n 0.0083 0.9034 -0.4287
n 0.2507 0.8867 -0.3884
n 0.2907 0.3306 -0.8979
n 0.1283 0.9045 -0.4068
n 0.364 0.858 -0.3623
n 0.3325 0.3084 -0.8913
n 0.2507 0.8867 -0.3884
n 0.469 0.8146 -0.3412
n 0.3701 0.2969 -0.8803
n 0.364 0.858 -0.3623
n 0.5743 0.7456 -0.3381
n 0.4046 0.2733 -0.8727
n 0.469 0.8146 -0.3412
n 0.6652 0.6745 -0.3203
n 0.429 0.2266 -0.8744
n 0.5743 0.7456 -0.3381
n 0.744 0.5947 -0.3045
n 0.4529 0.2022 -0.8684
n 0.6652 0.6745 -0.3203
n 0.8126 0.5094 -0.2832
n 0.4733 0.1765 -0.863
n 0.744 0.5947 -0.3045
n 0.8687 0.4113 -0.2759
n 0.4947 0.1495 -0.8561
n 0.8126 0.5094 -0.2832
n 0.9102 0.3105 -0.2742
n 0.5061 0.1161 -0.8546
n 0.8687 0.4113 -0.2759
n 0.94 0.206 -0.2721
n 0.5088 0.0837 -0.8568
n 0.9102 0.3105 -0.2742
n 0.9568 0.0998 -0.273
n 0.5125 0.0549 -0.8569
n 0.94 0.206 -0.2721
n 0.9628 -0.0073 -0.2703
n 0.5118 0.0232 -0.8588
n 0.9568 0.0998 -0.273
n 0.9572 -0.1143 -0.2661
n 0.5152 -0.0044 -0.857
n 0.9628 -0.0073 -0.2703
n 0.9369 -0.2159 -0.275
n 0.5181 -0.0347 -0.8546
n 0.9572 -0.1143 -0.2661
n 0.9005 -0.315 -0.2998
n 0.5087 -0.0622 -0.8587
n 0.9369 -0.2159 -0.275
n 0.8582 -0.4142 -0.3033
n 0.4864 -0.0818 -0.8699
n 0.9005 -0.315 -0.2998
n 0.8046 -0.5076 -0.3081
n 0.4838 -0.1129 -0.8679
n 0.8582 -0.4142 -0.3033
n 0.7359 -0.588 -0.3356
n 0.4743 -0.1423 -0.8688
n 0.8046 -0.5076 -0.3081
n 0.6581 -0.6634 -0.356
n 0.45 -0.1583 -0.8789
n 0.7359 -0.588 -0.3356
n 0.5721 -0.7276 -0.3785
n 0.4314 -0.1789 -0.8843
n 0.6581 -0.6634 -0.356
n 0.4783 -0.7805 -0.4026
n 0.4087 -0.198 -0.8909
n 0.5721 -0.7276 -0.3785
n 0.3733 -0.82 -0.4339
n 0.3831 -0.2102 -0.8995
n 0.4783 -0.7805 -0.4026
n 0.2644 -0.854 -0.4481
n 0.3562 -0.2199 -0.9082
n 0.3733 -0.82 -0.4339
n 0.154 -0.8613 -0.4841
n 0.3296 -0.2446 -0.9119
n 0.2644 -0.854 -0.4481
n 0.036 -0.8657 -0.4993
n 0.2968 -0.2402 -0.9243
n 0.154 -0.8613 -0.4841
n -0.0755 -0.8452 -0.5292
n 0.2644 -0.2596 -0.9288
n 0.036 -0.8657 -0.4993
n -0.1877 -0.8131 -0.5511
n 0.2306 -0.2529 -0.9396
n -0.0755 -0.8452 -0.5292
n -0.2917 -0.7597 -0.5812
n 0.194 -0.2513 -0.9483
n -0.1877 -0.8131 -0.5511
n -0.3964 -0.7008 -0.5931
n 0.1622 -0.235 -0.9584
n -0.2917 -0.7597 -0.5812
n -0.4967 -0.6325 -0.5944
n 0.1203 -0.232 -0.9652
n -0.3964 -0.7008 -0.5931
n -0.5746 -0.5446 -0.611
n 0.0723 -0.226 -0.9714
n -0.4967 -0.6325 -0.5944
n -0.6399 -0.4437 -0.6274
n 0.0396 -0.198 -0.9794
n -0.5746 -0.5446 -0.611
n -0.7029 -0.3407 -0.6243
n 0.0158 -0.161 -0.9868
n -0.6399 -0.4437 -0.6274
n -0.7404 -0.2289 -0.6319
n -0.0248 -0.1341 -0.9907
n -0.7029 -0.3407 -0.6243
n -0.7646 -0.1129 -0.6345
n -0.0401 -0.0897 -0.9952
n -0.7404 -0.2289 -0.6319
n -0.7737 0.0069 -0.6335
n -0.0537 -0.0461 -0.9975
n -0.7646 -0.1129 -0.6345
n -0.7737 0.125 -0.6211
n -0.061 -0.0004 -0.9981
n -0.7737 0.0069 -0.6335
n -0.7569 0.2428 -0.6068
n -0.0713 0.0484 -0.9963
n -0.7737 0.125 -0.6211
n -0.7186 0.356 -0.5974
n -0.0718 0.0969 -0.9927
n -0.7569 0.2428 -0.6068
n -0.682 0.4639 -0.5653
n -0.0563 0.1436 -0.988
n -0.7186 0.356 -0.5974
n -0.6 0.5633 -0.5681
n -0.0564 0.1954 -0.9791
n -0.682 0.4639 -0.5653
n 0.3111 0.0436 0.9494
n 0.4475 0.0039 0.8943
n 0.4438 0.0621 0.894
n 0.4475 0.0039 0.8943
n 0.3087 -0.0419 0.9502
n 0.445 -0.0574 0.8937
n 0.445 -0.0574 0.8937
n 0.2913 -0.0813 0.9532
n 0.4326 -0.1168 0.894
n 0.4326 -0.1168 0.894
n 0.2869 -0.1157 0.9509
n 0.4151 -0.1759 0.8926
n 0.4151 -0.1759 0.8926
n 0.2711 -0.1613 0.9489
n 0.3888 -0.2311 0.8919
n 0.3888 -0.2311 0.8919
n 0.2481 -0.1979 0.9483
n 0.3555 -0.2814 0.8913
n 0.3555 -0.2814 0.8913
n 0.2215 -0.2297 0.9477
n 0.3159 -0.3261 0.891
n 0.3159 -0.3261 0.891
n 0.1913 -0.2592 0.9467
n 0.2715 -0.3649 0.8906
n 0.2715 -0.3649 0.8906
n 0.1595 -0.2815 0.9462
n 0.2246 -0.3961 0.8903
n 0.2246 -0.3961 0.8903
n 0.1244 -0.3033 0.9447
n 0.1735 -0.4242 0.8888
n 0.1735 -0.4242 0.8888
n 0.0827 -0.3179 0.9445
n 0.1167 -0.4448 0.888
n 0.1167 -0.4448 0.888
n 0.0395 -0.3269 0.9442
n 0.0563 -0.4574 0.8875
n 0.0563 -0.4574 0.8875
n -0.0016 -0.3305 0.9438
n -0.0016 -0.4608 0.8875
n -0.0016 -0.4608 0.8875
n -0.044 -0.3298 0.943
n -0.0611 -0.4582 0.8867
n -0.0611 -0.4582 0.8867
n -0.089 -0.3225 0.9424
n -0.1226 -0.4473 0.8859
n -0.1226 -0.4473 0.8859
n -0.1321 -0.3091 0.9418
n -0.1813 -0.4275 0.8857
n -0.1813 -0.4275 0.8857
n -0.173 -0.2903 0.9411
n -0.2361 -0.3998 0.8857
n -0.2361 -0.3998 0.8857
n -0.2106 -0.2667 0.9405
n -0.2868 -0.3654 0.8856
n -0.2868 -0.3654 0.8856
n -0.2463 -0.2375 0.9396
n -0.3328 -0.3243 0.8855
n -0.3328 -0.3243 0.8855
n -0.2777 -0.2045 0.9387
n -0.3738 -0.2765 0.8853
n -0.3738 -0.2765 0.8853
n -0.3072 -0.1679 0.9367
n -0.409 -0.224 0.8846
n -0.409 -0.224 0.8846
n -0.3325 -0.1266 0.9346
n -0.4358 -0.1676 0.8843
n -0.4358 -0.1676 0.8843
n -0.3518 -0.082 0.9325
n -0.4562 -0.1075 0.8833
n -0.4562 -0.1075 0.8833
n -0.365 -0.036 0.9303
n -0.4674 -0.0473 0.8828
n -0.4674 -0.0473 0.8828
n -0.3717 0.0104 0.9283
n -0.4711 0.0128 0.882
n -0.4711 0.0128 0.882
n -0.3724 0.0578 0.9263
n -0.4676 0.072 0.881
n -0.4676 0.072 0.881
n -0.3664 0.1022 0.9248
n -0.4567 0.1281 0.8803
n -0.4567 0.1281 0.8803
n -0.3503 0.1475 0.9249
n -0.4382 0.186 0.8794
n -0.4382 0.186 0.8794
n -0.3262 0.1901 0.926
n -0.4109 0.24 0.8795
n -0.3262 0.1901 0.926
n -0.3796 0.2881 0.8791
n -0.4109 0.24 0.8795
n -0.3022 0.23 0.9251
n -0.3408 0.3332 0.8791
n -0.3796 0.2881 0.8791
n -0.27 0.2643 0.9259
n -0.294 0.3735 0.8798
n -0.3408 0.3332 0.8791
n -0.2336 0.2981 0.9255
n -0.2431 0.4056 0.8811
n -0.294 0.3735 0.8798
n -0.1922 0.3231 0.9266
n -0.1897 0.4296 0.8829
n -0.2431 0.4056 0.8811
n -0.1482 0.3381 0.9294
n -0.1331 0.4482 0.884
n -0.1897 0.4296 0.8829
n -0.1031 0.348 0.9318
n -0.0735 0.4603 0.8847
n -0.1331 0.4482 0.884
n -0.0575 0.3526 0.934
n -0.011 0.4643 0.8856
n -0.0735 0.4603 0.8847
n -0.0096 0.3518 0.936
n 0.0517 0.4605 0.8862
n -0.011 0.4643 0.8856
n 0.0377 0.3469 0.9372
n 0.1113 0.4477 0.8872
n 0.0517 0.4605 0.8862
n 0.0819 0.3331 0.9393
n 0.1676 0.4289 0.8877
n 0.1113 0.4477 0.8872
n 0.122 0.3175 0.9404
n 0.2222 0.4024 0.8881
n 0.1676 0.4289 0.8877
n 0.1616 0.2962 0.9414
n 0.2727 0.3672 0.8892
n 0.2222 0.4024 0.8881
n 0.1983 0.2681 0.9428
n 0.3154 0.3271 0.8908
n 0.2727 0.3672 0.8892
n 0.2272 0.2369 0.9446
n 0.3529 0.2836 0.8916
n 0.3154 0.3271 0.8908
n 0.2522 0.2047 0.9458
n 0.3862 0.2343 0.8922
n 0.3529 0.2836 0.8916
n 0.274 0.1677 0.947
n 0.4127 0.1792 0.893
n 0.3862 0.2343 0.8922
n 0.2913 0.1283 0.948
n 0.4325 0.1213 0.8934
n 0.4127 0.1792 0.893
n 0.3049 0.0868 0.9484
n 0.4438 0.0621 0.894
n 0.4325 0.1213 0.8934
n 0.4325 0.1213 0.8934
n 0.5389 0.0749 0.8391
n 0.5247 0.1469 0.8385
n 0.4127 0.1792 0.893
n 0.5247 0.1469 0.8385
n 0.5013 0.217 0.8376
n 0.3862 0.2343 0.8922
n 0.5013 0.217 0.8376
n 0.4686 0.2821 0.8372
n 0.3529 0.2836 0.8916
n 0.4686 0.2821 0.8372
n 0.4281 0.3419 0.8366
n 0.3154 0.3271 0.8908
n 0.4281 0.3419 0.8366
n 0.3811 0.3954 0.8357
n 0.2727 0.3672 0.8892
n 0.3811 0.3954 0.8357
n 0.328 0.4432 0.8342
n 0.2222 0.4024 0.8881
n 0.328 0.4432 0.8342
n 0.268 0.4835 0.8333
n 0.1676 0.4289 0.8877
n 0.268 0.4835 0.8333
n 0.2034 0.5148 0.8329
n 0.1113 0.4477 0.8872
n 0.2034 0.5148 0.8329
n 0.1349 0.537 0.8328
n 0.0517 0.4605 0.8862
n 0.1349 0.537 0.8328
n 0.0629 0.5509 0.8322
n -0.011 0.4643 0.8856
n 0.0629 0.5509 0.8322
n -0.0113 0.5559 0.8312
n -0.0735 0.4603 0.8847
n -0.0113 0.5559 0.8312
n -0.0854 0.5502 0.8307
n -0.1331 0.4482 0.884
n -0.0854 0.5502 0.8307
n -0.1568 0.5353 0.83
n -0.1897 0.4296 0.8829
n -0.1568 0.5353 0.83
n -0.225 0.5116 0.8292
n -0.2431 0.4056 0.8811
n -0.225 0.5116 0.8292
n -0.2899 0.4807 0.8276
n -0.294 0.3735 0.8798
n -0.2899 0.4807 0.8276
n -0.3501 0.4423 0.8257
n -0.3408 0.3332 0.8791
n -0.3501 0.4423 0.8257
n -0.4034 0.3958 0.825
n -0.3796 0.2881 0.8791
n -0.4034 0.3958 0.825
n -0.4492 0.3427 0.8251
n -0.4109 0.24 0.8795
n -0.4492 0.3427 0.8251
n -0.4881 0.2842 0.8252
n -0.4382 0.186 0.8794
n -0.4881 0.2842 0.8252
n -0.5204 0.2207 0.8249
n -0.5418 0.1533 0.8264
n -0.4382 0.186 0.8794
n -0.5204 0.2207 0.8249
n -0.5547 0.0845 0.8278
n -0.4567 0.1281 0.8803
n -0.5418 0.1533 0.8264
n -0.5592 0.0135 0.8289
n -0.4676 0.072 0.881
n -0.5547 0.0845 0.8278
n -0.5546 -0.059 0.83
n -0.4711 0.0128 0.882
n -0.5592 0.0135 0.8289
n -0.5409 -0.1308 0.8308
n -0.4674 -0.0473 0.8828
n -0.5546 -0.059 0.83
n -0.5181 -0.2013 0.8313
n -0.4562 -0.1075 0.8833
n -0.5409 -0.1308 0.8308
n -0.485 -0.2688 0.8322
n -0.4358 -0.1676 0.8843
n -0.5181 -0.2013 0.8313
n -0.4446 -0.3313 0.8322
n -0.409 -0.224 0.8846
n -0.485 -0.2688 0.8322
n -0.3958 -0.388 0.8324
n -0.3738 -0.2765 0.8853
n -0.4446 -0.3313 0.8322
n -0.3407 -0.4368 0.8325
n -0.3328 -0.3243 0.8855
n -0.3958 -0.388 0.8324
n -0.2805 -0.4781 0.8323
n -0.2868 -0.3654 0.8856
n -0.3407 -0.4368 0.8325
n -0.2149 -0.5108 0.8324
n -0.2361 -0.3998 0.8857
n -0.2805 -0.4781 0.8323
n -0.1466 -0.5345 0.8323
n -0.1813 -0.4275 0.8857
n -0.2149 -0.5108 0.8324
n -0.0747 -0.5485 0.8328
n -0.1226 -0.4473 0.8859
n -0.1466 -0.5345 0.8323
n -0.0021 -0.5526 0.8334
n -0.0611 -0.4582 0.8867
n -0.0747 -0.5485 0.8328
n 0.069 -0.5486 0.8332
n -0.0016 -0.4608 0.8875
n -0.0021 -0.5526 0.8334
n 0.1394 -0.5353 0.8331
n 0.0563 -0.4574 0.8875
n 0.069 -0.5486 0.8332
n 0.2072 -0.5114 0.834
n 0.1167 -0.4448 0.888
n 0.1394 -0.5353 0.8331
n 0.2702 -0.4798 0.8348
n 0.1735 -0.4242 0.8888
n 0.2072 -0.5114 0.834
n 0.3293 -0.4396 0.8357
n 0.2246 -0.3961 0.8903
n 0.2702 -0.4798 0.8348
n 0.3833 -0.3937 0.8355
n 0.2715 -0.3649 0.8906
n 0.3293 -0.4396 0.8357
n 0.4309 -0.3395 0.8361
n 0.3159 -0.3261 0.891
n 0.3833 -0.3937 0.8355
n 0.4712 -0.2796 0.8365
n 0.3555 -0.2814 0.8913
n 0.4309 -0.3395 0.8361
n 0.5034 -0.2135 0.8372
n 0.3888 -0.2311 0.8919
n 0.4712 -0.2796 0.8365
n 0.5268 -0.1439 0.8377
n 0.4151 -0.1759 0.8926
n 0.5034 -0.2135 0.8372
n 0.5407 -0.0713 0.8382
n 0.4326 -0.1168 0.894
n 0.5268 -0.1439 0.8377
n 0.5443 0.0023 0.8389
n 0.445 -0.0574 0.8937
n 0.5407 -0.0713 0.8382
n 0.4438 0.0621 0.894
n 0.5443 0.0023 0.8389
n 0.5389 0.0749 0.8391
n 0.5389 0.0749 0.8391
n 0.6665 0.0018 0.7455
n 0.6602 0.0909 0.7456
n 0.6665 0.0018 0.7455
n 0.5407 -0.0713 0.8382
n 0.661 -0.0877 0.7453
n 0.661 -0.0877 0.7453
n 0.5268 -0.1439 0.8377
n 0.6436 -0.1757 0.7449
n 0.6436 -0.1757 0.7449
n 0.5034 -0.2135 0.8372
n 0.615 -0.2607 0.7441
n 0.615 -0.2607 0.7441
n 0.4712 -0.2796 0.8365
n 0.5757 -0.3408 0.7432
n 0.5757 -0.3408 0.7432
n 0.4309 -0.3395 0.8361
n 0.5267 -0.414 0.7425
n 0.5267 -0.414 0.7425
n 0.3833 -0.3937 0.8355
n 0.469 -0.4795 0.7417
n 0.469 -0.4795 0.7417
n 0.3293 -0.4396 0.8357
n 0.4034 -0.5362 0.7415
n 0.4034 -0.5362 0.7415
n 0.2702 -0.4798 0.8348
n 0.3305 -0.5843 0.7412
n 0.3305 -0.5843 0.7412
n 0.2072 -0.5114 0.834
n 0.253 -0.6218 0.7412
n 0.253 -0.6218 0.7412
n 0.1394 -0.5353 0.8331
n 0.1706 -0.6492 0.7412
n 0.1706 -0.6492 0.7412
n 0.069 -0.5486 0.8332
n 0.0851 -0.6653 0.7417
n 0.0851 -0.6653 0.7417
n -0.0021 -0.5526 0.8334
n -0.0019 -0.6709 0.7415
n -0.0019 -0.6709 0.7415
n -0.0747 -0.5485 0.8328
n -0.0894 -0.6648 0.7417
n -0.0894 -0.6648 0.7417
n -0.1466 -0.5345 0.8323
n -0.1764 -0.6469 0.7419
n -0.1764 -0.6469 0.7419
n -0.2149 -0.5108 0.8324
n -0.259 -0.6185 0.7419
n -0.259 -0.6185 0.7419
n -0.2805 -0.4781 0.8323
n -0.3381 -0.5789 0.742
n -0.3381 -0.5789 0.742
n -0.3407 -0.4368 0.8325
n -0.4113 -0.5295 0.7419
n -0.4113 -0.5295 0.7419
n -0.3958 -0.388 0.8324
n -0.4783 -0.4707 0.7414
n -0.4783 -0.4707 0.7414
n -0.4446 -0.3313 0.8322
n -0.5368 -0.4029 0.7413
n -0.5368 -0.4029 0.7413
n -0.485 -0.2688 0.8322
n -0.5865 -0.3271 0.7409
n -0.5865 -0.3271 0.7409
n -0.5181 -0.2013 0.8313
n -0.6261 -0.2458 0.74
n -0.6261 -0.2458 0.74
n -0.5409 -0.1308 0.8308
n -0.6545 -0.1606 0.7388
n -0.6545 -0.1606 0.7388
n -0.5546 -0.059 0.83
n -0.6716 -0.073 0.7373
n -0.6716 -0.073 0.7373
n -0.5592 0.0135 0.8289
n -0.6771 0.0148 0.7358
n -0.6771 0.0148 0.7358
n -0.5547 0.0845 0.8278
n -0.6713 0.1012 0.7342
n -0.6713 0.1012 0.7342
n -0.5418 0.1533 0.8264
n -0.6546 0.185 0.733
n -0.6546 0.185 0.733
n -0.5204 0.2207 0.8249
n -0.6272 0.2656 0.7321
n -0.6272 0.2656 0.7321
n -0.4881 0.2842 0.8252
n -0.5892 0.3424 0.7319
n -0.4881 0.2842 0.8252
n -0.5414 0.4133 0.7322
n -0.5892 0.3424 0.7319
n -0.4492 0.3427 0.8251
n -0.4854 0.4769 0.7328
n -0.5414 0.4133 0.7322
n -0.4034 0.3958 0.825
n -0.4211 0.5332 0.7338
n -0.4854 0.4769 0.7328
n -0.3501 0.4423 0.8257
n -0.3496 0.5807 0.7352
n -0.4211 0.5332 0.7338
n -0.2899 0.4807 0.8276
n -0.2711 0.6193 0.7369
n -0.3496 0.5807 0.7352
n -0.225 0.5116 0.8292
n -0.1873 0.6478 0.7385
n -0.2711 0.6193 0.7369
n -0.1568 0.5353 0.83
n -0.1008 0.6657 0.7394
n -0.1873 0.6478 0.7385
n -0.0854 0.5502 0.8307
n -0.0113 0.6723 0.7402
n -0.1008 0.6657 0.7394
n -0.0113 0.5559 0.8312
n 0.0778 0.6672 0.7408
n -0.0113 0.6723 0.7402
n 0.0629 0.5509 0.8322
n 0.1657 0.6505 0.7413
n 0.0778 0.6672 0.7408
n 0.1349 0.537 0.8328
n 0.2488 0.6229 0.7417
n 0.1657 0.6505 0.7413
n 0.2034 0.5148 0.8329
n 0.3274 0.5853 0.7418
n 0.2488 0.6229 0.7417
n 0.268 0.4835 0.8333
n 0.4004 0.5378 0.7419
n 0.3274 0.5853 0.7418
n 0.328 0.4432 0.8342
n 0.4661 0.4812 0.7424
n 0.4004 0.5378 0.7419
n 0.3811 0.3954 0.8357
n 0.5241 0.416 0.7431
n 0.4661 0.4812 0.7424
n 0.4281 0.3419 0.8366
n 0.5736 0.343 0.7438
n 0.5241 0.416 0.7431
n 0.4686 0.2821 0.8372
n 0.6132 0.2636 0.7446
n 0.5736 0.343 0.7438
n 0.5013 0.217 0.8376
n 0.6423 0.1788 0.7453
n 0.6132 0.2636 0.7446
n 0.5247 0.1469 0.8385
n 0.6602 0.0909 0.7456
n 0.6423 0.1788 0.7453
n 0.6423 0.1788 0.7453
n 0.765 0.1044 0.6356
n 0.7442 0.2064 0.6353
n 0.6132 0.2636 0.7446
n 0.7442 0.2064 0.6353
n 0.7104 0.3044 0.6346
n 0.5736 0.343 0.7438
n 0.7104 0.3044 0.6346
n 0.6645 0.396 0.6337
n 0.5241 0.416 0.7431
n 0.6645 0.396 0.6337
n 0.6072 0.4799 0.6332
n 0.4661 0.4812 0.7424
n 0.6072 0.4799 0.6332
n 0.54 0.5547 0.633
n 0.464 0.62 0.6327
n 0.4661 0.4812 0.7424
n 0.54 0.5547 0.633
n 0.3802 0.6748 0.6325
n 0.4004 0.5378 0.7419
n 0.464 0.62 0.6327
n 0.2891 0.7181 0.633
n 0.3274 0.5853 0.7418
n 0.3802 0.6748 0.6325
n 0.1924 0.7496 0.6334
n 0.2488 0.6229 0.7417
n 0.2891 0.7181 0.633
n 0.0778 0.6672 0.7408
n 0.1924 0.7496 0.6334
n 0.0918 0.7684 0.6333
n -0.0113 0.6723 0.7402
n 0.0918 0.7684 0.6333
n -0.0113 0.7742 0.6329
n -0.1008 0.6657 0.7394
n -0.0113 0.7742 0.6329
n -0.1143 0.7662 0.6323
n -0.1873 0.6478 0.7385
n -0.1143 0.7662 0.6323
n -0.2146 0.7455 0.631
n -0.2711 0.6193 0.7369
n -0.2146 0.7455 0.631
n -0.3114 0.7121 0.6293
n -0.3496 0.5807 0.7352
n -0.3114 0.7121 0.6293
n -0.4013 0.667 0.6278
n -0.4211 0.5332 0.7338
n -0.4013 0.667 0.6278
n -0.4826 0.6118 0.6267
n -0.4854 0.4769 0.7328
n -0.4826 0.6118 0.6267
n -0.5561 0.5467 0.626
n -0.5414 0.4133 0.7322
n -0.5561 0.5467 0.626
n -0.6205 0.4732 0.6253
n -0.5892 0.3424 0.7319
n -0.6205 0.4732 0.6253
n -0.6751 0.3918 0.6251
n -0.6272 0.2656 0.7321
n -0.6751 0.3918 0.6251
n -0.7188 0.3039 0.6253
n -0.7508 0.2116 0.6257
n -0.6272 0.2656 0.7321
n -0.7188 0.3039 0.6253
n -0.7704 0.1154 0.627
n -0.6546 0.185 0.733
n -0.7508 0.2116 0.6257
n -0.7774 0.0163 0.6288
n -0.6713 0.1012 0.7342
n -0.7704 0.1154 0.627
n -0.7713 -0.085 0.6308
n -0.6771 0.0148 0.7358
n -0.7774 0.0163 0.6288
n -0.7521 -0.1857 0.6323
n -0.6716 -0.073 0.7373
n -0.7713 -0.085 0.6308
n -0.7198 -0.2838 0.6335
n -0.6545 -0.1606 0.7388
n -0.7521 -0.1857 0.6323
n -0.6744 -0.3777 0.6344
n -0.6261 -0.2458 0.74
n -0.7198 -0.2838 0.6335
n -0.617 -0.4649 0.635
n -0.5865 -0.3271 0.7409
n -0.6744 -0.3777 0.6344
n -0.5498 -0.5426 0.6351
n -0.5368 -0.4029 0.7413
n -0.617 -0.4649 0.635
n -0.4736 -0.6103 0.635
n -0.4783 -0.4707 0.7414
n -0.5498 -0.5426 0.6351
n -0.3885 -0.6681 0.6346
n -0.4113 -0.5295 0.7419
n -0.4736 -0.6103 0.635
n -0.259 -0.6185 0.7419
n -0.3885 -0.6681 0.6346
n -0.2979 -0.7132 0.6345
n -0.1764 -0.6469 0.7419
n -0.2979 -0.7132 0.6345
n -0.202 -0.7464 0.6341
n -0.0894 -0.6648 0.7417
n -0.202 -0.7464 0.6341
n -0.1023 -0.767 0.6335
n -0.0019 -0.6709 0.7415
n -0.1023 -0.767 0.6335
n -0.002 -0.7737 0.6335
n 0.0851 -0.6653 0.7417
n -0.002 -0.7737 0.6335
n 0.0994 -0.7679 0.6328
n 0.1706 -0.6492 0.7412
n 0.0994 -0.7679 0.6328
n 0.1982 -0.7488 0.6324
n 0.253 -0.6218 0.7412
n 0.1982 -0.7488 0.6324
n 0.2929 -0.7174 0.6321
n 0.3305 -0.5843 0.7412
n 0.2929 -0.7174 0.6321
n 0.3831 -0.6741 0.6316
n 0.4034 -0.5362 0.7415
n 0.3831 -0.6741 0.6316
n 0.4672 -0.6192 0.6311
n 0.469 -0.4795 0.7417
n 0.4672 -0.6192 0.6311
n 0.5427 -0.5536 0.6317
n 0.5267 -0.414 0.7425
n 0.5427 -0.5536 0.6317
n 0.6096 -0.4783 0.6322
n 0.6665 -0.3939 0.633
n 0.5267 -0.414 0.7425
n 0.6096 -0.4783 0.6322
n 0.7122 -0.302 0.6337
n 0.5757 -0.3408 0.7432
n 0.6665 -0.3939 0.633
n 0.7454 -0.2038 0.6347
n 0.615 -0.2607 0.7441
n 0.7122 -0.302 0.6337
n 0.7655 -0.102 0.6352
n 0.6436 -0.1757 0.7449
n 0.7454 -0.2038 0.6347
n 0.7719 0.0013 0.6357
n 0.661 -0.0877 0.7453
n 0.7655 -0.102 0.6352
n 0.6602 0.0909 0.7456
n 0.7719 0.0013 0.6357
n 0.765 0.1044 0.6356
n 0.8571 0.1169 0.5018
n 0.7719 0.0013 0.6357
n 0.865 0.0009 0.5017
n 0.865 0.0009 0.5017
n 0.7655 -0.102 0.6352
n 0.8575 -0.115 0.5015
n 0.8575 -0.115 0.5015
n 0.7454 -0.2038 0.6347
n 0.8347 -0.2288 0.5009
n 0.8347 -0.2288 0.5009
n 0.7122 -0.302 0.6337
n 0.7972 -0.3383 0.5
n 0.7972 -0.3383 0.5
n 0.6665 -0.3939 0.633
n 0.7461 -0.4408 0.499
n 0.6665 -0.3939 0.633
n 0.6824 -0.5347 0.4983
n 0.7461 -0.4408 0.499
n 0.6096 -0.4783 0.6322
n 0.6073 -0.6187 0.4983
n 0.6824 -0.5347 0.4983
n 0.5427 -0.5536 0.6317
n 0.5227 -0.6915 0.4986
n 0.6073 -0.6187 0.4983
n 0.4672 -0.6192 0.6311
n 0.4298 -0.7527 0.4988
n 0.5227 -0.6915 0.4986
n 0.3831 -0.6741 0.6316
n 0.3291 -0.8014 0.4994
n 0.4298 -0.7527 0.4988
n 0.2929 -0.7174 0.6321
n 0.2222 -0.8366 0.5006
n 0.3291 -0.8014 0.4994
n 0.1982 -0.7488 0.6324
n 0.1115 -0.858 0.5014
n 0.2222 -0.8366 0.5006
n 0.0994 -0.7679 0.6328
n -0.0011 -0.8649 0.5019
n 0.1115 -0.858 0.5014
n -0.002 -0.7737 0.6335
n -0.1139 -0.8569 0.5027
n -0.0011 -0.8649 0.5019
n -0.1023 -0.767 0.6335
n -0.2246 -0.8342 0.5036
n -0.1139 -0.8569 0.5027
n -0.202 -0.7464 0.6341
n -0.3322 -0.7967 0.5048
n -0.2246 -0.8342 0.5036
n -0.2979 -0.7132 0.6345
n -0.4337 -0.7461 0.5053
n -0.3322 -0.7967 0.5048
n -0.3885 -0.6681 0.6346
n -0.5276 -0.6826 0.5057
n -0.4337 -0.7461 0.5053
n -0.5276 -0.6826 0.5057
n -0.5498 -0.5426 0.6351
n -0.6131 -0.6062 0.5066
n -0.6131 -0.6062 0.5066
n -0.617 -0.4649 0.635
n -0.6888 -0.5191 0.506
n -0.6888 -0.5191 0.506
n -0.6744 -0.3777 0.6344
n -0.7524 -0.4223 0.5056
n -0.7524 -0.4223 0.5056
n -0.7198 -0.2838 0.6335
n -0.8025 -0.3177 0.505
n -0.8025 -0.3177 0.505
n -0.7521 -0.1857 0.6323
n -0.8385 -0.2078 0.5037
n -0.8385 -0.2078 0.5037
n -0.7713 -0.085 0.6308
n -0.8597 -0.0951 0.5019
n -0.8597 -0.0951 0.5019
n -0.7774 0.0163 0.6288
n -0.8658 0.0177 0.5
n -0.8658 0.0177 0.5
n -0.7704 0.1154 0.627
n -0.8572 0.1275 0.4989
n -0.8572 0.1275 0.4989
n -0.7508 0.2116 0.6257
n -0.8348 0.2336 0.4985
n -0.8348 0.2336 0.4985
n -0.7188 0.3039 0.6253
n -0.7989 0.3364 0.4985
n -0.7989 0.3364 0.4985
n -0.6751 0.3918 0.6251
n -0.7499 0.4346 0.4987
n -0.6751 0.3918 0.6251
n -0.6892 0.5255 0.4988
n -0.7499 0.4346 0.4987
n -0.6205 0.4732 0.6253
n -0.6179 0.6078 0.4987
n -0.6892 0.5255 0.4988
n -0.5561 0.5467 0.626
n -0.5364 0.6806 0.499
n -0.6179 0.6078 0.4987
n -0.4826 0.6118 0.6267
n -0.4453 0.7429 0.4998
n -0.5364 0.6806 0.499
n -0.4013 0.667 0.6278
n -0.3461 0.7937 0.5002
n -0.4453 0.7429 0.4998
n -0.3114 0.7121 0.6293
n -0.2394 0.8317 0.5009
n -0.3461 0.7937 0.5002
n -0.2146 0.7455 0.631
n -0.1266 0.8558 0.5016
n -0.2394 0.8317 0.5009
n -0.1143 0.7662 0.6323
n -0.0114 0.8647 0.5022
n -0.1266 0.8558 0.5016
n -0.0114 0.8647 0.5022
n 0.0918 0.7684 0.6333
n 0.1035 0.8584 0.5024
n 0.1035 0.8584 0.5024
n 0.1924 0.7496 0.6334
n 0.217 0.8374 0.5017
n 0.217 0.8374 0.5017
n 0.2891 0.7181 0.633
n 0.3251 0.8019 0.5012
n 0.3251 0.8019 0.5012
n 0.3802 0.6748 0.6325
n 0.4259 0.7534 0.5011
n 0.4259 0.7534 0.5011
n 0.464 0.62 0.6327
n 0.5198 0.6922 0.5006
n 0.5198 0.6922 0.5006
n 0.54 0.5547 0.633
n 0.6051 0.6193 0.5003
n 0.6051 0.6193 0.5003
n 0.6072 0.4799 0.6332
n 0.6803 0.5355 0.5005
n 0.6803 0.5355 0.5005
n 0.6645 0.396 0.6337
n 0.7441 0.4422 0.5007
n 0.7441 0.4422 0.5007
n 0.7104 0.3044 0.6346
n 0.7956 0.3403 0.5012
n 0.7956 0.3403 0.5012
n 0.7442 0.2064 0.6353
n 0.8338 0.2307 0.5016
n 0.8338 0.2307 0.5016
n 0.765 0.1044 0.6356
n 0.8571 0.1169 0.5018
n 0.8947 0.2468 0.3722
n 0.8571 0.1169 0.5018
n 0.9198 0.1247 0.3721
n 0.8538 0.3641 0.3721
n 0.8338 0.2307 0.5016
n 0.8947 0.2468 0.3722
n 0.7985 0.4733 0.372
n 0.7956 0.3403 0.5012
n 0.8538 0.3641 0.3721
n 0.7297 0.5736 0.3721
n 0.7441 0.4422 0.5007
n 0.7985 0.4733 0.372
n 0.6492 0.6635 0.372
n 0.6803 0.5355 0.5005
n 0.7297 0.5736 0.3721
n 0.5585 0.7414 0.3721
n 0.6051 0.6193 0.5003
n 0.6492 0.6635 0.372
n 0.4575 0.8071 0.3731
n 0.5198 0.6922 0.5006
n 0.5585 0.7414 0.3721
n 0.3487 0.8596 0.3735
n 0.4259 0.7534 0.5011
n 0.4575 0.8071 0.3731
n 0.2331 0.8978 0.3736
n 0.3251 0.8019 0.5012
n 0.3487 0.8596 0.3735
n 0.1119 0.9208 0.3736
n 0.217 0.8374 0.5017
n 0.2331 0.8978 0.3736
n -0.0119 0.9276 0.3734
n 0.1035 0.8584 0.5024
n 0.1119 0.9208 0.3736
n -0.1352 0.9178 0.3734
n -0.0114 0.8647 0.5022
n -0.0119 0.9276 0.3734
n -0.2394 0.8317 0.5009
n -0.1352 0.9178 0.3734
n -0.2554 0.8918 0.3734
n -0.3461 0.7937 0.5002
n -0.2554 0.8918 0.3734
n -0.3695 0.8508 0.3737
n -0.4453 0.7429 0.4998
n -0.3695 0.8508 0.3737
n -0.4765 0.7958 0.3736
n -0.5364 0.6806 0.499
n -0.4765 0.7958 0.3736
n -0.5736 0.7289 0.3737
n -0.6179 0.6078 0.4987
n -0.5736 0.7289 0.3737
n -0.6607 0.6509 0.374
n -0.6892 0.5255 0.4988
n -0.6607 0.6509 0.374
n -0.7374 0.5624 0.374
n -0.7499 0.4346 0.4987
n -0.7374 0.5624 0.374
n -0.8028 0.4643 0.3741
n -0.8552 0.3588 0.374
n -0.7499 0.4346 0.4987
n -0.8028 0.4643 0.3741
n -0.8939 0.2482 0.3734
n -0.7989 0.3364 0.4985
n -0.8552 0.3588 0.374
n -0.9181 0.1347 0.3728
n -0.8348 0.2336 0.4985
n -0.8939 0.2482 0.3734
n -0.9278 0.0176 0.3728
n -0.8572 0.1275 0.4989
n -0.9181 0.1347 0.3728
n -0.9219 -0.1023 0.3736
n -0.8658 0.0177 0.5
n -0.9278 0.0176 0.3728
n -0.8998 -0.2232 0.375
n -0.8597 -0.0951 0.5019
n -0.9219 -0.1023 0.3736
n -0.8615 -0.3411 0.3761
n -0.8385 -0.2078 0.5037
n -0.8998 -0.2232 0.375
n -0.8074 -0.4536 0.3772
n -0.8025 -0.3177 0.505
n -0.8615 -0.3411 0.3761
n -0.7394 -0.5575 0.3776
n -0.7524 -0.4223 0.5056
n -0.8074 -0.4536 0.3772
n -0.6583 -0.6514 0.3774
n -0.6888 -0.5191 0.506
n -0.7394 -0.5575 0.3776
n -0.5276 -0.6826 0.5057
n -0.6583 -0.6514 0.3774
n -0.5661 -0.7329 0.3774
n -0.4337 -0.7461 0.5053
n -0.5661 -0.7329 0.3774
n -0.4651 -0.801 0.3769
n -0.3322 -0.7967 0.5048
n -0.4651 -0.801 0.3769
n -0.3556 -0.8559 0.3755
n -0.2246 -0.8342 0.5036
n -0.3556 -0.8559 0.3755
n -0.2403 -0.8955 0.3746
n -0.1139 -0.8569 0.5027
n -0.2403 -0.8955 0.3746
n -0.1218 -0.9194 0.374
n -0.0011 -0.8649 0.5019
n -0.1218 -0.9194 0.374
n -0.0014 -0.9276 0.3735
n 0.1115 -0.858 0.5014
n -0.0014 -0.9276 0.3735
n 0.12 -0.9202 0.3727
n 0.2222 -0.8366 0.5006
n 0.12 -0.9202 0.3727
n 0.2392 -0.8969 0.3719
n 0.3291 -0.8014 0.4994
n 0.2392 -0.8969 0.3719
n 0.3527 -0.8588 0.3716
n 0.4298 -0.7527 0.4988
n 0.3527 -0.8588 0.3716
n 0.4606 -0.8064 0.3709
n 0.5227 -0.6915 0.4986
n 0.4606 -0.8064 0.3709
n 0.561 -0.7405 0.37
n 0.6073 -0.6187 0.4983
n 0.561 -0.7405 0.37
n 0.6519 -0.6623 0.3692
n 0.6824 -0.5347 0.4983
n 0.6519 -0.6623 0.3692
n 0.7315 -0.5729 0.3697
n 0.7461 -0.4408 0.499
n 0.7315 -0.5729 0.3697
n 0.7998 -0.4727 0.3701
n 0.7972 -0.3383 0.5
n 0.7998 -0.4727 0.3701
n 0.8549 -0.363 0.3706
n 0.8347 -0.2288 0.5009
n 0.8549 -0.363 0.3706
n 0.8954 -0.2457 0.3713
n 0.9202 -0.1233 0.3715
n 0.8347 -0.2288 0.5009
n 0.8954 -0.2457 0.3713
n 0.9284 0.0006 0.3716
n 0.8575 -0.115 0.5015
n 0.9202 -0.1233 0.3715
n 0.9198 0.1247 0.3721
n 0.865 0.0009 0.5017
n 0.9284 0.0006 0.3716
n 0.9592 0.1295 0.2512
n 0.9284 0.0006 0.3716
n 0.968 0.0002 0.2508
n 0.968 0.0002 0.2508
n 0.9202 -0.1233 0.3715
n 0.9595 -0.1287 0.2505
n 0.9202 -0.1233 0.3715
n 0.9337 -0.2562 0.2501
n 0.9595 -0.1287 0.2505
n 0.8954 -0.2457 0.3713
n 0.8913 -0.3784 0.2499
n 0.9337 -0.2562 0.2501
n 0.8549 -0.363 0.3706
n 0.8339 -0.4922 0.2497
n 0.8913 -0.3784 0.2499
n 0.7998 -0.4727 0.3701
n 0.7626 -0.5968 0.2496
n 0.8339 -0.4922 0.2497
n 0.7315 -0.5729 0.3697
n 0.6792 -0.6902 0.2496
n 0.7626 -0.5968 0.2496
n 0.6519 -0.6623 0.3692
n 0.5854 -0.7714 0.2494
n 0.6792 -0.6902 0.2496
n 0.561 -0.7405 0.37
n 0.481 -0.8404 0.2496
n 0.5854 -0.7714 0.2494
n 0.4606 -0.8064 0.3709
n 0.3684 -0.8955 0.2498
n 0.481 -0.8404 0.2496
n 0.3527 -0.8588 0.3716
n 0.2489 -0.9357 0.25
n 0.3684 -0.8955 0.2498
n 0.2392 -0.8969 0.3719
n 0.1253 -0.9603 0.2493
n 0.2489 -0.9357 0.25
n 0.12 -0.9202 0.3727
n -0.0012 -0.9684 0.2493
n 0.1253 -0.9603 0.2493
n -0.0014 -0.9276 0.3735
n -0.1273 -0.96 0.2493
n -0.0012 -0.9684 0.2493
n -0.1218 -0.9194 0.374
n -0.2513 -0.9353 0.249
n -0.1273 -0.96 0.2493
n -0.2403 -0.8955 0.3746
n -0.3713 -0.8945 0.2489
n -0.2513 -0.9353 0.249
n -0.3556 -0.8559 0.3755
n -0.4855 -0.838 0.249
n -0.3713 -0.8945 0.2489
n -0.4651 -0.801 0.3769
n -0.592 -0.7663 0.2497
n -0.4855 -0.838 0.249
n -0.5661 -0.7329 0.3774
n -0.6884 -0.6811 0.2494
n -0.592 -0.7663 0.2497
n -0.6884 -0.6811 0.2494
n -0.7394 -0.5575 0.3776
n -0.7734 -0.583 0.2489
n -0.7734 -0.583 0.2489
n -0.8074 -0.4536 0.3772
n -0.8449 -0.474 0.2479
n -0.8449 -0.474 0.2479
n -0.8615 -0.3411 0.3761
n -0.9011 -0.3566 0.2467
n -0.9011 -0.3566 0.2467
n -0.8998 -0.2232 0.375
n -0.9409 -0.2334 0.2454
n -0.9409 -0.2334 0.2454
n -0.9219 -0.1023 0.3736
n -0.9636 -0.1077 0.2445
n -0.9636 -0.1077 0.2445
n -0.9278 0.0176 0.3728
n -0.9695 0.0169 0.2446
n -0.9695 0.0169 0.2446
n -0.9181 0.1347 0.3728
n -0.9595 0.1388 0.2452
n -0.9595 0.1388 0.2452
n -0.8939 0.2482 0.3734
n -0.9344 0.2573 0.2464
n -0.8939 0.2482 0.3734
n -0.8938 0.3739 0.2475
n -0.9344 0.2573 0.2464
n -0.8552 0.3588 0.374
n -0.8386 0.485 0.2479
n -0.8938 0.3739 0.2475
n -0.8386 0.485 0.2479
n -0.7374 0.5624 0.374
n -0.7704 0.5872 0.2483
n -0.7704 0.5872 0.2483
n -0.6607 0.6509 0.374
n -0.69 0.6797 0.2487
n -0.6607 0.6509 0.374
n -0.5983 0.7617 0.2489
n -0.69 0.6797 0.2487
n -0.5736 0.7289 0.3737
n -0.4967 0.8317 0.2482
n -0.5983 0.7617 0.2489
n -0.4765 0.7958 0.3736
n -0.3847 0.8892 0.2478
n -0.4967 0.8317 0.2482
n -0.3695 0.8508 0.3737
n -0.266 0.9314 0.2484
n -0.3847 0.8892 0.2478
n -0.2554 0.8918 0.3734
n -0.1406 0.9583 0.249
n -0.266 0.9314 0.2484
n -0.1352 0.9178 0.3734
n -0.0124 0.9682 0.2499
n -0.1406 0.9583 0.249
n -0.0124 0.9682 0.2499
n 0.1119 0.9208 0.3736
n 0.1167 0.9611 0.2502
n 0.1167 0.9611 0.2502
n 0.2331 0.8978 0.3736
n 0.2431 0.9369 0.2512
n 0.2431 0.9369 0.2512
n 0.3487 0.8596 0.3735
n 0.3641 0.8968 0.2515
n 0.3641 0.8968 0.2515
n 0.4575 0.8071 0.3731
n 0.4779 0.8416 0.2517
n 0.4779 0.8416 0.2517
n 0.5585 0.7414 0.3721
n 0.5828 0.7726 0.2518
n 0.5828 0.7726 0.2518
n 0.6492 0.6635 0.372
n 0.6772 0.6914 0.2519
n 0.6772 0.6914 0.2519
n 0.7297 0.5736 0.3721
n 0.7614 0.5974 0.2516
n 0.7614 0.5974 0.2516
n 0.7985 0.4733 0.372
n 0.8328 0.4929 0.2518
n 0.8328 0.4929 0.2518
n 0.8538 0.3641 0.3721
n 0.8905 0.3791 0.2518
n 0.8905 0.3791 0.2518
n 0.8947 0.2468 0.3722
n 0.9332 0.2567 0.2514
n 0.9332 0.2567 0.2514
n 0.9198 0.1247 0.3721
n 0.9592 0.1295 0.2512
n 0.9558 0.2624 0.1329
n 0.9592 0.1295 0.2512
n 0.9823 0.1323 0.1329
n 0.9122 0.3875 0.133
n 0.9332 0.2567 0.2514
n 0.9558 0.2624 0.1329
n 0.8531 0.5045 0.1328
n 0.8905 0.3791 0.2518
n 0.9122 0.3875 0.133
n 0.7802 0.6115 0.1321
n 0.8328 0.4929 0.2518
n 0.8531 0.5045 0.1328
n 0.6941 0.7077 0.132
n 0.7614 0.5974 0.2516
n 0.7802 0.6115 0.1321
n 0.5968 0.7916 0.1313
n 0.6772 0.6914 0.2519
n 0.6941 0.7077 0.132
n 0.4895 0.8623 0.1294
n 0.5828 0.7726 0.2518
n 0.5968 0.7916 0.1313
n 0.3727 0.919 0.1282
n 0.4779 0.8416 0.2517
n 0.4895 0.8623 0.1294
n 0.2484 0.9604 0.1263
n 0.3641 0.8968 0.2515
n 0.3727 0.919 0.1282
n 0.1191 0.9851 0.124
n 0.2431 0.9369 0.2512
n 0.2484 0.9604 0.1263
n -0.013 0.9924 0.122
n 0.1167 0.9611 0.2502
n 0.1191 0.9851 0.124
n -0.1447 0.9822 0.1196
n -0.0124 0.9682 0.2499
n -0.013 0.9924 0.122
n -0.273 0.9548 0.1178
n -0.1406 0.9583 0.249
n -0.1447 0.9822 0.1196
n -0.3946 0.9115 0.116
n -0.266 0.9314 0.2484
n -0.273 0.9548 0.1178
n -0.5083 0.8535 0.1147
n -0.3847 0.8892 0.2478
n -0.3946 0.9115 0.116
n -0.6132 0.7817 0.1135
n -0.4967 0.8317 0.2482
n -0.5083 0.8535 0.1147
n -0.7077 0.6975 0.1124
n -0.5983 0.7617 0.2489
n -0.6132 0.7817 0.1135
n -0.7704 0.5872 0.2483
n -0.7077 0.6975 0.1124
n -0.7907 0.602 0.1112
n -0.8609 0.4969 0.1096
n -0.7704 0.5872 0.2483
n -0.7907 0.602 0.1112
n -0.8938 0.3739 0.2475
n -0.8609 0.4969 0.1096
n -0.9175 0.3827 0.1081
n -0.9344 0.2573 0.2464
n -0.9175 0.3827 0.1081
n -0.9589 0.2628 0.1074
n -0.9843 0.1406 0.1065
n -0.9344 0.2573 0.2464
n -0.9589 0.2628 0.1074
n -0.9943 0.0159 0.1058
n -0.9595 0.1388 0.2452
n -0.9843 0.1406 0.1065
n -0.9882 -0.1111 0.1057
n -0.9695 0.0169 0.2446
n -0.9943 0.0159 0.1058
n -0.9652 -0.2391 0.1063
n -0.9636 -0.1077 0.2445
n -0.9882 -0.1111 0.1057
n -0.9247 -0.3652 0.1076
n -0.9409 -0.2334 0.2454
n -0.9652 -0.2391 0.1063
n -0.8672 -0.4858 0.1093
n -0.9011 -0.3566 0.2467
n -0.9247 -0.3652 0.1076
n -0.7939 -0.5979 0.1109
n -0.8449 -0.474 0.2479
n -0.8672 -0.4858 0.1093
n -0.7067 -0.6985 0.1125
n -0.7734 -0.583 0.2489
n -0.7939 -0.5979 0.1109
n -0.592 -0.7663 0.2497
n -0.7067 -0.6985 0.1125
n -0.6073 -0.7863 0.1138
n -0.4855 -0.838 0.249
n -0.6073 -0.7863 0.1138
n -0.4981 -0.8594 0.1152
n -0.3713 -0.8945 0.2489
n -0.4981 -0.8594 0.1152
n -0.3812 -0.9171 0.1169
n -0.2513 -0.9353 0.249
n -0.3812 -0.9171 0.1169
n -0.258 -0.9589 0.1185
n -0.1273 -0.96 0.2493
n -0.258 -0.9589 0.1185
n -0.1312 -0.984 0.1202
n -0.0012 -0.9684 0.2493
n -0.1312 -0.984 0.1202
n -0.0016 -0.9925 0.1219
n 0.1253 -0.9603 0.2493
n -0.0016 -0.9925 0.1219
n 0.1278 -0.9841 0.1233
n 0.2489 -0.9357 0.25
n 0.1278 -0.9841 0.1233
n 0.2546 -0.9589 0.1251
n 0.3684 -0.8955 0.2498
n 0.2546 -0.9589 0.1251
n 0.3769 -0.9175 0.1271
n 0.481 -0.8404 0.2496
n 0.3769 -0.9175 0.1271
n 0.4924 -0.8608 0.1284
n 0.5854 -0.7714 0.2494
n 0.4924 -0.8608 0.1284
n 0.5994 -0.7899 0.1296
n 0.6792 -0.6902 0.2496
n 0.5994 -0.7899 0.1296
n 0.6959 -0.7063 0.13
n 0.7626 -0.5968 0.2496
n 0.6959 -0.7063 0.13
n 0.781 -0.6108 0.1306
n 0.8339 -0.4922 0.2497
n 0.781 -0.6108 0.1306
n 0.8537 -0.5039 0.1312
n 0.8913 -0.3784 0.2499
n 0.8537 -0.5039 0.1312
n 0.9126 -0.387 0.1316
n 0.9337 -0.2562 0.2501
n 0.9126 -0.387 0.1316
n 0.956 -0.2622 0.1318
n 0.9823 -0.1322 0.1326
n 0.9337 -0.2562 0.2501
n 0.956 -0.2622 0.1318
n 0.9911 0.0001 0.1331
n 0.9595 -0.1287 0.2505
n 0.9823 -0.1322 0.1326
n 0.9823 0.1323 0.1329
n 0.968 0.0002 0.2508
n 0.9911 0.0001 0.1331
n 0.9908 0.1332 0.0254
n 0.9911 0.0001 0.1331
n 0.9997 0.0 0.0255
n 0.9911 0.0001 0.1331
n 0.9907 -0.1337 0.0251
n 0.9997 0.0 0.0255
n 0.9823 -0.1322 0.1326
n 0.9642 -0.2642 0.0243
n 0.9907 -0.1337 0.0251
n 0.956 -0.2622 0.1318
n 0.9205 -0.3901 0.0231
n 0.9642 -0.2642 0.0243
n 0.9126 -0.387 0.1316
n 0.8615 -0.5074 0.0212
n 0.9205 -0.3901 0.0231
n 0.8537 -0.5039 0.1312
n 0.788 -0.6154 0.0199
n 0.8615 -0.5074 0.0212
n 0.781 -0.6108 0.1306
n 0.7024 -0.7116 0.0177
n 0.788 -0.6154 0.0199
n 0.6959 -0.7063 0.13
n 0.6048 -0.7963 0.0143
n 0.7024 -0.7116 0.0177
n 0.5994 -0.7899 0.1296
n 0.4972 -0.8676 0.0105
n 0.6048 -0.7963 0.0143
n 0.4924 -0.8608 0.1284
n 0.3802 -0.9249 0.0066
n 0.4972 -0.8676 0.0105
n 0.3769 -0.9175 0.1271
n 0.2567 -0.9665 0.0019
n 0.3802 -0.9249 0.0066
n 0.2546 -0.9589 0.1251
n 0.1292 -0.9916 -0.0028
n 0.2567 -0.9665 0.0019
n 0.1278 -0.9841 0.1233
n -0.0006 -1.0 -0.0076
n 0.1292 -0.9916 -0.0028
n -0.0016 -0.9925 0.1219
n -0.1312 -0.9913 -0.012
n -0.0006 -1.0 -0.0076
n -0.1312 -0.984 0.1202
n -0.2593 -0.9657 -0.0168
n -0.1312 -0.9913 -0.012
n -0.258 -0.9589 0.1185
n -0.3831 -0.9235 -0.0215
n -0.2593 -0.9657 -0.0168
n -0.3812 -0.9171 0.1169
n -0.5011 -0.865 -0.026
n -0.3831 -0.9235 -0.0215
n -0.4981 -0.8594 0.1152
n -0.6104 -0.7915 -0.0301
n -0.5011 -0.865 -0.026
n -0.6073 -0.7863 0.1138
n -0.7105 -0.7029 -0.0339
n -0.6104 -0.7915 -0.0301
n -0.7067 -0.6985 0.1125
n -0.7983 -0.601 -0.0376
n -0.7105 -0.7029 -0.0339
n -0.7983 -0.601 -0.0376
n -0.8672 -0.4858 0.1093
n -0.8718 -0.4881 -0.0407
n -0.8718 -0.4881 -0.0407
n -0.9247 -0.3652 0.1076
n -0.9292 -0.3672 -0.0429
n -0.9292 -0.3672 -0.0429
n -0.9652 -0.2391 0.1063
n -0.9696 -0.2405 -0.0446
n -0.9696 -0.2405 -0.0446
n -0.9882 -0.1111 0.1057
n -0.9927 -0.1118 -0.0458
n -0.9927 -0.1118 -0.0458
n -0.9943 0.0159 0.1058
n -0.9988 0.0157 -0.0464
n -0.9988 0.0157 -0.0464
n -0.9843 0.1406 0.1065
n -0.9888 0.1414 -0.047
n -0.9843 0.1406 0.1065
n -0.9633 0.2642 -0.0467
n -0.9888 0.1414 -0.047
n -0.9633 0.2642 -0.0467
n -0.9175 0.3827 0.1081
n -0.9219 0.3847 -0.0454
n -0.9219 0.3847 -0.0454
n -0.8609 0.4969 0.1096
n -0.8653 0.4994 -0.0433
n -0.8653 0.4994 -0.0433
n -0.7907 0.602 0.1112
n -0.7948 0.6055 -0.0402
n -0.7948 0.6055 -0.0402
n -0.7077 0.6975 0.1124
n -0.7116 0.7016 -0.0363
n -0.7116 0.7016 -0.0363
n -0.6132 0.7817 0.1135
n -0.6166 0.7867 -0.0317
n -0.6166 0.7867 -0.0317
n -0.5083 0.8535 0.1147
n -0.511 0.8591 -0.0273
n -0.511 0.8591 -0.0273
n -0.3946 0.9115 0.116
n -0.3959 0.918 -0.0226
n -0.3959 0.918 -0.0226
n -0.273 0.9548 0.1178
n -0.2735 0.9617 -0.0188
n -0.2735 0.9617 -0.0188
n -0.1447 0.9822 0.1196
n -0.1455 0.9893 -0.0139
n -0.1455 0.9893 -0.0139
n -0.013 0.9924 0.122
n -0.0129 0.9999 -0.0087
n -0.0129 0.9999 -0.0087
n 0.1191 0.9851 0.124
n 0.1202 0.9927 -0.0033
n 0.1202 0.9927 -0.0033
n 0.2484 0.9604 0.1263
n 0.2508 0.968 0.001
n 0.2508 0.968 0.001
n 0.3727 0.919 0.1282
n 0.3762 0.9265 0.0057
n 0.3762 0.9265 0.0057
n 0.4895 0.8623 0.1294
n 0.494 0.8694 0.01
n 0.494 0.8694 0.01
n 0.5968 0.7916 0.1313
n 0.602 0.7983 0.0141
n 0.602 0.7983 0.0141
n 0.6941 0.7077 0.132
n 0.7008 0.7132 0.0176
n 0.7008 0.7132 0.0176
n 0.7802 0.6115 0.1321
n 0.7874 0.6161 0.0204
n 0.7874 0.6161 0.0204
n 0.8531 0.5045 0.1328
n 0.8609 0.5083 0.0222
n 0.8609 0.5083 0.0222
n 0.9122 0.3875 0.133
n 0.9203 0.3904 0.0236
n 0.9203 0.3904 0.0236
n 0.9558 0.2624 0.1329
n 0.9642 0.264 0.0249
n 0.9642 0.264 0.0249
n 0.9823 0.1323 0.1329
n 0.9908 0.1332 0.0254
n 0.9642 0.264 0.0249
n 0.9894 0.1321 -0.0608
n 0.9629 0.2623 -0.0627
n 0.9203 0.3904 0.0236
n 0.9629 0.2623 -0.0627
n 0.9196 0.3873 -0.0653
n 0.8609 0.5083 0.0222
n 0.9196 0.3873 -0.0653
n 0.8608 0.5042 -0.0686
n 0.7874 0.6161 0.0204
n 0.8608 0.5042 -0.0686
n 0.7876 0.6117 -0.0739
n 0.7008 0.7132 0.0176
n 0.7876 0.6117 -0.0739
n 0.7015 0.7081 -0.0803
n 0.602 0.7983 0.0141
n 0.7015 0.7081 -0.0803
n 0.6039 0.7922 -0.0878
n 0.494 0.8694 0.01
n 0.6039 0.7922 -0.0878
n 0.4964 0.8627 -0.0961
n 0.3762 0.9265 0.0057
n 0.4964 0.8627 -0.0961
n 0.38 0.919 -0.1053
n 0.2508 0.968 0.001
n 0.38 0.919 -0.1053
n 0.256 0.9598 -0.1147
n 0.1202 0.9927 -0.0033
n 0.256 0.9598 -0.1147
n 0.1268 0.9841 -0.1245
n -0.0129 0.9999 -0.0087
n 0.1268 0.9841 -0.1245
n -0.0053 0.991 -0.1338
n -0.1455 0.9893 -0.0139
n -0.0053 0.991 -0.1338
n -0.1364 0.9803 -0.1429
n -0.2735 0.9617 -0.0188
n -0.1364 0.9803 -0.1429
n -0.263 0.9528 -0.1518
n -0.3959 0.918 -0.0226
n -0.263 0.9528 -0.1518
n -0.3845 0.9089 -0.1615
n -0.511 0.8591 -0.0273
n -0.3845 0.9089 -0.1615
n -0.4982 0.85 -0.1714
n -0.6166 0.7867 -0.0317
n -0.4982 0.85 -0.1714
n -0.6024 0.7775 -0.1807
n -0.7116 0.7016 -0.0363
n -0.6024 0.7775 -0.1807
n -0.6959 0.6927 -0.1895
n -0.7948 0.6055 -0.0402
n -0.6959 0.6927 -0.1895
n -0.7772 0.5978 -0.1967
n -0.8653 0.4994 -0.0433
n -0.7772 0.5978 -0.1967
n -0.8459 0.4937 -0.2018
n -0.9219 0.3847 -0.0454
n -0.8459 0.4937 -0.2018
n -0.9015 0.3808 -0.2056
n -0.9633 0.2642 -0.0467
n -0.9015 0.3808 -0.2056
n -0.9424 0.2622 -0.2078
n -0.9888 0.1414 -0.047
n -0.9424 0.2622 -0.2078
n -0.9678 0.142 -0.2077
n -0.9783 0.0173 -0.2064
n -0.9888 0.1414 -0.047
n -0.9678 0.142 -0.2077
n -0.9728 -0.1093 -0.2045
n -0.9988 0.0157 -0.0464
n -0.9783 0.0173 -0.2064
n -0.9502 -0.2371 -0.2021
n -0.9927 -0.1118 -0.0458
n -0.9728 -0.1093 -0.2045
n -0.9103 -0.3629 -0.1993
n -0.9696 -0.2405 -0.0446
n -0.9502 -0.2371 -0.2021
n -0.8535 -0.4831 -0.1953
n -0.9292 -0.3672 -0.0429
n -0.9103 -0.3629 -0.1993
n -0.7811 -0.5948 -0.1901
n -0.8718 -0.4881 -0.0407
n -0.8535 -0.4831 -0.1953
n -0.6945 -0.6956 -0.1838
n -0.7983 -0.601 -0.0376
n -0.7811 -0.5948 -0.1901
n -0.5956 -0.7837 -0.1762
n -0.7105 -0.7029 -0.0339
n -0.6945 -0.6956 -0.1838
n -0.4874 -0.8569 -0.1681
n -0.6104 -0.7915 -0.0301
n -0.5956 -0.7837 -0.1762
n -0.3713 -0.9147 -0.1596
n -0.5011 -0.865 -0.026
n -0.4874 -0.8569 -0.1681
n -0.2488 -0.9568 -0.1502
n -0.3831 -0.9235 -0.0215
n -0.3713 -0.9147 -0.1596
n -0.1223 -0.9824 -0.141
n -0.2593 -0.9657 -0.0168
n -0.2488 -0.9568 -0.1502
n 0.0068 -0.9913 -0.1312
n -0.1312 -0.9913 -0.012
n -0.1223 -0.9824 -0.141
n 0.1356 -0.9833 -0.1211
n -0.0006 -1.0 -0.0076
n 0.0068 -0.9913 -0.1312
n 0.2616 -0.9586 -0.1121
n 0.1292 -0.9916 -0.0028
n 0.1356 -0.9833 -0.1211
n 0.3842 -0.9175 -0.1025
n 0.2567 -0.9665 0.0019
n 0.2616 -0.9586 -0.1121
n 0.4998 -0.861 -0.094
n 0.3802 -0.9249 0.0066
n 0.3842 -0.9175 -0.1025
n 0.6067 -0.7902 -0.0862
n 0.4972 -0.8676 0.0105
n 0.4998 -0.861 -0.094
n 0.7034 -0.7064 -0.0791
n 0.6048 -0.7963 0.0143
n 0.6067 -0.7902 -0.0862
n 0.7887 -0.6103 -0.0732
n 0.7024 -0.7116 0.0177
n 0.7034 -0.7064 -0.0791
n 0.8613 -0.5035 -0.0688
n 0.788 -0.6154 0.0199
n 0.7887 -0.6103 -0.0732
n 0.9197 -0.3872 -0.0657
n 0.8615 -0.5074 0.0212
n 0.8613 -0.5035 -0.0688
n 0.963 -0.2622 -0.0625
n 0.9205 -0.3901 0.0231
n 0.9197 -0.3872 -0.0657
n 0.9893 -0.1326 -0.0614
n 0.9642 -0.2642 0.0243
n 0.963 -0.2622 -0.0625
n 0.9981 -0.0003 -0.0609
n 0.9907 -0.1337 0.0251
n 0.9893 -0.1326 -0.0614
n 0.9908 0.1332 0.0254
n 0.9981 -0.0003 -0.0609
n 0.9894 0.1321 -0.0608
n 0.9894 0.1321 -0.0608
n 0.9902 -0.0002 -0.1394
n 0.9816 0.1291 -0.1407
n 0.9902 -0.0002 -0.1394
n 0.9893 -0.1326 -0.0614
n 0.9817 -0.1291 -0.1402
n 0.9817 -0.1291 -0.1402
n 0.963 -0.2622 -0.0625
n 0.9559 -0.2562 -0.1438
n 0.9559 -0.2562 -0.1438
n 0.9197 -0.3872 -0.0657
n 0.914 -0.3777 -0.148
n 0.914 -0.3777 -0.148
n 0.8613 -0.5035 -0.0688
n 0.8573 -0.4912 -0.154
n 0.8573 -0.4912 -0.154
n 0.7887 -0.6103 -0.0732
n 0.7866 -0.5958 -0.1623
n 0.7866 -0.5958 -0.1623
n 0.7034 -0.7064 -0.0791
n 0.7036 -0.6895 -0.1718
n 0.7036 -0.6895 -0.1718
n 0.6067 -0.7902 -0.0862
n 0.6098 -0.7713 -0.1823
n 0.6098 -0.7713 -0.1823
n 0.4998 -0.861 -0.094
n 0.5056 -0.8403 -0.1953
n 0.5056 -0.8403 -0.1953
n 0.3842 -0.9175 -0.1025
n 0.3929 -0.8954 -0.2093
n 0.3929 -0.8954 -0.2093
n 0.2616 -0.9586 -0.1121
n 0.274 -0.9352 -0.2242
n 0.274 -0.9352 -0.2242
n 0.1356 -0.9833 -0.1211
n 0.1514 -0.9591 -0.2392
n 0.1514 -0.9591 -0.2392
n 0.0068 -0.9913 -0.1312
n 0.0262 -0.9665 -0.2552
n 0.0262 -0.9665 -0.2552
n -0.1223 -0.9824 -0.141
n -0.0984 -0.9577 -0.2703
n -0.0984 -0.9577 -0.2703
n -0.2488 -0.9568 -0.1502
n -0.2216 -0.9323 -0.2859
n -0.2216 -0.9323 -0.2859
n -0.3713 -0.9147 -0.1596
n -0.3403 -0.891 -0.3006
n -0.3403 -0.891 -0.3006
n -0.4874 -0.8569 -0.1681
n -0.4527 -0.8345 -0.3142
n -0.4527 -0.8345 -0.3142
n -0.5956 -0.7837 -0.1762
n -0.5576 -0.7629 -0.3274
n -0.5576 -0.7629 -0.3274
n -0.6945 -0.6956 -0.1838
n -0.6531 -0.6772 -0.3389
n -0.6531 -0.6772 -0.3389
n -0.7811 -0.5948 -0.1901
n -0.737 -0.5789 -0.349
n -0.737 -0.5789 -0.349
n -0.8535 -0.4831 -0.1953
n -0.8072 -0.4704 -0.3566
n -0.8072 -0.4704 -0.3566
n -0.9103 -0.3629 -0.1993
n -0.8624 -0.3532 -0.3627
n -0.8624 -0.3532 -0.3627
n -0.9502 -0.2371 -0.2021
n -0.9013 -0.2293 -0.3675
n -0.9013 -0.2293 -0.3675
n -0.9728 -0.1093 -0.2045
n -0.9228 -0.1033 -0.3711
n -0.9228 -0.1033 -0.3711
n -0.9783 0.0173 -0.2064
n -0.9273 0.021 -0.3738
n -0.9273 0.021 -0.3738
n -0.9678 0.142 -0.2077
n -0.9164 0.1414 -0.3743
n -0.9678 0.142 -0.2077
n -0.8914 0.2575 -0.3729
n -0.9164 0.1414 -0.3743
n -0.9424 0.2622 -0.2078
n -0.852 0.3707 -0.3697
n -0.8914 0.2575 -0.3729
n -0.9015 0.3808 -0.2056
n -0.7985 0.4798 -0.3635
n -0.852 0.3707 -0.3697
n -0.8459 0.4937 -0.2018
n -0.7328 0.5802 -0.3555
n -0.7985 0.4798 -0.3635
n -0.7772 0.5978 -0.1967
n -0.6555 0.6718 -0.3451
n -0.7328 0.5802 -0.3555
n -0.6959 0.6927 -0.1895
n -0.5662 0.7541 -0.3328
n -0.6555 0.6718 -0.3451
n -0.6024 0.7775 -0.1807
n -0.4656 0.8258 -0.3183
n -0.5662 0.7541 -0.3328
n -0.4982 0.85 -0.1714
n -0.355 0.8843 -0.3031
n -0.4656 0.8258 -0.3183
n -0.3845 0.9089 -0.1615
n -0.2362 0.9282 -0.2876
n -0.355 0.8843 -0.3031
n -0.263 0.9528 -0.1518
n -0.1119 0.9557 -0.2724
n -0.2362 0.9282 -0.2876
n -0.1364 0.9803 -0.1429
n 0.0156 0.9661 -0.2577
n -0.1119 0.9557 -0.2724
n -0.0053 0.991 -0.1338
n 0.1431 0.9595 -0.2427
n 0.0156 0.9661 -0.2577
n 0.1268 0.9841 -0.1245
n 0.2681 0.9361 -0.2277
n 0.1431 0.9595 -0.2427
n 0.256 0.9598 -0.1147
n 0.3884 0.8965 -0.2129
n 0.2681 0.9361 -0.2277
n 0.38 0.919 -0.1053
n 0.5015 0.8421 -0.1983
n 0.3884 0.8965 -0.2129
n 0.4964 0.8627 -0.0961
n 0.6063 0.7735 -0.1846
n 0.5015 0.8421 -0.1983
n 0.6039 0.7922 -0.0878
n 0.7016 0.6912 -0.173
n 0.6063 0.7735 -0.1846
n 0.7015 0.7081 -0.0803
n 0.7853 0.5972 -0.1632
n 0.7016 0.6912 -0.173
n 0.7876 0.6117 -0.0739
n 0.8566 0.4923 -0.1546
n 0.7853 0.5972 -0.1632
n 0.8608 0.5042 -0.0686
n 0.9139 0.378 -0.1481
n 0.8566 0.4923 -0.1546
n 0.9196 0.3873 -0.0653
n 0.956 0.256 -0.1433
n 0.9139 0.378 -0.1481
n 0.9629 0.2623 -0.0627
n 0.9816 0.1291 -0.1407
n 0.956 0.256 -0.1433
n 0.956 0.256 -0.1433
n 0.9684 0.1237 -0.2163
n 0.9443 0.245 -0.2196
n 0.9139 0.378 -0.1481
n 0.9443 0.245 -0.2196
n 0.9041 0.3621 -0.2269
n 0.8566 0.4923 -0.1546
n 0.9041 0.3621 -0.2269
n 0.8498 0.4716 -0.2355
n 0.7853 0.5972 -0.1632
n 0.8498 0.4716 -0.2355
n 0.7821 0.5723 -0.2466
n 0.7016 0.6912 -0.173
n 0.7821 0.5723 -0.2466
n 0.7022 0.6626 -0.2605
n 0.6063 0.7735 -0.1846
n 0.7022 0.6626 -0.2605
n 0.611 0.7416 -0.2768
n 0.5015 0.8421 -0.1983
n 0.611 0.7416 -0.2768
n 0.5109 0.8075 -0.2949
n 0.3884 0.8965 -0.2129
n 0.5109 0.8075 -0.2949
n 0.4039 0.8592 -0.314
n 0.2681 0.9361 -0.2277
n 0.4039 0.8592 -0.314
n 0.2898 0.8969 -0.334
n 0.1431 0.9595 -0.2427
n 0.2898 0.8969 -0.334
n 0.1707 0.9193 -0.3545
n 0.0156 0.9661 -0.2577
n 0.1707 0.9193 -0.3545
n 0.0493 0.9257 -0.3751
n -0.1119 0.9557 -0.2724
n 0.0493 0.9257 -0.3751
n -0.0725 0.9155 -0.3958
n -0.2362 0.9282 -0.2876
n -0.0725 0.9155 -0.3958
n -0.1918 0.8887 -0.4165
n -0.355 0.8843 -0.3031
n -0.1918 0.8887 -0.4165
n -0.3057 0.8462 -0.4364
n -0.4656 0.8258 -0.3183
n -0.3057 0.8462 -0.4364
n -0.4119 0.789 -0.4558
n -0.5662 0.7541 -0.3328
n -0.4119 0.789 -0.4558
n -0.5074 0.7201 -0.4733
n -0.6555 0.6718 -0.3451
n -0.5074 0.7201 -0.4733
n -0.5918 0.6413 -0.4883
n -0.7328 0.5802 -0.3555
n -0.5918 0.6413 -0.4883
n -0.6645 0.5543 -0.5011
n -0.7985 0.4798 -0.3635
n -0.6645 0.5543 -0.5011
n -0.7261 0.4593 -0.5117
n -0.852 0.3707 -0.3697
n -0.7261 0.4593 -0.5117
n -0.7765 0.3566 -0.5195
n -0.8914 0.2575 -0.3729
n -0.7765 0.3566 -0.5195
n -0.8137 0.2494 -0.525
n -0.9164 0.1414 -0.3743
n -0.8137 0.2494 -0.525
n -0.8376 0.1389 -0.5283
n -0.9273 0.021 -0.3738
n -0.8376 0.1389 -0.5283
n -0.848 0.0247 -0.5294
n -0.8435 -0.0953 -0.5286
n -0.9273 0.021 -0.3738
n -0.848 0.0247 -0.5294
n -0.8229 -0.2171 -0.5251
n -0.9228 -0.1033 -0.3711
n -0.8435 -0.0953 -0.5286
n -0.7856 -0.337 -0.519
n -0.9013 -0.2293 -0.3675
n -0.8229 -0.2171 -0.5251
n -0.7326 -0.4504 -0.5103
n -0.8624 -0.3532 -0.3627
n -0.7856 -0.337 -0.519
n -0.6656 -0.5547 -0.4993
n -0.8072 -0.4704 -0.3566
n -0.7326 -0.4504 -0.5103
n -0.5862 -0.6479 -0.4864
n -0.737 -0.5789 -0.349
n -0.6656 -0.5547 -0.4993
n -0.4956 -0.73 -0.4707
n -0.6531 -0.6772 -0.3389
n -0.5862 -0.6479 -0.4864
n -0.3961 -0.7985 -0.4533
n -0.5576 -0.7629 -0.3274
n -0.4956 -0.73 -0.4707
n -0.289 -0.8532 -0.4342
n -0.4527 -0.8345 -0.3142
n -0.3961 -0.7985 -0.4533
n -0.1768 -0.8926 -0.4147
n -0.3403 -0.891 -0.3006
n -0.289 -0.8532 -0.4342
n -0.0599 -0.9173 -0.3936
n -0.2216 -0.9323 -0.2859
n -0.1768 -0.8926 -0.4147
n 0.0594 -0.9262 -0.3722
n -0.0984 -0.9577 -0.2703
n -0.0599 -0.9173 -0.3936
n 0.1782 -0.919 -0.3517
n 0.0262 -0.9665 -0.2552
n 0.0594 -0.9262 -0.3722
n 0.2954 -0.8963 -0.3308
n 0.1514 -0.9591 -0.2392
n 0.1782 -0.919 -0.3517
n 0.4082 -0.8581 -0.3114
n 0.274 -0.9352 -0.2242
n 0.2954 -0.8963 -0.3308
n 0.5156 -0.8056 -0.2919
n 0.3929 -0.8954 -0.2093
n 0.4082 -0.8581 -0.3114
n 0.6149 -0.7393 -0.2745
n 0.5056 -0.8403 -0.1953
n 0.5156 -0.8056 -0.2919
n 0.7048 -0.6605 -0.2588
n 0.6098 -0.7713 -0.1823
n 0.6149 -0.7393 -0.2745
n 0.7833 -0.5708 -0.2461
n 0.7036 -0.6895 -0.1718
n 0.7048 -0.6605 -0.2588
n 0.8505 -0.4707 -0.2348
n 0.7866 -0.5958 -0.1623
n 0.7833 -0.5708 -0.2461
n 0.9046 -0.3615 -0.226
n 0.8573 -0.4912 -0.154
n 0.8505 -0.4707 -0.2348
n 0.9441 -0.2454 -0.2203
n 0.914 -0.3777 -0.148
n 0.9046 -0.3615 -0.226
n 0.9685 -0.1241 -0.2161
n 0.9559 -0.2562 -0.1438
n 0.9441 -0.2454 -0.2203
n 0.9767 -0.0001 -0.2146
n 0.9817 -0.1291 -0.1402
n 0.9685 -0.1241 -0.2161
n 0.9816 0.1291 -0.1407
n 0.9767 -0.0001 -0.2146
n 0.9684 0.1237 -0.2163
n 0.9684 0.1237 -0.2163
n 0.9561 0.0 -0.2931
n 0.9488 0.1156 -0.294
n 0.9561 0.0 -0.2931
n 0.9685 -0.1241 -0.2161
n 0.9486 -0.1161 -0.2943
n 0.9486 -0.1161 -0.2943
n 0.9441 -0.2454 -0.2203
n 0.9263 -0.2298 -0.2986
n 0.9263 -0.2298 -0.2986
n 0.9046 -0.3615 -0.226
n 0.8897 -0.3389 -0.306
n 0.8897 -0.3389 -0.306
n 0.8505 -0.4707 -0.2348
n 0.8399 -0.4416 -0.3156
n 0.8399 -0.4416 -0.3156
n 0.7833 -0.5708 -0.2461
n 0.7776 -0.5361 -0.3285
n 0.7776 -0.5361 -0.3285
n 0.7048 -0.6605 -0.2588
n 0.7044 -0.6209 -0.3439
n 0.7044 -0.6209 -0.3439
n 0.6149 -0.7393 -0.2745
n 0.6208 -0.6951 -0.3625
n 0.6208 -0.6951 -0.3625
n 0.5156 -0.8056 -0.2919
n 0.5282 -0.7577 -0.3832
n 0.5282 -0.7577 -0.3832
n 0.4082 -0.8581 -0.3114
n 0.428 -0.8072 -0.4065
n 0.428 -0.8072 -0.4065
n 0.2954 -0.8963 -0.3308
n 0.3231 -0.8431 -0.4298
n 0.3231 -0.8431 -0.4298
n 0.1782 -0.919 -0.3517
n 0.2138 -0.8645 -0.4548
n 0.2138 -0.8645 -0.4548
n 0.0594 -0.9262 -0.3722
n 0.1029 -0.8713 -0.4799
n 0.1029 -0.8713 -0.4799
n -0.0599 -0.9173 -0.3936
n -0.0087 -0.8628 -0.5054
n -0.0087 -0.8628 -0.5054
n -0.1768 -0.8926 -0.4147
n -0.1177 -0.8398 -0.5299
n -0.1177 -0.8398 -0.5299
n -0.289 -0.8532 -0.4342
n -0.2227 -0.8023 -0.5538
n -0.2227 -0.8023 -0.5538
n -0.3961 -0.7985 -0.4533
n -0.3221 -0.7511 -0.5763
n -0.3221 -0.7511 -0.5763
n -0.4956 -0.73 -0.4707
n -0.4146 -0.6865 -0.5973
n -0.4146 -0.6865 -0.5973
n -0.5862 -0.6479 -0.4864
n -0.4988 -0.6097 -0.616
n -0.4988 -0.6097 -0.616
n -0.6656 -0.5547 -0.4993
n -0.5728 -0.5218 -0.6322
n -0.5728 -0.5218 -0.6322
n -0.7326 -0.4504 -0.5103
n -0.6355 -0.4233 -0.6457
n -0.6355 -0.4233 -0.6457
n -0.7856 -0.337 -0.519
n -0.6853 -0.3164 -0.6559
n -0.6853 -0.3164 -0.6559
n -0.8229 -0.2171 -0.5251
n -0.7207 -0.2026 -0.663
n -0.7207 -0.2026 -0.663
n -0.8435 -0.0953 -0.5286
n -0.741 -0.0878 -0.6657
n -0.741 -0.0878 -0.6657
n -0.848 0.0247 -0.5294
n -0.7464 0.0258 -0.665
n -0.848 0.0247 -0.5294
n -0.7376 0.1341 -0.6618
n -0.7464 0.0258 -0.665
n -0.8376 0.1389 -0.5283
n -0.7158 0.2373 -0.6567
n -0.7376 0.1341 -0.6618
n -0.8137 0.2494 -0.525
n -0.6815 0.3383 -0.6489
n -0.7158 0.2373 -0.6567
n -0.7765 0.3566 -0.5195
n -0.6347 0.4345 -0.6391
n -0.6815 0.3383 -0.6489
n -0.7261 0.4593 -0.5117
n -0.5773 0.5228 -0.6272
n -0.6347 0.4345 -0.6391
n -0.6645 0.5543 -0.5011
n -0.5093 0.6041 -0.6129
n -0.5773 0.5228 -0.6272
n -0.5918 0.6413 -0.4883
n -0.4302 0.6779 -0.5961
n -0.5093 0.6041 -0.6129
n -0.5074 0.7201 -0.4733
n -0.3406 0.7424 -0.5769
n -0.4302 0.6779 -0.5961
n -0.4119 0.789 -0.4558
n -0.2404 0.7964 -0.5549
n -0.3406 0.7424 -0.5769
n -0.3057 0.8462 -0.4364
n -0.1325 0.8371 -0.5308
n -0.2404 0.7964 -0.5549
n -0.1918 0.8887 -0.4165
n -0.0206 0.8619 -0.5066
n -0.1325 0.8371 -0.5308
n -0.0725 0.9155 -0.3958
n 0.0938 0.8715 -0.4814
n -0.0206 0.8619 -0.5066
n 0.0493 0.9257 -0.3751
n 0.207 0.8651 -0.4569
n 0.0938 0.8715 -0.4814
n 0.1707 0.9193 -0.3545
n 0.3172 0.8439 -0.4327
n 0.207 0.8651 -0.4569
n 0.2898 0.8969 -0.334
n 0.4233 0.8086 -0.4086
n 0.3172 0.8439 -0.4327
n 0.4039 0.8592 -0.314
n 0.5232 0.7596 -0.3863
n 0.4233 0.8086 -0.4086
n 0.5109 0.8075 -0.2949
n 0.6164 0.6975 -0.3654
n 0.5232 0.7596 -0.3863
n 0.611 0.7416 -0.2768
n 0.7013 0.6231 -0.3462
n 0.6164 0.6975 -0.3654
n 0.7022 0.6626 -0.2605
n 0.7759 0.5379 -0.3296
n 0.7013 0.6231 -0.3462
n 0.7821 0.5723 -0.2466
n 0.8393 0.4427 -0.3155
n 0.7759 0.5379 -0.3296
n 0.8498 0.4716 -0.2355
n 0.8895 0.3397 -0.3055
n 0.8393 0.4427 -0.3155
n 0.9041 0.3621 -0.2269
n 0.9263 0.2299 -0.2984
n 0.8895 0.3397 -0.3055
n 0.9443 0.245 -0.2196
n 0.9488 0.1156 -0.294
n 0.9263 0.2299 -0.2984
n 0.9263 0.2299 -0.2984
n 0.9174 0.1047 -0.3841
n 0.8975 0.2092 -0.3883
n 0.8895 0.3397 -0.3055
n 0.8975 0.2092 -0.3883
n 0.865 0.3096 -0.3948
n 0.8393 0.4427 -0.3155
n 0.865 0.3096 -0.3948
n 0.8196 0.405 -0.4053
n 0.7759 0.5379 -0.3296
n 0.8196 0.405 -0.4053
n 0.7627 0.493 -0.4187
n 0.7013 0.6231 -0.3462
n 0.7627 0.493 -0.4187
n 0.6956 0.572 -0.4347
n 0.6164 0.6975 -0.3654
n 0.6956 0.572 -0.4347
n 0.6184 0.6415 -0.4539
n 0.5232 0.7596 -0.3863
n 0.6184 0.6415 -0.4539
n 0.5337 0.6995 -0.4753
n 0.4233 0.8086 -0.4086
n 0.5337 0.6995 -0.4753
n 0.4426 0.7454 -0.4985
n 0.3172 0.8439 -0.4327
n 0.4426 0.7454 -0.4985
n 0.3457 0.7786 -0.5238
n 0.207 0.8651 -0.4569
n 0.3457 0.7786 -0.5238
n 0.2453 0.7982 -0.5502
n 0.0938 0.8715 -0.4814
n 0.2453 0.7982 -0.5502
n 0.142 0.8042 -0.5771
n -0.0206 0.8619 -0.5066
n 0.142 0.8042 -0.5771
n 0.0373 0.7961 -0.604
n -0.1325 0.8371 -0.5308
n 0.0373 0.7961 -0.604
n -0.0662 0.7731 -0.6308
n -0.2404 0.7964 -0.5549
n -0.0662 0.7731 -0.6308
n -0.1658 0.7358 -0.6566
n -0.3406 0.7424 -0.5769
n -0.1658 0.7358 -0.6566
n -0.2582 0.6871 -0.6791
n -0.4302 0.6779 -0.5961
n -0.2582 0.6871 -0.6791
n -0.3418 0.6278 -0.6993
n -0.5093 0.6041 -0.6129
n -0.3418 0.6278 -0.6993
n -0.4148 0.5603 -0.7169
n -0.5773 0.5228 -0.6272
n -0.4148 0.5603 -0.7169
n -0.4777 0.4861 -0.7318
n -0.6347 0.4345 -0.6391
n -0.4777 0.4861 -0.7318
n -0.5306 0.4044 -0.745
n -0.6815 0.3383 -0.6489
n -0.5306 0.4044 -0.745
n -0.5734 0.3146 -0.7564
n -0.7158 0.2373 -0.6567
n -0.5734 0.3146 -0.7564
n -0.6045 0.221 -0.7654
n -0.7376 0.1341 -0.6618
n -0.6045 0.221 -0.7654
n -0.6234 0.1252 -0.7718
n -0.7464 0.0258 -0.665
n -0.6234 0.1252 -0.7718
n -0.6299 0.0242 -0.7763
n -0.741 -0.0878 -0.6657
n -0.6299 0.0242 -0.7763
n -0.6237 -0.0812 -0.7774
n -0.6042 -0.1866 -0.7747
n -0.741 -0.0878 -0.6657
n -0.6237 -0.0812 -0.7774
n -0.5711 -0.291 -0.7675
n -0.7207 -0.2026 -0.663
n -0.6042 -0.1866 -0.7747
n -0.5252 -0.3906 -0.756
n -0.6853 -0.3164 -0.6559
n -0.5711 -0.291 -0.7675
n -0.4676 -0.4815 -0.7413
n -0.6355 -0.4233 -0.6457
n -0.5252 -0.3906 -0.756
n -0.3999 -0.5625 -0.7236
n -0.5728 -0.5218 -0.6322
n -0.4676 -0.4815 -0.7413
n -0.3234 -0.633 -0.7034
n -0.4988 -0.6097 -0.616
n -0.3999 -0.5625 -0.7236
n -0.2388 -0.6926 -0.6807
n -0.4146 -0.6865 -0.5973
n -0.3234 -0.633 -0.7034
n -0.1476 -0.7399 -0.6563
n -0.3221 -0.7511 -0.5763
n -0.2388 -0.6926 -0.6807
n -0.0513 -0.7745 -0.6305
n -0.2227 -0.8023 -0.5538
n -0.1476 -0.7399 -0.6563
n 0.0484 -0.7957 -0.6037
n -0.1177 -0.8398 -0.5299
n -0.0513 -0.7745 -0.6305
n 0.1502 -0.8032 -0.5765
n -0.0087 -0.8628 -0.5054
n 0.0484 -0.7957 -0.6037
n 0.2513 -0.7967 -0.5497
n 0.1029 -0.8713 -0.4799
n 0.1502 -0.8032 -0.5765
n 0.3515 -0.7766 -0.5228
n 0.2138 -0.8645 -0.4548
n 0.2513 -0.7967 -0.5497
n 0.4475 -0.7428 -0.498
n 0.3231 -0.8431 -0.4298
n 0.3515 -0.7766 -0.5228
n 0.5379 -0.6963 -0.4752
n 0.428 -0.8072 -0.4065
n 0.4475 -0.7428 -0.498
n 0.6225 -0.638 -0.4532
n 0.5282 -0.7577 -0.3832
n 0.5379 -0.6963 -0.4752
n 0.6984 -0.5689 -0.4342
n 0.6208 -0.6951 -0.3625
n 0.6225 -0.638 -0.4532
n 0.7647 -0.4901 -0.4184
n 0.7044 -0.6209 -0.3439
n 0.6984 -0.5689 -0.4342
n 0.8201 -0.4029 -0.4063
n 0.7776 -0.5361 -0.3285
n 0.7647 -0.4901 -0.4184
n 0.8647 -0.3086 -0.3962
n 0.8399 -0.4416 -0.3156
n 0.8201 -0.4029 -0.4063
n 0.8969 -0.2094 -0.3895
n 0.8897 -0.3389 -0.306
n 0.8647 -0.3086 -0.3962
n 0.9168 -0.1057 -0.3851
n 0.9263 -0.2298 -0.2986
n 0.8969 -0.2094 -0.3895
n 0.9237 -0.0002 -0.3832
n 0.9486 -0.1161 -0.2943
n 0.9168 -0.1057 -0.3851
n 0.9488 0.1156 -0.294
n 0.9237 -0.0002 -0.3832
n 0.9174 0.1047 -0.3841
n 0.9174 0.1047 -0.3841
n 0.8749 -0.0008 -0.4844
n 0.8694 0.092 -0.4855
n 0.8749 -0.0008 -0.4844
n 0.9168 -0.1057 -0.3851
n 0.8689 -0.0935 -0.4861
n 0.8689 -0.0935 -0.4861
n 0.8969 -0.2094 -0.3895
n 0.8521 -0.1844 -0.4898
n 0.8521 -0.1844 -0.4898
n 0.8647 -0.3086 -0.3962
n 0.8241 -0.2725 -0.4966
n 0.8241 -0.2725 -0.4966
n 0.8201 -0.4029 -0.4063
n 0.7859 -0.3557 -0.5059
n 0.7859 -0.3557 -0.5059
n 0.7647 -0.4901 -0.4184
n 0.7378 -0.4334 -0.5175
n 0.7378 -0.4334 -0.5175
n 0.6984 -0.5689 -0.4342
n 0.6797 -0.5046 -0.5324
n 0.6797 -0.5046 -0.5324
n 0.6225 -0.638 -0.4532
n 0.6132 -0.5671 -0.5499
n 0.6132 -0.5671 -0.5499
n 0.5379 -0.6963 -0.4752
n 0.5398 -0.6202 -0.5692
n 0.5398 -0.6202 -0.5692
n 0.4475 -0.7428 -0.498
n 0.4602 -0.6633 -0.5902
n 0.4602 -0.6633 -0.5902
n 0.3515 -0.7766 -0.5228
n 0.3741 -0.6949 -0.6141
n 0.3741 -0.6949 -0.6141
n 0.2513 -0.7967 -0.5497
n 0.2849 -0.7143 -0.6392
n 0.2849 -0.7143 -0.6392
n 0.1502 -0.8032 -0.5765
n 0.1944 -0.7213 -0.6648
n 0.1944 -0.7213 -0.6648
n 0.0484 -0.7957 -0.6037
n 0.1027 -0.7151 -0.6915
n 0.1027 -0.7151 -0.6915
n -0.0513 -0.7745 -0.6305
n 0.0134 -0.6966 -0.7173
n 0.0134 -0.6966 -0.7173
n -0.1476 -0.7399 -0.6563
n -0.0725 -0.6665 -0.742
n -0.0725 -0.6665 -0.742
n -0.2388 -0.6926 -0.6807
n -0.1546 -0.6241 -0.7659
n -0.1546 -0.6241 -0.7659
n -0.3234 -0.633 -0.7034
n -0.2306 -0.5704 -0.7884
n -0.2306 -0.5704 -0.7884
n -0.3999 -0.5625 -0.7236
n -0.2993 -0.5071 -0.8083
n -0.2993 -0.5071 -0.8083
n -0.4676 -0.4815 -0.7413
n -0.36 -0.4339 -0.8259
n -0.36 -0.4339 -0.8259
n -0.5252 -0.3906 -0.756
n -0.412 -0.3517 -0.8406
n -0.412 -0.3517 -0.8406
n -0.5711 -0.291 -0.7675
n -0.4537 -0.2626 -0.8516
n -0.4537 -0.2626 -0.8516
n -0.6042 -0.1866 -0.7747
n -0.4843 -0.1689 -0.8584
n -0.4843 -0.1689 -0.8584
n -0.6237 -0.0812 -0.7774
n -0.5028 -0.0734 -0.8613
n -0.6237 -0.0812 -0.7774
n -0.5092 0.0211 -0.8604
n -0.5028 -0.0734 -0.8613
n -0.6299 0.0242 -0.7763
n -0.5045 0.1129 -0.856
n -0.5092 0.0211 -0.8604
n -0.6234 0.1252 -0.7718
n -0.4885 0.2011 -0.8491
n -0.5045 0.1129 -0.856
n -0.6045 0.221 -0.7654
n -0.4608 0.286 -0.8401
n -0.4885 0.2011 -0.8491
n -0.5734 0.3146 -0.7564
n -0.4223 0.3675 -0.8286
n -0.4608 0.286 -0.8401
n -0.5306 0.4044 -0.745
n -0.3744 0.442 -0.8151
n -0.4223 0.3675 -0.8286
n -0.4777 0.4861 -0.7318
n -0.317 0.5095 -0.7999
n -0.3744 0.442 -0.8151
n -0.4148 0.5603 -0.7169
n -0.2502 0.5696 -0.7829
n -0.317 0.5095 -0.7999
n -0.3418 0.6278 -0.6993
n -0.1739 0.6225 -0.763
n -0.2502 0.5696 -0.7829
n -0.2582 0.6871 -0.6791
n -0.0902 0.6654 -0.741
n -0.1739 0.6225 -0.763
n -0.1658 0.7358 -0.6566
n -0.0008 0.6971 -0.717
n -0.0902 0.6654 -0.741
n -0.0662 0.7731 -0.6308
n 0.0931 0.7172 -0.6906
n -0.0008 0.6971 -0.717
n 0.0373 0.7961 -0.604
n 0.187 0.7236 -0.6644
n 0.0931 0.7172 -0.6906
n 0.142 0.8042 -0.5771
n 0.2788 0.717 -0.6389
n 0.187 0.7236 -0.6644
n 0.2453 0.7982 -0.5502
n 0.3682 0.6981 -0.614
n 0.2788 0.717 -0.6389
n 0.3457 0.7786 -0.5238
n 0.4546 0.6671 -0.5901
n 0.3682 0.6981 -0.614
n 0.4426 0.7454 -0.4985
n 0.5355 0.6249 -0.5681
n 0.4546 0.6671 -0.5901
n 0.5337 0.6995 -0.4753
n 0.6104 0.5716 -0.5484
n 0.5355 0.6249 -0.5681
n 0.6184 0.6415 -0.4539
n 0.6779 0.5085 -0.5309
n 0.6104 0.5716 -0.5484
n 0.6956 0.572 -0.4347
n 0.7369 0.4368 -0.516
n 0.6779 0.5085 -0.5309
n 0.7627 0.493 -0.4187
n 0.7859 0.3576 -0.5045
n 0.7369 0.4368 -0.516
n 0.8196 0.405 -0.4053
n 0.8246 0.2729 -0.4956
n 0.7859 0.3576 -0.5045
n 0.865 0.3096 -0.3948
n 0.8525 0.1839 -0.4893
n 0.8246 0.2729 -0.4956
n 0.8975 0.2092 -0.3883
n 0.8694 0.092 -0.4855
n 0.8525 0.1839 -0.4893
n 0.8525 0.1839 -0.4893
n 0.8055 0.0783 -0.5874
n 0.7916 0.1568 -0.5906
n 0.8246 0.2729 -0.4956
n 0.7916 0.1568 -0.5906
n 0.7681 0.2331 -0.5963
n 0.7859 0.3576 -0.5045
n 0.7681 0.2331 -0.5963
n 0.7354 0.3058 -0.6047
n 0.7369 0.4368 -0.516
n 0.7354 0.3058 -0.6047
n 0.6937 0.3741 -0.6155
n 0.6779 0.5085 -0.5309
n 0.6937 0.3741 -0.6155
n 0.6437 0.4365 -0.6286
n 0.6104 0.5716 -0.5484
n 0.6437 0.4365 -0.6286
n 0.5864 0.4915 -0.6439
n 0.5355 0.6249 -0.5681
n 0.5864 0.4915 -0.6439
n 0.5225 0.5384 -0.6611
n 0.4546 0.6671 -0.5901
n 0.5225 0.5384 -0.6611
n 0.4532 0.5763 -0.6801
n 0.3682 0.6981 -0.614
n 0.4532 0.5763 -0.6801
n 0.3791 0.6046 -0.7005
n 0.2788 0.717 -0.6389
n 0.3791 0.6046 -0.7005
n 0.3017 0.6226 -0.722
n 0.187 0.7236 -0.6644
n 0.3017 0.6226 -0.722
n 0.2216 0.6291 -0.745
n 0.0931 0.7172 -0.6906
n 0.2216 0.6291 -0.745
n 0.14 0.6248 -0.7681
n -0.0008 0.6971 -0.717
n 0.14 0.6248 -0.7681
n 0.058 0.6094 -0.7907
n -0.0902 0.6654 -0.741
n 0.058 0.6094 -0.7907
n -0.0206 0.5835 -0.8119
n -0.1739 0.6225 -0.763
n -0.0206 0.5835 -0.8119
n -0.0949 0.5468 -0.8319
n -0.2502 0.5696 -0.7829
n -0.0949 0.5468 -0.8319
n -0.1623 0.502 -0.8495
n -0.317 0.5095 -0.7999
n -0.1623 0.502 -0.8495
n -0.2217 0.4496 -0.8653
n -0.3744 0.442 -0.8151
n -0.2217 0.4496 -0.8653
n -0.2732 0.39 -0.8794
n -0.4223 0.3675 -0.8286
n -0.2732 0.39 -0.8794
n -0.3157 0.3244 -0.8917
n -0.4608 0.286 -0.8401
n -0.3157 0.3244 -0.8917
n -0.3498 0.2524 -0.9022
n -0.4885 0.2011 -0.8491
n -0.3498 0.2524 -0.9022
n -0.3737 0.1766 -0.9106
n -0.5045 0.1129 -0.856
n -0.3737 0.1766 -0.9106
n -0.3873 0.0983 -0.9167
n -0.5092 0.0211 -0.8604
n -0.3873 0.0983 -0.9167
n -0.3909 0.0177 -0.9202
n -0.5028 -0.0734 -0.8613
n -0.3909 0.0177 -0.9202
n -0.3838 -0.0652 -0.9211
n -0.4843 -0.1689 -0.8584
n -0.3838 -0.0652 -0.9211
n -0.3668 -0.1485 -0.9184
n -0.3399 -0.2297 -0.912
n -0.4843 -0.1689 -0.8584
n -0.3668 -0.1485 -0.9184
n -0.3022 -0.308 -0.9021
n -0.4537 -0.2626 -0.8516
n -0.3399 -0.2297 -0.912
n -0.2568 -0.3788 -0.8891
n -0.412 -0.3517 -0.8406
n -0.3022 -0.308 -0.9021
n -0.2033 -0.4427 -0.8733
n -0.36 -0.4339 -0.8259
n -0.2568 -0.3788 -0.8891
n -0.1432 -0.4976 -0.8555
n -0.2993 -0.5071 -0.8083
n -0.2033 -0.4427 -0.8733
n -0.0771 -0.5434 -0.8359
n -0.2306 -0.5704 -0.7884
n -0.1432 -0.4976 -0.8555
n -0.0047 -0.5803 -0.8144
n -0.1546 -0.6241 -0.7659
n -0.0771 -0.5434 -0.8359
n 0.0709 -0.6063 -0.7921
n -0.0725 -0.6665 -0.742
n -0.0047 -0.5803 -0.8144
n 0.1484 -0.6212 -0.7695
n 0.0134 -0.6966 -0.7173
n 0.0709 -0.6063 -0.7921
n 0.228 -0.6251 -0.7465
n 0.1027 -0.7151 -0.6915
n 0.1484 -0.6212 -0.7695
n 0.3069 -0.618 -0.7238
n 0.1944 -0.7213 -0.6648
n 0.228 -0.6251 -0.7465
n 0.3836 -0.6 -0.702
n 0.2849 -0.7143 -0.6392
n 0.3069 -0.618 -0.7238
n 0.4577 -0.5717 -0.6809
n 0.3741 -0.6949 -0.6141
n 0.3836 -0.6 -0.702
n 0.5264 -0.5337 -0.6618
n 0.4602 -0.6633 -0.5902
n 0.4577 -0.5717 -0.6809
n 0.5886 -0.4876 -0.6448
n 0.5398 -0.6202 -0.5692
n 0.5264 -0.5337 -0.6618
n 0.6452 -0.4333 -0.6293
n 0.6132 -0.5671 -0.5499
n 0.5886 -0.4876 -0.6448
n 0.6945 -0.3716 -0.6161
n 0.6797 -0.5046 -0.5324
n 0.6452 -0.4333 -0.6293
n 0.7353 -0.3048 -0.6053
n 0.7378 -0.4334 -0.5175
n 0.6945 -0.3716 -0.6161
n 0.7675 -0.2335 -0.597
n 0.7859 -0.3557 -0.5059
n 0.7353 -0.3048 -0.6053
n 0.7911 -0.1578 -0.591
n 0.8241 -0.2725 -0.4966
n 0.7675 -0.2335 -0.597
n 0.8054 -0.0798 -0.5874
n 0.8521 -0.1844 -0.4898
n 0.7911 -0.1578 -0.591
n 0.8101 -0.001 -0.5863
n 0.8689 -0.0935 -0.4861
n 0.8054 -0.0798 -0.5874
n 0.8694 0.092 -0.4855
n 0.8101 -0.001 -0.5863
n 0.8055 0.0783 -0.5874
n 0.7278 0.0639 -0.6828
n 0.8101 -0.001 -0.5863
n 0.7316 -0.0009 -0.6817
n 0.8101 -0.001 -0.5863
n 0.7277 -0.0655 -0.6827
n 0.7316 -0.0009 -0.6817
n 0.8054 -0.0798 -0.5874
n 0.716 -0.13 -0.6858
n 0.7277 -0.0655 -0.6827
n 0.7911 -0.1578 -0.591
n 0.6967 -0.192 -0.6911
n 0.716 -0.13 -0.6858
n 0.7675 -0.2335 -0.597
n 0.6704 -0.2507 -0.6984
n 0.6967 -0.192 -0.6911
n 0.7353 -0.3048 -0.6053
n 0.637 -0.3056 -0.7077
n 0.6704 -0.2507 -0.6984
n 0.6945 -0.3716 -0.6161
n 0.5962 -0.3568 -0.7191
n 0.637 -0.3056 -0.7077
n 0.6452 -0.4333 -0.6293
n 0.5496 -0.4022 -0.7322
n 0.5962 -0.3568 -0.7191
n 0.5886 -0.4876 -0.6448
n 0.4988 -0.4399 -0.7468
n 0.5496 -0.4022 -0.7322
n 0.5264 -0.5337 -0.6618
n 0.4424 -0.4713 -0.763
n 0.4988 -0.4399 -0.7468
n 0.4577 -0.5717 -0.6809
n 0.3812 -0.4955 -0.7805
n 0.4424 -0.4713 -0.763
n 0.3836 -0.6 -0.702
n 0.3175 -0.5111 -0.7987
n 0.3812 -0.4955 -0.7805
n 0.3069 -0.618 -0.7238
n 0.2522 -0.5174 -0.8177
n 0.3175 -0.5111 -0.7987
n 0.228 -0.6251 -0.7465
n 0.1858 -0.5148 -0.8369
n 0.2522 -0.5174 -0.8177
n 0.1484 -0.6212 -0.7695
n 0.1203 -0.5031 -0.8558
n 0.1858 -0.5148 -0.8369
n 0.0709 -0.6063 -0.7921
n 0.0576 -0.4819 -0.8743
n 0.1203 -0.5031 -0.8558
n -0.0047 -0.5803 -0.8144
n -0.0027 -0.4524 -0.8918
n 0.0576 -0.4819 -0.8743
n -0.0771 -0.5434 -0.8359
n -0.0588 -0.4146 -0.9081
n -0.0027 -0.4524 -0.8918
n -0.1432 -0.4976 -0.8555
n -0.1097 -0.3692 -0.9229
n -0.0588 -0.4146 -0.9081
n -0.2033 -0.4427 -0.8733
n -0.1555 -0.3162 -0.9359
n -0.1097 -0.3692 -0.9229
n -0.2568 -0.3788 -0.8891
n -0.1938 -0.2574 -0.9467
n -0.1555 -0.3162 -0.9359
n -0.3022 -0.308 -0.9021
n -0.2251 -0.1932 -0.955
n -0.1938 -0.2574 -0.9467
n -0.3399 -0.2297 -0.912
n -0.2494 -0.1249 -0.9603
n -0.2251 -0.1932 -0.955
n -0.3668 -0.1485 -0.9184
n -0.2642 -0.0561 -0.9628
n -0.2494 -0.1249 -0.9603
n -0.3838 -0.0652 -0.9211
n -0.2706 0.0136 -0.9626
n -0.2642 -0.0561 -0.9628
n -0.3909 0.0177 -0.9202
n -0.2681 0.0824 -0.9599
n -0.2706 0.0136 -0.9626
n -0.3873 0.0983 -0.9167
n -0.2568 0.1484 -0.955
n -0.2681 0.0824 -0.9599
n -0.3737 0.1766 -0.9106
n -0.2359 0.2127 -0.9482
n -0.2568 0.1484 -0.955
n -0.2359 0.2127 -0.9482
n -0.3157 0.3244 -0.8917
n -0.2066 0.2737 -0.9394
n -0.2066 0.2737 -0.9394
n -0.2732 0.39 -0.8794
n -0.1698 0.329 -0.929
n -0.1698 0.329 -0.929
n -0.2217 0.4496 -0.8653
n -0.1256 0.3784 -0.9171
n -0.1256 0.3784 -0.9171
n -0.1623 0.502 -0.8495
n -0.075 0.4219 -0.9036
n -0.075 0.4219 -0.9036
n -0.0949 0.5468 -0.8319
n -0.0174 0.4585 -0.8885
n -0.0174 0.4585 -0.8885
n -0.0206 0.5835 -0.8119
n 0.0451 0.4875 -0.872
n 0.0451 0.4875 -0.872
n 0.058 0.6094 -0.7907
n 0.1113 0.508 -0.8541
n 0.1113 0.508 -0.8541
n 0.14 0.6248 -0.7681
n 0.1791 0.5195 -0.8355
n 0.1791 0.5195 -0.8355
n 0.2216 0.6291 -0.745
n 0.2464 0.5222 -0.8165
n 0.2464 0.5222 -0.8165
n 0.3017 0.6226 -0.722
n 0.3129 0.5156 -0.7976
n 0.3129 0.5156 -0.7976
n 0.3791 0.6046 -0.7005
n 0.3777 0.4998 -0.7794
n 0.3777 0.4998 -0.7794
n 0.4532 0.5763 -0.6801
n 0.4386 0.4758 -0.7624
n 0.4386 0.4758 -0.7624
n 0.5225 0.5384 -0.6611
n 0.4955 0.4442 -0.7464
n 0.4955 0.4442 -0.7464
n 0.5864 0.4915 -0.6439
n 0.548 0.4051 -0.7318
n 0.548 0.4051 -0.7318
n 0.6437 0.4365 -0.6286
n 0.5952 0.3592 -0.7188
n 0.5952 0.3592 -0.7188
n 0.6937 0.3741 -0.6155
n 0.6361 0.3075 -0.7077
n 0.6361 0.3075 -0.7077
n 0.7354 0.3058 -0.6047
n 0.6702 0.2514 -0.6983
n 0.6702 0.2514 -0.6983
n 0.7681 0.2331 -0.5963
n 0.697 0.1911 -0.6911
n 0.697 0.1911 -0.6911
n 0.7916 0.1568 -0.5906
n 0.7163 0.1279 -0.686
n 0.7163 0.1279 -0.686
n 0.8055 0.0783 -0.5874
n 0.7278 0.0639 -0.6828
n 0.6335 0.1003 -0.7672
n 0.7278 0.0639 -0.6828
n 0.6426 0.0503 -0.7645
n 0.6183 0.1489 -0.7717
n 0.7163 0.1279 -0.686
n 0.6335 0.1003 -0.7672
n 0.5973 0.1957 -0.7778
n 0.697 0.1911 -0.6911
n 0.6183 0.1489 -0.7717
n 0.5707 0.2399 -0.7854
n 0.6702 0.2514 -0.6983
n 0.5973 0.1957 -0.7778
n 0.5386 0.2808 -0.7944
n 0.6361 0.3075 -0.7077
n 0.5707 0.2399 -0.7854
n 0.5018 0.3169 -0.8049
n 0.5952 0.3592 -0.7188
n 0.5386 0.2808 -0.7944
n 0.4607 0.3478 -0.8166
n 0.548 0.4051 -0.7318
n 0.5018 0.3169 -0.8049
n 0.4164 0.3727 -0.8293
n 0.4955 0.4442 -0.7464
n 0.4607 0.3478 -0.8166
n 0.3688 0.3917 -0.8429
n 0.4386 0.4758 -0.7624
n 0.4164 0.3727 -0.8293
n 0.3185 0.4043 -0.8574
n 0.3777 0.4998 -0.7794
n 0.3688 0.3917 -0.8429
n 0.2659 0.4102 -0.8724
n 0.3129 0.5156 -0.7976
n 0.3185 0.4043 -0.8574
n 0.2127 0.4088 -0.8875
n 0.2464 0.5222 -0.8165
n 0.2659 0.4102 -0.8724
n 0.1602 0.4004 -0.9022
n 0.1791 0.5195 -0.8355
n 0.2127 0.4088 -0.8875
n 0.1082 0.385 -0.9166
n 0.1113 0.508 -0.8541
n 0.1602 0.4004 -0.9022
n 0.0586 0.3629 -0.93
n 0.0451 0.4875 -0.872
n 0.1082 0.385 -0.9166
n 0.0125 0.3345 -0.9423
n -0.0174 0.4585 -0.8885
n 0.0586 0.3629 -0.93
n -0.0284 0.3003 -0.9534
n -0.075 0.4219 -0.9036
n 0.0125 0.3345 -0.9423
n -0.0634 0.2615 -0.9631
n -0.1256 0.3784 -0.9171
n -0.0284 0.3003 -0.9534
n -0.0933 0.2174 -0.9716
n -0.1698 0.329 -0.929
n -0.0634 0.2615 -0.9631
n -0.1169 0.1688 -0.9787
n -0.2066 0.2737 -0.9394
n -0.0933 0.2174 -0.9716
n -0.1333 0.1169 -0.9842
n -0.2359 0.2127 -0.9482
n -0.1169 0.1688 -0.9787
n -0.2681 0.0824 -0.9599
n -0.1333 0.1169 -0.9842
n -0.1426 0.0638 -0.9877
n -0.2706 0.0136 -0.9626
n -0.1426 0.0638 -0.9877
n -0.1449 0.0098 -0.9894
n -0.2642 -0.0561 -0.9628
n -0.1449 0.0098 -0.9894
n -0.14 -0.0455 -0.9891
n -0.2494 -0.1249 -0.9603
n -0.14 -0.0455 -0.9891
n -0.1277 -0.0999 -0.9868
n -0.2251 -0.1932 -0.955
n -0.1277 -0.0999 -0.9868
n -0.1091 -0.1529 -0.9822
n -0.1938 -0.2574 -0.9467
n -0.1091 -0.1529 -0.9822
n -0.0836 -0.2033 -0.9755
n -0.1555 -0.3162 -0.9359
n -0.0836 -0.2033 -0.9755
n -0.052 -0.2498 -0.9669
n -0.1097 -0.3692 -0.9229
n -0.052 -0.2498 -0.9669
n -0.0163 -0.2908 -0.9567
n -0.0588 -0.4146 -0.9081
n -0.0163 -0.2908 -0.9567
n 0.0242 -0.3263 -0.9449
n -0.0027 -0.4524 -0.8918
n 0.0242 -0.3263 -0.9449
n 0.0685 -0.3558 -0.9321
n 0.0576 -0.4819 -0.8743
n 0.0685 -0.3558 -0.9321
n 0.1158 -0.3787 -0.9182
n 0.1203 -0.5031 -0.8558
n 0.1158 -0.3787 -0.9182
n 0.1667 -0.395 -0.9034
n 0.1858 -0.5148 -0.8369
n 0.1667 -0.395 -0.9034
n 0.2181 -0.4037 -0.8885
n 0.2522 -0.5174 -0.8177
n 0.2181 -0.4037 -0.8885
n 0.2694 -0.4056 -0.8735
n 0.3175 -0.5111 -0.7987
n 0.2694 -0.4056 -0.8735
n 0.3221 -0.4 -0.8581
n 0.3812 -0.4955 -0.7805
n 0.3221 -0.4 -0.8581
n 0.372 -0.3875 -0.8435
n 0.4424 -0.4713 -0.763
n 0.372 -0.3875 -0.8435
n 0.4189 -0.3694 -0.8295
n 0.4988 -0.4399 -0.7468
n 0.4189 -0.3694 -0.8295
n 0.4634 -0.3445 -0.8165
n 0.5496 -0.4022 -0.7322
n 0.4634 -0.3445 -0.8165
n 0.5036 -0.3143 -0.8047
n 0.5962 -0.3568 -0.7191
n 0.5036 -0.3143 -0.8047
n 0.5399 -0.279 -0.7942
n 0.637 -0.3056 -0.7077
n 0.5399 -0.279 -0.7942
n 0.5715 -0.2394 -0.7849
n 0.6704 -0.2507 -0.6984
n 0.5715 -0.2394 -0.7849
n 0.5977 -0.196 -0.7774
n 0.6967 -0.192 -0.6911
n 0.5977 -0.196 -0.7774
n 0.6184 -0.1502 -0.7714
n 0.716 -0.13 -0.6858
n 0.6184 -0.1502 -0.7714
n 0.6334 -0.1013 -0.7672
n 0.7277 -0.0655 -0.6827
n 0.6334 -0.1013 -0.7672
n 0.6426 -0.051 -0.7645
n 0.7316 -0.0009 -0.6817
n 0.6426 -0.051 -0.7645
n 0.6456 -0.0008 -0.7636
n 0.6426 0.0503 -0.7645
n 0.7316 -0.0009 -0.6817
n 0.6456 -0.0008 -0.7636
n 0.6426 0.0503 -0.7645
n 0.5676 -0.0001 -0.8233
n 0.5653 0.0381 -0.824
n 0.6456 -0.0008 -0.7636
n 0.5654 -0.0391 -0.8239
n 0.5676 -0.0001 -0.8233
n 0.6426 -0.051 -0.7645
n 0.5586 -0.0768 -0.8259
n 0.5654 -0.0391 -0.8239
n 0.6334 -0.1013 -0.7672
n 0.547 -0.1142 -0.8293
n 0.5586 -0.0768 -0.8259
n 0.6184 -0.1502 -0.7714
n 0.5312 -0.1487 -0.8341
n 0.547 -0.1142 -0.8293
n 0.5977 -0.196 -0.7774
n 0.5114 -0.1811 -0.84
n 0.5312 -0.1487 -0.8341
n 0.5715 -0.2394 -0.7849
n 0.4871 -0.2117 -0.8473
n 0.5114 -0.1811 -0.84
n 0.5399 -0.279 -0.7942
n 0.459 -0.2391 -0.8556
n 0.4871 -0.2117 -0.8473
n 0.5036 -0.3143 -0.8047
n 0.4287 -0.2616 -0.8648
n 0.459 -0.2391 -0.8556
n 0.4634 -0.3445 -0.8165
n 0.3952 -0.28 -0.8749
n 0.4287 -0.2616 -0.8648
n 0.4189 -0.3694 -0.8295
n 0.3587 -0.2943 -0.8858
n 0.3952 -0.28 -0.8749
n 0.372 -0.3875 -0.8435
n 0.3206 -0.3031 -0.8974
n 0.3587 -0.2943 -0.8858
n 0.3221 -0.4 -0.8581
n 0.2815 -0.307 -0.9091
n 0.3206 -0.3031 -0.8974
n 0.2694 -0.4056 -0.8735
n 0.2425 -0.3061 -0.9206
n 0.2815 -0.307 -0.9091
n 0.2181 -0.4037 -0.8885
n 0.2039 -0.2993 -0.9321
n 0.2425 -0.3061 -0.9206
n 0.1667 -0.395 -0.9034
n 0.1642 -0.2867 -0.9438
n 0.2039 -0.2993 -0.9321
n 0.1158 -0.3787 -0.9182
n 0.1284 -0.2694 -0.9544
n 0.1642 -0.2867 -0.9438
n 0.0685 -0.3558 -0.9321
n 0.0949 -0.2471 -0.9643
n 0.1284 -0.2694 -0.9544
n 0.0242 -0.3263 -0.9449
n 0.0636 -0.2202 -0.9734
n 0.0949 -0.2471 -0.9643
n -0.0163 -0.2908 -0.9567
n 0.0361 -0.189 -0.9813
n 0.0636 -0.2202 -0.9734
n -0.052 -0.2498 -0.9669
n 0.0134 -0.1553 -0.9878
n 0.0361 -0.189 -0.9813
n -0.0836 -0.2033 -0.9755
n -0.0059 -0.1173 -0.9931
n 0.0134 -0.1553 -0.9878
n -0.1091 -0.1529 -0.9822
n -0.0208 -0.0768 -0.9968
n -0.0059 -0.1173 -0.9931
n -0.1277 -0.0999 -0.9868
n -0.0298 -0.0359 -0.9989
n -0.0208 -0.0768 -0.9968
n -0.14 -0.0455 -0.9891
n -0.034 0.0069 -0.9994
n -0.0298 -0.0359 -0.9989
n -0.1449 0.0098 -0.9894
n -0.0326 0.0486 -0.9983
n -0.034 0.0069 -0.9994
n -0.0326 0.0486 -0.9983
n -0.1333 0.1169 -0.9842
n -0.0254 0.0874 -0.9958
n -0.0254 0.0874 -0.9958
n -0.1169 0.1688 -0.9787
n -0.0121 0.1274 -0.9918
n -0.0121 0.1274 -0.9918
n -0.0933 0.2174 -0.9716
n 0.0071 0.166 -0.9861
n 0.0071 0.166 -0.9861
n -0.0634 0.2615 -0.9631
n 0.0293 0.199 -0.9796
n 0.0293 0.199 -0.9796
n -0.0284 0.3003 -0.9534
n 0.0564 0.2285 -0.9719
n 0.0564 0.2285 -0.9719
n 0.0125 0.3345 -0.9423
n 0.0892 0.2551 -0.9628
n 0.0892 0.2551 -0.9628
n 0.0586 0.3629 -0.93
n 0.1239 0.2765 -0.953
n 0.1082 0.385 -0.9166
n 0.1239 0.2765 -0.953
n 0.0586 0.3629 -0.93
n 0.1602 0.4004 -0.9022
n 0.1605 0.2928 -0.9426
n 0.1082 0.385 -0.9166
n 0.1993 0.3044 -0.9315
n 0.2127 0.4088 -0.8875
n 0.2385 0.3106 -0.9202
n 0.2385 0.3106 -0.9202
n 0.2659 0.4102 -0.8724
n 0.2791 0.3115 -0.9083
n 0.2791 0.3115 -0.9083
n 0.3185 0.4043 -0.8574
n 0.3181 0.3072 -0.8969
n 0.3181 0.3072 -0.8969
n 0.3688 0.3917 -0.8429
n 0.3567 0.2974 -0.8856
n 0.3567 0.2974 -0.8856
n 0.4164 0.3727 -0.8293
n 0.3929 0.2829 -0.875
n 0.3929 0.2829 -0.875
n 0.4607 0.3478 -0.8166
n 0.4263 0.2641 -0.8652
n 0.4263 0.2641 -0.8652
n 0.5018 0.3169 -0.8049
n 0.4584 0.2399 -0.8557
n 0.4584 0.2399 -0.8557
n 0.5386 0.2808 -0.7944
n 0.4861 0.2127 -0.8476
n 0.4861 0.2127 -0.8476
n 0.5707 0.2399 -0.7854
n 0.5102 0.1824 -0.8405
n 0.5102 0.1824 -0.8405
n 0.5973 0.1957 -0.7778
n 0.5304 0.1499 -0.8344
n 0.5304 0.1499 -0.8344
n 0.6183 0.1489 -0.7717
n 0.5465 0.114 -0.8296
n 0.5465 0.114 -0.8296
n 0.6335 0.1003 -0.7672
n 0.5583 0.0761 -0.8261
n 0.5583 0.0761 -0.8261
n 0.6426 0.0503 -0.7645
n 0.5653 0.0381 -0.824
n 0.533 0.0691 -0.8433
n 0.5653 0.0381 -0.824
n 0.5398 0.0347 -0.8411
n 0.5228 0.1018 -0.8464
n 0.5583 0.0761 -0.8261
n 0.533 0.0691 -0.8433
n 0.5084 0.1339 -0.8506
n 0.5465 0.114 -0.8296
n 0.5228 0.1018 -0.8464
n 0.4905 0.1639 -0.8559
n 0.5304 0.1499 -0.8344
n 0.5084 0.1339 -0.8506
n 0.4685 0.1908 -0.8626
n 0.5102 0.1824 -0.8405
n 0.4905 0.1639 -0.8559
n 0.4433 0.215 -0.8702
n 0.4861 0.2127 -0.8476
n 0.4685 0.1908 -0.8626
n 0.4146 0.2366 -0.8787
n 0.4584 0.2399 -0.8557
n 0.4433 0.215 -0.8702
n 0.3846 0.2533 -0.8876
n 0.4263 0.2641 -0.8652
n 0.4146 0.2366 -0.8787
n 0.3528 0.2655 -0.8972
n 0.3929 0.2829 -0.875
n 0.3846 0.2533 -0.8876
n 0.3183 0.2742 -0.9075
n 0.3567 0.2974 -0.8856
n 0.3528 0.2655 -0.8972
n 0.2835 0.2776 -0.9179
n 0.3181 0.3072 -0.8969
n 0.3183 0.2742 -0.9075
n 0.2475 0.2772 -0.9284
n 0.2791 0.3115 -0.9083
n 0.2835 0.2776 -0.9179
n 0.2122 0.2718 -0.9387
n 0.2385 0.3106 -0.9202
n 0.2475 0.2772 -0.9284
n 0.1784 0.2615 -0.9486
n 0.1993 0.3044 -0.9315
n 0.2122 0.2718 -0.9387
n 0.1451 0.2468 -0.9581
n 0.1605 0.2928 -0.9426
n 0.1784 0.2615 -0.9486
n 0.1148 0.2274 -0.967
n 0.1239 0.2765 -0.953
n 0.1451 0.2468 -0.9581
n 0.0872 0.2039 -0.9751
n 0.0892 0.2551 -0.9628
n 0.1148 0.2274 -0.967
n 0.063 0.177 -0.9822
n 0.0564 0.2285 -0.9719
n 0.0872 0.2039 -0.9751
n 0.0423 0.1474 -0.9882
n 0.0293 0.199 -0.9796
n 0.063 0.177 -0.9822
n 0.0256 0.113 -0.9933
n 0.0071 0.166 -0.9861
n 0.0423 0.1474 -0.9882
n 0.0135 0.078 -0.9969
n -0.0121 0.1274 -0.9918
n 0.0256 0.113 -0.9933
n 0.007 0.0418 -0.9991
n -0.0254 0.0874 -0.9958
n 0.0135 0.078 -0.9969
n -0.034 0.0069 -0.9994
n 0.007 0.0418 -0.9991
n 0.0056 0.0026 -1.0
n -0.0298 -0.0359 -0.9989
n 0.0056 0.0026 -1.0
n 0.0081 -0.0332 -0.9994
n -0.0208 -0.0768 -0.9968
n 0.0081 -0.0332 -0.9994
n 0.0153 -0.0693 -0.9975
n -0.0059 -0.1173 -0.9931
n 0.0153 -0.0693 -0.9975
n 0.0293 -0.1063 -0.9939
n 0.0134 -0.1553 -0.9878
n 0.0293 -0.1063 -0.9939
n 0.0447 -0.1388 -0.9893
n 0.0361 -0.189 -0.9813
n 0.0447 -0.1388 -0.9893
n 0.0663 -0.1692 -0.9834
n 0.0636 -0.2202 -0.9734
n 0.0663 -0.1692 -0.9834
n 0.0911 -0.1971 -0.9761
n 0.0949 -0.2471 -0.9643
n 0.0911 -0.1971 -0.9761
n 0.1171 -0.2203 -0.9684
n 0.1284 -0.2694 -0.9544
n 0.1171 -0.2203 -0.9684
n 0.1468 -0.2399 -0.9596
n 0.1642 -0.2867 -0.9438
n 0.1468 -0.2399 -0.9596
n 0.1803 -0.2551 -0.95
n 0.2039 -0.2993 -0.9321
n 0.1803 -0.2551 -0.95
n 0.2149 -0.2666 -0.9395
n 0.2425 -0.3061 -0.9206
n 0.2149 -0.2666 -0.9395
n 0.2512 -0.2732 -0.9286
n 0.2815 -0.307 -0.9091
n 0.2512 -0.2732 -0.9286
n 0.2851 -0.2744 -0.9184
n 0.3206 -0.3031 -0.8974
n 0.2851 -0.2744 -0.9184
n 0.3187 -0.2709 -0.9083
n 0.3587 -0.2943 -0.8858
n 0.3187 -0.2709 -0.9083
n 0.353 -0.2631 -0.8979
n 0.3952 -0.28 -0.8749
n 0.353 -0.2631 -0.8979
n 0.3864 -0.2503 -0.8877
n 0.4287 -0.2616 -0.8648
n 0.3864 -0.2503 -0.8877
n 0.4168 -0.2334 -0.8785
n 0.459 -0.2391 -0.8556
n 0.4168 -0.2334 -0.8785
n 0.4444 -0.2131 -0.8701
n 0.4871 -0.2117 -0.8473
n 0.4444 -0.2131 -0.8701
n 0.4696 -0.1895 -0.8623
n 0.5114 -0.1811 -0.84
n 0.4696 -0.1895 -0.8623
n 0.4912 -0.1631 -0.8556
n 0.5312 -0.1487 -0.8341
n 0.4912 -0.1631 -0.8556
n 0.509 -0.134 -0.8503
n 0.547 -0.1142 -0.8293
n 0.509 -0.134 -0.8503
n 0.5231 -0.1019 -0.8462
n 0.5586 -0.0768 -0.8259
n 0.5231 -0.1019 -0.8462
n 0.5339 -0.0679 -0.8428
n 0.5654 -0.0391 -0.8239
n 0.5339 -0.0679 -0.8428
n 0.5398 -0.034 -0.8411
n 0.5676 -0.0001 -0.8233
n 0.5398 -0.034 -0.8411
n 0.542 -0.0005 -0.8404
n 0.5653 0.0381 -0.824
n 0.542 -0.0005 -0.8404
n 0.5398 0.0347 -0.8411
n 0.5398 0.0347 -0.8411
n 0.6847 -0.0012 -0.7288
n 0.6812 0.0569 -0.7299
n 0.542 -0.0005 -0.8404
n 0.6812 -0.0567 -0.7299
n 0.6847 -0.0012 -0.7288
n 0.5398 -0.034 -0.8411
n 0.6712 -0.1113 -0.7329
n 0.6812 -0.0567 -0.7299
n 0.5339 -0.0679 -0.8428
n 0.6537 -0.1668 -0.7381
n 0.6712 -0.1113 -0.7329
n 0.5231 -0.1019 -0.8462
n 0.6317 -0.2172 -0.7442
n 0.6537 -0.1668 -0.7381
n 0.509 -0.134 -0.8503
n 0.6021 -0.2649 -0.7532
n 0.6317 -0.2172 -0.7442
n 0.4912 -0.1631 -0.8556
n 0.567 -0.31 -0.7632
n 0.6021 -0.2649 -0.7532
n 0.4696 -0.1895 -0.8623
n 0.5252 -0.3503 -0.7755
n 0.567 -0.31 -0.7632
n 0.4444 -0.2131 -0.8701
n 0.4802 -0.3837 -0.7888
n 0.5252 -0.3503 -0.7755
n 0.4168 -0.2334 -0.8785
n 0.4318 -0.4102 -0.8033
n 0.4802 -0.3837 -0.7888
n 0.3864 -0.2503 -0.8877
n 0.377 -0.4326 -0.8189
n 0.4318 -0.4102 -0.8033
n 0.353 -0.2631 -0.8979
n 0.3203 -0.4466 -0.8354
n 0.377 -0.4326 -0.8189
n 0.3187 -0.2709 -0.9083
n 0.2647 -0.4529 -0.8513
n 0.3203 -0.4466 -0.8354
n 0.2851 -0.2744 -0.9184
n 0.2073 -0.4521 -0.8675
n 0.2647 -0.4529 -0.8513
n 0.2512 -0.2732 -0.9286
n 0.148 -0.4407 -0.8854
n 0.2073 -0.4521 -0.8675
n 0.2149 -0.2666 -0.9395
n 0.0905 -0.4242 -0.901
n 0.148 -0.4407 -0.8854
n 0.1803 -0.2551 -0.95
n 0.0382 -0.4005 -0.9155
n 0.0905 -0.4242 -0.901
n 0.1468 -0.2399 -0.9596
n -0.0138 -0.3667 -0.9302
n 0.0382 -0.4005 -0.9155
n 0.1171 -0.2203 -0.9684
n -0.0617 -0.3282 -0.9426
n -0.0138 -0.3667 -0.9302
n 0.0911 -0.1971 -0.9761
n -0.099 -0.2842 -0.9536
n -0.0617 -0.3282 -0.9426
n 0.0663 -0.1692 -0.9834
n -0.1356 -0.2323 -0.9632
n -0.099 -0.2842 -0.9536
n 0.0447 -0.1388 -0.9893
n -0.1616 -0.1774 -0.9708
n -0.1356 -0.2323 -0.9632
n 0.0293 -0.1063 -0.9939
n -0.1826 -0.1186 -0.976
n -0.1616 -0.1774 -0.9708
n 0.0153 -0.0693 -0.9975
n -0.1959 -0.056 -0.979
n -0.1826 -0.1186 -0.976
n 0.0081 -0.0332 -0.9994
n -0.2008 0.0039 -0.9796
n -0.1959 -0.056 -0.979
n 0.0056 0.0026 -1.0
n -0.195 0.0662 -0.9786
n -0.2008 0.0039 -0.9796
n -0.195 0.0662 -0.9786
n 0.0135 0.078 -0.9969
n -0.1843 0.1265 -0.9747
n -0.1843 0.1265 -0.9747
n 0.0256 0.113 -0.9933
n -0.164 0.185 -0.969
n -0.164 0.185 -0.969
n 0.0423 0.1474 -0.9882
n -0.1357 0.2409 -0.961
n -0.1357 0.2409 -0.961
n 0.063 0.177 -0.9822
n -0.1016 0.2901 -0.9516
n -0.1016 0.2901 -0.9516
n 0.0872 0.2039 -0.9751
n -0.0628 0.3345 -0.9403
n -0.0628 0.3345 -0.9403
n 0.1148 0.2274 -0.967
n -0.0161 0.3736 -0.9274
n -0.0161 0.3736 -0.9274
n 0.1451 0.2468 -0.9581
n 0.0362 0.4059 -0.9132
n 0.0362 0.4059 -0.9132
n 0.1784 0.2615 -0.9486
n 0.089 0.4314 -0.8978
n 0.089 0.4314 -0.8978
n 0.2122 0.2718 -0.9387
n 0.1463 0.4472 -0.8824
n 0.1463 0.4472 -0.8824
n 0.2475 0.2772 -0.9284
n 0.2051 0.4571 -0.8654
n 0.2051 0.4571 -0.8654
n 0.2835 0.2776 -0.9179
n 0.2626 0.4569 -0.8498
n 0.2626 0.4569 -0.8498
n 0.3183 0.2742 -0.9075
n 0.3193 0.4512 -0.8333
n 0.3193 0.4512 -0.8333
n 0.3528 0.2655 -0.8972
n 0.3768 0.4359 -0.8173
n 0.3768 0.4359 -0.8173
n 0.3846 0.2533 -0.8876
n 0.4293 0.4151 -0.8021
n 0.4293 0.4151 -0.8021
n 0.4146 0.2366 -0.8787
n 0.4802 0.3857 -0.7878
n 0.4802 0.3857 -0.7878
n 0.4433 0.215 -0.8702
n 0.5258 0.3524 -0.7741
n 0.5258 0.3524 -0.7741
n 0.4685 0.1908 -0.8626
n 0.566 0.3127 -0.7628
n 0.566 0.3127 -0.7628
n 0.4905 0.1639 -0.8559
n 0.6025 0.2663 -0.7524
n 0.6025 0.2663 -0.7524
n 0.5084 0.1339 -0.8506
n 0.6318 0.2174 -0.744
n 0.6318 0.2174 -0.744
n 0.5228 0.1018 -0.8464
n 0.6551 0.1653 -0.7372
n 0.5228 0.1018 -0.8464
n 0.6714 0.1115 -0.7326
n 0.6551 0.1653 -0.7372
n 0.533 0.0691 -0.8433
n 0.6812 0.0569 -0.7299
n 0.6714 0.1115 -0.7326
n 0.9614 0.2295 -0.1519
n 0.6812 0.0569 -0.7299
n 0.9824 0.1148 -0.1477
n 0.9265 0.3397 -0.1616
n 0.6714 0.1115 -0.7326
n 0.9614 0.2295 -0.1519
n 0.8785 0.4462 -0.1706
n 0.6551 0.1653 -0.7372
n 0.9265 0.3397 -0.1616
n 0.8169 0.5452 -0.1884
n 0.6318 0.2174 -0.744
n 0.8785 0.4462 -0.1706
n 0.7414 0.6385 -0.2064
n 0.6025 0.2663 -0.7524
n 0.8169 0.5452 -0.1884
n 0.6551 0.7204 -0.2277
n 0.566 0.3127 -0.7628
n 0.7414 0.6385 -0.2064
n 0.5581 0.7912 -0.25
n 0.5258 0.3524 -0.7741
n 0.6551 0.7204 -0.2277
n 0.4539 0.8472 -0.2761
n 0.4802 0.3857 -0.7878
n 0.5581 0.7912 -0.25
n 0.3459 0.8879 -0.3035
n 0.4293 0.4151 -0.8021
n 0.4539 0.8472 -0.2761
n 0.2282 0.9151 -0.3325
n 0.3768 0.4359 -0.8173
n 0.3459 0.8879 -0.3035
n 0.11 0.9256 -0.3621
n 0.3193 0.4512 -0.8333
n 0.2282 0.9151 -0.3325
n -0.0054 0.9205 -0.3908
n 0.2626 0.4569 -0.8498
n 0.11 0.9256 -0.3621
n -0.1244 0.8984 -0.4212
n 0.2051 0.4571 -0.8654
n -0.0054 0.9205 -0.3908
n -0.2405 0.8603 -0.4495
n 0.1463 0.4472 -0.8824
n -0.1244 0.8984 -0.4212
n -0.349 0.8069 -0.4765
n 0.089 0.4314 -0.8978
n -0.2405 0.8603 -0.4495
n -0.4479 0.7398 -0.5021
n 0.0362 0.4059 -0.9132
n -0.349 0.8069 -0.4765
n -0.5373 0.6605 -0.5244
n -0.0161 0.3736 -0.9274
n -0.4479 0.7398 -0.5021
n -0.615 0.5706 -0.5443
n -0.0628 0.3345 -0.9403
n -0.5373 0.6605 -0.5244
n -0.6806 0.471 -0.5612
n -0.1016 0.2901 -0.9516
n -0.615 0.5706 -0.5443
n -0.7347 0.3623 -0.5735
n -0.1357 0.2409 -0.961
n -0.6806 0.471 -0.5612
n -0.7743 0.2462 -0.583
n -0.164 0.185 -0.969
n -0.7347 0.3623 -0.5735
n -0.7968 0.128 -0.5905
n -0.1843 0.1265 -0.9747
n -0.7743 0.2462 -0.583
n -0.8052 0.0074 -0.5929
n -0.195 0.0662 -0.9786
n -0.7968 0.128 -0.5905
n -0.1959 -0.056 -0.979
n -0.8052 0.0074 -0.5929
n -0.7992 -0.116 -0.5898
n -0.7749 -0.2361 -0.5864
n -0.1959 -0.056 -0.979
n -0.7992 -0.116 -0.5898
n -0.1616 -0.1774 -0.9708
n -0.7749 -0.2361 -0.5864
n -0.7391 -0.3492 -0.5761
n -0.1356 -0.2323 -0.9632
n -0.7391 -0.3492 -0.5761
n -0.6867 -0.4598 -0.5631
n -0.099 -0.2842 -0.9536
n -0.6867 -0.4598 -0.5631
n -0.6189 -0.5643 -0.5465
n -0.0617 -0.3282 -0.9426
n -0.6189 -0.5643 -0.5465
n -0.5421 -0.6548 -0.5266
n -0.0138 -0.3667 -0.9302
n -0.5421 -0.6548 -0.5266
n -0.4491 -0.7368 -0.5054
n 0.0382 -0.4005 -0.9155
n -0.4491 -0.7368 -0.5054
n -0.3476 -0.8066 -0.4781
n 0.0905 -0.4242 -0.901
n -0.3476 -0.8066 -0.4781
n -0.2407 -0.859 -0.4519
n 0.148 -0.4407 -0.8854
n -0.2407 -0.859 -0.4519
n -0.1282 -0.8972 -0.4227
n 0.2073 -0.4521 -0.8675
n -0.1282 -0.8972 -0.4227
n -0.0086 -0.9191 -0.3939
n 0.2647 -0.4529 -0.8513
n -0.0086 -0.9191 -0.3939
n 0.1112 -0.925 -0.3634
n 0.3203 -0.4466 -0.8354
n 0.1112 -0.925 -0.3634
n 0.2287 -0.9139 -0.3353
n 0.377 -0.4326 -0.8189
n 0.2287 -0.9139 -0.3353
n 0.3482 -0.8863 -0.3053
n 0.4318 -0.4102 -0.8033
n 0.3482 -0.8863 -0.3053
n 0.4571 -0.8456 -0.2757
n 0.4802 -0.3837 -0.7888
n 0.4571 -0.8456 -0.2757
n 0.5588 -0.7897 -0.2532
n 0.5252 -0.3503 -0.7755
n 0.5588 -0.7897 -0.2532
n 0.6573 -0.7184 -0.2277
n 0.567 -0.31 -0.7632
n 0.6573 -0.7184 -0.2277
n 0.7426 -0.6367 -0.2078
n 0.6021 -0.2649 -0.7532
n 0.7426 -0.6367 -0.2078
n 0.8146 -0.5489 -0.1877
n 0.6317 -0.2172 -0.7442
n 0.8146 -0.5489 -0.1877
n 0.8768 -0.4481 -0.1745
n 0.6537 -0.1668 -0.7381
n 0.8768 -0.4481 -0.1745
n 0.9257 -0.3424 -0.1609
n 0.6712 -0.1113 -0.7329
n 0.9257 -0.3424 -0.1609
n 0.9607 -0.2313 -0.1534
n 0.6812 -0.0567 -0.7299
n 0.9607 -0.2313 -0.1534
n 0.982 -0.1181 -0.1475
n 0.6847 -0.0012 -0.7288
n 0.982 -0.1181 -0.1475
n 0.9892 -0.0021 -0.1465
n 0.9824 0.1148 -0.1477
n 0.6847 -0.0012 -0.7288
n 0.9892 -0.0021 -0.1465
n 0.9472 0.1253 0.2951
n 0.9892 -0.0021 -0.1465
n 0.9551 -0.0018 0.2962
n 0.9892 -0.0021 -0.1465
n 0.9469 -0.1288 0.2946
n 0.9551 -0.0018 0.2962
n 0.982 -0.1181 -0.1475
n 0.9215 -0.2582 0.29
n 0.9469 -0.1288 0.2946
n 0.9607 -0.2313 -0.1534
n 0.8806 -0.3811 0.2816
n 0.9215 -0.2582 0.29
n 0.9257 -0.3424 -0.1609
n 0.8254 -0.4958 0.27
n 0.8806 -0.3811 0.2816
n 0.8768 -0.4481 -0.1745
n 0.755 -0.6038 0.2558
n 0.8254 -0.4958 0.27
n 0.8146 -0.5489 -0.1877
n 0.6698 -0.7031 0.2388
n 0.755 -0.6038 0.2558
n 0.7426 -0.6367 -0.2078
n 0.5731 -0.7898 0.2184
n 0.6698 -0.7031 0.2388
n 0.6573 -0.7184 -0.2277
n 0.465 -0.8633 0.1961
n 0.5731 -0.7898 0.2184
n 0.5588 -0.7897 -0.2532
n 0.3501 -0.9207 0.1726
n 0.465 -0.8633 0.1961
n 0.4571 -0.8456 -0.2757
n 0.2246 -0.9634 0.1463
n 0.3501 -0.9207 0.1726
n 0.3482 -0.8863 -0.3053
n 0.0941 -0.9885 0.118
n 0.2246 -0.9634 0.1463
n 0.2287 -0.9139 -0.3353
n -0.0294 -0.9954 0.0914
n 0.0941 -0.9885 0.118
n 0.1112 -0.925 -0.3634
n -0.1587 -0.9853 0.0635
n -0.0294 -0.9954 0.0914
n -0.0086 -0.9191 -0.3939
n -0.2895 -0.9565 0.0357
n -0.1587 -0.9853 0.0635
n -0.1282 -0.8972 -0.4227
n -0.4126 -0.9109 0.0089
n -0.2895 -0.9565 0.0357
n -0.2407 -0.859 -0.4519
n -0.5255 -0.8506 -0.017
n -0.4126 -0.9109 0.0089
n -0.3476 -0.8066 -0.4781
n -0.6299 -0.7756 -0.0411
n -0.5255 -0.8506 -0.017
n -0.4491 -0.7368 -0.5054
n -0.7231 -0.6879 -0.0623
n -0.6299 -0.7756 -0.0411
n -0.5421 -0.6548 -0.5266
n -0.8043 -0.5887 -0.0805
n -0.7231 -0.6879 -0.0623
n -0.6189 -0.5643 -0.5465
n -0.8734 -0.4774 -0.0966
n -0.8043 -0.5887 -0.0805
n -0.6867 -0.4598 -0.5631
n -0.9248 -0.3645 -0.1088
n -0.8734 -0.4774 -0.0966
n -0.7391 -0.3492 -0.5761
n -0.962 -0.2462 -0.1178
n -0.9248 -0.3645 -0.1088
n -0.7749 -0.2361 -0.5864
n -0.9853 -0.1187 -0.1231
n -0.962 -0.2462 -0.1178
n -0.7992 -0.116 -0.5898
n -0.9922 0.0078 -0.1246
n -0.9853 -0.1187 -0.1231
n -0.9922 0.0078 -0.1246
n -0.7968 0.128 -0.5905
n -0.9834 0.1329 -0.1232
n -0.9834 0.1329 -0.1232
n -0.7743 0.2462 -0.583
n -0.9591 0.2572 -0.1181
n -0.9591 0.2572 -0.1181
n -0.7347 0.3623 -0.5735
n -0.92 0.3764 -0.1092
n -0.92 0.3764 -0.1092
n -0.6806 0.471 -0.5612
n -0.8653 0.4917 -0.097
n -0.8653 0.4917 -0.097
n -0.615 0.5706 -0.5443
n -0.7975 0.5978 -0.0814
n -0.7975 0.5978 -0.0814
n -0.5373 0.6605 -0.5244
n -0.7176 0.6935 -0.0631
n -0.7176 0.6935 -0.0631
n -0.4479 0.7398 -0.5021
n -0.6265 0.7783 -0.0421
n -0.6265 0.7783 -0.0421
n -0.349 0.8069 -0.4765
n -0.5199 0.854 -0.0187
n -0.5199 0.854 -0.0187
n -0.2405 0.8603 -0.4495
n -0.407 0.9134 0.0064
n -0.407 0.9134 0.0064
n -0.1244 0.8984 -0.4212
n -0.2856 0.9578 0.0336
n -0.2856 0.9578 0.0336
n -0.0054 0.9205 -0.3908
n -0.16 0.9852 0.062
n -0.16 0.9852 0.062
n 0.11 0.9256 -0.3621
n -0.0345 0.9953 0.0903
n -0.0345 0.9953 0.0903
n 0.2282 0.9151 -0.3325
n 0.0962 0.9882 0.1188
n 0.0962 0.9882 0.1188
n 0.3459 0.8879 -0.3035
n 0.2232 0.9637 0.1464
n 0.2232 0.9637 0.1464
n 0.4539 0.8472 -0.2761
n 0.3467 0.922 0.1725
n 0.3467 0.922 0.1725
n 0.5581 0.7912 -0.25
n 0.467 0.862 0.197
n 0.467 0.862 0.197
n 0.6551 0.7204 -0.2277
n 0.5746 0.7886 0.2187
n 0.5746 0.7886 0.2187
n 0.7414 0.6385 -0.2064
n 0.6682 0.7046 0.2388
n 0.6682 0.7046 0.2388
n 0.8169 0.5452 -0.1884
n 0.7541 0.6044 0.2571
n 0.7541 0.6044 0.2571
n 0.8785 0.4462 -0.1706
n 0.8264 0.4934 0.2714
n 0.8264 0.4934 0.2714
n 0.9265 0.3397 -0.1616
n 0.8819 0.3768 0.2833
n 0.8819 0.3768 0.2833
n 0.9614 0.2295 -0.1519
n 0.9226 0.2535 0.2909
n 0.9226 0.2535 0.2909
n 0.9824 0.1148 -0.1477
n 0.9472 0.1253 0.2951
n 0.9381 0.2507 0.2389
n 0.9472 0.1253 0.2951
n 0.9618 0.125 0.2437
n 0.8988 0.3727 0.2309
n 0.9226 0.2535 0.2909
n 0.9381 0.2507 0.2389
n 0.8426 0.4919 0.2194
n 0.8819 0.3768 0.2833
n 0.8988 0.3727 0.2309
n 0.7724 0.6012 0.2047
n 0.8264 0.4934 0.2714
n 0.8426 0.4919 0.2194
n 0.6884 0.7008 0.1871
n 0.7541 0.6044 0.2571
n 0.7724 0.6012 0.2047
n 0.5911 0.7892 0.1669
n 0.6682 0.7046 0.2388
n 0.6884 0.7008 0.1871
n 0.485 0.8626 0.1438
n 0.5746 0.7886 0.2187
n 0.5911 0.7892 0.1669
n 0.3669 0.9228 0.1179
n 0.467 0.862 0.197
n 0.485 0.8626 0.1438
n 0.2443 0.9654 0.091
n 0.3467 0.922 0.1725
n 0.3669 0.9228 0.1179
n 0.1157 0.9913 0.0629
n 0.2232 0.9637 0.1464
n 0.2443 0.9654 0.091
n -0.0175 0.9993 0.0332
n 0.0962 0.9882 0.1188
n 0.1157 0.9913 0.0629
n -0.1471 0.9891 0.0043
n -0.0345 0.9953 0.0903
n -0.0175 0.9993 0.0332
n -0.2721 0.962 -0.0244
n -0.16 0.9852 0.062
n -0.1471 0.9891 0.0043
n -0.3931 0.918 -0.0521
n -0.2856 0.9578 0.0336
n -0.2721 0.962 -0.0244
n -0.5065 0.8587 -0.0781
n -0.407 0.9134 0.0064
n -0.3931 0.918 -0.0521
n -0.6111 0.7849 -0.1022
n -0.5199 0.854 -0.0187
n -0.5065 0.8587 -0.0781
n -0.7047 0.6986 -0.1237
n -0.6265 0.7783 -0.0421
n -0.6111 0.7849 -0.1022
n -0.7872 0.5999 -0.1429
n -0.7176 0.6935 -0.0631
n -0.7047 0.6986 -0.1237
n -0.8554 0.493 -0.159
n -0.7975 0.5978 -0.0814
n -0.7872 0.5999 -0.1429
n -0.9094 0.3789 -0.1717
n -0.8653 0.4917 -0.097
n -0.8554 0.493 -0.159
n -0.949 0.2583 -0.181
n -0.92 0.3764 -0.1092
n -0.9094 0.3789 -0.1717
n -0.973 0.1359 -0.1866
n -0.9591 0.2572 -0.1181
n -0.949 0.2583 -0.181
n -0.982 0.0074 -0.1886
n -0.9834 0.1329 -0.1232
n -0.973 0.1359 -0.1866
n -0.9853 -0.1187 -0.1231
n -0.982 0.0074 -0.1886
n -0.9751 -0.1194 -0.1867
n -0.962 -0.2462 -0.1178
n -0.9751 -0.1194 -0.1867
n -0.9526 -0.2445 -0.181
n -0.9248 -0.3645 -0.1088
n -0.9526 -0.2445 -0.181
n -0.9146 -0.3659 -0.172
n -0.8734 -0.4774 -0.0966
n -0.9146 -0.3659 -0.172
n -0.8615 -0.4821 -0.1596
n -0.8043 -0.5887 -0.0805
n -0.8615 -0.4821 -0.1596
n -0.7929 -0.5922 -0.1437
n -0.7231 -0.6879 -0.0623
n -0.7929 -0.5922 -0.1437
n -0.712 -0.691 -0.1247
n -0.6299 -0.7756 -0.0411
n -0.712 -0.691 -0.1247
n -0.6173 -0.78 -0.1028
n -0.5255 -0.8506 -0.017
n -0.6173 -0.78 -0.1028
n -0.5123 -0.8552 -0.0787
n -0.4126 -0.9109 0.0089
n -0.5123 -0.8552 -0.0787
n -0.3954 -0.917 -0.0522
n -0.2895 -0.9565 0.0357
n -0.3954 -0.917 -0.0522
n -0.2739 -0.9614 -0.0249
n -0.1587 -0.9853 0.0635
n -0.2739 -0.9614 -0.0249
n -0.1482 -0.989 0.0037
n -0.0294 -0.9954 0.0914
n -0.1482 -0.989 0.0037
n -0.0121 -0.9994 0.0339
n 0.0941 -0.9885 0.118
n -0.0121 -0.9994 0.0339
n 0.1159 -0.9913 0.0616
n 0.2246 -0.9634 0.1463
n 0.1159 -0.9913 0.0616
n 0.2417 -0.9662 0.0892
n 0.3501 -0.9207 0.1726
n 0.2417 -0.9662 0.0892
n 0.368 -0.9225 0.1166
n 0.465 -0.8633 0.1961
n 0.368 -0.9225 0.1166
n 0.4857 -0.8626 0.1414
n 0.5731 -0.7898 0.2184
n 0.4857 -0.8626 0.1414
n 0.593 -0.7883 0.1641
n 0.6698 -0.7031 0.2388
n 0.593 -0.7883 0.1641
n 0.6863 -0.7036 0.1843
n 0.755 -0.6038 0.2558
n 0.6863 -0.7036 0.1843
n 0.7721 -0.6024 0.2024
n 0.8254 -0.4958 0.27
n 0.7721 -0.6024 0.2024
n 0.8421 -0.4937 0.2171
n 0.8806 -0.3811 0.2816
n 0.8421 -0.4937 0.2171
n 0.8962 -0.3802 0.2288
n 0.9215 -0.2582 0.29
n 0.8962 -0.3802 0.2288
n 0.937 -0.2565 0.2373
n 0.9469 -0.1288 0.2946
n 0.937 -0.2565 0.2373
n 0.9612 -0.1315 0.2427
n 0.9551 -0.0018 0.2962
n 0.9612 -0.1315 0.2427
n 0.9695 -0.0051 0.245
n 0.9618 0.125 0.2437
n 0.9551 -0.0018 0.2962
n 0.9695 -0.0051 0.245
n 0.9568 0.0998 -0.273
n 0.9695 -0.0051 0.245
n 0.9628 -0.0073 -0.2703
n 0.9572 -0.1143 -0.2661
n 0.9695 -0.0051 0.245
n 0.9612 -0.1315 0.2427
n 0.9369 -0.2159 -0.275
n 0.9612 -0.1315 0.2427
n 0.937 -0.2565 0.2373
n 0.9005 -0.315 -0.2998
n 0.937 -0.2565 0.2373
n 0.8962 -0.3802 0.2288
n 0.8582 -0.4142 -0.3033
n 0.8962 -0.3802 0.2288
n 0.8421 -0.4937 0.2171
n 0.8046 -0.5076 -0.3081
n 0.8421 -0.4937 0.2171
n 0.7721 -0.6024 0.2024
n 0.7359 -0.588 -0.3356
n 0.7721 -0.6024 0.2024
n 0.6863 -0.7036 0.1843
n 0.6581 -0.6634 -0.356
n 0.6863 -0.7036 0.1843
n 0.593 -0.7883 0.1641
n 0.5721 -0.7276 -0.3785
n 0.593 -0.7883 0.1641
n 0.4857 -0.8626 0.1414
n 0.4783 -0.7805 -0.4026
n 0.4857 -0.8626 0.1414
n 0.368 -0.9225 0.1166
n 0.3733 -0.82 -0.4339
n 0.368 -0.9225 0.1166
n 0.2417 -0.9662 0.0892
n 0.2644 -0.854 -0.4481
n 0.2417 -0.9662 0.0892
n 0.1159 -0.9913 0.0616
n 0.154 -0.8613 -0.4841
n 0.1159 -0.9913 0.0616
n -0.0121 -0.9994 0.0339
n 0.036 -0.8657 -0.4993
n -0.0121 -0.9994 0.0339
n -0.1482 -0.989 0.0037
n -0.0755 -0.8452 -0.5292
n -0.1482 -0.989 0.0037
n -0.2739 -0.9614 -0.0249
n -0.1877 -0.8131 -0.5511
n -0.2739 -0.9614 -0.0249
n -0.3954 -0.917 -0.0522
n -0.2917 -0.7597 -0.5812
n -0.3954 -0.917 -0.0522
n -0.5123 -0.8552 -0.0787
n -0.3964 -0.7008 -0.5931
n -0.5123 -0.8552 -0.0787
n -0.6173 -0.78 -0.1028
n -0.4967 -0.6325 -0.5944
n -0.6173 -0.78 -0.1028
n -0.712 -0.691 -0.1247
n -0.5746 -0.5446 -0.611
n -0.712 -0.691 -0.1247
n -0.7929 -0.5922 -0.1437
n -0.6399 -0.4437 -0.6274
n -0.7929 -0.5922 -0.1437
n -0.8615 -0.4821 -0.1596
n -0.7029 -0.3407 -0.6243
n -0.8615 -0.4821 -0.1596
n -0.9146 -0.3659 -0.172
n -0.7404 -0.2289 -0.6319
n -0.9146 -0.3659 -0.172
n -0.9526 -0.2445 -0.181
n -0.7646 -0.1129 -0.6345
n -0.9526 -0.2445 -0.181
n -0.9751 -0.1194 -0.1867
n -0.7737 0.0069 -0.6335
n -0.9751 -0.1194 -0.1867
n -0.982 0.0074 -0.1886
n -0.973 0.1359 -0.1866
n -0.7737 0.0069 -0.6335
n -0.982 0.0074 -0.1886
n -0.949 0.2583 -0.181
n -0.7737 0.125 -0.6211
n -0.973 0.1359 -0.1866
n -0.9094 0.3789 -0.1717
n -0.7569 0.2428 -0.6068
n -0.949 0.2583 -0.181
n -0.8554 0.493 -0.159
n -0.7186 0.356 -0.5974
n -0.9094 0.3789 -0.1717
n -0.7872 0.5999 -0.1429
n -0.682 0.4639 -0.5653
n -0.8554 0.493 -0.159
n -0.7047 0.6986 -0.1237
n -0.6 0.5633 -0.5681
n -0.7872 0.5999 -0.1429
n -0.6111 0.7849 -0.1022
n -0.5329 0.6565 -0.5339
n -0.7047 0.6986 -0.1237
n -0.5065 0.8587 -0.0781
n -0.4334 0.7314 -0.5265
n -0.6111 0.7849 -0.1022
n -0.3931 0.918 -0.0521
n -0.3344 0.7993 -0.4993
n -0.5065 0.8587 -0.0781
n -0.2721 0.962 -0.0244
n -0.222 0.8481 -0.4811
n -0.3931 0.918 -0.0521
n -0.1471 0.9891 0.0043
n -0.1147 0.886 -0.4492
n -0.2721 0.962 -0.0244
n -0.0175 0.9993 0.0332
n 0.0083 0.9034 -0.4287
n -0.1471 0.9891 0.0043
n 0.1157 0.9913 0.0629
n 0.1283 0.9045 -0.4068
n -0.0175 0.9993 0.0332
n 0.2443 0.9654 0.091
n 0.2507 0.8867 -0.3884
n 0.1157 0.9913 0.0629
n 0.3669 0.9228 0.1179
n 0.364 0.858 -0.3623
n 0.2443 0.9654 0.091
n 0.485 0.8626 0.1438
n 0.469 0.8146 -0.3412
n 0.3669 0.9228 0.1179
n 0.5911 0.7892 0.1669
n 0.5743 0.7456 -0.3381
n 0.485 0.8626 0.1438
n 0.6884 0.7008 0.1871
n 0.6652 0.6745 -0.3203
n 0.5911 0.7892 0.1669
n 0.7724 0.6012 0.2047
n 0.744 0.5947 -0.3045
n 0.6884 0.7008 0.1871
n 0.8426 0.4919 0.2194
n 0.8126 0.5094 -0.2832
n 0.7724 0.6012 0.2047
n 0.8988 0.3727 0.2309
n 0.8687 0.4113 -0.2759
n 0.8426 0.4919 0.2194
n 0.9381 0.2507 0.2389
n 0.9102 0.3105 -0.2742
n 0.8988 0.3727 0.2309
n 0.9618 0.125 0.2437
n 0.94 0.206 -0.2721
n 0.9381 0.2507 0.2389
n 0.1767 0.0236 0.984
n 0.3119 0.0035 0.9501
n 0.3111 0.0436 0.9494
n 0.1746 0.0474 0.9835
n 0.3111 0.0436 0.9494
n 0.3049 0.0868 0.9484
n 0.1716 0.0744 0.9824
n 0.3049 0.0868 0.9484
n 0.2913 0.1283 0.948
n 0.274 0.1677 0.947
n 0.1727 0.0853 0.9813
n 0.1716 0.0744 0.9824
n 0.2522 0.2047 0.9458
n 0.1655 0.1107 0.98
n 0.1671 0.0988 0.981
n 0.2272 0.2369 0.9446
n 0.1542 0.136 0.9786
n 0.1575 0.1239 0.9797
n 0.1983 0.2681 0.9428
n 0.1411 0.1577 0.9774
n 0.1454 0.147 0.9784
n 0.1616 0.2962 0.9414
n 0.1213 0.1808 0.976
n 0.1301 0.1687 0.977
n 0.122 0.3175 0.9404
n 0.0989 0.2013 0.9745
n 0.1078 0.1906 0.9757
n 0.0819 0.3331 0.9393
n 0.0736 0.2183 0.9731
n 0.0845 0.209 0.9742
n 0.0377 0.3469 0.9372
n 0.0496 0.2326 0.9713
n 0.0592 0.2242 0.9728
n -0.0096 0.3518 0.936
n 0.0156 0.2436 0.9697
n 0.0311 0.2368 0.9711
n -0.0575 0.3526 0.934
n -0.0161 0.2517 0.9677
n -0.0023 0.2458 0.9693
n -0.0352 0.2514 0.9672
n -0.0667 0.2511 0.9657
n 0.0151 -0.0 -0.9999
n -0.1016 0.2455 0.964
n -0.1031 0.348 0.9318
n -0.1482 0.3381 0.9294
n -0.1343 0.2381 0.9619
n -0.1482 0.3381 0.9294
n -0.1922 0.3231 0.9266
n -0.1694 0.2222 0.9602
n -0.1922 0.3231 0.9266
n -0.2336 0.2981 0.9255
n -0.2003 0.1985 0.9594
n -0.2336 0.2981 0.9255
n -0.27 0.2643 0.9259
n -0.3022 0.23 0.9251
n -0.2145 0.1868 0.9587
n -0.2003 0.1985 0.9594
n -0.3262 0.1901 0.926
n -0.2341 0.1567 0.9595
n -0.2244 0.1725 0.9591
n -0.3503 0.1475 0.9249
n -0.2535 0.1303 0.9585
n -0.2434 0.1422 0.9594
n -0.3664 0.1022 0.9248
n -0.2696 0.0876 0.959
n -0.2616 0.1103 0.9588
n -0.3724 0.0578 0.9263
n -0.2716 0.0535 0.9609
n -0.2716 0.0728 0.9597
n -0.3717 0.0104 0.9283
n -0.2681 0.0177 0.9632
n -0.2713 0.0384 0.9617
n -0.365 -0.036 0.9303
n -0.2591 -0.0167 0.9657
n -0.2654 0.0027 0.9641
n -0.3518 -0.082 0.9325
n -0.2449 -0.0481 0.9684
n -0.2544 -0.0301 0.9666
n -0.3325 -0.1266 0.9346
n -0.2271 -0.0781 0.9707
n -0.2385 -0.0613 0.9692
n -0.3072 -0.1679 0.9367
n -0.2057 -0.1036 0.9731
n -0.2192 -0.0894 0.9716
n -0.1803 -0.1374 0.974
n -0.3072 -0.1679 0.9367
n -0.2777 -0.2045 0.9387
n -0.1566 -0.1553 0.9754
n -0.2777 -0.2045 0.9387
n -0.2463 -0.2375 0.9396
n -0.1319 -0.1714 0.9763
n -0.2463 -0.2375 0.9396
n -0.2106 -0.2667 0.9405
n -0.1068 -0.1837 0.9772
n -0.2106 -0.2667 0.9405
n -0.173 -0.2903 0.9411
n -0.0804 -0.1933 0.9778
n -0.173 -0.2903 0.9411
n -0.1321 -0.3091 0.9418
n -0.0517 -0.2001 0.9784
n -0.1321 -0.3091 0.9418
n -0.089 -0.3225 0.9424
n -0.0249 -0.202 0.9791
n -0.089 -0.3225 0.9424
n -0.044 -0.3298 0.943
n 0.001 -0.2016 0.9795
n -0.044 -0.3298 0.943
n -0.0016 -0.3305 0.9438
n 0.0256 -0.1976 0.98
n -0.0016 -0.3305 0.9438
n 0.0395 -0.3269 0.9442
n 0.0505 -0.1905 0.9804
n 0.0395 -0.3269 0.9442
n 0.0827 -0.3179 0.9445
n 0.0762 -0.1809 0.9805
n 0.0827 -0.3179 0.9445
n 0.1244 -0.3033 0.9447
n 0.0985 -0.1673 0.981
n 0.1244 -0.3033 0.9447
n 0.1595 -0.2815 0.9462
n 0.1142 -0.1513 0.9819
n 0.1595 -0.2815 0.9462
n 0.1913 -0.2592 0.9467
n 0.1304 -0.1324 0.9826
n 0.1913 -0.2592 0.9467
n 0.2215 -0.2297 0.9477
n 0.143 -0.1126 0.9833
n 0.2215 -0.2297 0.9477
n 0.2481 -0.1979 0.9483
n 0.1544 -0.0916 0.9838
n 0.2481 -0.1979 0.9483
n 0.2711 -0.1613 0.9489
n 0.1735 -0.0474 0.9837
n 0.2711 -0.1613 0.9489
n 0.2869 -0.1157 0.9509
n 0.1535 -0.047 0.987
n 0.2869 -0.1157 0.9509
n 0.2913 -0.0813 0.9532
n 0.1608 -0.0349 0.9864
n 0.2913 -0.0813 0.9532
n 0.3087 -0.0419 0.9502
n 0.1749 -0.0008 0.9846
n 0.3087 -0.0419 0.9502
n 0.3119 0.0035 0.9501
n 0.5705 -0.1517 -0.8072
n -0.0563 0.1436 -0.988
n -0.0564 0.1954 -0.9791
n 0.5999 -0.073 -0.7967
n -0.0718 0.0969 -0.9927
n -0.0563 0.1436 -0.988
n 0.6372 -0.011 -0.7706
n -0.0713 0.0484 -0.9963
n -0.0718 0.0969 -0.9927
n 0.6283 -0.077 -0.7741
n -0.061 -0.0004 -0.9981
n -0.0713 0.0484 -0.9963
n 0.5797 -0.0337 -0.8141
n -0.0537 -0.0461 -0.9975
n -0.061 -0.0004 -0.9981
n 0.5939 0.045 -0.8033
n -0.0401 -0.0897 -0.9952
n -0.0537 -0.0461 -0.9975
n 0.6344 0.1324 -0.7616
n -0.0248 -0.1341 -0.9907
n -0.0401 -0.0897 -0.9952
n 0.5905 0.103 -0.8004
n 0.0158 -0.161 -0.9868
n -0.0248 -0.1341 -0.9907
n 0.5481 0.1299 -0.8262
n 0.0396 -0.198 -0.9794
n 0.0158 -0.161 -0.9868
n 0.4439 0.216 -0.8696
n 0.0723 -0.226 -0.9714
n 0.0396 -0.198 -0.9794
n 0.4704 0.3294 -0.8187
n 0.1203 -0.232 -0.9652
n 0.0723 -0.226 -0.9714
n 0.5124 0.3128 -0.7998
n 0.1622 -0.235 -0.9584
n 0.1203 -0.232 -0.9652
n 0.4122 0.282 -0.8663
n 0.194 -0.2513 -0.9483
n 0.1622 -0.235 -0.9584
n 0.3573 0.3103 -0.8809
n 0.2306 -0.2529 -0.9396
n 0.194 -0.2513 -0.9483
n 0.3056 0.344 -0.8878
n 0.2644 -0.2596 -0.9288
n 0.2306 -0.2529 -0.9396
n 0.3864 0.5325 -0.7531
n 0.2968 -0.2402 -0.9243
n 0.2644 -0.2596 -0.9288
n 0.3461 0.3052 -0.8872
n 0.3296 -0.2446 -0.9119
n 0.2968 -0.2402 -0.9243
n 0.202 0.3991 -0.8944
n 0.3562 -0.2199 -0.9082
n 0.3296 -0.2446 -0.9119
n 0.1434 0.418 -0.897
n 0.3831 -0.2102 -0.8995
n 0.3562 -0.2199 -0.9082
n 0.1226 0.3047 -0.9445
n 0.4087 -0.198 -0.8909
n 0.3831 -0.2102 -0.8995
n 0.0461 0.2828 -0.9581
n 0.4314 -0.1789 -0.8843
n 0.4087 -0.198 -0.8909
n 0.0949 0.2333 -0.9678
n 0.45 -0.1583 -0.8789
n 0.4314 -0.1789 -0.8843
n 0.0353 0.1935 -0.9805
n 0.4743 -0.1423 -0.8688
n 0.45 -0.1583 -0.8789
n 0.0791 0.1483 -0.9858
n 0.4838 -0.1129 -0.8679
n 0.4743 -0.1423 -0.8688
n 0.0026 0.1353 -0.9908
n 0.4864 -0.0818 -0.8699
n 0.4838 -0.1129 -0.8679
n -0.0386 0.0885 -0.9953
n 0.5087 -0.0622 -0.8587
n 0.4864 -0.0818 -0.8699
n -0.129 0.0548 -0.9901
n 0.5181 -0.0347 -0.8546
n 0.5087 -0.0622 -0.8587
n -0.0533 0.0545 -0.9971
n 0.5152 -0.0044 -0.857
n 0.5181 -0.0347 -0.8546
n -0.071 -0.0497 -0.9962
n 0.5118 0.0232 -0.8588
n 0.5152 -0.0044 -0.857
n -0.0703 -0.0537 -0.9961
n 0.5125 0.0549 -0.8569
n 0.5118 0.0232 -0.8588
n -0.0413 -0.0881 -0.9953
n 0.5088 0.0837 -0.8568
n 0.5125 0.0549 -0.8569
n 0.0244 -0.133 -0.9908
n 0.5061 0.1161 -0.8546
n 0.5088 0.0837 -0.8568
n 0.0203 -0.1921 -0.9812
n 0.4947 0.1495 -0.8561
n 0.5061 0.1161 -0.8546
n -0.0422 -0.2462 -0.9683
n 0.4733 0.1765 -0.863
n 0.4947 0.1495 -0.8561
n 0.0367 -0.2689 -0.9625
n 0.4529 0.2022 -0.8684
n 0.4733 0.1765 -0.863
n 0.0731 -0.2883 -0.9547
n 0.429 0.2266 -0.8744
n 0.4529 0.2022 -0.8684
n 0.0902 -0.3767 -0.9219
n 0.4046 0.2733 -0.8727
n 0.429 0.2266 -0.8744
n 0.0868 -0.33 -0.94
n 0.3701 0.2969 -0.8803
n 0.4046 0.2733 -0.8727
n 0.1753 -0.261 -0.9493
n 0.3325 0.3084 -0.8913
n 0.3701 0.2969 -0.8803
n 0.3286 -0.3315 -0.8844
n 0.2907 0.3306 -0.8979
n 0.3325 0.3084 -0.8913
n 0.3686 -0.3361 -0.8667
n 0.2443 0.3391 -0.9085
n 0.2907 0.3306 -0.8979
n 0.3138 -0.2661 -0.9115
n 0.1923 0.3456 -0.9185
n 0.2443 0.3391 -0.9085
n 0.3999 -0.3304 -0.8549
n 0.1548 0.3268 -0.9323
n 0.1923 0.3456 -0.9185
n 0.3951 -0.3834 -0.8348
n 0.1033 0.3199 -0.9418
n 0.1548 0.3268 -0.9323
n 0.4143 -0.2851 -0.8643
n 0.0657 0.2896 -0.9549
n 0.1033 0.3199 -0.9418
n 0.0121 0.273 -0.9619
n 0.5133 -0.2689 -0.815
n 0.5564 -0.2485 -0.7929
n -0.0048 0.2275 -0.9738
n 0.5564 -0.2485 -0.7929
n 0.5524 -0.2027 -0.8086
n 0.5524 -0.2027 -0.8086
n -0.0564 0.1954 -0.9791
n -0.0048 0.2275 -0.9738
n -0.4644 0.0009 -0.8856
n -0.071 -0.0497 -0.9962
n -0.0533 0.0545 -0.9971
n -0.0703 -0.0537 -0.9961
n -0.43 -0.1653 -0.8876
n -0.0413 -0.0881 -0.9953
n -0.4809 0.1601 -0.862
n -0.129 0.0548 -0.9901
n -0.0386 0.0885 -0.9953
n 0.0244 -0.133 -0.9908
n -0.29 -0.3036 -0.9076
n 0.0203 -0.1921 -0.9812
n -0.0422 -0.2462 -0.9683
n -0.3091 -0.4949 -0.8121
n 0.0367 -0.2689 -0.9625
n 0.0731 -0.2883 -0.9547
n -0.1307 -0.6452 -0.7528
n 0.0902 -0.3767 -0.9219
n 0.0868 -0.33 -0.94
n 0.0029 -0.6055 -0.7958
n 0.1753 -0.261 -0.9493
n 0.3286 -0.3315 -0.8844
n 0.2766 -0.6361 -0.7204
n 0.3686 -0.3361 -0.8667
n 0.3138 -0.2661 -0.9115
n 0.4069 -0.5816 -0.7044
n 0.3999 -0.3304 -0.8549
n 0.3951 -0.3834 -0.8348
n 0.4998 -0.6064 -0.6185
n 0.4143 -0.2851 -0.8643
n 0.5133 -0.2689 -0.815
n 0.6971 -0.4806 -0.532
n 0.5564 -0.2485 -0.7929
n 0.5524 -0.2027 -0.8086
n 0.7655 -0.3365 -0.5485
n 0.5705 -0.1517 -0.8072
n 0.5999 -0.073 -0.7967
n 0.8569 -0.1348 -0.4976
n 0.6372 -0.011 -0.7706
n 0.6283 -0.077 -0.7741
n 0.8442 -0.0409 -0.5344
n 0.5797 -0.0337 -0.8141
n 0.5939 0.045 -0.8033
n 0.846 0.2066 -0.4915
n 0.6344 0.1324 -0.7616
n 0.5905 0.103 -0.8004
n 0.7684 0.2679 -0.5811
n 0.5481 0.1299 -0.8262
n 0.4439 0.216 -0.8696
n 0.6401 0.462 -0.6139
n 0.4704 0.3294 -0.8187
n 0.5124 0.3128 -0.7998
n 0.5756 0.5711 -0.5852
n 0.4122 0.282 -0.8663
n 0.3573 0.3103 -0.8809
n 0.3777 0.627 -0.6813
n 0.3056 0.344 -0.8878
n 0.3864 0.5325 -0.7531
n 0.2956 0.7537 -0.5869
n 0.3461 0.3052 -0.8872
n 0.202 0.3991 -0.8944
n -0.0343 0.744 -0.6673
n 0.1434 0.418 -0.897
n 0.1226 0.3047 -0.9445
n -0.1538 0.6017 -0.7837
n 0.0461 0.2828 -0.9581
n 0.0949 0.2333 -0.9678
n -0.2282 0.4242 -0.8764
n 0.0353 0.1935 -0.9805
n -0.2619 0.2826 -0.9228
n 0.0026 0.1353 -0.9908
n 0.0791 0.1483 -0.9858
n -0.071 -0.0497 -0.9962
n -0.43 -0.1653 -0.8876
n -0.0703 -0.0537 -0.9961
n -0.129 0.0548 -0.9901
n -0.4644 0.0009 -0.8856
n -0.0533 0.0545 -0.9971
n -0.0413 -0.0881 -0.9953
n -0.29 -0.3036 -0.9076
n 0.0244 -0.133 -0.9908
n 0.0203 -0.1921 -0.9812
n -0.3091 -0.4949 -0.8121
n -0.0422 -0.2462 -0.9683
n 0.0367 -0.2689 -0.9625
n -0.1307 -0.6452 -0.7528
n 0.0731 -0.2883 -0.9547
n 0.0902 -0.3767 -0.9219
n 0.0029 -0.6055 -0.7958
n 0.0868 -0.33 -0.94
n 0.1753 -0.261 -0.9493
n 0.2766 -0.6361 -0.7204
n 0.3286 -0.3315 -0.8844
n 0.3686 -0.3361 -0.8667
n 0.4069 -0.5816 -0.7044
n 0.3138 -0.2661 -0.9115
n 0.3999 -0.3304 -0.8549
n 0.4998 -0.6064 -0.6185
n 0.3951 -0.3834 -0.8348
n 0.4143 -0.2851 -0.8643
n 0.6971 -0.4806 -0.532
n 0.5133 -0.2689 -0.815
n 0.5564 -0.2485 -0.7929
n 0.7655 -0.3365 -0.5485
n 0.5524 -0.2027 -0.8086
n 0.5705 -0.1517 -0.8072
n 0.8569 -0.1348 -0.4976
n 0.5999 -0.073 -0.7967
n 0.6372 -0.011 -0.7706
n 0.8442 -0.0409 -0.5344
n 0.6283 -0.077 -0.7741
n 0.5797 -0.0337 -0.8141
n 0.846 0.2066 -0.4915
n 0.5939 0.045 -0.8033
n 0.6344 0.1324 -0.7616
n 0.7684 0.2679 -0.5811
n 0.5905 0.103 -0.8004
n 0.5481 0.1299 -0.8262
n 0.6401 0.462 -0.6139
n 0.4439 0.216 -0.8696
n 0.4704 0.3294 -0.8187
n 0.5756 0.5711 -0.5852
n 0.5124 0.3128 -0.7998
n 0.4122 0.282 -0.8663
n 0.3777 0.627 -0.6813
n 0.3573 0.3103 -0.8809
n 0.3056 0.344 -0.8878
n 0.2956 0.7537 -0.5869
n 0.3864 0.5325 -0.7531
n 0.3461 0.3052 -0.8872
n -0.0343 0.744 -0.6673
n 0.202 0.3991 -0.8944
n 0.1434 0.418 -0.897
n -0.1538 0.6017 -0.7837
n 0.1226 0.3047 -0.9445
n 0.0461 0.2828 -0.9581
n -0.2282 0.4242 -0.8764
n 0.0949 0.2333 -0.9678
n 0.0026 0.1353 -0.9908
n -0.4809 0.1601 -0.862
n -0.0386 0.0885 -0.9953
n 0.0353 0.1935 -0.9805
n -0.2619 0.2826 -0.9228
n 0.0791 0.1483 -0.9858
n 0.0121 0.273 -0.9619
n -0.0048 0.2275 -0.9738
n -0.5329 0.6565 -0.5339
n -0.5329 0.6565 -0.5339
n -0.4334 0.7314 -0.5265
n 0.0121 0.273 -0.9619
n 0.1033 0.3199 -0.9418
n 0.0657 0.2896 -0.9549
n -0.3344 0.7993 -0.4993
n 0.1548 0.3268 -0.9323
n 0.1033 0.3199 -0.9418
n -0.222 0.8481 -0.4811
n 0.1923 0.3456 -0.9185
n 0.1548 0.3268 -0.9323
n -0.1147 0.886 -0.4492
n 0.2443 0.3391 -0.9085
n 0.1923 0.3456 -0.9185
n 0.0083 0.9034 -0.4287
n 0.2907 0.3306 -0.8979
n 0.2443 0.3391 -0.9085
n 0.1283 0.9045 -0.4068
n 0.3325 0.3084 -0.8913
n 0.2907 0.3306 -0.8979
n 0.2507 0.8867 -0.3884
n 0.3701 0.2969 -0.8803
n 0.3325 0.3084 -0.8913
n 0.364 0.858 -0.3623
n 0.4046 0.2733 -0.8727
n 0.3701 0.2969 -0.8803
n 0.469 0.8146 -0.3412
n 0.429 0.2266 -0.8744
n 0.4046 0.2733 -0.8727
n 0.5743 0.7456 -0.3381
n 0.4529 0.2022 -0.8684
n 0.429 0.2266 -0.8744
n 0.6652 0.6745 -0.3203
n 0.4733 0.1765 -0.863
n 0.4529 0.2022 -0.8684
n 0.744 0.5947 -0.3045
n 0.4947 0.1495 -0.8561
n 0.4733 0.1765 -0.863
n 0.8126 0.5094 -0.2832
n 0.5061 0.1161 -0.8546
n 0.4947 0.1495 -0.8561
n 0.8687 0.4113 -0.2759
n 0.5088 0.0837 -0.8568
n 0.5061 0.1161 -0.8546
n 0.9102 0.3105 -0.2742
n 0.5125 0.0549 -0.8569
n 0.5088 0.0837 -0.8568
n 0.94 0.206 -0.2721
n 0.5118 0.0232 -0.8588
n 0.5125 0.0549 -0.8569
n 0.9568 0.0998 -0.273
n 0.5152 -0.0044 -0.857
n 0.5118 0.0232 -0.8588
n 0.9628 -0.0073 -0.2703
n 0.5181 -0.0347 -0.8546
n 0.5152 -0.0044 -0.857
n 0.9572 -0.1143 -0.2661
n 0.5087 -0.0622 -0.8587
n 0.5181 -0.0347 -0.8546
n 0.9369 -0.2159 -0.275
n 0.4864 -0.0818 -0.8699
n 0.5087 -0.0622 -0.8587
n 0.9005 -0.315 -0.2998
n 0.4838 -0.1129 -0.8679
n 0.4864 -0.0818 -0.8699
n 0.8582 -0.4142 -0.3033
n 0.4743 -0.1423 -0.8688
n 0.4838 -0.1129 -0.8679
n 0.8046 -0.5076 -0.3081
n 0.45 -0.1583 -0.8789
n 0.4743 -0.1423 -0.8688
n 0.7359 -0.588 -0.3356
n 0.4314 -0.1789 -0.8843
n 0.45 -0.1583 -0.8789
n 0.6581 -0.6634 -0.356
n 0.4087 -0.198 -0.8909
n 0.4314 -0.1789 -0.8843
n 0.5721 -0.7276 -0.3785
n 0.3831 -0.2102 -0.8995
n 0.4087 -0.198 -0.8909
n 0.4783 -0.7805 -0.4026
n 0.3562 -0.2199 -0.9082
n 0.3831 -0.2102 -0.8995
n 0.3733 -0.82 -0.4339
n 0.3296 -0.2446 -0.9119
n 0.3562 -0.2199 -0.9082
n 0.2644 -0.854 -0.4481
n 0.2968 -0.2402 -0.9243
n 0.3296 -0.2446 -0.9119
n 0.154 -0.8613 -0.4841
n 0.2644 -0.2596 -0.9288
n 0.2968 -0.2402 -0.9243
n 0.036 -0.8657 -0.4993
n 0.2306 -0.2529 -0.9396
n 0.2644 -0.2596 -0.9288
n -0.0755 -0.8452 -0.5292
n 0.194 -0.2513 -0.9483
n 0.2306 -0.2529 -0.9396
n -0.1877 -0.8131 -0.5511
n 0.1622 -0.235 -0.9584
n 0.194 -0.2513 -0.9483
n -0.2917 -0.7597 -0.5812
n 0.1203 -0.232 -0.9652
n 0.1622 -0.235 -0.9584
n -0.3964 -0.7008 -0.5931
n 0.0723 -0.226 -0.9714
n 0.1203 -0.232 -0.9652
n -0.4967 -0.6325 -0.5944
n 0.0396 -0.198 -0.9794
n 0.0723 -0.226 -0.9714
n -0.5746 -0.5446 -0.611
n 0.0158 -0.161 -0.9868
n 0.0396 -0.198 -0.9794
n -0.6399 -0.4437 -0.6274
n -0.0248 -0.1341 -0.9907
n 0.0158 -0.161 -0.9868
n -0.7029 -0.3407 -0.6243
n -0.0401 -0.0897 -0.9952
n -0.0248 -0.1341 -0.9907
n -0.7404 -0.2289 -0.6319
n -0.0537 -0.0461 -0.9975
n -0.0401 -0.0897 -0.9952
n -0.7646 -0.1129 -0.6345
n -0.061 -0.0004 -0.9981
n -0.0537 -0.0461 -0.9975
n -0.7737 0.0069 -0.6335
n -0.0713 0.0484 -0.9963
n -0.061 -0.0004 -0.9981
n -0.7737 0.125 -0.6211
n -0.0718 0.0969 -0.9927
n -0.0713 0.0484 -0.9963
n -0.7569 0.2428 -0.6068
n -0.0563 0.1436 -0.988
n -0.0718 0.0969 -0.9927
n -0.7186 0.356 -0.5974
n -0.0564 0.1954 -0.9791
n -0.0563 0.1436 -0.988
n -0.682 0.4639 -0.5653
n -0.0048 0.2275 -0.9738
n -0.0564 0.1954 -0.9791
n -0.6 0.5633 -0.5681
n 0.3119 0.0035 0.9501
n 0.4475 0.0039 0.8943
n 0.3111 0.0436 0.9494
n 0.3119 0.0035 0.9501
n 0.3087 -0.0419 0.9502
n 0.4475 0.0039 0.8943
n 0.3087 -0.0419 0.9502
n 0.2913 -0.0813 0.9532
n 0.445 -0.0574 0.8937
n 0.2913 -0.0813 0.9532
n 0.2869 -0.1157 0.9509
n 0.4326 -0.1168 0.894
n 0.2869 -0.1157 0.9509
n 0.2711 -0.1613 0.9489
n 0.4151 -0.1759 0.8926
n 0.2711 -0.1613 0.9489
n 0.2481 -0.1979 0.9483
n 0.3888 -0.2311 0.8919
n 0.2481 -0.1979 0.9483
n 0.2215 -0.2297 0.9477
n 0.3555 -0.2814 0.8913
n 0.2215 -0.2297 0.9477
n 0.1913 -0.2592 0.9467
n 0.3159 -0.3261 0.891
n 0.1913 -0.2592 0.9467
n 0.1595 -0.2815 0.9462
n 0.2715 -0.3649 0.8906
n 0.1595 -0.2815 0.9462
n 0.1244 -0.3033 0.9447
n 0.2246 -0.3961 0.8903
n 0.1244 -0.3033 0.9447
n 0.0827 -0.3179 0.9445
n 0.1735 -0.4242 0.8888
n 0.0827 -0.3179 0.9445
n 0.0395 -0.3269 0.9442
n 0.1167 -0.4448 0.888
n 0.0395 -0.3269 0.9442
n -0.0016 -0.3305 0.9438
n 0.0563 -0.4574 0.8875
n -0.0016 -0.3305 0.9438
n -0.044 -0.3298 0.943
n -0.0016 -0.4608 0.8875
n -0.044 -0.3298 0.943
n -0.089 -0.3225 0.9424
n -0.0611 -0.4582 0.8867
n -0.089 -0.3225 0.9424
n -0.1321 -0.3091 0.9418
n -0.1226 -0.4473 0.8859
n -0.1321 -0.3091 0.9418
n -0.173 -0.2903 0.9411
n -0.1813 -0.4275 0.8857
n -0.173 -0.2903 0.9411
n -0.2106 -0.2667 0.9405
n -0.2361 -0.3998 0.8857
n -0.2106 -0.2667 0.9405
n -0.2463 -0.2375 0.9396
n -0.2868 -0.3654 0.8856
n -0.2463 -0.2375 0.9396
n -0.2777 -0.2045 0.9387
n -0.3328 -0.3243 0.8855
n -0.2777 -0.2045 0.9387
n -0.3072 -0.1679 0.9367
n -0.3738 -0.2765 0.8853
n -0.3072 -0.1679 0.9367
n -0.3325 -0.1266 0.9346
n -0.409 -0.224 0.8846
n -0.3325 -0.1266 0.9346
n -0.3518 -0.082 0.9325
n -0.4358 -0.1676 0.8843
n -0.3518 -0.082 0.9325
n -0.365 -0.036 0.9303
n -0.4562 -0.1075 0.8833
n -0.365 -0.036 0.9303
n -0.3717 0.0104 0.9283
n -0.4674 -0.0473 0.8828
n -0.3717 0.0104 0.9283
n -0.3724 0.0578 0.9263
n -0.4711 0.0128 0.882
n -0.3724 0.0578 0.9263
n -0.3664 0.1022 0.9248
n -0.4676 0.072 0.881
n -0.3664 0.1022 0.9248
n -0.3503 0.1475 0.9249
n -0.4567 0.1281 0.8803
n -0.3503 0.1475 0.9249
n -0.3262 0.1901 0.926
n -0.4382 0.186 0.8794
n -0.3022 0.23 0.9251
n -0.3796 0.2881 0.8791
n -0.3262 0.1901 0.926
n -0.27 0.2643 0.9259
n -0.3408 0.3332 0.8791
n -0.3022 0.23 0.9251
n -0.2336 0.2981 0.9255
n -0.294 0.3735 0.8798
n -0.27 0.2643 0.9259
n -0.1922 0.3231 0.9266
n -0.2431 0.4056 0.8811
n -0.2336 0.2981 0.9255
n -0.1482 0.3381 0.9294
n -0.1897 0.4296 0.8829
n -0.1922 0.3231 0.9266
n -0.1031 0.348 0.9318
n -0.1331 0.4482 0.884
n -0.1482 0.3381 0.9294
n -0.0575 0.3526 0.934
n -0.0735 0.4603 0.8847
n -0.1031 0.348 0.9318
n -0.0096 0.3518 0.936
n -0.011 0.4643 0.8856
n -0.0575 0.3526 0.934
n 0.0377 0.3469 0.9372
n 0.0517 0.4605 0.8862
n -0.0096 0.3518 0.936
n 0.0819 0.3331 0.9393
n 0.1113 0.4477 0.8872
n 0.0377 0.3469 0.9372
n 0.122 0.3175 0.9404
n 0.1676 0.4289 0.8877
n 0.0819 0.3331 0.9393
n 0.1616 0.2962 0.9414
n 0.2222 0.4024 0.8881
n 0.122 0.3175 0.9404
n 0.1983 0.2681 0.9428
n 0.2727 0.3672 0.8892
n 0.1616 0.2962 0.9414
n 0.2272 0.2369 0.9446
n 0.3154 0.3271 0.8908
n 0.1983 0.2681 0.9428
n 0.2522 0.2047 0.9458
n 0.3529 0.2836 0.8916
n 0.2272 0.2369 0.9446
n 0.274 0.1677 0.947
n 0.3862 0.2343 0.8922
n 0.2522 0.2047 0.9458
n 0.2913 0.1283 0.948
n 0.4127 0.1792 0.893
n 0.274 0.1677 0.947
n 0.3049 0.0868 0.9484
n 0.4325 0.1213 0.8934
n 0.2913 0.1283 0.948
n 0.3111 0.0436 0.9494
n 0.4438 0.0621 0.894
n 0.3049 0.0868 0.9484
n 0.4438 0.0621 0.894
n 0.5389 0.0749 0.8391
n 0.4325 0.1213 0.8934
n 0.4325 0.1213 0.8934
n 0.5247 0.1469 0.8385
n 0.4127 0.1792 0.893
n 0.4127 0.1792 0.893
n 0.5013 0.217 0.8376
n 0.3862 0.2343 0.8922
n 0.3862 0.2343 0.8922
n 0.4686 0.2821 0.8372
n 0.3529 0.2836 0.8916
n 0.3529 0.2836 0.8916
n 0.4281 0.3419 0.8366
n 0.3154 0.3271 0.8908
n 0.3154 0.3271 0.8908
n 0.3811 0.3954 0.8357
n 0.2727 0.3672 0.8892
n 0.2727 0.3672 0.8892
n 0.328 0.4432 0.8342
n 0.2222 0.4024 0.8881
n 0.2222 0.4024 0.8881
n 0.268 0.4835 0.8333
n 0.1676 0.4289 0.8877
n 0.1676 0.4289 0.8877
n 0.2034 0.5148 0.8329
n 0.1113 0.4477 0.8872
n 0.1113 0.4477 0.8872
n 0.1349 0.537 0.8328
n 0.0517 0.4605 0.8862
n 0.0517 0.4605 0.8862
n 0.0629 0.5509 0.8322
n -0.011 0.4643 0.8856
n -0.011 0.4643 0.8856
n -0.0113 0.5559 0.8312
n -0.0735 0.4603 0.8847
n -0.0735 0.4603 0.8847
n -0.0854 0.5502 0.8307
n -0.1331 0.4482 0.884
n -0.1331 0.4482 0.884
n -0.1568 0.5353 0.83
n -0.1897 0.4296 0.8829
n -0.1897 0.4296 0.8829
n -0.225 0.5116 0.8292
n -0.2431 0.4056 0.8811
n -0.2431 0.4056 0.8811
n -0.2899 0.4807 0.8276
n -0.294 0.3735 0.8798
n -0.294 0.3735 0.8798
n -0.3501 0.4423 0.8257
n -0.3408 0.3332 0.8791
n -0.3408 0.3332 0.8791
n -0.4034 0.3958 0.825
n -0.3796 0.2881 0.8791
n -0.3796 0.2881 0.8791
n -0.4492 0.3427 0.8251
n -0.4109 0.24 0.8795
n -0.4109 0.24 0.8795
n -0.4881 0.2842 0.8252
n -0.4382 0.186 0.8794
n -0.4567 0.1281 0.8803
n -0.4382 0.186 0.8794
n -0.5418 0.1533 0.8264
n -0.4676 0.072 0.881
n -0.4567 0.1281 0.8803
n -0.5547 0.0845 0.8278
n -0.4711 0.0128 0.882
n -0.4676 0.072 0.881
n -0.5592 0.0135 0.8289
n -0.4674 -0.0473 0.8828
n -0.4711 0.0128 0.882
n -0.5546 -0.059 0.83
n -0.4562 -0.1075 0.8833
n -0.4674 -0.0473 0.8828
n -0.5409 -0.1308 0.8308
n -0.4358 -0.1676 0.8843
n -0.4562 -0.1075 0.8833
n -0.5181 -0.2013 0.8313
n -0.409 -0.224 0.8846
n -0.4358 -0.1676 0.8843
n -0.485 -0.2688 0.8322
n -0.3738 -0.2765 0.8853
n -0.409 -0.224 0.8846
n -0.4446 -0.3313 0.8322
n -0.3328 -0.3243 0.8855
n -0.3738 -0.2765 0.8853
n -0.3958 -0.388 0.8324
n -0.2868 -0.3654 0.8856
n -0.3328 -0.3243 0.8855
n -0.3407 -0.4368 0.8325
n -0.2361 -0.3998 0.8857
n -0.2868 -0.3654 0.8856
n -0.2805 -0.4781 0.8323
n -0.1813 -0.4275 0.8857
n -0.2361 -0.3998 0.8857
n -0.2149 -0.5108 0.8324
n -0.1226 -0.4473 0.8859
n -0.1813 -0.4275 0.8857
n -0.1466 -0.5345 0.8323
n -0.0611 -0.4582 0.8867
n -0.1226 -0.4473 0.8859
n -0.0747 -0.5485 0.8328
n -0.0016 -0.4608 0.8875
n -0.0611 -0.4582 0.8867
n -0.0021 -0.5526 0.8334
n 0.0563 -0.4574 0.8875
n -0.0016 -0.4608 0.8875
n 0.069 -0.5486 0.8332
n 0.1167 -0.4448 0.888
n 0.0563 -0.4574 0.8875
n 0.1394 -0.5353 0.8331
n 0.1735 -0.4242 0.8888
n 0.1167 -0.4448 0.888
n 0.2072 -0.5114 0.834
n 0.2246 -0.3961 0.8903
n 0.1735 -0.4242 0.8888
n 0.2702 -0.4798 0.8348
n 0.2715 -0.3649 0.8906
n 0.2246 -0.3961 0.8903
n 0.3293 -0.4396 0.8357
n 0.3159 -0.3261 0.891
n 0.2715 -0.3649 0.8906
n 0.3833 -0.3937 0.8355
n 0.3555 -0.2814 0.8913
n 0.3159 -0.3261 0.891
n 0.4309 -0.3395 0.8361
n 0.3888 -0.2311 0.8919
n 0.3555 -0.2814 0.8913
n 0.4712 -0.2796 0.8365
n 0.4151 -0.1759 0.8926
n 0.3888 -0.2311 0.8919
n 0.5034 -0.2135 0.8372
n 0.4326 -0.1168 0.894
n 0.4151 -0.1759 0.8926
n 0.5268 -0.1439 0.8377
n 0.445 -0.0574 0.8937
n 0.4326 -0.1168 0.894
n 0.5407 -0.0713 0.8382
n 0.4475 0.0039 0.8943
n 0.445 -0.0574 0.8937
n 0.5443 0.0023 0.8389
n 0.4475 0.0039 0.8943
n 0.5443 0.0023 0.8389
n 0.4438 0.0621 0.894
n 0.5443 0.0023 0.8389
n 0.6665 0.0018 0.7455
n 0.5389 0.0749 0.8391
n 0.5443 0.0023 0.8389
n 0.5407 -0.0713 0.8382
n 0.6665 0.0018 0.7455
n 0.5407 -0.0713 0.8382
n 0.5268 -0.1439 0.8377
n 0.661 -0.0877 0.7453
n 0.5268 -0.1439 0.8377
n 0.5034 -0.2135 0.8372
n 0.6436 -0.1757 0.7449
n 0.5034 -0.2135 0.8372
n 0.4712 -0.2796 0.8365
n 0.615 -0.2607 0.7441
n 0.4712 -0.2796 0.8365
n 0.4309 -0.3395 0.8361
n 0.5757 -0.3408 0.7432
n 0.4309 -0.3395 0.8361
n 0.3833 -0.3937 0.8355
n 0.5267 -0.414 0.7425
n 0.3833 -0.3937 0.8355
n 0.3293 -0.4396 0.8357
n 0.469 -0.4795 0.7417
n 0.3293 -0.4396 0.8357
n 0.2702 -0.4798 0.8348
n 0.4034 -0.5362 0.7415
n 0.2702 -0.4798 0.8348
n 0.2072 -0.5114 0.834
n 0.3305 -0.5843 0.7412
n 0.2072 -0.5114 0.834
n 0.1394 -0.5353 0.8331
n 0.253 -0.6218 0.7412
n 0.1394 -0.5353 0.8331
n 0.069 -0.5486 0.8332
n 0.1706 -0.6492 0.7412
n 0.069 -0.5486 0.8332
n -0.0021 -0.5526 0.8334
n 0.0851 -0.6653 0.7417
n -0.0021 -0.5526 0.8334
n -0.0747 -0.5485 0.8328
n -0.0019 -0.6709 0.7415
n -0.0747 -0.5485 0.8328
n -0.1466 -0.5345 0.8323
n -0.0894 -0.6648 0.7417
n -0.1466 -0.5345 0.8323
n -0.2149 -0.5108 0.8324
n -0.1764 -0.6469 0.7419
n -0.2149 -0.5108 0.8324
n -0.2805 -0.4781 0.8323
n -0.259 -0.6185 0.7419
n -0.2805 -0.4781 0.8323
n -0.3407 -0.4368 0.8325
n -0.3381 -0.5789 0.742
n -0.3407 -0.4368 0.8325
n -0.3958 -0.388 0.8324
n -0.4113 -0.5295 0.7419
n -0.3958 -0.388 0.8324
n -0.4446 -0.3313 0.8322
n -0.4783 -0.4707 0.7414
n -0.4446 -0.3313 0.8322
n -0.485 -0.2688 0.8322
n -0.5368 -0.4029 0.7413
n -0.485 -0.2688 0.8322
n -0.5181 -0.2013 0.8313
n -0.5865 -0.3271 0.7409
n -0.5181 -0.2013 0.8313
n -0.5409 -0.1308 0.8308
n -0.6261 -0.2458 0.74
n -0.5409 -0.1308 0.8308
n -0.5546 -0.059 0.83
n -0.6545 -0.1606 0.7388
n -0.5546 -0.059 0.83
n -0.5592 0.0135 0.8289
n -0.6716 -0.073 0.7373
n -0.5592 0.0135 0.8289
n -0.5547 0.0845 0.8278
n -0.6771 0.0148 0.7358
n -0.5547 0.0845 0.8278
n -0.5418 0.1533 0.8264
n -0.6713 0.1012 0.7342
n -0.5418 0.1533 0.8264
n -0.5204 0.2207 0.8249
n -0.6546 0.185 0.733
n -0.5204 0.2207 0.8249
n -0.4881 0.2842 0.8252
n -0.6272 0.2656 0.7321
n -0.4492 0.3427 0.8251
n -0.5414 0.4133 0.7322
n -0.4881 0.2842 0.8252
n -0.4034 0.3958 0.825
n -0.4854 0.4769 0.7328
n -0.4492 0.3427 0.8251
n -0.3501 0.4423 0.8257
n -0.4211 0.5332 0.7338
n -0.4034 0.3958 0.825
n -0.2899 0.4807 0.8276
n -0.3496 0.5807 0.7352
n -0.3501 0.4423 0.8257
n -0.225 0.5116 0.8292
n -0.2711 0.6193 0.7369
n -0.2899 0.4807 0.8276
n -0.1568 0.5353 0.83
n -0.1873 0.6478 0.7385
n -0.225 0.5116 0.8292
n -0.0854 0.5502 0.8307
n -0.1008 0.6657 0.7394
n -0.1568 0.5353 0.83
n -0.0113 0.5559 0.8312
n -0.0113 0.6723 0.7402
n -0.0854 0.5502 0.8307
n 0.0629 0.5509 0.8322
n 0.0778 0.6672 0.7408
n -0.0113 0.5559 0.8312
n 0.1349 0.537 0.8328
n 0.1657 0.6505 0.7413
n 0.0629 0.5509 0.8322
n 0.2034 0.5148 0.8329
n 0.2488 0.6229 0.7417
n 0.1349 0.537 0.8328
n 0.268 0.4835 0.8333
n 0.3274 0.5853 0.7418
n 0.2034 0.5148 0.8329
n 0.328 0.4432 0.8342
n 0.4004 0.5378 0.7419
n 0.268 0.4835 0.8333
n 0.3811 0.3954 0.8357
n 0.4661 0.4812 0.7424
n 0.328 0.4432 0.8342
n 0.4281 0.3419 0.8366
n 0.5241 0.416 0.7431
n 0.3811 0.3954 0.8357
n 0.4686 0.2821 0.8372
n 0.5736 0.343 0.7438
n 0.4281 0.3419 0.8366
n 0.5013 0.217 0.8376
n 0.6132 0.2636 0.7446
n 0.4686 0.2821 0.8372
n 0.5247 0.1469 0.8385
n 0.6423 0.1788 0.7453
n 0.5013 0.217 0.8376
n 0.5389 0.0749 0.8391
n 0.6602 0.0909 0.7456
n 0.5247 0.1469 0.8385
n 0.6602 0.0909 0.7456
n 0.765 0.1044 0.6356
n 0.6423 0.1788 0.7453
n 0.6423 0.1788 0.7453
n 0.7442 0.2064 0.6353
n 0.6132 0.2636 0.7446
n 0.6132 0.2636 0.7446
n 0.7104 0.3044 0.6346
n 0.5736 0.343 0.7438
n 0.5736 0.343 0.7438
n 0.6645 0.396 0.6337
n 0.5241 0.416 0.7431
n 0.5241 0.416 0.7431
n 0.6072 0.4799 0.6332
n 0.4661 0.4812 0.7424
n 0.4004 0.5378 0.7419
n 0.4661 0.4812 0.7424
n 0.464 0.62 0.6327
n 0.3274 0.5853 0.7418
n 0.4004 0.5378 0.7419
n 0.3802 0.6748 0.6325
n 0.2488 0.6229 0.7417
n 0.3274 0.5853 0.7418
n 0.2891 0.7181 0.633
n 0.1657 0.6505 0.7413
n 0.2488 0.6229 0.7417
n 0.1924 0.7496 0.6334
n 0.1657 0.6505 0.7413
n 0.1924 0.7496 0.6334
n 0.0778 0.6672 0.7408
n 0.0778 0.6672 0.7408
n 0.0918 0.7684 0.6333
n -0.0113 0.6723 0.7402
n -0.0113 0.6723 0.7402
n -0.0113 0.7742 0.6329
n -0.1008 0.6657 0.7394
n -0.1008 0.6657 0.7394
n -0.1143 0.7662 0.6323
n -0.1873 0.6478 0.7385
n -0.1873 0.6478 0.7385
n -0.2146 0.7455 0.631
n -0.2711 0.6193 0.7369
n -0.2711 0.6193 0.7369
n -0.3114 0.7121 0.6293
n -0.3496 0.5807 0.7352
n -0.3496 0.5807 0.7352
n -0.4013 0.667 0.6278
n -0.4211 0.5332 0.7338
n -0.4211 0.5332 0.7338
n -0.4826 0.6118 0.6267
n -0.4854 0.4769 0.7328
n -0.4854 0.4769 0.7328
n -0.5561 0.5467 0.626
n -0.5414 0.4133 0.7322
n -0.5414 0.4133 0.7322
n -0.6205 0.4732 0.6253
n -0.5892 0.3424 0.7319
n -0.5892 0.3424 0.7319
n -0.6751 0.3918 0.6251
n -0.6272 0.2656 0.7321
n -0.6546 0.185 0.733
n -0.6272 0.2656 0.7321
n -0.7508 0.2116 0.6257
n -0.6713 0.1012 0.7342
n -0.6546 0.185 0.733
n -0.7704 0.1154 0.627
n -0.6771 0.0148 0.7358
n -0.6713 0.1012 0.7342
n -0.7774 0.0163 0.6288
n -0.6716 -0.073 0.7373
n -0.6771 0.0148 0.7358
n -0.7713 -0.085 0.6308
n -0.6545 -0.1606 0.7388
n -0.6716 -0.073 0.7373
n -0.7521 -0.1857 0.6323
n -0.6261 -0.2458 0.74
n -0.6545 -0.1606 0.7388
n -0.7198 -0.2838 0.6335
n -0.5865 -0.3271 0.7409
n -0.6261 -0.2458 0.74
n -0.6744 -0.3777 0.6344
n -0.5368 -0.4029 0.7413
n -0.5865 -0.3271 0.7409
n -0.617 -0.4649 0.635
n -0.4783 -0.4707 0.7414
n -0.5368 -0.4029 0.7413
n -0.5498 -0.5426 0.6351
n -0.4113 -0.5295 0.7419
n -0.4783 -0.4707 0.7414
n -0.4736 -0.6103 0.635
n -0.3381 -0.5789 0.742
n -0.4113 -0.5295 0.7419
n -0.3885 -0.6681 0.6346
n -0.3381 -0.5789 0.742
n -0.3885 -0.6681 0.6346
n -0.259 -0.6185 0.7419
n -0.259 -0.6185 0.7419
n -0.2979 -0.7132 0.6345
n -0.1764 -0.6469 0.7419
n -0.1764 -0.6469 0.7419
n -0.202 -0.7464 0.6341
n -0.0894 -0.6648 0.7417
n -0.0894 -0.6648 0.7417
n -0.1023 -0.767 0.6335
n -0.0019 -0.6709 0.7415
n -0.0019 -0.6709 0.7415
n -0.002 -0.7737 0.6335
n 0.0851 -0.6653 0.7417
n 0.0851 -0.6653 0.7417
n 0.0994 -0.7679 0.6328
n 0.1706 -0.6492 0.7412
n 0.1706 -0.6492 0.7412
n 0.1982 -0.7488 0.6324
n 0.253 -0.6218 0.7412
n 0.253 -0.6218 0.7412
n 0.2929 -0.7174 0.6321
n 0.3305 -0.5843 0.7412
n 0.3305 -0.5843 0.7412
n 0.3831 -0.6741 0.6316
n 0.4034 -0.5362 0.7415
n 0.4034 -0.5362 0.7415
n 0.4672 -0.6192 0.6311
n 0.469 -0.4795 0.7417
n 0.469 -0.4795 0.7417
n 0.5427 -0.5536 0.6317
n 0.5267 -0.414 0.7425
n 0.5757 -0.3408 0.7432
n 0.5267 -0.414 0.7425
n 0.6665 -0.3939 0.633
n 0.615 -0.2607 0.7441
n 0.5757 -0.3408 0.7432
n 0.7122 -0.302 0.6337
n 0.6436 -0.1757 0.7449
n 0.615 -0.2607 0.7441
n 0.7454 -0.2038 0.6347
n 0.661 -0.0877 0.7453
n 0.6436 -0.1757 0.7449
n 0.7655 -0.102 0.6352
n 0.6665 0.0018 0.7455
n 0.661 -0.0877 0.7453
n 0.7719 0.0013 0.6357
n 0.6665 0.0018 0.7455
n 0.7719 0.0013 0.6357
n 0.6602 0.0909 0.7456
n 0.765 0.1044 0.6356
n 0.7719 0.0013 0.6357
n 0.8571 0.1169 0.5018
n 0.7719 0.0013 0.6357
n 0.7655 -0.102 0.6352
n 0.865 0.0009 0.5017
n 0.7655 -0.102 0.6352
n 0.7454 -0.2038 0.6347
n 0.8575 -0.115 0.5015
n 0.7454 -0.2038 0.6347
n 0.7122 -0.302 0.6337
n 0.8347 -0.2288 0.5009
n 0.7122 -0.302 0.6337
n 0.6665 -0.3939 0.633
n 0.7972 -0.3383 0.5
n 0.6096 -0.4783 0.6322
n 0.6824 -0.5347 0.4983
n 0.6665 -0.3939 0.633
n 0.5427 -0.5536 0.6317
n 0.6073 -0.6187 0.4983
n 0.6096 -0.4783 0.6322
n 0.4672 -0.6192 0.6311
n 0.5227 -0.6915 0.4986
n 0.5427 -0.5536 0.6317
n 0.3831 -0.6741 0.6316
n 0.4298 -0.7527 0.4988
n 0.4672 -0.6192 0.6311
n 0.2929 -0.7174 0.6321
n 0.3291 -0.8014 0.4994
n 0.3831 -0.6741 0.6316
n 0.1982 -0.7488 0.6324
n 0.2222 -0.8366 0.5006
n 0.2929 -0.7174 0.6321
n 0.0994 -0.7679 0.6328
n 0.1115 -0.858 0.5014
n 0.1982 -0.7488 0.6324
n -0.002 -0.7737 0.6335
n -0.0011 -0.8649 0.5019
n 0.0994 -0.7679 0.6328
n -0.1023 -0.767 0.6335
n -0.1139 -0.8569 0.5027
n -0.002 -0.7737 0.6335
n -0.202 -0.7464 0.6341
n -0.2246 -0.8342 0.5036
n -0.1023 -0.767 0.6335
n -0.2979 -0.7132 0.6345
n -0.3322 -0.7967 0.5048
n -0.202 -0.7464 0.6341
n -0.3885 -0.6681 0.6346
n -0.4337 -0.7461 0.5053
n -0.2979 -0.7132 0.6345
n -0.4736 -0.6103 0.635
n -0.5276 -0.6826 0.5057
n -0.3885 -0.6681 0.6346
n -0.4736 -0.6103 0.635
n -0.5498 -0.5426 0.6351
n -0.5276 -0.6826 0.5057
n -0.5498 -0.5426 0.6351
n -0.617 -0.4649 0.635
n -0.6131 -0.6062 0.5066
n -0.617 -0.4649 0.635
n -0.6744 -0.3777 0.6344
n -0.6888 -0.5191 0.506
n -0.6744 -0.3777 0.6344
n -0.7198 -0.2838 0.6335
n -0.7524 -0.4223 0.5056
n -0.7198 -0.2838 0.6335
n -0.7521 -0.1857 0.6323
n -0.8025 -0.3177 0.505
n -0.7521 -0.1857 0.6323
n -0.7713 -0.085 0.6308
n -0.8385 -0.2078 0.5037
n -0.7713 -0.085 0.6308
n -0.7774 0.0163 0.6288
n -0.8597 -0.0951 0.5019
n -0.7774 0.0163 0.6288
n -0.7704 0.1154 0.627
n -0.8658 0.0177 0.5
n -0.7704 0.1154 0.627
n -0.7508 0.2116 0.6257
n -0.8572 0.1275 0.4989
n -0.7508 0.2116 0.6257
n -0.7188 0.3039 0.6253
n -0.8348 0.2336 0.4985
n -0.7188 0.3039 0.6253
n -0.6751 0.3918 0.6251
n -0.7989 0.3364 0.4985
n -0.6205 0.4732 0.6253
n -0.6892 0.5255 0.4988
n -0.6751 0.3918 0.6251
n -0.5561 0.5467 0.626
n -0.6179 0.6078 0.4987
n -0.6205 0.4732 0.6253
n -0.4826 0.6118 0.6267
n -0.5364 0.6806 0.499
n -0.5561 0.5467 0.626
n -0.4013 0.667 0.6278
n -0.4453 0.7429 0.4998
n -0.4826 0.6118 0.6267
n -0.3114 0.7121 0.6293
n -0.3461 0.7937 0.5002
n -0.4013 0.667 0.6278
n -0.2146 0.7455 0.631
n -0.2394 0.8317 0.5009
n -0.3114 0.7121 0.6293
n -0.1143 0.7662 0.6323
n -0.1266 0.8558 0.5016
n -0.2146 0.7455 0.631
n -0.0113 0.7742 0.6329
n -0.0114 0.8647 0.5022
n -0.1143 0.7662 0.6323
n -0.0113 0.7742 0.6329
n 0.0918 0.7684 0.6333
n -0.0114 0.8647 0.5022
n 0.0918 0.7684 0.6333
n 0.1924 0.7496 0.6334
n 0.1035 0.8584 0.5024
n 0.1924 0.7496 0.6334
n 0.2891 0.7181 0.633
n 0.217 0.8374 0.5017
n 0.2891 0.7181 0.633
n 0.3802 0.6748 0.6325
n 0.3251 0.8019 0.5012
n 0.3802 0.6748 0.6325
n 0.464 0.62 0.6327
n 0.4259 0.7534 0.5011
n 0.464 0.62 0.6327
n 0.54 0.5547 0.633
n 0.5198 0.6922 0.5006
n 0.54 0.5547 0.633
n 0.6072 0.4799 0.6332
n 0.6051 0.6193 0.5003
n 0.6072 0.4799 0.6332
n 0.6645 0.396 0.6337
n 0.6803 0.5355 0.5005
n 0.6645 0.396 0.6337
n 0.7104 0.3044 0.6346
n 0.7441 0.4422 0.5007
n 0.7104 0.3044 0.6346
n 0.7442 0.2064 0.6353
n 0.7956 0.3403 0.5012
n 0.7442 0.2064 0.6353
n 0.765 0.1044 0.6356
n 0.8338 0.2307 0.5016
n 0.8338 0.2307 0.5016
n 0.8571 0.1169 0.5018
n 0.8947 0.2468 0.3722
n 0.7956 0.3403 0.5012
n 0.8338 0.2307 0.5016
n 0.8538 0.3641 0.3721
n 0.7441 0.4422 0.5007
n 0.7956 0.3403 0.5012
n 0.7985 0.4733 0.372
n 0.6803 0.5355 0.5005
n 0.7441 0.4422 0.5007
n 0.7297 0.5736 0.3721
n 0.6051 0.6193 0.5003
n 0.6803 0.5355 0.5005
n 0.6492 0.6635 0.372
n 0.5198 0.6922 0.5006
n 0.6051 0.6193 0.5003
n 0.5585 0.7414 0.3721
n 0.4259 0.7534 0.5011
n 0.5198 0.6922 0.5006
n 0.4575 0.8071 0.3731
n 0.3251 0.8019 0.5012
n 0.4259 0.7534 0.5011
n 0.3487 0.8596 0.3735
n 0.217 0.8374 0.5017
n 0.3251 0.8019 0.5012
n 0.2331 0.8978 0.3736
n 0.1035 0.8584 0.5024
n 0.217 0.8374 0.5017
n 0.1119 0.9208 0.3736
n -0.0114 0.8647 0.5022
n 0.1035 0.8584 0.5024
n -0.0119 0.9276 0.3734
n -0.1266 0.8558 0.5016
n -0.0114 0.8647 0.5022
n -0.1352 0.9178 0.3734
n -0.1266 0.8558 0.5016
n -0.1352 0.9178 0.3734
n -0.2394 0.8317 0.5009
n -0.2394 0.8317 0.5009
n -0.2554 0.8918 0.3734
n -0.3461 0.7937 0.5002
n -0.3461 0.7937 0.5002
n -0.3695 0.8508 0.3737
n -0.4453 0.7429 0.4998
n -0.4453 0.7429 0.4998
n -0.4765 0.7958 0.3736
n -0.5364 0.6806 0.499
n -0.5364 0.6806 0.499
n -0.5736 0.7289 0.3737
n -0.6179 0.6078 0.4987
n -0.6179 0.6078 0.4987
n -0.6607 0.6509 0.374
n -0.6892 0.5255 0.4988
n -0.6892 0.5255 0.4988
n -0.7374 0.5624 0.374
n -0.7499 0.4346 0.4987
n -0.7989 0.3364 0.4985
n -0.7499 0.4346 0.4987
n -0.8552 0.3588 0.374
n -0.8348 0.2336 0.4985
n -0.7989 0.3364 0.4985
n -0.8939 0.2482 0.3734
n -0.8572 0.1275 0.4989
n -0.8348 0.2336 0.4985
n -0.9181 0.1347 0.3728
n -0.8658 0.0177 0.5
n -0.8572 0.1275 0.4989
n -0.9278 0.0176 0.3728
n -0.8597 -0.0951 0.5019
n -0.8658 0.0177 0.5
n -0.9219 -0.1023 0.3736
n -0.8385 -0.2078 0.5037
n -0.8597 -0.0951 0.5019
n -0.8998 -0.2232 0.375
n -0.8025 -0.3177 0.505
n -0.8385 -0.2078 0.5037
n -0.8615 -0.3411 0.3761
n -0.7524 -0.4223 0.5056
n -0.8025 -0.3177 0.505
n -0.8074 -0.4536 0.3772
n -0.6888 -0.5191 0.506
n -0.7524 -0.4223 0.5056
n -0.7394 -0.5575 0.3776
n -0.6131 -0.6062 0.5066
n -0.6888 -0.5191 0.506
n -0.6583 -0.6514 0.3774
n -0.6131 -0.6062 0.5066
n -0.6583 -0.6514 0.3774
n -0.5276 -0.6826 0.5057
n -0.5276 -0.6826 0.5057
n -0.5661 -0.7329 0.3774
n -0.4337 -0.7461 0.5053
n -0.4337 -0.7461 0.5053
n -0.4651 -0.801 0.3769
n -0.3322 -0.7967 0.5048
n -0.3322 -0.7967 0.5048
n -0.3556 -0.8559 0.3755
n -0.2246 -0.8342 0.5036
n -0.2246 -0.8342 0.5036
n -0.2403 -0.8955 0.3746
n -0.1139 -0.8569 0.5027
n -0.1139 -0.8569 0.5027
n -0.1218 -0.9194 0.374
n -0.0011 -0.8649 0.5019
n -0.0011 -0.8649 0.5019
n -0.0014 -0.9276 0.3735
n 0.1115 -0.858 0.5014
n 0.1115 -0.858 0.5014
n 0.12 -0.9202 0.3727
n 0.2222 -0.8366 0.5006
n 0.2222 -0.8366 0.5006
n 0.2392 -0.8969 0.3719
n 0.3291 -0.8014 0.4994
n 0.3291 -0.8014 0.4994
n 0.3527 -0.8588 0.3716
n 0.4298 -0.7527 0.4988
n 0.4298 -0.7527 0.4988
n 0.4606 -0.8064 0.3709
n 0.5227 -0.6915 0.4986
n 0.5227 -0.6915 0.4986
n 0.561 -0.7405 0.37
n 0.6073 -0.6187 0.4983
n 0.6073 -0.6187 0.4983
n 0.6519 -0.6623 0.3692
n 0.6824 -0.5347 0.4983
n 0.6824 -0.5347 0.4983
n 0.7315 -0.5729 0.3697
n 0.7461 -0.4408 0.499
n 0.7461 -0.4408 0.499
n 0.7998 -0.4727 0.3701
n 0.7972 -0.3383 0.5
n 0.7972 -0.3383 0.5
n 0.8549 -0.363 0.3706
n 0.8347 -0.2288 0.5009
n 0.8575 -0.115 0.5015
n 0.8347 -0.2288 0.5009
n 0.9202 -0.1233 0.3715
n 0.865 0.0009 0.5017
n 0.8575 -0.115 0.5015
n 0.9284 0.0006 0.3716
n 0.8571 0.1169 0.5018
n 0.865 0.0009 0.5017
n 0.9198 0.1247 0.3721
n 0.9198 0.1247 0.3721
n 0.9284 0.0006 0.3716
n 0.9592 0.1295 0.2512
n 0.9284 0.0006 0.3716
n 0.9202 -0.1233 0.3715
n 0.968 0.0002 0.2508
n 0.8954 -0.2457 0.3713
n 0.9337 -0.2562 0.2501
n 0.9202 -0.1233 0.3715
n 0.8549 -0.363 0.3706
n 0.8913 -0.3784 0.2499
n 0.8954 -0.2457 0.3713
n 0.7998 -0.4727 0.3701
n 0.8339 -0.4922 0.2497
n 0.8549 -0.363 0.3706
n 0.7315 -0.5729 0.3697
n 0.7626 -0.5968 0.2496
n 0.7998 -0.4727 0.3701
n 0.6519 -0.6623 0.3692
n 0.6792 -0.6902 0.2496
n 0.7315 -0.5729 0.3697
n 0.561 -0.7405 0.37
n 0.5854 -0.7714 0.2494
n 0.6519 -0.6623 0.3692
n 0.4606 -0.8064 0.3709
n 0.481 -0.8404 0.2496
n 0.561 -0.7405 0.37
n 0.3527 -0.8588 0.3716
n 0.3684 -0.8955 0.2498
n 0.4606 -0.8064 0.3709
n 0.2392 -0.8969 0.3719
n 0.2489 -0.9357 0.25
n 0.3527 -0.8588 0.3716
n 0.12 -0.9202 0.3727
n 0.1253 -0.9603 0.2493
n 0.2392 -0.8969 0.3719
n -0.0014 -0.9276 0.3735
n -0.0012 -0.9684 0.2493
n 0.12 -0.9202 0.3727
n -0.1218 -0.9194 0.374
n -0.1273 -0.96 0.2493
n -0.0014 -0.9276 0.3735
n -0.2403 -0.8955 0.3746
n -0.2513 -0.9353 0.249
n -0.1218 -0.9194 0.374
n -0.3556 -0.8559 0.3755
n -0.3713 -0.8945 0.2489
n -0.2403 -0.8955 0.3746
n -0.4651 -0.801 0.3769
n -0.4855 -0.838 0.249
n -0.3556 -0.8559 0.3755
n -0.5661 -0.7329 0.3774
n -0.592 -0.7663 0.2497
n -0.4651 -0.801 0.3769
n -0.6583 -0.6514 0.3774
n -0.6884 -0.6811 0.2494
n -0.5661 -0.7329 0.3774
n -0.6583 -0.6514 0.3774
n -0.7394 -0.5575 0.3776
n -0.6884 -0.6811 0.2494
n -0.7394 -0.5575 0.3776
n -0.8074 -0.4536 0.3772
n -0.7734 -0.583 0.2489
n -0.8074 -0.4536 0.3772
n -0.8615 -0.3411 0.3761
n -0.8449 -0.474 0.2479
n -0.8615 -0.3411 0.3761
n -0.8998 -0.2232 0.375
n -0.9011 -0.3566 0.2467
n -0.8998 -0.2232 0.375
n -0.9219 -0.1023 0.3736
n -0.9409 -0.2334 0.2454
n -0.9219 -0.1023 0.3736
n -0.9278 0.0176 0.3728
n -0.9636 -0.1077 0.2445
n -0.9278 0.0176 0.3728
n -0.9181 0.1347 0.3728
n -0.9695 0.0169 0.2446
n -0.9181 0.1347 0.3728
n -0.8939 0.2482 0.3734
n -0.9595 0.1388 0.2452
n -0.8552 0.3588 0.374
n -0.8938 0.3739 0.2475
n -0.8939 0.2482 0.3734
n -0.8028 0.4643 0.3741
n -0.8386 0.485 0.2479
n -0.8552 0.3588 0.374
n -0.8028 0.4643 0.3741
n -0.7374 0.5624 0.374
n -0.8386 0.485 0.2479
n -0.7374 0.5624 0.374
n -0.6607 0.6509 0.374
n -0.7704 0.5872 0.2483
n -0.5736 0.7289 0.3737
n -0.5983 0.7617 0.2489
n -0.6607 0.6509 0.374
n -0.4765 0.7958 0.3736
n -0.4967 0.8317 0.2482
n -0.5736 0.7289 0.3737
n -0.3695 0.8508 0.3737
n -0.3847 0.8892 0.2478
n -0.4765 0.7958 0.3736
n -0.2554 0.8918 0.3734
n -0.266 0.9314 0.2484
n -0.3695 0.8508 0.3737
n -0.1352 0.9178 0.3734
n -0.1406 0.9583 0.249
n -0.2554 0.8918 0.3734
n -0.0119 0.9276 0.3734
n -0.0124 0.9682 0.2499
n -0.1352 0.9178 0.3734
n -0.0119 0.9276 0.3734
n 0.1119 0.9208 0.3736
n -0.0124 0.9682 0.2499
n 0.1119 0.9208 0.3736
n 0.2331 0.8978 0.3736
n 0.1167 0.9611 0.2502
n 0.2331 0.8978 0.3736
n 0.3487 0.8596 0.3735
n 0.2431 0.9369 0.2512
n 0.3487 0.8596 0.3735
n 0.4575 0.8071 0.3731
n 0.3641 0.8968 0.2515
n 0.4575 0.8071 0.3731
n 0.5585 0.7414 0.3721
n 0.4779 0.8416 0.2517
n 0.5585 0.7414 0.3721
n 0.6492 0.6635 0.372
n 0.5828 0.7726 0.2518
n 0.6492 0.6635 0.372
n 0.7297 0.5736 0.3721
n 0.6772 0.6914 0.2519
n 0.7297 0.5736 0.3721
n 0.7985 0.4733 0.372
n 0.7614 0.5974 0.2516
n 0.7985 0.4733 0.372
n 0.8538 0.3641 0.3721
n 0.8328 0.4929 0.2518
n 0.8538 0.3641 0.3721
n 0.8947 0.2468 0.3722
n 0.8905 0.3791 0.2518
n 0.8947 0.2468 0.3722
n 0.9198 0.1247 0.3721
n 0.9332 0.2567 0.2514
n 0.9332 0.2567 0.2514
n 0.9592 0.1295 0.2512
n 0.9558 0.2624 0.1329
n 0.8905 0.3791 0.2518
n 0.9332 0.2567 0.2514
n 0.9122 0.3875 0.133
n 0.8328 0.4929 0.2518
n 0.8905 0.3791 0.2518
n 0.8531 0.5045 0.1328
n 0.7614 0.5974 0.2516
n 0.8328 0.4929 0.2518
n 0.7802 0.6115 0.1321
n 0.6772 0.6914 0.2519
n 0.7614 0.5974 0.2516
n 0.6941 0.7077 0.132
n 0.5828 0.7726 0.2518
n 0.6772 0.6914 0.2519
n 0.5968 0.7916 0.1313
n 0.4779 0.8416 0.2517
n 0.5828 0.7726 0.2518
n 0.4895 0.8623 0.1294
n 0.3641 0.8968 0.2515
n 0.4779 0.8416 0.2517
n 0.3727 0.919 0.1282
n 0.2431 0.9369 0.2512
n 0.3641 0.8968 0.2515
n 0.2484 0.9604 0.1263
n 0.1167 0.9611 0.2502
n 0.2431 0.9369 0.2512
n 0.1191 0.9851 0.124
n -0.0124 0.9682 0.2499
n 0.1167 0.9611 0.2502
n -0.013 0.9924 0.122
n -0.1406 0.9583 0.249
n -0.0124 0.9682 0.2499
n -0.1447 0.9822 0.1196
n -0.266 0.9314 0.2484
n -0.1406 0.9583 0.249
n -0.273 0.9548 0.1178
n -0.3847 0.8892 0.2478
n -0.266 0.9314 0.2484
n -0.3946 0.9115 0.116
n -0.4967 0.8317 0.2482
n -0.3847 0.8892 0.2478
n -0.5083 0.8535 0.1147
n -0.5983 0.7617 0.2489
n -0.4967 0.8317 0.2482
n -0.6132 0.7817 0.1135
n -0.69 0.6797 0.2487
n -0.5983 0.7617 0.2489
n -0.7077 0.6975 0.1124
n -0.69 0.6797 0.2487
n -0.7077 0.6975 0.1124
n -0.7704 0.5872 0.2483
n -0.8386 0.485 0.2479
n -0.7704 0.5872 0.2483
n -0.8609 0.4969 0.1096
n -0.8386 0.485 0.2479
n -0.8609 0.4969 0.1096
n -0.8938 0.3739 0.2475
n -0.8938 0.3739 0.2475
n -0.9175 0.3827 0.1081
n -0.9344 0.2573 0.2464
n -0.9595 0.1388 0.2452
n -0.9344 0.2573 0.2464
n -0.9843 0.1406 0.1065
n -0.9695 0.0169 0.2446
n -0.9595 0.1388 0.2452
n -0.9943 0.0159 0.1058
n -0.9636 -0.1077 0.2445
n -0.9695 0.0169 0.2446
n -0.9882 -0.1111 0.1057
n -0.9409 -0.2334 0.2454
n -0.9636 -0.1077 0.2445
n -0.9652 -0.2391 0.1063
n -0.9011 -0.3566 0.2467
n -0.9409 -0.2334 0.2454
n -0.9247 -0.3652 0.1076
n -0.8449 -0.474 0.2479
n -0.9011 -0.3566 0.2467
n -0.8672 -0.4858 0.1093
n -0.7734 -0.583 0.2489
n -0.8449 -0.474 0.2479
n -0.7939 -0.5979 0.1109
n -0.6884 -0.6811 0.2494
n -0.7734 -0.583 0.2489
n -0.7067 -0.6985 0.1125
n -0.6884 -0.6811 0.2494
n -0.7067 -0.6985 0.1125
n -0.592 -0.7663 0.2497
n -0.592 -0.7663 0.2497
n -0.6073 -0.7863 0.1138
n -0.4855 -0.838 0.249
n -0.4855 -0.838 0.249
n -0.4981 -0.8594 0.1152
n -0.3713 -0.8945 0.2489
n -0.3713 -0.8945 0.2489
n -0.3812 -0.9171 0.1169
n -0.2513 -0.9353 0.249
n -0.2513 -0.9353 0.249
n -0.258 -0.9589 0.1185
n -0.1273 -0.96 0.2493
n -0.1273 -0.96 0.2493
n -0.1312 -0.984 0.1202
n -0.0012 -0.9684 0.2493
n -0.0012 -0.9684 0.2493
n -0.0016 -0.9925 0.1219
n 0.1253 -0.9603 0.2493
n 0.1253 -0.9603 0.2493
n 0.1278 -0.9841 0.1233
n 0.2489 -0.9357 0.25
n 0.2489 -0.9357 0.25
n 0.2546 -0.9589 0.1251
n 0.3684 -0.8955 0.2498
n 0.3684 -0.8955 0.2498
n 0.3769 -0.9175 0.1271
n 0.481 -0.8404 0.2496
n 0.481 -0.8404 0.2496
n 0.4924 -0.8608 0.1284
n 0.5854 -0.7714 0.2494
n 0.5854 -0.7714 0.2494
n 0.5994 -0.7899 0.1296
n 0.6792 -0.6902 0.2496
n 0.6792 -0.6902 0.2496
n 0.6959 -0.7063 0.13
n 0.7626 -0.5968 0.2496
n 0.7626 -0.5968 0.2496
n 0.781 -0.6108 0.1306
n 0.8339 -0.4922 0.2497
n 0.8339 -0.4922 0.2497
n 0.8537 -0.5039 0.1312
n 0.8913 -0.3784 0.2499
n 0.8913 -0.3784 0.2499
n 0.9126 -0.387 0.1316
n 0.9337 -0.2562 0.2501
n 0.9595 -0.1287 0.2505
n 0.9337 -0.2562 0.2501
n 0.9823 -0.1322 0.1326
n 0.968 0.0002 0.2508
n 0.9595 -0.1287 0.2505
n 0.9911 0.0001 0.1331
n 0.9592 0.1295 0.2512
n 0.968 0.0002 0.2508
n 0.9823 0.1323 0.1329
n 0.9823 0.1323 0.1329
n 0.9911 0.0001 0.1331
n 0.9908 0.1332 0.0254
n 0.9823 -0.1322 0.1326
n 0.9907 -0.1337 0.0251
n 0.9911 0.0001 0.1331
n 0.956 -0.2622 0.1318
n 0.9642 -0.2642 0.0243
n 0.9823 -0.1322 0.1326
n 0.9126 -0.387 0.1316
n 0.9205 -0.3901 0.0231
n 0.956 -0.2622 0.1318
n 0.8537 -0.5039 0.1312
n 0.8615 -0.5074 0.0212
n 0.9126 -0.387 0.1316
n 0.781 -0.6108 0.1306
n 0.788 -0.6154 0.0199
n 0.8537 -0.5039 0.1312
n 0.6959 -0.7063 0.13
n 0.7024 -0.7116 0.0177
n 0.781 -0.6108 0.1306
n 0.5994 -0.7899 0.1296
n 0.6048 -0.7963 0.0143
n 0.6959 -0.7063 0.13
n 0.4924 -0.8608 0.1284
n 0.4972 -0.8676 0.0105
n 0.5994 -0.7899 0.1296
n 0.3769 -0.9175 0.1271
n 0.3802 -0.9249 0.0066
n 0.4924 -0.8608 0.1284
n 0.2546 -0.9589 0.1251
n 0.2567 -0.9665 0.0019
n 0.3769 -0.9175 0.1271
n 0.1278 -0.9841 0.1233
n 0.1292 -0.9916 -0.0028
n 0.2546 -0.9589 0.1251
n -0.0016 -0.9925 0.1219
n -0.0006 -1.0 -0.0076
n 0.1278 -0.9841 0.1233
n -0.1312 -0.984 0.1202
n -0.1312 -0.9913 -0.012
n -0.0016 -0.9925 0.1219
n -0.258 -0.9589 0.1185
n -0.2593 -0.9657 -0.0168
n -0.1312 -0.984 0.1202
n -0.3812 -0.9171 0.1169
n -0.3831 -0.9235 -0.0215
n -0.258 -0.9589 0.1185
n -0.4981 -0.8594 0.1152
n -0.5011 -0.865 -0.026
n -0.3812 -0.9171 0.1169
n -0.6073 -0.7863 0.1138
n -0.6104 -0.7915 -0.0301
n -0.4981 -0.8594 0.1152
n -0.7067 -0.6985 0.1125
n -0.7105 -0.7029 -0.0339
n -0.6073 -0.7863 0.1138
n -0.7939 -0.5979 0.1109
n -0.7983 -0.601 -0.0376
n -0.7067 -0.6985 0.1125
n -0.7939 -0.5979 0.1109
n -0.8672 -0.4858 0.1093
n -0.7983 -0.601 -0.0376
n -0.8672 -0.4858 0.1093
n -0.9247 -0.3652 0.1076
n -0.8718 -0.4881 -0.0407
n -0.9247 -0.3652 0.1076
n -0.9652 -0.2391 0.1063
n -0.9292 -0.3672 -0.0429
n -0.9652 -0.2391 0.1063
n -0.9882 -0.1111 0.1057
n -0.9696 -0.2405 -0.0446
n -0.9882 -0.1111 0.1057
n -0.9943 0.0159 0.1058
n -0.9927 -0.1118 -0.0458
n -0.9943 0.0159 0.1058
n -0.9843 0.1406 0.1065
n -0.9988 0.0157 -0.0464
n -0.9589 0.2628 0.1074
n -0.9633 0.2642 -0.0467
n -0.9843 0.1406 0.1065
n -0.9589 0.2628 0.1074
n -0.9175 0.3827 0.1081
n -0.9633 0.2642 -0.0467
n -0.9175 0.3827 0.1081
n -0.8609 0.4969 0.1096
n -0.9219 0.3847 -0.0454
n -0.8609 0.4969 0.1096
n -0.7907 0.602 0.1112
n -0.8653 0.4994 -0.0433
n -0.7907 0.602 0.1112
n -0.7077 0.6975 0.1124
n -0.7948 0.6055 -0.0402
n -0.7077 0.6975 0.1124
n -0.6132 0.7817 0.1135
n -0.7116 0.7016 -0.0363
n -0.6132 0.7817 0.1135
n -0.5083 0.8535 0.1147
n -0.6166 0.7867 -0.0317
n -0.5083 0.8535 0.1147
n -0.3946 0.9115 0.116
n -0.511 0.8591 -0.0273
n -0.3946 0.9115 0.116
n -0.273 0.9548 0.1178
n -0.3959 0.918 -0.0226
n -0.273 0.9548 0.1178
n -0.1447 0.9822 0.1196
n -0.2735 0.9617 -0.0188
n -0.1447 0.9822 0.1196
n -0.013 0.9924 0.122
n -0.1455 0.9893 -0.0139
n -0.013 0.9924 0.122
n 0.1191 0.9851 0.124
n -0.0129 0.9999 -0.0087
n 0.1191 0.9851 0.124
n 0.2484 0.9604 0.1263
n 0.1202 0.9927 -0.0033
n 0.2484 0.9604 0.1263
n 0.3727 0.919 0.1282
n 0.2508 0.968 0.001
n 0.3727 0.919 0.1282
n 0.4895 0.8623 0.1294
n 0.3762 0.9265 0.0057
n 0.4895 0.8623 0.1294
n 0.5968 0.7916 0.1313
n 0.494 0.8694 0.01
n 0.5968 0.7916 0.1313
n 0.6941 0.7077 0.132
n 0.602 0.7983 0.0141
n 0.6941 0.7077 0.132
n 0.7802 0.6115 0.1321
n 0.7008 0.7132 0.0176
n 0.7802 0.6115 0.1321
n 0.8531 0.5045 0.1328
n 0.7874 0.6161 0.0204
n 0.8531 0.5045 0.1328
n 0.9122 0.3875 0.133
n 0.8609 0.5083 0.0222
n 0.9122 0.3875 0.133
n 0.9558 0.2624 0.1329
n 0.9203 0.3904 0.0236
n 0.9558 0.2624 0.1329
n 0.9823 0.1323 0.1329
n 0.9642 0.264 0.0249
n 0.9908 0.1332 0.0254
n 0.9894 0.1321 -0.0608
n 0.9642 0.264 0.0249
n 0.9642 0.264 0.0249
n 0.9629 0.2623 -0.0627
n 0.9203 0.3904 0.0236
n 0.9203 0.3904 0.0236
n 0.9196 0.3873 -0.0653
n 0.8609 0.5083 0.0222
n 0.8609 0.5083 0.0222
n 0.8608 0.5042 -0.0686
n 0.7874 0.6161 0.0204
n 0.7874 0.6161 0.0204
n 0.7876 0.6117 -0.0739
n 0.7008 0.7132 0.0176
n 0.7008 0.7132 0.0176
n 0.7015 0.7081 -0.0803
n 0.602 0.7983 0.0141
n 0.602 0.7983 0.0141
n 0.6039 0.7922 -0.0878
n 0.494 0.8694 0.01
n 0.494 0.8694 0.01
n 0.4964 0.8627 -0.0961
n 0.3762 0.9265 0.0057
n 0.3762 0.9265 0.0057
n 0.38 0.919 -0.1053
n 0.2508 0.968 0.001
n 0.2508 0.968 0.001
n 0.256 0.9598 -0.1147
n 0.1202 0.9927 -0.0033
n 0.1202 0.9927 -0.0033
n 0.1268 0.9841 -0.1245
n -0.0129 0.9999 -0.0087
n -0.0129 0.9999 -0.0087
n -0.0053 0.991 -0.1338
n -0.1455 0.9893 -0.0139
n -0.1455 0.9893 -0.0139
n -0.1364 0.9803 -0.1429
n -0.2735 0.9617 -0.0188
n -0.2735 0.9617 -0.0188
n -0.263 0.9528 -0.1518
n -0.3959 0.918 -0.0226
n -0.3959 0.918 -0.0226
n -0.3845 0.9089 -0.1615
n -0.511 0.8591 -0.0273
n -0.511 0.8591 -0.0273
n -0.4982 0.85 -0.1714
n -0.6166 0.7867 -0.0317
n -0.6166 0.7867 -0.0317
n -0.6024 0.7775 -0.1807
n -0.7116 0.7016 -0.0363
n -0.7116 0.7016 -0.0363
n -0.6959 0.6927 -0.1895
n -0.7948 0.6055 -0.0402
n -0.7948 0.6055 -0.0402
n -0.7772 0.5978 -0.1967
n -0.8653 0.4994 -0.0433
n -0.8653 0.4994 -0.0433
n -0.8459 0.4937 -0.2018
n -0.9219 0.3847 -0.0454
n -0.9219 0.3847 -0.0454
n -0.9015 0.3808 -0.2056
n -0.9633 0.2642 -0.0467
n -0.9633 0.2642 -0.0467
n -0.9424 0.2622 -0.2078
n -0.9888 0.1414 -0.047
n -0.9988 0.0157 -0.0464
n -0.9888 0.1414 -0.047
n -0.9783 0.0173 -0.2064
n -0.9927 -0.1118 -0.0458
n -0.9988 0.0157 -0.0464
n -0.9728 -0.1093 -0.2045
n -0.9696 -0.2405 -0.0446
n -0.9927 -0.1118 -0.0458
n -0.9502 -0.2371 -0.2021
n -0.9292 -0.3672 -0.0429
n -0.9696 -0.2405 -0.0446
n -0.9103 -0.3629 -0.1993
n -0.8718 -0.4881 -0.0407
n -0.9292 -0.3672 -0.0429
n -0.8535 -0.4831 -0.1953
n -0.7983 -0.601 -0.0376
n -0.8718 -0.4881 -0.0407
n -0.7811 -0.5948 -0.1901
n -0.7105 -0.7029 -0.0339
n -0.7983 -0.601 -0.0376
n -0.6945 -0.6956 -0.1838
n -0.6104 -0.7915 -0.0301
n -0.7105 -0.7029 -0.0339
n -0.5956 -0.7837 -0.1762
n -0.5011 -0.865 -0.026
n -0.6104 -0.7915 -0.0301
n -0.4874 -0.8569 -0.1681
n -0.3831 -0.9235 -0.0215
n -0.5011 -0.865 -0.026
n -0.3713 -0.9147 -0.1596
n -0.2593 -0.9657 -0.0168
n -0.3831 -0.9235 -0.0215
n -0.2488 -0.9568 -0.1502
n -0.1312 -0.9913 -0.012
n -0.2593 -0.9657 -0.0168
n -0.1223 -0.9824 -0.141
n -0.0006 -1.0 -0.0076
n -0.1312 -0.9913 -0.012
n 0.0068 -0.9913 -0.1312
n 0.1292 -0.9916 -0.0028
n -0.0006 -1.0 -0.0076
n 0.1356 -0.9833 -0.1211
n 0.2567 -0.9665 0.0019
n 0.1292 -0.9916 -0.0028
n 0.2616 -0.9586 -0.1121
n 0.3802 -0.9249 0.0066
n 0.2567 -0.9665 0.0019
n 0.3842 -0.9175 -0.1025
n 0.4972 -0.8676 0.0105
n 0.3802 -0.9249 0.0066
n 0.4998 -0.861 -0.094
n 0.6048 -0.7963 0.0143
n 0.4972 -0.8676 0.0105
n 0.6067 -0.7902 -0.0862
n 0.7024 -0.7116 0.0177
n 0.6048 -0.7963 0.0143
n 0.7034 -0.7064 -0.0791
n 0.788 -0.6154 0.0199
n 0.7024 -0.7116 0.0177
n 0.7887 -0.6103 -0.0732
n 0.8615 -0.5074 0.0212
n 0.788 -0.6154 0.0199
n 0.8613 -0.5035 -0.0688
n 0.9205 -0.3901 0.0231
n 0.8615 -0.5074 0.0212
n 0.9197 -0.3872 -0.0657
n 0.9642 -0.2642 0.0243
n 0.9205 -0.3901 0.0231
n 0.963 -0.2622 -0.0625
n 0.9907 -0.1337 0.0251
n 0.9642 -0.2642 0.0243
n 0.9893 -0.1326 -0.0614
n 0.9997 0.0 0.0255
n 0.9907 -0.1337 0.0251
n 0.9981 -0.0003 -0.0609
n 0.9997 0.0 0.0255
n 0.9981 -0.0003 -0.0609
n 0.9908 0.1332 0.0254
n 0.9981 -0.0003 -0.0609
n 0.9902 -0.0002 -0.1394
n 0.9894 0.1321 -0.0608
n 0.9981 -0.0003 -0.0609
n 0.9893 -0.1326 -0.0614
n 0.9902 -0.0002 -0.1394
n 0.9893 -0.1326 -0.0614
n 0.963 -0.2622 -0.0625
n 0.9817 -0.1291 -0.1402
n 0.963 -0.2622 -0.0625
n 0.9197 -0.3872 -0.0657
n 0.9559 -0.2562 -0.1438
n 0.9197 -0.3872 -0.0657
n 0.8613 -0.5035 -0.0688
n 0.914 -0.3777 -0.148
n 0.8613 -0.5035 -0.0688
n 0.7887 -0.6103 -0.0732
n 0.8573 -0.4912 -0.154
n 0.7887 -0.6103 -0.0732
n 0.7034 -0.7064 -0.0791
n 0.7866 -0.5958 -0.1623
n 0.7034 -0.7064 -0.0791
n 0.6067 -0.7902 -0.0862
n 0.7036 -0.6895 -0.1718
n 0.6067 -0.7902 -0.0862
n 0.4998 -0.861 -0.094
n 0.6098 -0.7713 -0.1823
n 0.4998 -0.861 -0.094
n 0.3842 -0.9175 -0.1025
n 0.5056 -0.8403 -0.1953
n 0.3842 -0.9175 -0.1025
n 0.2616 -0.9586 -0.1121
n 0.3929 -0.8954 -0.2093
n 0.2616 -0.9586 -0.1121
n 0.1356 -0.9833 -0.1211
n 0.274 -0.9352 -0.2242
n 0.1356 -0.9833 -0.1211
n 0.0068 -0.9913 -0.1312
n 0.1514 -0.9591 -0.2392
n 0.0068 -0.9913 -0.1312
n -0.1223 -0.9824 -0.141
n 0.0262 -0.9665 -0.2552
n -0.1223 -0.9824 -0.141
n -0.2488 -0.9568 -0.1502
n -0.0984 -0.9577 -0.2703
n -0.2488 -0.9568 -0.1502
n -0.3713 -0.9147 -0.1596
n -0.2216 -0.9323 -0.2859
n -0.3713 -0.9147 -0.1596
n -0.4874 -0.8569 -0.1681
n -0.3403 -0.891 -0.3006
n -0.4874 -0.8569 -0.1681
n -0.5956 -0.7837 -0.1762
n -0.4527 -0.8345 -0.3142
n -0.5956 -0.7837 -0.1762
n -0.6945 -0.6956 -0.1838
n -0.5576 -0.7629 -0.3274
n -0.6945 -0.6956 -0.1838
n -0.7811 -0.5948 -0.1901
n -0.6531 -0.6772 -0.3389
n -0.7811 -0.5948 -0.1901
n -0.8535 -0.4831 -0.1953
n -0.737 -0.5789 -0.349
n -0.8535 -0.4831 -0.1953
n -0.9103 -0.3629 -0.1993
n -0.8072 -0.4704 -0.3566
n -0.9103 -0.3629 -0.1993
n -0.9502 -0.2371 -0.2021
n -0.8624 -0.3532 -0.3627
n -0.9502 -0.2371 -0.2021
n -0.9728 -0.1093 -0.2045
n -0.9013 -0.2293 -0.3675
n -0.9728 -0.1093 -0.2045
n -0.9783 0.0173 -0.2064
n -0.9228 -0.1033 -0.3711
n -0.9783 0.0173 -0.2064
n -0.9678 0.142 -0.2077
n -0.9273 0.021 -0.3738
n -0.9424 0.2622 -0.2078
n -0.8914 0.2575 -0.3729
n -0.9678 0.142 -0.2077
n -0.9015 0.3808 -0.2056
n -0.852 0.3707 -0.3697
n -0.9424 0.2622 -0.2078
n -0.8459 0.4937 -0.2018
n -0.7985 0.4798 -0.3635
n -0.9015 0.3808 -0.2056
n -0.7772 0.5978 -0.1967
n -0.7328 0.5802 -0.3555
n -0.8459 0.4937 -0.2018
n -0.6959 0.6927 -0.1895
n -0.6555 0.6718 -0.3451
n -0.7772 0.5978 -0.1967
n -0.6024 0.7775 -0.1807
n -0.5662 0.7541 -0.3328
n -0.6959 0.6927 -0.1895
n -0.4982 0.85 -0.1714
n -0.4656 0.8258 -0.3183
n -0.6024 0.7775 -0.1807
n -0.3845 0.9089 -0.1615
n -0.355 0.8843 -0.3031
n -0.4982 0.85 -0.1714
n -0.263 0.9528 -0.1518
n -0.2362 0.9282 -0.2876
n -0.3845 0.9089 -0.1615
n -0.1364 0.9803 -0.1429
n -0.1119 0.9557 -0.2724
n -0.263 0.9528 -0.1518
n -0.0053 0.991 -0.1338
n 0.0156 0.9661 -0.2577
n -0.1364 0.9803 -0.1429
n 0.1268 0.9841 -0.1245
n 0.1431 0.9595 -0.2427
n -0.0053 0.991 -0.1338
n 0.256 0.9598 -0.1147
n 0.2681 0.9361 -0.2277
n 0.1268 0.9841 -0.1245
n 0.38 0.919 -0.1053
n 0.3884 0.8965 -0.2129
n 0.256 0.9598 -0.1147
n 0.4964 0.8627 -0.0961
n 0.5015 0.8421 -0.1983
n 0.38 0.919 -0.1053
n 0.6039 0.7922 -0.0878
n 0.6063 0.7735 -0.1846
n 0.4964 0.8627 -0.0961
n 0.7015 0.7081 -0.0803
n 0.7016 0.6912 -0.173
n 0.6039 0.7922 -0.0878
n 0.7876 0.6117 -0.0739
n 0.7853 0.5972 -0.1632
n 0.7015 0.7081 -0.0803
n 0.8608 0.5042 -0.0686
n 0.8566 0.4923 -0.1546
n 0.7876 0.6117 -0.0739
n 0.9196 0.3873 -0.0653
n 0.9139 0.378 -0.1481
n 0.8608 0.5042 -0.0686
n 0.9629 0.2623 -0.0627
n 0.956 0.256 -0.1433
n 0.9196 0.3873 -0.0653
n 0.9894 0.1321 -0.0608
n 0.9816 0.1291 -0.1407
n 0.9629 0.2623 -0.0627
n 0.9816 0.1291 -0.1407
n 0.9684 0.1237 -0.2163
n 0.956 0.256 -0.1433
n 0.956 0.256 -0.1433
n 0.9443 0.245 -0.2196
n 0.9139 0.378 -0.1481
n 0.9139 0.378 -0.1481
n 0.9041 0.3621 -0.2269
n 0.8566 0.4923 -0.1546
n 0.8566 0.4923 -0.1546
n 0.8498 0.4716 -0.2355
n 0.7853 0.5972 -0.1632
n 0.7853 0.5972 -0.1632
n 0.7821 0.5723 -0.2466
n 0.7016 0.6912 -0.173
n 0.7016 0.6912 -0.173
n 0.7022 0.6626 -0.2605
n 0.6063 0.7735 -0.1846
n 0.6063 0.7735 -0.1846
n 0.611 0.7416 -0.2768
n 0.5015 0.8421 -0.1983
n 0.5015 0.8421 -0.1983
n 0.5109 0.8075 -0.2949
n 0.3884 0.8965 -0.2129
n 0.3884 0.8965 -0.2129
n 0.4039 0.8592 -0.314
n 0.2681 0.9361 -0.2277
n 0.2681 0.9361 -0.2277
n 0.2898 0.8969 -0.334
n 0.1431 0.9595 -0.2427
n 0.1431 0.9595 -0.2427
n 0.1707 0.9193 -0.3545
n 0.0156 0.9661 -0.2577
n 0.0156 0.9661 -0.2577
n 0.0493 0.9257 -0.3751
n -0.1119 0.9557 -0.2724
n -0.1119 0.9557 -0.2724
n -0.0725 0.9155 -0.3958
n -0.2362 0.9282 -0.2876
n -0.2362 0.9282 -0.2876
n -0.1918 0.8887 -0.4165
n -0.355 0.8843 -0.3031
n -0.355 0.8843 -0.3031
n -0.3057 0.8462 -0.4364
n -0.4656 0.8258 -0.3183
n -0.4656 0.8258 -0.3183
n -0.4119 0.789 -0.4558
n -0.5662 0.7541 -0.3328
n -0.5662 0.7541 -0.3328
n -0.5074 0.7201 -0.4733
n -0.6555 0.6718 -0.3451
n -0.6555 0.6718 -0.3451
n -0.5918 0.6413 -0.4883
n -0.7328 0.5802 -0.3555
n -0.7328 0.5802 -0.3555
n -0.6645 0.5543 -0.5011
n -0.7985 0.4798 -0.3635
n -0.7985 0.4798 -0.3635
n -0.7261 0.4593 -0.5117
n -0.852 0.3707 -0.3697
n -0.852 0.3707 -0.3697
n -0.7765 0.3566 -0.5195
n -0.8914 0.2575 -0.3729
n -0.8914 0.2575 -0.3729
n -0.8137 0.2494 -0.525
n -0.9164 0.1414 -0.3743
n -0.9164 0.1414 -0.3743
n -0.8376 0.1389 -0.5283
n -0.9273 0.021 -0.3738
n -0.9228 -0.1033 -0.3711
n -0.9273 0.021 -0.3738
n -0.8435 -0.0953 -0.5286
n -0.9013 -0.2293 -0.3675
n -0.9228 -0.1033 -0.3711
n -0.8229 -0.2171 -0.5251
n -0.8624 -0.3532 -0.3627
n -0.9013 -0.2293 -0.3675
n -0.7856 -0.337 -0.519
n -0.8072 -0.4704 -0.3566
n -0.8624 -0.3532 -0.3627
n -0.7326 -0.4504 -0.5103
n -0.737 -0.5789 -0.349
n -0.8072 -0.4704 -0.3566
n -0.6656 -0.5547 -0.4993
n -0.6531 -0.6772 -0.3389
n -0.737 -0.5789 -0.349
n -0.5862 -0.6479 -0.4864
n -0.5576 -0.7629 -0.3274
n -0.6531 -0.6772 -0.3389
n -0.4956 -0.73 -0.4707
n -0.4527 -0.8345 -0.3142
n -0.5576 -0.7629 -0.3274
n -0.3961 -0.7985 -0.4533
n -0.3403 -0.891 -0.3006
n -0.4527 -0.8345 -0.3142
n -0.289 -0.8532 -0.4342
n -0.2216 -0.9323 -0.2859
n -0.3403 -0.891 -0.3006
n -0.1768 -0.8926 -0.4147
n -0.0984 -0.9577 -0.2703
n -0.2216 -0.9323 -0.2859
n -0.0599 -0.9173 -0.3936
n 0.0262 -0.9665 -0.2552
n -0.0984 -0.9577 -0.2703
n 0.0594 -0.9262 -0.3722
n 0.1514 -0.9591 -0.2392
n 0.0262 -0.9665 -0.2552
n 0.1782 -0.919 -0.3517
n 0.274 -0.9352 -0.2242
n 0.1514 -0.9591 -0.2392
n 0.2954 -0.8963 -0.3308
n 0.3929 -0.8954 -0.2093
n 0.274 -0.9352 -0.2242
n 0.4082 -0.8581 -0.3114
n 0.5056 -0.8403 -0.1953
n 0.3929 -0.8954 -0.2093
n 0.5156 -0.8056 -0.2919
n 0.6098 -0.7713 -0.1823
n 0.5056 -0.8403 -0.1953
n 0.6149 -0.7393 -0.2745
n 0.7036 -0.6895 -0.1718
n 0.6098 -0.7713 -0.1823
n 0.7048 -0.6605 -0.2588
n 0.7866 -0.5958 -0.1623
n 0.7036 -0.6895 -0.1718
n 0.7833 -0.5708 -0.2461
n 0.8573 -0.4912 -0.154
n 0.7866 -0.5958 -0.1623
n 0.8505 -0.4707 -0.2348
n 0.914 -0.3777 -0.148
n 0.8573 -0.4912 -0.154
n 0.9046 -0.3615 -0.226
n 0.9559 -0.2562 -0.1438
n 0.914 -0.3777 -0.148
n 0.9441 -0.2454 -0.2203
n 0.9817 -0.1291 -0.1402
n 0.9559 -0.2562 -0.1438
n 0.9685 -0.1241 -0.2161
n 0.9902 -0.0002 -0.1394
n 0.9817 -0.1291 -0.1402
n 0.9767 -0.0001 -0.2146
n 0.9902 -0.0002 -0.1394
n 0.9767 -0.0001 -0.2146
n 0.9816 0.1291 -0.1407
n 0.9767 -0.0001 -0.2146
n 0.9561 0.0 -0.2931
n 0.9684 0.1237 -0.2163
n 0.9767 -0.0001 -0.2146
n 0.9685 -0.1241 -0.2161
n 0.9561 0.0 -0.2931
n 0.9685 -0.1241 -0.2161
n 0.9441 -0.2454 -0.2203
n 0.9486 -0.1161 -0.2943
n 0.9441 -0.2454 -0.2203
n 0.9046 -0.3615 -0.226
n 0.9263 -0.2298 -0.2986
n 0.9046 -0.3615 -0.226
n 0.8505 -0.4707 -0.2348
n 0.8897 -0.3389 -0.306
n 0.8505 -0.4707 -0.2348
n 0.7833 -0.5708 -0.2461
n 0.8399 -0.4416 -0.3156
n 0.7833 -0.5708 -0.2461
n 0.7048 -0.6605 -0.2588
n 0.7776 -0.5361 -0.3285
n 0.7048 -0.6605 -0.2588
n 0.6149 -0.7393 -0.2745
n 0.7044 -0.6209 -0.3439
n 0.6149 -0.7393 -0.2745
n 0.5156 -0.8056 -0.2919
n 0.6208 -0.6951 -0.3625
n 0.5156 -0.8056 -0.2919
n 0.4082 -0.8581 -0.3114
n 0.5282 -0.7577 -0.3832
n 0.4082 -0.8581 -0.3114
n 0.2954 -0.8963 -0.3308
n 0.428 -0.8072 -0.4065
n 0.2954 -0.8963 -0.3308
n 0.1782 -0.919 -0.3517
n 0.3231 -0.8431 -0.4298
n 0.1782 -0.919 -0.3517
n 0.0594 -0.9262 -0.3722
n 0.2138 -0.8645 -0.4548
n 0.0594 -0.9262 -0.3722
n -0.0599 -0.9173 -0.3936
n 0.1029 -0.8713 -0.4799
n -0.0599 -0.9173 -0.3936
n -0.1768 -0.8926 -0.4147
n -0.0087 -0.8628 -0.5054
n -0.1768 -0.8926 -0.4147
n -0.289 -0.8532 -0.4342
n -0.1177 -0.8398 -0.5299
n -0.289 -0.8532 -0.4342
n -0.3961 -0.7985 -0.4533
n -0.2227 -0.8023 -0.5538
n -0.3961 -0.7985 -0.4533
n -0.4956 -0.73 -0.4707
n -0.3221 -0.7511 -0.5763
n -0.4956 -0.73 -0.4707
n -0.5862 -0.6479 -0.4864
n -0.4146 -0.6865 -0.5973
n -0.5862 -0.6479 -0.4864
n -0.6656 -0.5547 -0.4993
n -0.4988 -0.6097 -0.616
n -0.6656 -0.5547 -0.4993
n -0.7326 -0.4504 -0.5103
n -0.5728 -0.5218 -0.6322
n -0.7326 -0.4504 -0.5103
n -0.7856 -0.337 -0.519
n -0.6355 -0.4233 -0.6457
n -0.7856 -0.337 -0.519
n -0.8229 -0.2171 -0.5251
n -0.6853 -0.3164 -0.6559
n -0.8229 -0.2171 -0.5251
n -0.8435 -0.0953 -0.5286
n -0.7207 -0.2026 -0.663
n -0.8435 -0.0953 -0.5286
n -0.848 0.0247 -0.5294
n -0.741 -0.0878 -0.6657
n -0.8376 0.1389 -0.5283
n -0.7376 0.1341 -0.6618
n -0.848 0.0247 -0.5294
n -0.8137 0.2494 -0.525
n -0.7158 0.2373 -0.6567
n -0.8376 0.1389 -0.5283
n -0.7765 0.3566 -0.5195
n -0.6815 0.3383 -0.6489
n -0.8137 0.2494 -0.525
n -0.7261 0.4593 -0.5117
n -0.6347 0.4345 -0.6391
n -0.7765 0.3566 -0.5195
n -0.6645 0.5543 -0.5011
n -0.5773 0.5228 -0.6272
n -0.7261 0.4593 -0.5117
n -0.5918 0.6413 -0.4883
n -0.5093 0.6041 -0.6129
n -0.6645 0.5543 -0.5011
n -0.5074 0.7201 -0.4733
n -0.4302 0.6779 -0.5961
n -0.5918 0.6413 -0.4883
n -0.4119 0.789 -0.4558
n -0.3406 0.7424 -0.5769
n -0.5074 0.7201 -0.4733
n -0.3057 0.8462 -0.4364
n -0.2404 0.7964 -0.5549
n -0.4119 0.789 -0.4558
n -0.1918 0.8887 -0.4165
n -0.1325 0.8371 -0.5308
n -0.3057 0.8462 -0.4364
n -0.0725 0.9155 -0.3958
n -0.0206 0.8619 -0.5066
n -0.1918 0.8887 -0.4165
n 0.0493 0.9257 -0.3751
n 0.0938 0.8715 -0.4814
n -0.0725 0.9155 -0.3958
n 0.1707 0.9193 -0.3545
n 0.207 0.8651 -0.4569
n 0.0493 0.9257 -0.3751
n 0.2898 0.8969 -0.334
n 0.3172 0.8439 -0.4327
n 0.1707 0.9193 -0.3545
n 0.4039 0.8592 -0.314
n 0.4233 0.8086 -0.4086
n 0.2898 0.8969 -0.334
n 0.5109 0.8075 -0.2949
n 0.5232 0.7596 -0.3863
n 0.4039 0.8592 -0.314
n 0.611 0.7416 -0.2768
n 0.6164 0.6975 -0.3654
n 0.5109 0.8075 -0.2949
n 0.7022 0.6626 -0.2605
n 0.7013 0.6231 -0.3462
n 0.611 0.7416 -0.2768
n 0.7821 0.5723 -0.2466
n 0.7759 0.5379 -0.3296
n 0.7022 0.6626 -0.2605
n 0.8498 0.4716 -0.2355
n 0.8393 0.4427 -0.3155
n 0.7821 0.5723 -0.2466
n 0.9041 0.3621 -0.2269
n 0.8895 0.3397 -0.3055
n 0.8498 0.4716 -0.2355
n 0.9443 0.245 -0.2196
n 0.9263 0.2299 -0.2984
n 0.9041 0.3621 -0.2269
n 0.9684 0.1237 -0.2163
n 0.9488 0.1156 -0.294
n 0.9443 0.245 -0.2196
n 0.9488 0.1156 -0.294
n 0.9174 0.1047 -0.3841
n 0.9263 0.2299 -0.2984
n 0.9263 0.2299 -0.2984
n 0.8975 0.2092 -0.3883
n 0.8895 0.3397 -0.3055
n 0.8895 0.3397 -0.3055
n 0.865 0.3096 -0.3948
n 0.8393 0.4427 -0.3155
n 0.8393 0.4427 -0.3155
n 0.8196 0.405 -0.4053
n 0.7759 0.5379 -0.3296
n 0.7759 0.5379 -0.3296
n 0.7627 0.493 -0.4187
n 0.7013 0.6231 -0.3462
n 0.7013 0.6231 -0.3462
n 0.6956 0.572 -0.4347
n 0.6164 0.6975 -0.3654
n 0.6164 0.6975 -0.3654
n 0.6184 0.6415 -0.4539
n 0.5232 0.7596 -0.3863
n 0.5232 0.7596 -0.3863
n 0.5337 0.6995 -0.4753
n 0.4233 0.8086 -0.4086
n 0.4233 0.8086 -0.4086
n 0.4426 0.7454 -0.4985
n 0.3172 0.8439 -0.4327
n 0.3172 0.8439 -0.4327
n 0.3457 0.7786 -0.5238
n 0.207 0.8651 -0.4569
n 0.207 0.8651 -0.4569
n 0.2453 0.7982 -0.5502
n 0.0938 0.8715 -0.4814
n 0.0938 0.8715 -0.4814
n 0.142 0.8042 -0.5771
n -0.0206 0.8619 -0.5066
n -0.0206 0.8619 -0.5066
n 0.0373 0.7961 -0.604
n -0.1325 0.8371 -0.5308
n -0.1325 0.8371 -0.5308
n -0.0662 0.7731 -0.6308
n -0.2404 0.7964 -0.5549
n -0.2404 0.7964 -0.5549
n -0.1658 0.7358 -0.6566
n -0.3406 0.7424 -0.5769
n -0.3406 0.7424 -0.5769
n -0.2582 0.6871 -0.6791
n -0.4302 0.6779 -0.5961
n -0.4302 0.6779 -0.5961
n -0.3418 0.6278 -0.6993
n -0.5093 0.6041 -0.6129
n -0.5093 0.6041 -0.6129
n -0.4148 0.5603 -0.7169
n -0.5773 0.5228 -0.6272
n -0.5773 0.5228 -0.6272
n -0.4777 0.4861 -0.7318
n -0.6347 0.4345 -0.6391
n -0.6347 0.4345 -0.6391
n -0.5306 0.4044 -0.745
n -0.6815 0.3383 -0.6489
n -0.6815 0.3383 -0.6489
n -0.5734 0.3146 -0.7564
n -0.7158 0.2373 -0.6567
n -0.7158 0.2373 -0.6567
n -0.6045 0.221 -0.7654
n -0.7376 0.1341 -0.6618
n -0.7376 0.1341 -0.6618
n -0.6234 0.1252 -0.7718
n -0.7464 0.0258 -0.665
n -0.7464 0.0258 -0.665
n -0.6299 0.0242 -0.7763
n -0.741 -0.0878 -0.6657
n -0.7207 -0.2026 -0.663
n -0.741 -0.0878 -0.6657
n -0.6042 -0.1866 -0.7747
n -0.6853 -0.3164 -0.6559
n -0.7207 -0.2026 -0.663
n -0.5711 -0.291 -0.7675
n -0.6355 -0.4233 -0.6457
n -0.6853 -0.3164 -0.6559
n -0.5252 -0.3906 -0.756
n -0.5728 -0.5218 -0.6322
n -0.6355 -0.4233 -0.6457
n -0.4676 -0.4815 -0.7413
n -0.4988 -0.6097 -0.616
n -0.5728 -0.5218 -0.6322
n -0.3999 -0.5625 -0.7236
n -0.4146 -0.6865 -0.5973
n -0.4988 -0.6097 -0.616
n -0.3234 -0.633 -0.7034
n -0.3221 -0.7511 -0.5763
n -0.4146 -0.6865 -0.5973
n -0.2388 -0.6926 -0.6807
n -0.2227 -0.8023 -0.5538
n -0.3221 -0.7511 -0.5763
n -0.1476 -0.7399 -0.6563
n -0.1177 -0.8398 -0.5299
n -0.2227 -0.8023 -0.5538
n -0.0513 -0.7745 -0.6305
n -0.0087 -0.8628 -0.5054
n -0.1177 -0.8398 -0.5299
n 0.0484 -0.7957 -0.6037
n 0.1029 -0.8713 -0.4799
n -0.0087 -0.8628 -0.5054
n 0.1502 -0.8032 -0.5765
n 0.2138 -0.8645 -0.4548
n 0.1029 -0.8713 -0.4799
n 0.2513 -0.7967 -0.5497
n 0.3231 -0.8431 -0.4298
n 0.2138 -0.8645 -0.4548
n 0.3515 -0.7766 -0.5228
n 0.428 -0.8072 -0.4065
n 0.3231 -0.8431 -0.4298
n 0.4475 -0.7428 -0.498
n 0.5282 -0.7577 -0.3832
n 0.428 -0.8072 -0.4065
n 0.5379 -0.6963 -0.4752
n 0.6208 -0.6951 -0.3625
n 0.5282 -0.7577 -0.3832
n 0.6225 -0.638 -0.4532
n 0.7044 -0.6209 -0.3439
n 0.6208 -0.6951 -0.3625
n 0.6984 -0.5689 -0.4342
n 0.7776 -0.5361 -0.3285
n 0.7044 -0.6209 -0.3439
n 0.7647 -0.4901 -0.4184
n 0.8399 -0.4416 -0.3156
n 0.7776 -0.5361 -0.3285
n 0.8201 -0.4029 -0.4063
n 0.8897 -0.3389 -0.306
n 0.8399 -0.4416 -0.3156
n 0.8647 -0.3086 -0.3962
n 0.9263 -0.2298 -0.2986
n 0.8897 -0.3389 -0.306
n 0.8969 -0.2094 -0.3895
n 0.9486 -0.1161 -0.2943
n 0.9263 -0.2298 -0.2986
n 0.9168 -0.1057 -0.3851
n 0.9561 0.0 -0.2931
n 0.9486 -0.1161 -0.2943
n 0.9237 -0.0002 -0.3832
n 0.9561 0.0 -0.2931
n 0.9237 -0.0002 -0.3832
n 0.9488 0.1156 -0.294
n 0.9237 -0.0002 -0.3832
n 0.8749 -0.0008 -0.4844
n 0.9174 0.1047 -0.3841
n 0.9237 -0.0002 -0.3832
n 0.9168 -0.1057 -0.3851
n 0.8749 -0.0008 -0.4844
n 0.9168 -0.1057 -0.3851
n 0.8969 -0.2094 -0.3895
n 0.8689 -0.0935 -0.4861
n 0.8969 -0.2094 -0.3895
n 0.8647 -0.3086 -0.3962
n 0.8521 -0.1844 -0.4898
n 0.8647 -0.3086 -0.3962
n 0.8201 -0.4029 -0.4063
n 0.8241 -0.2725 -0.4966
n 0.8201 -0.4029 -0.4063
n 0.7647 -0.4901 -0.4184
n 0.7859 -0.3557 -0.5059
n 0.7647 -0.4901 -0.4184
n 0.6984 -0.5689 -0.4342
n 0.7378 -0.4334 -0.5175
n 0.6984 -0.5689 -0.4342
n 0.6225 -0.638 -0.4532
n 0.6797 -0.5046 -0.5324
n 0.6225 -0.638 -0.4532
n 0.5379 -0.6963 -0.4752
n 0.6132 -0.5671 -0.5499
n 0.5379 -0.6963 -0.4752
n 0.4475 -0.7428 -0.498
n 0.5398 -0.6202 -0.5692
n 0.4475 -0.7428 -0.498
n 0.3515 -0.7766 -0.5228
n 0.4602 -0.6633 -0.5902
n 0.3515 -0.7766 -0.5228
n 0.2513 -0.7967 -0.5497
n 0.3741 -0.6949 -0.6141
n 0.2513 -0.7967 -0.5497
n 0.1502 -0.8032 -0.5765
n 0.2849 -0.7143 -0.6392
n 0.1502 -0.8032 -0.5765
n 0.0484 -0.7957 -0.6037
n 0.1944 -0.7213 -0.6648
n 0.0484 -0.7957 -0.6037
n -0.0513 -0.7745 -0.6305
n 0.1027 -0.7151 -0.6915
n -0.0513 -0.7745 -0.6305
n -0.1476 -0.7399 -0.6563
n 0.0134 -0.6966 -0.7173
n -0.1476 -0.7399 -0.6563
n -0.2388 -0.6926 -0.6807
n -0.0725 -0.6665 -0.742
n -0.2388 -0.6926 -0.6807
n -0.3234 -0.633 -0.7034
n -0.1546 -0.6241 -0.7659
n -0.3234 -0.633 -0.7034
n -0.3999 -0.5625 -0.7236
n -0.2306 -0.5704 -0.7884
n -0.3999 -0.5625 -0.7236
n -0.4676 -0.4815 -0.7413
n -0.2993 -0.5071 -0.8083
n -0.4676 -0.4815 -0.7413
n -0.5252 -0.3906 -0.756
n -0.36 -0.4339 -0.8259
n -0.5252 -0.3906 -0.756
n -0.5711 -0.291 -0.7675
n -0.412 -0.3517 -0.8406
n -0.5711 -0.291 -0.7675
n -0.6042 -0.1866 -0.7747
n -0.4537 -0.2626 -0.8516
n -0.6042 -0.1866 -0.7747
n -0.6237 -0.0812 -0.7774
n -0.4843 -0.1689 -0.8584
n -0.6299 0.0242 -0.7763
n -0.5092 0.0211 -0.8604
n -0.6237 -0.0812 -0.7774
n -0.6234 0.1252 -0.7718
n -0.5045 0.1129 -0.856
n -0.6299 0.0242 -0.7763
n -0.6045 0.221 -0.7654
n -0.4885 0.2011 -0.8491
n -0.6234 0.1252 -0.7718
n -0.5734 0.3146 -0.7564
n -0.4608 0.286 -0.8401
n -0.6045 0.221 -0.7654
n -0.5306 0.4044 -0.745
n -0.4223 0.3675 -0.8286
n -0.5734 0.3146 -0.7564
n -0.4777 0.4861 -0.7318
n -0.3744 0.442 -0.8151
n -0.5306 0.4044 -0.745
n -0.4148 0.5603 -0.7169
n -0.317 0.5095 -0.7999
n -0.4777 0.4861 -0.7318
n -0.3418 0.6278 -0.6993
n -0.2502 0.5696 -0.7829
n -0.4148 0.5603 -0.7169
n -0.2582 0.6871 -0.6791
n -0.1739 0.6225 -0.763
n -0.3418 0.6278 -0.6993
n -0.1658 0.7358 -0.6566
n -0.0902 0.6654 -0.741
n -0.2582 0.6871 -0.6791
n -0.0662 0.7731 -0.6308
n -0.0008 0.6971 -0.717
n -0.1658 0.7358 -0.6566
n 0.0373 0.7961 -0.604
n 0.0931 0.7172 -0.6906
n -0.0662 0.7731 -0.6308
n 0.142 0.8042 -0.5771
n 0.187 0.7236 -0.6644
n 0.0373 0.7961 -0.604
n 0.2453 0.7982 -0.5502
n 0.2788 0.717 -0.6389
n 0.142 0.8042 -0.5771
n 0.3457 0.7786 -0.5238
n 0.3682 0.6981 -0.614
n 0.2453 0.7982 -0.5502
n 0.4426 0.7454 -0.4985
n 0.4546 0.6671 -0.5901
n 0.3457 0.7786 -0.5238
n 0.5337 0.6995 -0.4753
n 0.5355 0.6249 -0.5681
n 0.4426 0.7454 -0.4985
n 0.6184 0.6415 -0.4539
n 0.6104 0.5716 -0.5484
n 0.5337 0.6995 -0.4753
n 0.6956 0.572 -0.4347
n 0.6779 0.5085 -0.5309
n 0.6184 0.6415 -0.4539
n 0.7627 0.493 -0.4187
n 0.7369 0.4368 -0.516
n 0.6956 0.572 -0.4347
n 0.8196 0.405 -0.4053
n 0.7859 0.3576 -0.5045
n 0.7627 0.493 -0.4187
n 0.865 0.3096 -0.3948
n 0.8246 0.2729 -0.4956
n 0.8196 0.405 -0.4053
n 0.8975 0.2092 -0.3883
n 0.8525 0.1839 -0.4893
n 0.865 0.3096 -0.3948
n 0.9174 0.1047 -0.3841
n 0.8694 0.092 -0.4855
n 0.8975 0.2092 -0.3883
n 0.8694 0.092 -0.4855
n 0.8055 0.0783 -0.5874
n 0.8525 0.1839 -0.4893
n 0.8525 0.1839 -0.4893
n 0.7916 0.1568 -0.5906
n 0.8246 0.2729 -0.4956
n 0.8246 0.2729 -0.4956
n 0.7681 0.2331 -0.5963
n 0.7859 0.3576 -0.5045
n 0.7859 0.3576 -0.5045
n 0.7354 0.3058 -0.6047
n 0.7369 0.4368 -0.516
n 0.7369 0.4368 -0.516
n 0.6937 0.3741 -0.6155
n 0.6779 0.5085 -0.5309
n 0.6779 0.5085 -0.5309
n 0.6437 0.4365 -0.6286
n 0.6104 0.5716 -0.5484
n 0.6104 0.5716 -0.5484
n 0.5864 0.4915 -0.6439
n 0.5355 0.6249 -0.5681
n 0.5355 0.6249 -0.5681
n 0.5225 0.5384 -0.6611
n 0.4546 0.6671 -0.5901
n 0.4546 0.6671 -0.5901
n 0.4532 0.5763 -0.6801
n 0.3682 0.6981 -0.614
n 0.3682 0.6981 -0.614
n 0.3791 0.6046 -0.7005
n 0.2788 0.717 -0.6389
n 0.2788 0.717 -0.6389
n 0.3017 0.6226 -0.722
n 0.187 0.7236 -0.6644
n 0.187 0.7236 -0.6644
n 0.2216 0.6291 -0.745
n 0.0931 0.7172 -0.6906
n 0.0931 0.7172 -0.6906
n 0.14 0.6248 -0.7681
n -0.0008 0.6971 -0.717
n -0.0008 0.6971 -0.717
n 0.058 0.6094 -0.7907
n -0.0902 0.6654 -0.741
n -0.0902 0.6654 -0.741
n -0.0206 0.5835 -0.8119
n -0.1739 0.6225 -0.763
n -0.1739 0.6225 -0.763
n -0.0949 0.5468 -0.8319
n -0.2502 0.5696 -0.7829
n -0.2502 0.5696 -0.7829
n -0.1623 0.502 -0.8495
n -0.317 0.5095 -0.7999
n -0.317 0.5095 -0.7999
n -0.2217 0.4496 -0.8653
n -0.3744 0.442 -0.8151
n -0.3744 0.442 -0.8151
n -0.2732 0.39 -0.8794
n -0.4223 0.3675 -0.8286
n -0.4223 0.3675 -0.8286
n -0.3157 0.3244 -0.8917
n -0.4608 0.286 -0.8401
n -0.4608 0.286 -0.8401
n -0.3498 0.2524 -0.9022
n -0.4885 0.2011 -0.8491
n -0.4885 0.2011 -0.8491
n -0.3737 0.1766 -0.9106
n -0.5045 0.1129 -0.856
n -0.5045 0.1129 -0.856
n -0.3873 0.0983 -0.9167
n -0.5092 0.0211 -0.8604
n -0.5092 0.0211 -0.8604
n -0.3909 0.0177 -0.9202
n -0.5028 -0.0734 -0.8613
n -0.5028 -0.0734 -0.8613
n -0.3838 -0.0652 -0.9211
n -0.4843 -0.1689 -0.8584
n -0.4537 -0.2626 -0.8516
n -0.4843 -0.1689 -0.8584
n -0.3399 -0.2297 -0.912
n -0.412 -0.3517 -0.8406
n -0.4537 -0.2626 -0.8516
n -0.3022 -0.308 -0.9021
n -0.36 -0.4339 -0.8259
n -0.412 -0.3517 -0.8406
n -0.2568 -0.3788 -0.8891
n -0.2993 -0.5071 -0.8083
n -0.36 -0.4339 -0.8259
n -0.2033 -0.4427 -0.8733
n -0.2306 -0.5704 -0.7884
n -0.2993 -0.5071 -0.8083
n -0.1432 -0.4976 -0.8555
n -0.1546 -0.6241 -0.7659
n -0.2306 -0.5704 -0.7884
n -0.0771 -0.5434 -0.8359
n -0.0725 -0.6665 -0.742
n -0.1546 -0.6241 -0.7659
n -0.0047 -0.5803 -0.8144
n 0.0134 -0.6966 -0.7173
n -0.0725 -0.6665 -0.742
n 0.0709 -0.6063 -0.7921
n 0.1027 -0.7151 -0.6915
n 0.0134 -0.6966 -0.7173
n 0.1484 -0.6212 -0.7695
n 0.1944 -0.7213 -0.6648
n 0.1027 -0.7151 -0.6915
n 0.228 -0.6251 -0.7465
n 0.2849 -0.7143 -0.6392
n 0.1944 -0.7213 -0.6648
n 0.3069 -0.618 -0.7238
n 0.3741 -0.6949 -0.6141
n 0.2849 -0.7143 -0.6392
n 0.3836 -0.6 -0.702
n 0.4602 -0.6633 -0.5902
n 0.3741 -0.6949 -0.6141
n 0.4577 -0.5717 -0.6809
n 0.5398 -0.6202 -0.5692
n 0.4602 -0.6633 -0.5902
n 0.5264 -0.5337 -0.6618
n 0.6132 -0.5671 -0.5499
n 0.5398 -0.6202 -0.5692
n 0.5886 -0.4876 -0.6448
n 0.6797 -0.5046 -0.5324
n 0.6132 -0.5671 -0.5499
n 0.6452 -0.4333 -0.6293
n 0.7378 -0.4334 -0.5175
n 0.6797 -0.5046 -0.5324
n 0.6945 -0.3716 -0.6161
n 0.7859 -0.3557 -0.5059
n 0.7378 -0.4334 -0.5175
n 0.7353 -0.3048 -0.6053
n 0.8241 -0.2725 -0.4966
n 0.7859 -0.3557 -0.5059
n 0.7675 -0.2335 -0.597
n 0.8521 -0.1844 -0.4898
n 0.8241 -0.2725 -0.4966
n 0.7911 -0.1578 -0.591
n 0.8689 -0.0935 -0.4861
n 0.8521 -0.1844 -0.4898
n 0.8054 -0.0798 -0.5874
n 0.8749 -0.0008 -0.4844
n 0.8689 -0.0935 -0.4861
n 0.8101 -0.001 -0.5863
n 0.8749 -0.0008 -0.4844
n 0.8101 -0.001 -0.5863
n 0.8694 0.092 -0.4855
n 0.8055 0.0783 -0.5874
n 0.8101 -0.001 -0.5863
n 0.7278 0.0639 -0.6828
n 0.8054 -0.0798 -0.5874
n 0.7277 -0.0655 -0.6827
n 0.8101 -0.001 -0.5863
n 0.7911 -0.1578 -0.591
n 0.716 -0.13 -0.6858
n 0.8054 -0.0798 -0.5874
n 0.7675 -0.2335 -0.597
n 0.6967 -0.192 -0.6911
n 0.7911 -0.1578 -0.591
n 0.7353 -0.3048 -0.6053
n 0.6704 -0.2507 -0.6984
n 0.7675 -0.2335 -0.597
n 0.6945 -0.3716 -0.6161
n 0.637 -0.3056 -0.7077
n 0.7353 -0.3048 -0.6053
n 0.6452 -0.4333 -0.6293
n 0.5962 -0.3568 -0.7191
n 0.6945 -0.3716 -0.6161
n 0.5886 -0.4876 -0.6448
n 0.5496 -0.4022 -0.7322
n 0.6452 -0.4333 -0.6293
n 0.5264 -0.5337 -0.6618
n 0.4988 -0.4399 -0.7468
n 0.5886 -0.4876 -0.6448
n 0.4577 -0.5717 -0.6809
n 0.4424 -0.4713 -0.763
n 0.5264 -0.5337 -0.6618
n 0.3836 -0.6 -0.702
n 0.3812 -0.4955 -0.7805
n 0.4577 -0.5717 -0.6809
n 0.3069 -0.618 -0.7238
n 0.3175 -0.5111 -0.7987
n 0.3836 -0.6 -0.702
n 0.228 -0.6251 -0.7465
n 0.2522 -0.5174 -0.8177
n 0.3069 -0.618 -0.7238
n 0.1484 -0.6212 -0.7695
n 0.1858 -0.5148 -0.8369
n 0.228 -0.6251 -0.7465
n 0.0709 -0.6063 -0.7921
n 0.1203 -0.5031 -0.8558
n 0.1484 -0.6212 -0.7695
n -0.0047 -0.5803 -0.8144
n 0.0576 -0.4819 -0.8743
n 0.0709 -0.6063 -0.7921
n -0.0771 -0.5434 -0.8359
n -0.0027 -0.4524 -0.8918
n -0.0047 -0.5803 -0.8144
n -0.1432 -0.4976 -0.8555
n -0.0588 -0.4146 -0.9081
n -0.0771 -0.5434 -0.8359
n -0.2033 -0.4427 -0.8733
n -0.1097 -0.3692 -0.9229
n -0.1432 -0.4976 -0.8555
n -0.2568 -0.3788 -0.8891
n -0.1555 -0.3162 -0.9359
n -0.2033 -0.4427 -0.8733
n -0.3022 -0.308 -0.9021
n -0.1938 -0.2574 -0.9467
n -0.2568 -0.3788 -0.8891
n -0.3399 -0.2297 -0.912
n -0.2251 -0.1932 -0.955
n -0.3022 -0.308 -0.9021
n -0.3668 -0.1485 -0.9184
n -0.2494 -0.1249 -0.9603
n -0.3399 -0.2297 -0.912
n -0.3838 -0.0652 -0.9211
n -0.2642 -0.0561 -0.9628
n -0.3668 -0.1485 -0.9184
n -0.3909 0.0177 -0.9202
n -0.2706 0.0136 -0.9626
n -0.3838 -0.0652 -0.9211
n -0.3873 0.0983 -0.9167
n -0.2681 0.0824 -0.9599
n -0.3909 0.0177 -0.9202
n -0.3737 0.1766 -0.9106
n -0.2568 0.1484 -0.955
n -0.3873 0.0983 -0.9167
n -0.3498 0.2524 -0.9022
n -0.2359 0.2127 -0.9482
n -0.3737 0.1766 -0.9106
n -0.3498 0.2524 -0.9022
n -0.3157 0.3244 -0.8917
n -0.2359 0.2127 -0.9482
n -0.3157 0.3244 -0.8917
n -0.2732 0.39 -0.8794
n -0.2066 0.2737 -0.9394
n -0.2732 0.39 -0.8794
n -0.2217 0.4496 -0.8653
n -0.1698 0.329 -0.929
n -0.2217 0.4496 -0.8653
n -0.1623 0.502 -0.8495
n -0.1256 0.3784 -0.9171
n -0.1623 0.502 -0.8495
n -0.0949 0.5468 -0.8319
n -0.075 0.4219 -0.9036
n -0.0949 0.5468 -0.8319
n -0.0206 0.5835 -0.8119
n -0.0174 0.4585 -0.8885
n -0.0206 0.5835 -0.8119
n 0.058 0.6094 -0.7907
n 0.0451 0.4875 -0.872
n 0.058 0.6094 -0.7907
n 0.14 0.6248 -0.7681
n 0.1113 0.508 -0.8541
n 0.14 0.6248 -0.7681
n 0.2216 0.6291 -0.745
n 0.1791 0.5195 -0.8355
n 0.2216 0.6291 -0.745
n 0.3017 0.6226 -0.722
n 0.2464 0.5222 -0.8165
n 0.3017 0.6226 -0.722
n 0.3791 0.6046 -0.7005
n 0.3129 0.5156 -0.7976
n 0.3791 0.6046 -0.7005
n 0.4532 0.5763 -0.6801
n 0.3777 0.4998 -0.7794
n 0.4532 0.5763 -0.6801
n 0.5225 0.5384 -0.6611
n 0.4386 0.4758 -0.7624
n 0.5225 0.5384 -0.6611
n 0.5864 0.4915 -0.6439
n 0.4955 0.4442 -0.7464
n 0.5864 0.4915 -0.6439
n 0.6437 0.4365 -0.6286
n 0.548 0.4051 -0.7318
n 0.6437 0.4365 -0.6286
n 0.6937 0.3741 -0.6155
n 0.5952 0.3592 -0.7188
n 0.6937 0.3741 -0.6155
n 0.7354 0.3058 -0.6047
n 0.6361 0.3075 -0.7077
n 0.7354 0.3058 -0.6047
n 0.7681 0.2331 -0.5963
n 0.6702 0.2514 -0.6983
n 0.7681 0.2331 -0.5963
n 0.7916 0.1568 -0.5906
n 0.697 0.1911 -0.6911
n 0.7916 0.1568 -0.5906
n 0.8055 0.0783 -0.5874
n 0.7163 0.1279 -0.686
n 0.7163 0.1279 -0.686
n 0.7278 0.0639 -0.6828
n 0.6335 0.1003 -0.7672
n 0.697 0.1911 -0.6911
n 0.7163 0.1279 -0.686
n 0.6183 0.1489 -0.7717
n 0.6702 0.2514 -0.6983
n 0.697 0.1911 -0.6911
n 0.5973 0.1957 -0.7778
n 0.6361 0.3075 -0.7077
n 0.6702 0.2514 -0.6983
n 0.5707 0.2399 -0.7854
n 0.5952 0.3592 -0.7188
n 0.6361 0.3075 -0.7077
n 0.5386 0.2808 -0.7944
n 0.548 0.4051 -0.7318
n 0.5952 0.3592 -0.7188
n 0.5018 0.3169 -0.8049
n 0.4955 0.4442 -0.7464
n 0.548 0.4051 -0.7318
n 0.4607 0.3478 -0.8166
n 0.4386 0.4758 -0.7624
n 0.4955 0.4442 -0.7464
n 0.4164 0.3727 -0.8293
n 0.3777 0.4998 -0.7794
n 0.4386 0.4758 -0.7624
n 0.3688 0.3917 -0.8429
n 0.3129 0.5156 -0.7976
n 0.3777 0.4998 -0.7794
n 0.3185 0.4043 -0.8574
n 0.2464 0.5222 -0.8165
n 0.3129 0.5156 -0.7976
n 0.2659 0.4102 -0.8724
n 0.1791 0.5195 -0.8355
n 0.2464 0.5222 -0.8165
n 0.2127 0.4088 -0.8875
n 0.1113 0.508 -0.8541
n 0.1791 0.5195 -0.8355
n 0.1602 0.4004 -0.9022
n 0.0451 0.4875 -0.872
n 0.1113 0.508 -0.8541
n 0.1082 0.385 -0.9166
n -0.0174 0.4585 -0.8885
n 0.0451 0.4875 -0.872
n 0.0586 0.3629 -0.93
n -0.075 0.4219 -0.9036
n -0.0174 0.4585 -0.8885
n 0.0125 0.3345 -0.9423
n -0.1256 0.3784 -0.9171
n -0.075 0.4219 -0.9036
n -0.0284 0.3003 -0.9534
n -0.1698 0.329 -0.929
n -0.1256 0.3784 -0.9171
n -0.0634 0.2615 -0.9631
n -0.2066 0.2737 -0.9394
n -0.1698 0.329 -0.929
n -0.0933 0.2174 -0.9716
n -0.2359 0.2127 -0.9482
n -0.2066 0.2737 -0.9394
n -0.1169 0.1688 -0.9787
n -0.2568 0.1484 -0.955
n -0.2359 0.2127 -0.9482
n -0.1333 0.1169 -0.9842
n -0.2568 0.1484 -0.955
n -0.1333 0.1169 -0.9842
n -0.2681 0.0824 -0.9599
n -0.2681 0.0824 -0.9599
n -0.1426 0.0638 -0.9877
n -0.2706 0.0136 -0.9626
n -0.2706 0.0136 -0.9626
n -0.1449 0.0098 -0.9894
n -0.2642 -0.0561 -0.9628
n -0.2642 -0.0561 -0.9628
n -0.14 -0.0455 -0.9891
n -0.2494 -0.1249 -0.9603
n -0.2494 -0.1249 -0.9603
n -0.1277 -0.0999 -0.9868
n -0.2251 -0.1932 -0.955
n -0.2251 -0.1932 -0.955
n -0.1091 -0.1529 -0.9822
n -0.1938 -0.2574 -0.9467
n -0.1938 -0.2574 -0.9467
n -0.0836 -0.2033 -0.9755
n -0.1555 -0.3162 -0.9359
n -0.1555 -0.3162 -0.9359
n -0.052 -0.2498 -0.9669
n -0.1097 -0.3692 -0.9229
n -0.1097 -0.3692 -0.9229
n -0.0163 -0.2908 -0.9567
n -0.0588 -0.4146 -0.9081
n -0.0588 -0.4146 -0.9081
n 0.0242 -0.3263 -0.9449
n -0.0027 -0.4524 -0.8918
n -0.0027 -0.4524 -0.8918
n 0.0685 -0.3558 -0.9321
n 0.0576 -0.4819 -0.8743
n 0.0576 -0.4819 -0.8743
n 0.1158 -0.3787 -0.9182
n 0.1203 -0.5031 -0.8558
n 0.1203 -0.5031 -0.8558
n 0.1667 -0.395 -0.9034
n 0.1858 -0.5148 -0.8369
n 0.1858 -0.5148 -0.8369
n 0.2181 -0.4037 -0.8885
n 0.2522 -0.5174 -0.8177
n 0.2522 -0.5174 -0.8177
n 0.2694 -0.4056 -0.8735
n 0.3175 -0.5111 -0.7987
n 0.3175 -0.5111 -0.7987
n 0.3221 -0.4 -0.8581
n 0.3812 -0.4955 -0.7805
n 0.3812 -0.4955 -0.7805
n 0.372 -0.3875 -0.8435
n 0.4424 -0.4713 -0.763
n 0.4424 -0.4713 -0.763
n 0.4189 -0.3694 -0.8295
n 0.4988 -0.4399 -0.7468
n 0.4988 -0.4399 -0.7468
n 0.4634 -0.3445 -0.8165
n 0.5496 -0.4022 -0.7322
n 0.5496 -0.4022 -0.7322
n 0.5036 -0.3143 -0.8047
n 0.5962 -0.3568 -0.7191
n 0.5962 -0.3568 -0.7191
n 0.5399 -0.279 -0.7942
n 0.637 -0.3056 -0.7077
n 0.637 -0.3056 -0.7077
n 0.5715 -0.2394 -0.7849
n 0.6704 -0.2507 -0.6984
n 0.6704 -0.2507 -0.6984
n 0.5977 -0.196 -0.7774
n 0.6967 -0.192 -0.6911
n 0.6967 -0.192 -0.6911
n 0.6184 -0.1502 -0.7714
n 0.716 -0.13 -0.6858
n 0.716 -0.13 -0.6858
n 0.6334 -0.1013 -0.7672
n 0.7277 -0.0655 -0.6827
n 0.7277 -0.0655 -0.6827
n 0.6426 -0.051 -0.7645
n 0.7316 -0.0009 -0.6817
n 0.7278 0.0639 -0.6828
n 0.7316 -0.0009 -0.6817
n 0.6426 0.0503 -0.7645
n 0.6456 -0.0008 -0.7636
n 0.5676 -0.0001 -0.8233
n 0.6426 0.0503 -0.7645
n 0.6426 -0.051 -0.7645
n 0.5654 -0.0391 -0.8239
n 0.6456 -0.0008 -0.7636
n 0.6334 -0.1013 -0.7672
n 0.5586 -0.0768 -0.8259
n 0.6426 -0.051 -0.7645
n 0.6184 -0.1502 -0.7714
n 0.547 -0.1142 -0.8293
n 0.6334 -0.1013 -0.7672
n 0.5977 -0.196 -0.7774
n 0.5312 -0.1487 -0.8341
n 0.6184 -0.1502 -0.7714
n 0.5715 -0.2394 -0.7849
n 0.5114 -0.1811 -0.84
n 0.5977 -0.196 -0.7774
n 0.5399 -0.279 -0.7942
n 0.4871 -0.2117 -0.8473
n 0.5715 -0.2394 -0.7849
n 0.5036 -0.3143 -0.8047
n 0.459 -0.2391 -0.8556
n 0.5399 -0.279 -0.7942
n 0.4634 -0.3445 -0.8165
n 0.4287 -0.2616 -0.8648
n 0.5036 -0.3143 -0.8047
n 0.4189 -0.3694 -0.8295
n 0.3952 -0.28 -0.8749
n 0.4634 -0.3445 -0.8165
n 0.372 -0.3875 -0.8435
n 0.3587 -0.2943 -0.8858
n 0.4189 -0.3694 -0.8295
n 0.3221 -0.4 -0.8581
n 0.3206 -0.3031 -0.8974
n 0.372 -0.3875 -0.8435
n 0.2694 -0.4056 -0.8735
n 0.2815 -0.307 -0.9091
n 0.3221 -0.4 -0.8581
n 0.2181 -0.4037 -0.8885
n 0.2425 -0.3061 -0.9206
n 0.2694 -0.4056 -0.8735
n 0.1667 -0.395 -0.9034
n 0.2039 -0.2993 -0.9321
n 0.2181 -0.4037 -0.8885
n 0.1158 -0.3787 -0.9182
n 0.1642 -0.2867 -0.9438
n 0.1667 -0.395 -0.9034
n 0.0685 -0.3558 -0.9321
n 0.1284 -0.2694 -0.9544
n 0.1158 -0.3787 -0.9182
n 0.0242 -0.3263 -0.9449
n 0.0949 -0.2471 -0.9643
n 0.0685 -0.3558 -0.9321
n -0.0163 -0.2908 -0.9567
n 0.0636 -0.2202 -0.9734
n 0.0242 -0.3263 -0.9449
n -0.052 -0.2498 -0.9669
n 0.0361 -0.189 -0.9813
n -0.0163 -0.2908 -0.9567
n -0.0836 -0.2033 -0.9755
n 0.0134 -0.1553 -0.9878
n -0.052 -0.2498 -0.9669
n -0.1091 -0.1529 -0.9822
n -0.0059 -0.1173 -0.9931
n -0.0836 -0.2033 -0.9755
n -0.1277 -0.0999 -0.9868
n -0.0208 -0.0768 -0.9968
n -0.1091 -0.1529 -0.9822
n -0.14 -0.0455 -0.9891
n -0.0298 -0.0359 -0.9989
n -0.1277 -0.0999 -0.9868
n -0.1449 0.0098 -0.9894
n -0.034 0.0069 -0.9994
n -0.14 -0.0455 -0.9891
n -0.1426 0.0638 -0.9877
n -0.0326 0.0486 -0.9983
n -0.1449 0.0098 -0.9894
n -0.1426 0.0638 -0.9877
n -0.1333 0.1169 -0.9842
n -0.0326 0.0486 -0.9983
n -0.1333 0.1169 -0.9842
n -0.1169 0.1688 -0.9787
n -0.0254 0.0874 -0.9958
n -0.1169 0.1688 -0.9787
n -0.0933 0.2174 -0.9716
n -0.0121 0.1274 -0.9918
n -0.0933 0.2174 -0.9716
n -0.0634 0.2615 -0.9631
n 0.0071 0.166 -0.9861
n -0.0634 0.2615 -0.9631
n -0.0284 0.3003 -0.9534
n 0.0293 0.199 -0.9796
n -0.0284 0.3003 -0.9534
n 0.0125 0.3345 -0.9423
n 0.0564 0.2285 -0.9719
n 0.0125 0.3345 -0.9423
n 0.0586 0.3629 -0.93
n 0.0892 0.2551 -0.9628
n 0.1605 0.2928 -0.9426
n 0.1239 0.2765 -0.953
n 0.1082 0.385 -0.9166
n 0.1993 0.3044 -0.9315
n 0.1605 0.2928 -0.9426
n 0.1602 0.4004 -0.9022
n 0.1602 0.4004 -0.9022
n 0.2127 0.4088 -0.8875
n 0.1993 0.3044 -0.9315
n 0.2127 0.4088 -0.8875
n 0.2659 0.4102 -0.8724
n 0.2385 0.3106 -0.9202
n 0.2659 0.4102 -0.8724
n 0.3185 0.4043 -0.8574
n 0.2791 0.3115 -0.9083
n 0.3185 0.4043 -0.8574
n 0.3688 0.3917 -0.8429
n 0.3181 0.3072 -0.8969
n 0.3688 0.3917 -0.8429
n 0.4164 0.3727 -0.8293
n 0.3567 0.2974 -0.8856
n 0.4164 0.3727 -0.8293
n 0.4607 0.3478 -0.8166
n 0.3929 0.2829 -0.875
n 0.4607 0.3478 -0.8166
n 0.5018 0.3169 -0.8049
n 0.4263 0.2641 -0.8652
n 0.5018 0.3169 -0.8049
n 0.5386 0.2808 -0.7944
n 0.4584 0.2399 -0.8557
n 0.5386 0.2808 -0.7944
n 0.5707 0.2399 -0.7854
n 0.4861 0.2127 -0.8476
n 0.5707 0.2399 -0.7854
n 0.5973 0.1957 -0.7778
n 0.5102 0.1824 -0.8405
n 0.5973 0.1957 -0.7778
n 0.6183 0.1489 -0.7717
n 0.5304 0.1499 -0.8344
n 0.6183 0.1489 -0.7717
n 0.6335 0.1003 -0.7672
n 0.5465 0.114 -0.8296
n 0.6335 0.1003 -0.7672
n 0.6426 0.0503 -0.7645
n 0.5583 0.0761 -0.8261
n 0.5583 0.0761 -0.8261
n 0.5653 0.0381 -0.824
n 0.533 0.0691 -0.8433
n 0.5465 0.114 -0.8296
n 0.5583 0.0761 -0.8261
n 0.5228 0.1018 -0.8464
n 0.5304 0.1499 -0.8344
n 0.5465 0.114 -0.8296
n 0.5084 0.1339 -0.8506
n 0.5102 0.1824 -0.8405
n 0.5304 0.1499 -0.8344
n 0.4905 0.1639 -0.8559
n 0.4861 0.2127 -0.8476
n 0.5102 0.1824 -0.8405
n 0.4685 0.1908 -0.8626
n 0.4584 0.2399 -0.8557
n 0.4861 0.2127 -0.8476
n 0.4433 0.215 -0.8702
n 0.4263 0.2641 -0.8652
n 0.4584 0.2399 -0.8557
n 0.4146 0.2366 -0.8787
n 0.3929 0.2829 -0.875
n 0.4263 0.2641 -0.8652
n 0.3846 0.2533 -0.8876
n 0.3567 0.2974 -0.8856
n 0.3929 0.2829 -0.875
n 0.3528 0.2655 -0.8972
n 0.3181 0.3072 -0.8969
n 0.3567 0.2974 -0.8856
n 0.3183 0.2742 -0.9075
n 0.2791 0.3115 -0.9083
n 0.3181 0.3072 -0.8969
n 0.2835 0.2776 -0.9179
n 0.2385 0.3106 -0.9202
n 0.2791 0.3115 -0.9083
n 0.2475 0.2772 -0.9284
n 0.1993 0.3044 -0.9315
n 0.2385 0.3106 -0.9202
n 0.2122 0.2718 -0.9387
n 0.1605 0.2928 -0.9426
n 0.1993 0.3044 -0.9315
n 0.1784 0.2615 -0.9486
n 0.1239 0.2765 -0.953
n 0.1605 0.2928 -0.9426
n 0.1451 0.2468 -0.9581
n 0.0892 0.2551 -0.9628
n 0.1239 0.2765 -0.953
n 0.1148 0.2274 -0.967
n 0.0564 0.2285 -0.9719
n 0.0892 0.2551 -0.9628
n 0.0872 0.2039 -0.9751
n 0.0293 0.199 -0.9796
n 0.0564 0.2285 -0.9719
n 0.063 0.177 -0.9822
n 0.0071 0.166 -0.9861
n 0.0293 0.199 -0.9796
n 0.0423 0.1474 -0.9882
n -0.0121 0.1274 -0.9918
n 0.0071 0.166 -0.9861
n 0.0256 0.113 -0.9933
n -0.0254 0.0874 -0.9958
n -0.0121 0.1274 -0.9918
n 0.0135 0.078 -0.9969
n -0.0326 0.0486 -0.9983
n -0.0254 0.0874 -0.9958
n 0.007 0.0418 -0.9991
n -0.0326 0.0486 -0.9983
n 0.007 0.0418 -0.9991
n -0.034 0.0069 -0.9994
n -0.034 0.0069 -0.9994
n 0.0056 0.0026 -1.0
n -0.0298 -0.0359 -0.9989
n -0.0298 -0.0359 -0.9989
n 0.0081 -0.0332 -0.9994
n -0.0208 -0.0768 -0.9968
n -0.0208 -0.0768 -0.9968
n 0.0153 -0.0693 -0.9975
n -0.0059 -0.1173 -0.9931
n -0.0059 -0.1173 -0.9931
n 0.0293 -0.1063 -0.9939
n 0.0134 -0.1553 -0.9878
n 0.0134 -0.1553 -0.9878
n 0.0447 -0.1388 -0.9893
n 0.0361 -0.189 -0.9813
n 0.0361 -0.189 -0.9813
n 0.0663 -0.1692 -0.9834
n 0.0636 -0.2202 -0.9734
n 0.0636 -0.2202 -0.9734
n 0.0911 -0.1971 -0.9761
n 0.0949 -0.2471 -0.9643
n 0.0949 -0.2471 -0.9643
n 0.1171 -0.2203 -0.9684
n 0.1284 -0.2694 -0.9544
n 0.1284 -0.2694 -0.9544
n 0.1468 -0.2399 -0.9596
n 0.1642 -0.2867 -0.9438
n 0.1642 -0.2867 -0.9438
n 0.1803 -0.2551 -0.95
n 0.2039 -0.2993 -0.9321
n 0.2039 -0.2993 -0.9321
n 0.2149 -0.2666 -0.9395
n 0.2425 -0.3061 -0.9206
n 0.2425 -0.3061 -0.9206
n 0.2512 -0.2732 -0.9286
n 0.2815 -0.307 -0.9091
n 0.2815 -0.307 -0.9091
n 0.2851 -0.2744 -0.9184
n 0.3206 -0.3031 -0.8974
n 0.3206 -0.3031 -0.8974
n 0.3187 -0.2709 -0.9083
n 0.3587 -0.2943 -0.8858
n 0.3587 -0.2943 -0.8858
n 0.353 -0.2631 -0.8979
n 0.3952 -0.28 -0.8749
n 0.3952 -0.28 -0.8749
n 0.3864 -0.2503 -0.8877
n 0.4287 -0.2616 -0.8648
n 0.4287 -0.2616 -0.8648
n 0.4168 -0.2334 -0.8785
n 0.459 -0.2391 -0.8556
n 0.459 -0.2391 -0.8556
n 0.4444 -0.2131 -0.8701
n 0.4871 -0.2117 -0.8473
n 0.4871 -0.2117 -0.8473
n 0.4696 -0.1895 -0.8623
n 0.5114 -0.1811 -0.84
n 0.5114 -0.1811 -0.84
n 0.4912 -0.1631 -0.8556
n 0.5312 -0.1487 -0.8341
n 0.5312 -0.1487 -0.8341
n 0.509 -0.134 -0.8503
n 0.547 -0.1142 -0.8293
n 0.547 -0.1142 -0.8293
n 0.5231 -0.1019 -0.8462
n 0.5586 -0.0768 -0.8259
n 0.5586 -0.0768 -0.8259
n 0.5339 -0.0679 -0.8428
n 0.5654 -0.0391 -0.8239
n 0.5654 -0.0391 -0.8239
n 0.5398 -0.034 -0.8411
n 0.5676 -0.0001 -0.8233
n 0.5676 -0.0001 -0.8233
n 0.542 -0.0005 -0.8404
n 0.5653 0.0381 -0.824
n 0.542 -0.0005 -0.8404
n 0.6847 -0.0012 -0.7288
n 0.5398 0.0347 -0.8411
n 0.5398 -0.034 -0.8411
n 0.6812 -0.0567 -0.7299
n 0.542 -0.0005 -0.8404
n 0.5339 -0.0679 -0.8428
n 0.6712 -0.1113 -0.7329
n 0.5398 -0.034 -0.8411
n 0.5231 -0.1019 -0.8462
n 0.6537 -0.1668 -0.7381
n 0.5339 -0.0679 -0.8428
n 0.509 -0.134 -0.8503
n 0.6317 -0.2172 -0.7442
n 0.5231 -0.1019 -0.8462
n 0.4912 -0.1631 -0.8556
n 0.6021 -0.2649 -0.7532
n 0.509 -0.134 -0.8503
n 0.4696 -0.1895 -0.8623
n 0.567 -0.31 -0.7632
n 0.4912 -0.1631 -0.8556
n 0.4444 -0.2131 -0.8701
n 0.5252 -0.3503 -0.7755
n 0.4696 -0.1895 -0.8623
n 0.4168 -0.2334 -0.8785
n 0.4802 -0.3837 -0.7888
n 0.4444 -0.2131 -0.8701
n 0.3864 -0.2503 -0.8877
n 0.4318 -0.4102 -0.8033
n 0.4168 -0.2334 -0.8785
n 0.353 -0.2631 -0.8979
n 0.377 -0.4326 -0.8189
n 0.3864 -0.2503 -0.8877
n 0.3187 -0.2709 -0.9083
n 0.3203 -0.4466 -0.8354
n 0.353 -0.2631 -0.8979
n 0.2851 -0.2744 -0.9184
n 0.2647 -0.4529 -0.8513
n 0.3187 -0.2709 -0.9083
n 0.2512 -0.2732 -0.9286
n 0.2073 -0.4521 -0.8675
n 0.2851 -0.2744 -0.9184
n 0.2149 -0.2666 -0.9395
n 0.148 -0.4407 -0.8854
n 0.2512 -0.2732 -0.9286
n 0.1803 -0.2551 -0.95
n 0.0905 -0.4242 -0.901
n 0.2149 -0.2666 -0.9395
n 0.1468 -0.2399 -0.9596
n 0.0382 -0.4005 -0.9155
n 0.1803 -0.2551 -0.95
n 0.1171 -0.2203 -0.9684
n -0.0138 -0.3667 -0.9302
n 0.1468 -0.2399 -0.9596
n 0.0911 -0.1971 -0.9761
n -0.0617 -0.3282 -0.9426
n 0.1171 -0.2203 -0.9684
n 0.0663 -0.1692 -0.9834
n -0.099 -0.2842 -0.9536
n 0.0911 -0.1971 -0.9761
n 0.0447 -0.1388 -0.9893
n -0.1356 -0.2323 -0.9632
n 0.0663 -0.1692 -0.9834
n 0.0293 -0.1063 -0.9939
n -0.1616 -0.1774 -0.9708
n 0.0447 -0.1388 -0.9893
n 0.0153 -0.0693 -0.9975
n -0.1826 -0.1186 -0.976
n 0.0293 -0.1063 -0.9939
n 0.0081 -0.0332 -0.9994
n -0.1959 -0.056 -0.979
n 0.0153 -0.0693 -0.9975
n 0.0056 0.0026 -1.0
n -0.2008 0.0039 -0.9796
n 0.0081 -0.0332 -0.9994
n 0.007 0.0418 -0.9991
n -0.195 0.0662 -0.9786
n 0.0056 0.0026 -1.0
n 0.007 0.0418 -0.9991
n 0.0135 0.078 -0.9969
n -0.195 0.0662 -0.9786
n 0.0135 0.078 -0.9969
n 0.0256 0.113 -0.9933
n -0.1843 0.1265 -0.9747
n 0.0256 0.113 -0.9933
n 0.0423 0.1474 -0.9882
n -0.164 0.185 -0.969
n 0.0423 0.1474 -0.9882
n 0.063 0.177 -0.9822
n -0.1357 0.2409 -0.961
n 0.063 0.177 -0.9822
n 0.0872 0.2039 -0.9751
n -0.1016 0.2901 -0.9516
n 0.0872 0.2039 -0.9751
n 0.1148 0.2274 -0.967
n -0.0628 0.3345 -0.9403
n 0.1148 0.2274 -0.967
n 0.1451 0.2468 -0.9581
n -0.0161 0.3736 -0.9274
n 0.1451 0.2468 -0.9581
n 0.1784 0.2615 -0.9486
n 0.0362 0.4059 -0.9132
n 0.1784 0.2615 -0.9486
n 0.2122 0.2718 -0.9387
n 0.089 0.4314 -0.8978
n 0.2122 0.2718 -0.9387
n 0.2475 0.2772 -0.9284
n 0.1463 0.4472 -0.8824
n 0.2475 0.2772 -0.9284
n 0.2835 0.2776 -0.9179
n 0.2051 0.4571 -0.8654
n 0.2835 0.2776 -0.9179
n 0.3183 0.2742 -0.9075
n 0.2626 0.4569 -0.8498
n 0.3183 0.2742 -0.9075
n 0.3528 0.2655 -0.8972
n 0.3193 0.4512 -0.8333
n 0.3528 0.2655 -0.8972
n 0.3846 0.2533 -0.8876
n 0.3768 0.4359 -0.8173
n 0.3846 0.2533 -0.8876
n 0.4146 0.2366 -0.8787
n 0.4293 0.4151 -0.8021
n 0.4146 0.2366 -0.8787
n 0.4433 0.215 -0.8702
n 0.4802 0.3857 -0.7878
n 0.4433 0.215 -0.8702
n 0.4685 0.1908 -0.8626
n 0.5258 0.3524 -0.7741
n 0.4685 0.1908 -0.8626
n 0.4905 0.1639 -0.8559
n 0.566 0.3127 -0.7628
n 0.4905 0.1639 -0.8559
n 0.5084 0.1339 -0.8506
n 0.6025 0.2663 -0.7524
n 0.5084 0.1339 -0.8506
n 0.5228 0.1018 -0.8464
n 0.6318 0.2174 -0.744
n 0.533 0.0691 -0.8433
n 0.6714 0.1115 -0.7326
n 0.5228 0.1018 -0.8464
n 0.5398 0.0347 -0.8411
n 0.6812 0.0569 -0.7299
n 0.533 0.0691 -0.8433
n 0.6714 0.1115 -0.7326
n 0.6812 0.0569 -0.7299
n 0.9614 0.2295 -0.1519
n 0.6551 0.1653 -0.7372
n 0.6714 0.1115 -0.7326
n 0.9265 0.3397 -0.1616
n 0.6318 0.2174 -0.744
n 0.6551 0.1653 -0.7372
n 0.8785 0.4462 -0.1706
n 0.6025 0.2663 -0.7524
n 0.6318 0.2174 -0.744
n 0.8169 0.5452 -0.1884
n 0.566 0.3127 -0.7628
n 0.6025 0.2663 -0.7524
n 0.7414 0.6385 -0.2064
n 0.5258 0.3524 -0.7741
n 0.566 0.3127 -0.7628
n 0.6551 0.7204 -0.2277
n 0.4802 0.3857 -0.7878
n 0.5258 0.3524 -0.7741
n 0.5581 0.7912 -0.25
n 0.4293 0.4151 -0.8021
n 0.4802 0.3857 -0.7878
n 0.4539 0.8472 -0.2761
n 0.3768 0.4359 -0.8173
n 0.4293 0.4151 -0.8021
n 0.3459 0.8879 -0.3035
n 0.3193 0.4512 -0.8333
n 0.3768 0.4359 -0.8173
n 0.2282 0.9151 -0.3325
n 0.2626 0.4569 -0.8498
n 0.3193 0.4512 -0.8333
n 0.11 0.9256 -0.3621
n 0.2051 0.4571 -0.8654
n 0.2626 0.4569 -0.8498
n -0.0054 0.9205 -0.3908
n 0.1463 0.4472 -0.8824
n 0.2051 0.4571 -0.8654
n -0.1244 0.8984 -0.4212
n 0.089 0.4314 -0.8978
n 0.1463 0.4472 -0.8824
n -0.2405 0.8603 -0.4495
n 0.0362 0.4059 -0.9132
n 0.089 0.4314 -0.8978
n -0.349 0.8069 -0.4765
n -0.0161 0.3736 -0.9274
n 0.0362 0.4059 -0.9132
n -0.4479 0.7398 -0.5021
n -0.0628 0.3345 -0.9403
n -0.0161 0.3736 -0.9274
n -0.5373 0.6605 -0.5244
n -0.1016 0.2901 -0.9516
n -0.0628 0.3345 -0.9403
n -0.615 0.5706 -0.5443
n -0.1357 0.2409 -0.961
n -0.1016 0.2901 -0.9516
n -0.6806 0.471 -0.5612
n -0.164 0.185 -0.969
n -0.1357 0.2409 -0.961
n -0.7347 0.3623 -0.5735
n -0.1843 0.1265 -0.9747
n -0.164 0.185 -0.969
n -0.7743 0.2462 -0.583
n -0.195 0.0662 -0.9786
n -0.1843 0.1265 -0.9747
n -0.7968 0.128 -0.5905
n -0.2008 0.0039 -0.9796
n -0.195 0.0662 -0.9786
n -0.8052 0.0074 -0.5929
n -0.2008 0.0039 -0.9796
n -0.8052 0.0074 -0.5929
n -0.1959 -0.056 -0.979
n -0.1826 -0.1186 -0.976
n -0.1959 -0.056 -0.979
n -0.7749 -0.2361 -0.5864
n -0.1826 -0.1186 -0.976
n -0.7749 -0.2361 -0.5864
n -0.1616 -0.1774 -0.9708
n -0.1616 -0.1774 -0.9708
n -0.7391 -0.3492 -0.5761
n -0.1356 -0.2323 -0.9632
n -0.1356 -0.2323 -0.9632
n -0.6867 -0.4598 -0.5631
n -0.099 -0.2842 -0.9536
n -0.099 -0.2842 -0.9536
n -0.6189 -0.5643 -0.5465
n -0.0617 -0.3282 -0.9426
n -0.0617 -0.3282 -0.9426
n -0.5421 -0.6548 -0.5266
n -0.0138 -0.3667 -0.9302
n -0.0138 -0.3667 -0.9302
n -0.4491 -0.7368 -0.5054
n 0.0382 -0.4005 -0.9155
n 0.0382 -0.4005 -0.9155
n -0.3476 -0.8066 -0.4781
n 0.0905 -0.4242 -0.901
n 0.0905 -0.4242 -0.901
n -0.2407 -0.859 -0.4519
n 0.148 -0.4407 -0.8854
n 0.148 -0.4407 -0.8854
n -0.1282 -0.8972 -0.4227
n 0.2073 -0.4521 -0.8675
n 0.2073 -0.4521 -0.8675
n -0.0086 -0.9191 -0.3939
n 0.2647 -0.4529 -0.8513
n 0.2647 -0.4529 -0.8513
n 0.1112 -0.925 -0.3634
n 0.3203 -0.4466 -0.8354
n 0.3203 -0.4466 -0.8354
n 0.2287 -0.9139 -0.3353
n 0.377 -0.4326 -0.8189
n 0.377 -0.4326 -0.8189
n 0.3482 -0.8863 -0.3053
n 0.4318 -0.4102 -0.8033
n 0.4318 -0.4102 -0.8033
n 0.4571 -0.8456 -0.2757
n 0.4802 -0.3837 -0.7888
n 0.4802 -0.3837 -0.7888
n 0.5588 -0.7897 -0.2532
n 0.5252 -0.3503 -0.7755
n 0.5252 -0.3503 -0.7755
n 0.6573 -0.7184 -0.2277
n 0.567 -0.31 -0.7632
n 0.567 -0.31 -0.7632
n 0.7426 -0.6367 -0.2078
n 0.6021 -0.2649 -0.7532
n 0.6021 -0.2649 -0.7532
n 0.8146 -0.5489 -0.1877
n 0.6317 -0.2172 -0.7442
n 0.6317 -0.2172 -0.7442
n 0.8768 -0.4481 -0.1745
n 0.6537 -0.1668 -0.7381
n 0.6537 -0.1668 -0.7381
n 0.9257 -0.3424 -0.1609
n 0.6712 -0.1113 -0.7329
n 0.6712 -0.1113 -0.7329
n 0.9607 -0.2313 -0.1534
n 0.6812 -0.0567 -0.7299
n 0.6812 -0.0567 -0.7299
n 0.982 -0.1181 -0.1475
n 0.6847 -0.0012 -0.7288
n 0.6812 0.0569 -0.7299
n 0.6847 -0.0012 -0.7288
n 0.9824 0.1148 -0.1477
n 0.9824 0.1148 -0.1477
n 0.9892 -0.0021 -0.1465
n 0.9472 0.1253 0.2951
n 0.982 -0.1181 -0.1475
n 0.9469 -0.1288 0.2946
n 0.9892 -0.0021 -0.1465
n 0.9607 -0.2313 -0.1534
n 0.9215 -0.2582 0.29
n 0.982 -0.1181 -0.1475
n 0.9257 -0.3424 -0.1609
n 0.8806 -0.3811 0.2816
n 0.9607 -0.2313 -0.1534
n 0.8768 -0.4481 -0.1745
n 0.8254 -0.4958 0.27
n 0.9257 -0.3424 -0.1609
n 0.8146 -0.5489 -0.1877
n 0.755 -0.6038 0.2558
n 0.8768 -0.4481 -0.1745
n 0.7426 -0.6367 -0.2078
n 0.6698 -0.7031 0.2388
n 0.8146 -0.5489 -0.1877
n 0.6573 -0.7184 -0.2277
n 0.5731 -0.7898 0.2184
n 0.7426 -0.6367 -0.2078
n 0.5588 -0.7897 -0.2532
n 0.465 -0.8633 0.1961
n 0.6573 -0.7184 -0.2277
n 0.4571 -0.8456 -0.2757
n 0.3501 -0.9207 0.1726
n 0.5588 -0.7897 -0.2532
n 0.3482 -0.8863 -0.3053
n 0.2246 -0.9634 0.1463
n 0.4571 -0.8456 -0.2757
n 0.2287 -0.9139 -0.3353
n 0.0941 -0.9885 0.118
n 0.3482 -0.8863 -0.3053
n 0.1112 -0.925 -0.3634
n -0.0294 -0.9954 0.0914
n 0.2287 -0.9139 -0.3353
n -0.0086 -0.9191 -0.3939
n -0.1587 -0.9853 0.0635
n 0.1112 -0.925 -0.3634
n -0.1282 -0.8972 -0.4227
n -0.2895 -0.9565 0.0357
n -0.0086 -0.9191 -0.3939
n -0.2407 -0.859 -0.4519
n -0.4126 -0.9109 0.0089
n -0.1282 -0.8972 -0.4227
n -0.3476 -0.8066 -0.4781
n -0.5255 -0.8506 -0.017
n -0.2407 -0.859 -0.4519
n -0.4491 -0.7368 -0.5054
n -0.6299 -0.7756 -0.0411
n -0.3476 -0.8066 -0.4781
n -0.5421 -0.6548 -0.5266
n -0.7231 -0.6879 -0.0623
n -0.4491 -0.7368 -0.5054
n -0.6189 -0.5643 -0.5465
n -0.8043 -0.5887 -0.0805
n -0.5421 -0.6548 -0.5266
n -0.6867 -0.4598 -0.5631
n -0.8734 -0.4774 -0.0966
n -0.6189 -0.5643 -0.5465
n -0.7391 -0.3492 -0.5761
n -0.9248 -0.3645 -0.1088
n -0.6867 -0.4598 -0.5631
n -0.7749 -0.2361 -0.5864
n -0.962 -0.2462 -0.1178
n -0.7391 -0.3492 -0.5761
n -0.7992 -0.116 -0.5898
n -0.9853 -0.1187 -0.1231
n -0.7749 -0.2361 -0.5864
n -0.8052 0.0074 -0.5929
n -0.9922 0.0078 -0.1246
n -0.7992 -0.116 -0.5898
n -0.8052 0.0074 -0.5929
n -0.7968 0.128 -0.5905
n -0.9922 0.0078 -0.1246
n -0.7968 0.128 -0.5905
n -0.7743 0.2462 -0.583
n -0.9834 0.1329 -0.1232
n -0.7743 0.2462 -0.583
n -0.7347 0.3623 -0.5735
n -0.9591 0.2572 -0.1181
n -0.7347 0.3623 -0.5735
n -0.6806 0.471 -0.5612
n -0.92 0.3764 -0.1092
n -0.6806 0.471 -0.5612
n -0.615 0.5706 -0.5443
n -0.8653 0.4917 -0.097
n -0.615 0.5706 -0.5443
n -0.5373 0.6605 -0.5244
n -0.7975 0.5978 -0.0814
n -0.5373 0.6605 -0.5244
n -0.4479 0.7398 -0.5021
n -0.7176 0.6935 -0.0631
n -0.4479 0.7398 -0.5021
n -0.349 0.8069 -0.4765
n -0.6265 0.7783 -0.0421
n -0.349 0.8069 -0.4765
n -0.2405 0.8603 -0.4495
n -0.5199 0.854 -0.0187
n -0.2405 0.8603 -0.4495
n -0.1244 0.8984 -0.4212
n -0.407 0.9134 0.0064
n -0.1244 0.8984 -0.4212
n -0.0054 0.9205 -0.3908
n -0.2856 0.9578 0.0336
n -0.0054 0.9205 -0.3908
n 0.11 0.9256 -0.3621
n -0.16 0.9852 0.062
n 0.11 0.9256 -0.3621
n 0.2282 0.9151 -0.3325
n -0.0345 0.9953 0.0903
n 0.2282 0.9151 -0.3325
n 0.3459 0.8879 -0.3035
n 0.0962 0.9882 0.1188
n 0.3459 0.8879 -0.3035
n 0.4539 0.8472 -0.2761
n 0.2232 0.9637 0.1464
n 0.4539 0.8472 -0.2761
n 0.5581 0.7912 -0.25
n 0.3467 0.922 0.1725
n 0.5581 0.7912 -0.25
n 0.6551 0.7204 -0.2277
n 0.467 0.862 0.197
n 0.6551 0.7204 -0.2277
n 0.7414 0.6385 -0.2064
n 0.5746 0.7886 0.2187
n 0.7414 0.6385 -0.2064
n 0.8169 0.5452 -0.1884
n 0.6682 0.7046 0.2388
n 0.8169 0.5452 -0.1884
n 0.8785 0.4462 -0.1706
n 0.7541 0.6044 0.2571
n 0.8785 0.4462 -0.1706
n 0.9265 0.3397 -0.1616
n 0.8264 0.4934 0.2714
n 0.9265 0.3397 -0.1616
n 0.9614 0.2295 -0.1519
n 0.8819 0.3768 0.2833
n 0.9614 0.2295 -0.1519
n 0.9824 0.1148 -0.1477
n 0.9226 0.2535 0.2909
n 0.9226 0.2535 0.2909
n 0.9472 0.1253 0.2951
n 0.9381 0.2507 0.2389
n 0.8819 0.3768 0.2833
n 0.9226 0.2535 0.2909
n 0.8988 0.3727 0.2309
n 0.8264 0.4934 0.2714
n 0.8819 0.3768 0.2833
n 0.8426 0.4919 0.2194
n 0.7541 0.6044 0.2571
n 0.8264 0.4934 0.2714
n 0.7724 0.6012 0.2047
n 0.6682 0.7046 0.2388
n 0.7541 0.6044 0.2571
n 0.6884 0.7008 0.1871
n 0.5746 0.7886 0.2187
n 0.6682 0.7046 0.2388
n 0.5911 0.7892 0.1669
n 0.467 0.862 0.197
n 0.5746 0.7886 0.2187
n 0.485 0.8626 0.1438
n 0.3467 0.922 0.1725
n 0.467 0.862 0.197
n 0.3669 0.9228 0.1179
n 0.2232 0.9637 0.1464
n 0.3467 0.922 0.1725
n 0.2443 0.9654 0.091
n 0.0962 0.9882 0.1188
n 0.2232 0.9637 0.1464
n 0.1157 0.9913 0.0629
n -0.0345 0.9953 0.0903
n 0.0962 0.9882 0.1188
n -0.0175 0.9993 0.0332
n -0.16 0.9852 0.062
n -0.0345 0.9953 0.0903
n -0.1471 0.9891 0.0043
n -0.2856 0.9578 0.0336
n -0.16 0.9852 0.062
n -0.2721 0.962 -0.0244
n -0.407 0.9134 0.0064
n -0.2856 0.9578 0.0336
n -0.3931 0.918 -0.0521
n -0.5199 0.854 -0.0187
n -0.407 0.9134 0.0064
n -0.5065 0.8587 -0.0781
n -0.6265 0.7783 -0.0421
n -0.5199 0.854 -0.0187
n -0.6111 0.7849 -0.1022
n -0.7176 0.6935 -0.0631
n -0.6265 0.7783 -0.0421
n -0.7047 0.6986 -0.1237
n -0.7975 0.5978 -0.0814
n -0.7176 0.6935 -0.0631
n -0.7872 0.5999 -0.1429
n -0.8653 0.4917 -0.097
n -0.7975 0.5978 -0.0814
n -0.8554 0.493 -0.159
n -0.92 0.3764 -0.1092
n -0.8653 0.4917 -0.097
n -0.9094 0.3789 -0.1717
n -0.9591 0.2572 -0.1181
n -0.92 0.3764 -0.1092
n -0.949 0.2583 -0.181
n -0.9834 0.1329 -0.1232
n -0.9591 0.2572 -0.1181
n -0.973 0.1359 -0.1866
n -0.9922 0.0078 -0.1246
n -0.9834 0.1329 -0.1232
n -0.982 0.0074 -0.1886
n -0.9922 0.0078 -0.1246
n -0.982 0.0074 -0.1886
n -0.9853 -0.1187 -0.1231
n -0.9853 -0.1187 -0.1231
n -0.9751 -0.1194 -0.1867
n -0.962 -0.2462 -0.1178
n -0.962 -0.2462 -0.1178
n -0.9526 -0.2445 -0.181
n -0.9248 -0.3645 -0.1088
n -0.9248 -0.3645 -0.1088
n -0.9146 -0.3659 -0.172
n -0.8734 -0.4774 -0.0966
n -0.8734 -0.4774 -0.0966
n -0.8615 -0.4821 -0.1596
n -0.8043 -0.5887 -0.0805
n -0.8043 -0.5887 -0.0805
n -0.7929 -0.5922 -0.1437
n -0.7231 -0.6879 -0.0623
n -0.7231 -0.6879 -0.0623
n -0.712 -0.691 -0.1247
n -0.6299 -0.7756 -0.0411
n -0.6299 -0.7756 -0.0411
n -0.6173 -0.78 -0.1028
n -0.5255 -0.8506 -0.017
n -0.5255 -0.8506 -0.017
n -0.5123 -0.8552 -0.0787
n -0.4126 -0.9109 0.0089
n -0.4126 -0.9109 0.0089
n -0.3954 -0.917 -0.0522
n -0.2895 -0.9565 0.0357
n -0.2895 -0.9565 0.0357
n -0.2739 -0.9614 -0.0249
n -0.1587 -0.9853 0.0635
n -0.1587 -0.9853 0.0635
n -0.1482 -0.989 0.0037
n -0.0294 -0.9954 0.0914
n -0.0294 -0.9954 0.0914
n -0.0121 -0.9994 0.0339
n 0.0941 -0.9885 0.118
n 0.0941 -0.9885 0.118
n 0.1159 -0.9913 0.0616
n 0.2246 -0.9634 0.1463
n 0.2246 -0.9634 0.1463
n 0.2417 -0.9662 0.0892
n 0.3501 -0.9207 0.1726
n 0.3501 -0.9207 0.1726
n 0.368 -0.9225 0.1166
n 0.465 -0.8633 0.1961
n 0.465 -0.8633 0.1961
n 0.4857 -0.8626 0.1414
n 0.5731 -0.7898 0.2184
n 0.5731 -0.7898 0.2184
n 0.593 -0.7883 0.1641
n 0.6698 -0.7031 0.2388
n 0.6698 -0.7031 0.2388
n 0.6863 -0.7036 0.1843
n 0.755 -0.6038 0.2558
n 0.755 -0.6038 0.2558
n 0.7721 -0.6024 0.2024
n 0.8254 -0.4958 0.27
n 0.8254 -0.4958 0.27
n 0.8421 -0.4937 0.2171
n 0.8806 -0.3811 0.2816
n 0.8806 -0.3811 0.2816
n 0.8962 -0.3802 0.2288
n 0.9215 -0.2582 0.29
n 0.9215 -0.2582 0.29
n 0.937 -0.2565 0.2373
n 0.9469 -0.1288 0.2946
n 0.9469 -0.1288 0.2946
n 0.9612 -0.1315 0.2427
n 0.9551 -0.0018 0.2962
n 0.9472 0.1253 0.2951
n 0.9551 -0.0018 0.2962
n 0.9618 0.125 0.2437
n 0.9618 0.125 0.2437
n 0.9695 -0.0051 0.245
n 0.9568 0.0998 -0.273
n 0.9628 -0.0073 -0.2703
n 0.9695 -0.0051 0.245
n 0.9572 -0.1143 -0.2661
n 0.9572 -0.1143 -0.2661
n 0.9612 -0.1315 0.2427
n 0.9369 -0.2159 -0.275
n 0.9369 -0.2159 -0.275
n 0.937 -0.2565 0.2373
n 0.9005 -0.315 -0.2998
n 0.9005 -0.315 -0.2998
n 0.8962 -0.3802 0.2288
n 0.8582 -0.4142 -0.3033
n 0.8582 -0.4142 -0.3033
n 0.8421 -0.4937 0.2171
n 0.8046 -0.5076 -0.3081
n 0.8046 -0.5076 -0.3081
n 0.7721 -0.6024 0.2024
n 0.7359 -0.588 -0.3356
n 0.7359 -0.588 -0.3356
n 0.6863 -0.7036 0.1843
n 0.6581 -0.6634 -0.356
n 0.6581 -0.6634 -0.356
n 0.593 -0.7883 0.1641
n 0.5721 -0.7276 -0.3785
n 0.5721 -0.7276 -0.3785
n 0.4857 -0.8626 0.1414
n 0.4783 -0.7805 -0.4026
n 0.4783 -0.7805 -0.4026
n 0.368 -0.9225 0.1166
n 0.3733 -0.82 -0.4339
n 0.3733 -0.82 -0.4339
n 0.2417 -0.9662 0.0892
n 0.2644 -0.854 -0.4481
n 0.2644 -0.854 -0.4481
n 0.1159 -0.9913 0.0616
n 0.154 -0.8613 -0.4841
n 0.154 -0.8613 -0.4841
n -0.0121 -0.9994 0.0339
n 0.036 -0.8657 -0.4993
n 0.036 -0.8657 -0.4993
n -0.1482 -0.989 0.0037
n -0.0755 -0.8452 -0.5292
n -0.0755 -0.8452 -0.5292
n -0.2739 -0.9614 -0.0249
n -0.1877 -0.8131 -0.5511
n -0.1877 -0.8131 -0.5511
n -0.3954 -0.917 -0.0522
n -0.2917 -0.7597 -0.5812
n -0.2917 -0.7597 -0.5812
n -0.5123 -0.8552 -0.0787
n -0.3964 -0.7008 -0.5931
n -0.3964 -0.7008 -0.5931
n -0.6173 -0.78 -0.1028
n -0.4967 -0.6325 -0.5944
n -0.4967 -0.6325 -0.5944
n -0.712 -0.691 -0.1247
n -0.5746 -0.5446 -0.611
n -0.5746 -0.5446 -0.611
n -0.7929 -0.5922 -0.1437
n -0.6399 -0.4437 -0.6274
n -0.6399 -0.4437 -0.6274
n -0.8615 -0.4821 -0.1596
n -0.7029 -0.3407 -0.6243
n -0.7029 -0.3407 -0.6243
n -0.9146 -0.3659 -0.172
n -0.7404 -0.2289 -0.6319
n -0.7404 -0.2289 -0.6319
n -0.9526 -0.2445 -0.181
n -0.7646 -0.1129 -0.6345
n -0.7646 -0.1129 -0.6345
n -0.9751 -0.1194 -0.1867
n -0.7737 0.0069 -0.6335
n -0.7737 0.125 -0.6211
n -0.7737 0.0069 -0.6335
n -0.973 0.1359 -0.1866
n -0.7569 0.2428 -0.6068
n -0.7737 0.125 -0.6211
n -0.949 0.2583 -0.181
n -0.7186 0.356 -0.5974
n -0.7569 0.2428 -0.6068
n -0.9094 0.3789 -0.1717
n -0.682 0.4639 -0.5653
n -0.7186 0.356 -0.5974
n -0.8554 0.493 -0.159
n -0.6 0.5633 -0.5681
n -0.682 0.4639 -0.5653
n -0.7872 0.5999 -0.1429
n -0.5329 0.6565 -0.5339
n -0.6 0.5633 -0.5681
n -0.7047 0.6986 -0.1237
n -0.4334 0.7314 -0.5265
n -0.5329 0.6565 -0.5339
n -0.6111 0.7849 -0.1022
n -0.3344 0.7993 -0.4993
n -0.4334 0.7314 -0.5265
n -0.5065 0.8587 -0.0781
n -0.222 0.8481 -0.4811
n -0.3344 0.7993 -0.4993
n -0.3931 0.918 -0.0521
n -0.1147 0.886 -0.4492
n -0.222 0.8481 -0.4811
n -0.2721 0.962 -0.0244
n 0.0083 0.9034 -0.4287
n -0.1147 0.886 -0.4492
n -0.1471 0.9891 0.0043
n 0.1283 0.9045 -0.4068
n 0.0083 0.9034 -0.4287
n -0.0175 0.9993 0.0332
n 0.2507 0.8867 -0.3884
n 0.1283 0.9045 -0.4068
n 0.1157 0.9913 0.0629
n 0.364 0.858 -0.3623
n 0.2507 0.8867 -0.3884
n 0.2443 0.9654 0.091
n 0.469 0.8146 -0.3412
n 0.364 0.858 -0.3623
n 0.3669 0.9228 0.1179
n 0.5743 0.7456 -0.3381
n 0.469 0.8146 -0.3412
n 0.485 0.8626 0.1438
n 0.6652 0.6745 -0.3203
n 0.5743 0.7456 -0.3381
n 0.5911 0.7892 0.1669
n 0.744 0.5947 -0.3045
n 0.6652 0.6745 -0.3203
n 0.6884 0.7008 0.1871
n 0.8126 0.5094 -0.2832
n 0.744 0.5947 -0.3045
n 0.7724 0.6012 0.2047
n 0.8687 0.4113 -0.2759
n 0.8126 0.5094 -0.2832
n 0.8426 0.4919 0.2194
n 0.9102 0.3105 -0.2742
n 0.8687 0.4113 -0.2759
n 0.8988 0.3727 0.2309
n 0.94 0.206 -0.2721
n 0.9102 0.3105 -0.2742
n 0.9381 0.2507 0.2389
n 0.9568 0.0998 -0.273
n 0.94 0.206 -0.2721
n 0.9618 0.125 0.2437
n 0.3119 0.0035 0.9501
n 0.1767 0.011 0.9842
n 0.1749 -0.0008 0.9846
n 0.3111 0.0436 0.9494
n 0.1758 0.0345 0.9838
n 0.1767 0.0236 0.984
n 0.3049 0.0868 0.9484
n 0.1725 0.0585 0.9833
n 0.1746 0.0474 0.9835
n 0.2913 0.1283 0.948
n 0.274 0.1677 0.947
n 0.1716 0.0744 0.9824
n 0.274 0.1677 0.947
n 0.2522 0.2047 0.9458
n 0.1671 0.0988 0.981
n 0.2522 0.2047 0.9458
n 0.2272 0.2369 0.9446
n 0.1575 0.1239 0.9797
n 0.2272 0.2369 0.9446
n 0.1983 0.2681 0.9428
n 0.1454 0.147 0.9784
n 0.1983 0.2681 0.9428
n 0.1616 0.2962 0.9414
n 0.1301 0.1687 0.977
n 0.1616 0.2962 0.9414
n 0.122 0.3175 0.9404
n 0.1078 0.1906 0.9757
n 0.122 0.3175 0.9404
n 0.0819 0.3331 0.9393
n 0.0845 0.209 0.9742
n 0.0819 0.3331 0.9393
n 0.0377 0.3469 0.9372
n 0.0592 0.2242 0.9728
n 0.0377 0.3469 0.9372
n -0.0096 0.3518 0.936
n 0.0311 0.2368 0.9711
n -0.0096 0.3518 0.936
n -0.0575 0.3526 0.934
n -0.0023 0.2458 0.9693
n -0.0575 0.3526 0.934
n -0.1031 0.348 0.9318
n -0.0352 0.2514 0.9672
n -0.1031 0.348 0.9318
n -0.0825 0.2466 0.9656
n -0.0667 0.2511 0.9657
n -0.1482 0.3381 0.9294
n -0.1133 0.2427 0.9635
n -0.1016 0.2455 0.964
n -0.1922 0.3231 0.9266
n -0.15 0.2321 0.9611
n -0.1343 0.2381 0.9619
n -0.2336 0.2981 0.9255
n -0.1853 0.2118 0.9596
n -0.1694 0.2222 0.9602
n -0.27 0.2643 0.9259
n -0.3022 0.23 0.9251
n -0.2003 0.1985 0.9594
n -0.3022 0.23 0.9251
n -0.3262 0.1901 0.926
n -0.2244 0.1725 0.9591
n -0.3262 0.1901 0.926
n -0.3503 0.1475 0.9249
n -0.2434 0.1422 0.9594
n -0.3503 0.1475 0.9249
n -0.3664 0.1022 0.9248
n -0.2616 0.1103 0.9588
n -0.3664 0.1022 0.9248
n -0.3724 0.0578 0.9263
n -0.2716 0.0728 0.9597
n -0.3724 0.0578 0.9263
n -0.3717 0.0104 0.9283
n -0.2713 0.0384 0.9617
n -0.3717 0.0104 0.9283
n -0.365 -0.036 0.9303
n -0.2654 0.0027 0.9641
n -0.365 -0.036 0.9303
n -0.3518 -0.082 0.9325
n -0.2544 -0.0301 0.9666
n -0.3518 -0.082 0.9325
n -0.3325 -0.1266 0.9346
n -0.2385 -0.0613 0.9692
n -0.3325 -0.1266 0.9346
n -0.3072 -0.1679 0.9367
n -0.2192 -0.0894 0.9716
n -0.3072 -0.1679 0.9367
n -0.1918 -0.1285 0.973
n -0.1993 -0.1158 0.9731
n -0.2777 -0.2045 0.9387
n -0.169 -0.1499 0.9742
n -0.1803 -0.1374 0.974
n -0.2463 -0.2375 0.9396
n -0.144 -0.1655 0.9756
n -0.1566 -0.1553 0.9754
n -0.1319 -0.1714 0.9763
n -0.1068 -0.1837 0.9772
n 0.0122 0.0 0.9999
n -0.173 -0.2903 0.9411
n -0.0932 -0.1906 0.9772
n -0.1068 -0.1837 0.9772
n -0.1321 -0.3091 0.9418
n -0.0668 -0.1983 0.9779
n -0.0804 -0.1933 0.9778
n -0.089 -0.3225 0.9424
n -0.0374 -0.2027 0.9785
n -0.0517 -0.2001 0.9784
n -0.044 -0.3298 0.943
n -0.0105 -0.2035 0.979
n -0.0249 -0.202 0.9791
n -0.0016 -0.3305 0.9438
n 0.0138 -0.2011 0.9795
n 0.001 -0.2016 0.9795
n 0.0395 -0.3269 0.9442
n 0.0386 -0.1952 0.98
n 0.0256 -0.1976 0.98
n 0.0827 -0.3179 0.9445
n 0.0616 -0.1865 0.9805
n 0.0505 -0.1905 0.9804
n 0.1244 -0.3033 0.9447
n 0.0905 -0.1755 0.9803
n 0.0762 -0.1809 0.9805
n 0.1595 -0.2815 0.9462
n 0.1079 -0.1602 0.9812
n 0.0985 -0.1673 0.981
n 0.1913 -0.2592 0.9467
n 0.1242 -0.1423 0.982
n 0.1142 -0.1513 0.9819
n 0.2215 -0.2297 0.9477
n 0.1377 -0.1229 0.9828
n 0.1304 -0.1324 0.9826
n 0.2481 -0.1979 0.9483
n 0.1493 -0.1026 0.9835
n 0.143 -0.1126 0.9833
n 0.2711 -0.1613 0.9489
n 0.1609 -0.0799 0.9837
n 0.1544 -0.0916 0.9838
n 0.2869 -0.1157 0.9509
n 0.1866 -0.0145 0.9823
n 0.1735 -0.0474 0.9837
n 0.2913 -0.0813 0.9532
n 0.1392 -0.065 0.9881
n 0.1535 -0.047 0.987
n 0.3087 -0.0419 0.9502
n 0.1702 -0.0162 0.9853
n 0.1608 -0.0349 0.9864
n 0.5999 -0.073 -0.7967
n -0.0563 0.1436 -0.988
n 0.5705 -0.1517 -0.8072
n 0.6372 -0.011 -0.7706
n -0.0718 0.0969 -0.9927
n 0.5999 -0.073 -0.7967
n 0.6283 -0.077 -0.7741
n -0.0713 0.0484 -0.9963
n 0.6372 -0.011 -0.7706
n 0.5797 -0.0337 -0.8141
n -0.061 -0.0004 -0.9981
n 0.6283 -0.077 -0.7741
n 0.5939 0.045 -0.8033
n -0.0537 -0.0461 -0.9975
n 0.5797 -0.0337 -0.8141
n 0.6344 0.1324 -0.7616
n -0.0401 -0.0897 -0.9952
n 0.5939 0.045 -0.8033
n 0.5905 0.103 -0.8004
n -0.0248 -0.1341 -0.9907
n 0.6344 0.1324 -0.7616
n 0.5481 0.1299 -0.8262
n 0.0158 -0.161 -0.9868
n 0.5905 0.103 -0.8004
n 0.4439 0.216 -0.8696
n 0.0396 -0.198 -0.9794
n 0.5481 0.1299 -0.8262
n 0.4704 0.3294 -0.8187
n 0.0723 -0.226 -0.9714
n 0.4439 0.216 -0.8696
n 0.5124 0.3128 -0.7998
n 0.1203 -0.232 -0.9652
n 0.4704 0.3294 -0.8187
n 0.4122 0.282 -0.8663
n 0.1622 -0.235 -0.9584
n 0.5124 0.3128 -0.7998
n 0.3573 0.3103 -0.8809
n 0.194 -0.2513 -0.9483
n 0.4122 0.282 -0.8663
n 0.3056 0.344 -0.8878
n 0.2306 -0.2529 -0.9396
n 0.3573 0.3103 -0.8809
n 0.3864 0.5325 -0.7531
n 0.2644 -0.2596 -0.9288
n 0.3056 0.344 -0.8878
n 0.3461 0.3052 -0.8872
n 0.2968 -0.2402 -0.9243
n 0.3864 0.5325 -0.7531
n 0.202 0.3991 -0.8944
n 0.3296 -0.2446 -0.9119
n 0.3461 0.3052 -0.8872
n 0.1434 0.418 -0.897
n 0.3562 -0.2199 -0.9082
n 0.202 0.3991 -0.8944
n 0.1226 0.3047 -0.9445
n 0.3831 -0.2102 -0.8995
n 0.1434 0.418 -0.897
n 0.0461 0.2828 -0.9581
n 0.4087 -0.198 -0.8909
n 0.1226 0.3047 -0.9445
n 0.0949 0.2333 -0.9678
n 0.4314 -0.1789 -0.8843
n 0.0461 0.2828 -0.9581
n 0.0353 0.1935 -0.9805
n 0.45 -0.1583 -0.8789
n 0.0949 0.2333 -0.9678
n 0.0791 0.1483 -0.9858
n 0.4743 -0.1423 -0.8688
n 0.0353 0.1935 -0.9805
n 0.0026 0.1353 -0.9908
n 0.4838 -0.1129 -0.8679
n 0.0791 0.1483 -0.9858
n -0.0386 0.0885 -0.9953
n 0.4864 -0.0818 -0.8699
n 0.0026 0.1353 -0.9908
n -0.129 0.0548 -0.9901
n 0.5087 -0.0622 -0.8587
n -0.0386 0.0885 -0.9953
n -0.0533 0.0545 -0.9971
n 0.5181 -0.0347 -0.8546
n -0.129 0.0548 -0.9901
n -0.071 -0.0497 -0.9962
n 0.5152 -0.0044 -0.857
n -0.0533 0.0545 -0.9971
n -0.0703 -0.0537 -0.9961
n 0.5118 0.0232 -0.8588
n -0.071 -0.0497 -0.9962
n -0.0413 -0.0881 -0.9953
n 0.5125 0.0549 -0.8569
n -0.0703 -0.0537 -0.9961
n 0.0244 -0.133 -0.9908
n 0.5088 0.0837 -0.8568
n -0.0413 -0.0881 -0.9953
n 0.0203 -0.1921 -0.9812
n 0.5061 0.1161 -0.8546
n 0.0244 -0.133 -0.9908
n -0.0422 -0.2462 -0.9683
n 0.4947 0.1495 -0.8561
n 0.0203 -0.1921 -0.9812
n 0.0367 -0.2689 -0.9625
n 0.4733 0.1765 -0.863
n -0.0422 -0.2462 -0.9683
n 0.0731 -0.2883 -0.9547
n 0.4529 0.2022 -0.8684
n 0.0367 -0.2689 -0.9625
n 0.0902 -0.3767 -0.9219
n 0.429 0.2266 -0.8744
n 0.0731 -0.2883 -0.9547
n 0.0868 -0.33 -0.94
n 0.4046 0.2733 -0.8727
n 0.0902 -0.3767 -0.9219
n 0.1753 -0.261 -0.9493
n 0.3701 0.2969 -0.8803
n 0.0868 -0.33 -0.94
n 0.3286 -0.3315 -0.8844
n 0.3325 0.3084 -0.8913
n 0.1753 -0.261 -0.9493
n 0.3686 -0.3361 -0.8667
n 0.2907 0.3306 -0.8979
n 0.3286 -0.3315 -0.8844
n 0.3138 -0.2661 -0.9115
n 0.2443 0.3391 -0.9085
n 0.3686 -0.3361 -0.8667
n 0.3999 -0.3304 -0.8549
n 0.1923 0.3456 -0.9185
n 0.3138 -0.2661 -0.9115
n 0.3951 -0.3834 -0.8348
n 0.1548 0.3268 -0.9323
n 0.3999 -0.3304 -0.8549
n 0.4143 -0.2851 -0.8643
n 0.1033 0.3199 -0.9418
n 0.3951 -0.3834 -0.8348
n 0.5133 -0.2689 -0.815
n 0.0657 0.2896 -0.9549
n 0.4143 -0.2851 -0.8643
n 0.0657 0.2896 -0.9549
n 0.5133 -0.2689 -0.815
n 0.0121 0.273 -0.9619
n 0.0121 0.273 -0.9619
n 0.5564 -0.2485 -0.7929
n -0.0048 0.2275 -0.9738
n 0.5705 -0.1517 -0.8072
n -0.0564 0.1954 -0.9791
n 0.5524 -0.2027 -0.8086
n -0.4644 0.0009 -0.8856
n -0.43 -0.1653 -0.8876
n -0.071 -0.0497 -0.9962
n -0.4809 0.1601 -0.862
n -0.4644 0.0009 -0.8856
n -0.129 0.0548 -0.9901
n -0.43 -0.1653 -0.8876
n -0.29 -0.3036 -0.9076
n -0.0413 -0.0881 -0.9953
n -0.29 -0.3036 -0.9076
n -0.3091 -0.4949 -0.8121
n 0.0203 -0.1921 -0.9812
n -0.3091 -0.4949 -0.8121
n -0.1307 -0.6452 -0.7528
n 0.0367 -0.2689 -0.9625
n -0.1307 -0.6452 -0.7528
n 0.0029 -0.6055 -0.7958
n 0.0902 -0.3767 -0.9219
n 0.0029 -0.6055 -0.7958
n 0.2766 -0.6361 -0.7204
n 0.1753 -0.261 -0.9493
n 0.2766 -0.6361 -0.7204
n 0.4069 -0.5816 -0.7044
n 0.3686 -0.3361 -0.8667
n 0.4069 -0.5816 -0.7044
n 0.4998 -0.6064 -0.6185
n 0.3999 -0.3304 -0.8549
n 0.4998 -0.6064 -0.6185
n 0.6971 -0.4806 -0.532
n 0.4143 -0.2851 -0.8643
n 0.6971 -0.4806 -0.532
n 0.7655 -0.3365 -0.5485
n 0.5564 -0.2485 -0.7929
n 0.7655 -0.3365 -0.5485
n 0.8569 -0.1348 -0.4976
n 0.5705 -0.1517 -0.8072
n 0.8569 -0.1348 -0.4976
n 0.8442 -0.0409 -0.5344
n 0.6372 -0.011 -0.7706
n 0.8442 -0.0409 -0.5344
n 0.846 0.2066 -0.4915
n 0.5797 -0.0337 -0.8141
n 0.846 0.2066 -0.4915
n 0.7684 0.2679 -0.5811
n 0.6344 0.1324 -0.7616
n 0.7684 0.2679 -0.5811
n 0.6401 0.462 -0.6139
n 0.5481 0.1299 -0.8262
n 0.6401 0.462 -0.6139
n 0.5756 0.5711 -0.5852
n 0.4704 0.3294 -0.8187
n 0.5756 0.5711 -0.5852
n 0.3777 0.627 -0.6813
n 0.4122 0.282 -0.8663
n 0.3777 0.627 -0.6813
n 0.2956 0.7537 -0.5869
n 0.3056 0.344 -0.8878
n 0.2956 0.7537 -0.5869
n -0.0343 0.744 -0.6673
n 0.3461 0.3052 -0.8872
n -0.0343 0.744 -0.6673
n -0.1538 0.6017 -0.7837
n 0.1434 0.418 -0.897
n -0.1538 0.6017 -0.7837
n -0.2282 0.4242 -0.8764
n 0.0461 0.2828 -0.9581
n -0.2619 0.2826 -0.9228
n -0.4809 0.1601 -0.862
n 0.0026 0.1353 -0.9908
n -0.2282 0.4242 -0.8764
n -0.2619 0.2826 -0.9228
n 0.0353 0.1935 -0.9805
n 0.274 0.1677 0.947
n 0.1671 0.0988 0.981
n 0.1727 0.0853 0.9813
n 0.2522 0.2047 0.9458
n 0.1575 0.1239 0.9797
n 0.1655 0.1107 0.98
n 0.2272 0.2369 0.9446
n 0.1454 0.147 0.9784
n 0.1542 0.136 0.9786
n 0.1983 0.2681 0.9428
n 0.1301 0.1687 0.977
n 0.1411 0.1577 0.9774
n 0.1616 0.2962 0.9414
n 0.1078 0.1906 0.9757
n 0.1213 0.1808 0.976
n 0.122 0.3175 0.9404
n 0.0845 0.209 0.9742
n 0.0989 0.2013 0.9745
n 0.0819 0.3331 0.9393
n 0.0592 0.2242 0.9728
n 0.0736 0.2183 0.9731
n 0.0377 0.3469 0.9372
n 0.0311 0.2368 0.9711
n 0.0496 0.2326 0.9713
n -0.0096 0.3518 0.936
n -0.0023 0.2458 0.9693
n 0.0156 0.2436 0.9697
n -0.0575 0.3526 0.934
n -0.0352 0.2514 0.9672
n -0.0161 0.2517 0.9677
n -0.0352 0.2514 0.9672
n -0.1031 0.348 0.9318
n -0.0667 0.2511 0.9657
n -0.3022 0.23 0.9251
n -0.2244 0.1725 0.9591
n -0.2145 0.1868 0.9587
n -0.3262 0.1901 0.926
n -0.2434 0.1422 0.9594
n -0.2341 0.1567 0.9595
n -0.3503 0.1475 0.9249
n -0.2616 0.1103 0.9588
n -0.2535 0.1303 0.9585
n -0.3664 0.1022 0.9248
n -0.2716 0.0728 0.9597
n -0.2696 0.0876 0.959
n -0.3724 0.0578 0.9263
n -0.2713 0.0384 0.9617
n -0.2716 0.0535 0.9609
n -0.3717 0.0104 0.9283
n -0.2654 0.0027 0.9641
n -0.2681 0.0177 0.9632
n -0.365 -0.036 0.9303
n -0.2544 -0.0301 0.9666
n -0.2591 -0.0167 0.9657
n -0.3518 -0.082 0.9325
n -0.2385 -0.0613 0.9692
n -0.2449 -0.0481 0.9684
n -0.3325 -0.1266 0.9346
n -0.2192 -0.0894 0.9716
n -0.2271 -0.0781 0.9707
n -0.3072 -0.1679 0.9367
n -0.1993 -0.1158 0.9731
n -0.2057 -0.1036 0.9731
n 0.3119 0.0035 0.9501
n 0.1767 0.0236 0.984
n 0.1767 0.011 0.9842
n 0.3111 0.0436 0.9494
n 0.1746 0.0474 0.9835
n 0.1758 0.0345 0.9838
n 0.3049 0.0868 0.9484
n 0.1716 0.0744 0.9824
n 0.1725 0.0585 0.9833
n -0.1031 0.348 0.9318
n -0.1016 0.2455 0.964
n -0.0825 0.2466 0.9656
n -0.1482 0.3381 0.9294
n -0.1343 0.2381 0.9619
n -0.1133 0.2427 0.9635
n -0.1922 0.3231 0.9266
n -0.1694 0.2222 0.9602
n -0.15 0.2321 0.9611
n -0.2336 0.2981 0.9255
n -0.2003 0.1985 0.9594
n -0.1853 0.2118 0.9596
n -0.3072 -0.1679 0.9367
n -0.1803 -0.1374 0.974
n -0.1918 -0.1285 0.973
n -0.2777 -0.2045 0.9387
n -0.1566 -0.1553 0.9754
n -0.169 -0.1499 0.9742
n -0.2463 -0.2375 0.9396
n -0.1319 -0.1714 0.9763
n -0.144 -0.1655 0.9756
n -0.1319 -0.1714 0.9763
n -0.2106 -0.2667 0.9405
n -0.1068 -0.1837 0.9772
n -0.173 -0.2903 0.9411
n -0.0804 -0.1933 0.9778
n -0.0932 -0.1906 0.9772
n -0.1321 -0.3091 0.9418
n -0.0517 -0.2001 0.9784
n -0.0668 -0.1983 0.9779
n -0.089 -0.3225 0.9424
n -0.0249 -0.202 0.9791
n -0.0374 -0.2027 0.9785
n -0.044 -0.3298 0.943
n 0.001 -0.2016 0.9795
n -0.0105 -0.2035 0.979
n -0.0016 -0.3305 0.9438
n 0.0256 -0.1976 0.98
n 0.0138 -0.2011 0.9795
n 0.0395 -0.3269 0.9442
n 0.0505 -0.1905 0.9804
n 0.0386 -0.1952 0.98
n 0.0827 -0.3179 0.9445
n 0.0762 -0.1809 0.9805
n 0.0616 -0.1865 0.9805
n 0.1244 -0.3033 0.9447
n 0.0985 -0.1673 0.981
n 0.0905 -0.1755 0.9803
n 0.1595 -0.2815 0.9462
n 0.1142 -0.1513 0.9819
n 0.1079 -0.1602 0.9812
n 0.1913 -0.2592 0.9467
n 0.1304 -0.1324 0.9826
n 0.1242 -0.1423 0.982
n 0.2215 -0.2297 0.9477
n 0.143 -0.1126 0.9833
n 0.1377 -0.1229 0.9828
n 0.2481 -0.1979 0.9483
n 0.1544 -0.0916 0.9838
n 0.1493 -0.1026 0.9835
n 0.2711 -0.1613 0.9489
n 0.1735 -0.0474 0.9837
n 0.1609 -0.0799 0.9837
n 0.2869 -0.1157 0.9509
n 0.1535 -0.047 0.987
n 0.1866 -0.0145 0.9823
n 0.2913 -0.0813 0.9532
n 0.1608 -0.0349 0.9864
n 0.1392 -0.065 0.9881
n 0.3087 -0.0419 0.9502
n 0.1749 -0.0008 0.9846
n 0.1702 -0.0162 0.9853
f 1/1/1  2/2/2  3/3/3  
f 4/4/4  5/5/5  6/6/6  
f 7/7/7  8/8/8  9/9/9  
f 10/10/10  11/11/11  12/12/12  
f 13/13/13  14/14/14  15/15/15  
f 16/16/16  17/17/17  18/18/18  
f 19/19/19  20/20/20  21/21/21  
f 22/22/22  23/23/23  24/24/24  
f 25/25/25  26/26/26  27/27/27  
f 28/28/28  29/29/29  30/30/30  
f 31/31/31  32/32/32  33/33/33  
f 34/34/34  35/35/35  36/36/36  
f 37/37/37  38/38/38  39/39/39  
f 40/40/40  41/41/41  42/42/42  
f 43/43/43  44/44/44  45/45/45  
f 46/46/46  47/47/47  48/48/48  
f 49/49/49  50/50/50  51/51/51  
f 52/52/52  53/53/53  54/54/54  
f 55/55/55  56/56/56  57/57/57  
f 58/58/58  59/59/59  60/60/60  
f 61/61/61  62/62/62  63/63/63  
f 64/64/64  65/65/65  66/66/66  
f 67/67/67  68/68/68  69/69/69  
f 70/70/70  71/71/71  72/72/72  
f 73/73/73  74/74/74  75/75/75  
f 76/76/76  77/77/77  78/78/78  
f 79/79/79  80/80/80  81/81/81  
f 82/82/82  83/83/83  84/84/84  
f 85/85/85  86/86/86  87/87/87  
f 88/88/88  89/89/89  90/90/90  
f 91/91/91  92/92/92  93/93/93  
f 94/94/94  95/95/95  96/96/96  
f 97/97/97  98/98/98  99/99/99  
f 100/100/100  101/101/101  102/102/102  
f 103/103/103  104/104/104  105/105/105  
f 106/106/106  107/107/107  108/108/108  
f 109/109/109  110/110/110  111/111/111  
f 112/112/112  113/113/113  114/114/114  
f 115/115/115  116/116/116  117/117/117  
f 118/118/118  119/119/119  120/120/120  
f 121/121/121  122/122/122  123/123/123  
f 124/124/124  125/125/125  126/126/126  
f 127/127/127  128/128/128  129/129/129  
f 130/130/130  131/131/131  132/132/132  
f 133/133/133  134/134/134  135/135/135  
f 136/136/136  137/137/137  138/138/138  
f 139/139/139  140/140/140  141/141/141  
f 142/142/142  143/143/143  144/144/144  
f 145/145/145  146/146/146  147/147/147  
f 148/148/148  149/149/149  150/150/150  
f 151/151/151  152/152/152  153/153/153  
f 154/154/154  155/155/155  156/156/156  
f 157/157/157  158/158/158  159/159/159  
f 160/160/160  161/161/161  162/162/162  
f 163/163/163  164/164/164  165/165/165  
f 166/166/166  167/167/167  168/168/168  
f 169/169/169  170/170/170  171/171/171  
f 172/172/172  173/173/173  174/174/174  
f 175/175/175  176/176/176  177/177/177  
f 178/178/178  179/179/179  180/180/180  
f 181/181/181  182/182/182  183/183/183  
f 184/184/184  185/185/185  186/186/186  
f 187/187/187  188/188/188  189/189/189  
f 190/190/190  191/191/191  192/192/192  
f 193/193/193  194/194/194  195/195/195  
f 196/196/196  197/197/197  198/198/198  
f 199/199/199  200/200/200  201/201/201  
f 202/202/202  203/203/203  204/204/204  
f 205/205/205  206/206/206  207/207/207  
f 208/208/208  209/209/209  210/210/210  
f 211/211/211  212/212/212  213/213/213  
f 214/214/214  215/215/215  216/216/216  
f 217/217/217  218/218/218  219/219/219  
f 220/220/220  221/221/221  222/222/222  
f 223/223/223  224/224/224  225/225/225  
f 226/226/226  227/227/227  228/228/228  
f 229/229/229  230/230/230  231/231/231  
f 232/232/232  233/233/233  234/234/234  
f 235/235/235  236/236/236  237/237/237  
f 238/238/238  239/239/239  240/240/240  
f 241/241/241  242/242/242  243/243/243  
f 244/244/244  245/245/245  246/246/246  
f 247/247/247  248/248/248  249/249/249  
f 250/250/250  251/251/251  252/252/252  
f 253/253/253  254/254/254  255/255/255  
f 256/256/256  257/257/257  258/258/258  
f 259/259/259  260/260/260  261/261/261  
f 262/262/262  263/263/263  264/264/264  
f 265/265/265  266/266/266  267/267/267  
f 268/268/268  269/269/269  270/270/270  
f 271/271/271  272/272/272  273/273/273  
f 274/274/274  275/275/275  276/276/276  
f 277/277/277  278/278/278  279/279/279  
f 280/280/280  281/281/281  282/282/282  
f 283/283/283  284/284/284  285/285/285  
f 286/286/286  287/287/287  288/288/288  
f 289/289/289  290/290/290  291/291/291  
f 292/292/292  293/293/293  294/294/294  
f 295/295/295  296/296/296  297/297/297  
f 298/298/298  299/299/299  300/300/300  
f 301/301/301  302/302/302  303/303/303  
f 304/304/304  305/305/305  306/306/306  
f 307/307/307  308/308/308  309/309/309  
f 310/310/310  311/311/311  312/312/312  
f 313/313/313  314/314/314  315/315/315  
f 316/316/316  317/317/317  318/318/318  
f 319/319/319  320/320/320  321/321/321  
f 322/322/322  323/323/323  324/324/324  
f 325/325/325  326/326/326  327/327/327  
f 328/328/328  329/329/329  330/330/330  
f 331/331/331  332/332/332  333/333/333  
f 334/334/334  335/335/335  336/336/336  
f 337/337/337  338/338/338  339/339/339  
f 340/340/340  341/341/341  342/342/342  
f 343/343/343  344/344/344  345/345/345  
f 346/346/346  347/347/347  348/348/348  
f 349/349/349  350/350/350  351/351/351  
f 352/352/352  353/353/353  354/354/354  
f 355/355/355  356/356/356  357/357/357  
f 358/358/358  359/359/359  360/360/360  
f 361/361/361  362/362/362  363/363/363  
f 364/364/364  365/365/365  366/366/366  
f 367/367/367  368/368/368  369/369/369  
f 370/370/370  371/371/371  372/372/372  
f 373/373/373  374/374/374  375/375/375  
f 376/376/376  377/377/377  378/378/378  
f 379/379/379  380/380/380  381/381/381  
f 382/382/382  383/383/383  384/384/384  
f 385/385/385  386/386/386  387/387/387  
f 388/388/388  389/389/389  390/390/390  
f 391/391/391  392/392/392  393/393/393  
f 394/394/394  395/395/395  396/396/396  
f 397/397/397  398/398/398  399/399/399  
f 400/400/400  401/401/401  402/402/402  
f 403/403/403  404/404/404  405/405/405  
f 406/406/406  407/407/407  408/408/408  
f 409/409/409  410/410/410  411/411/411  
f 412/412/412  413/413/413  414/414/414  
f 415/415/415  416/416/416  417/417/417  
f 418/418/418  419/419/419  420/420/420  
f 421/421/421  422/422/422  423/423/423  
f 424/424/424  425/425/425  426/426/426  
f 427/427/427  428/428/428  429/429/429  
f 430/430/430  431/431/431  432/432/432  
f 433/433/433  434/434/434  435/435/435  
f 436/436/436  437/437/437  438/438/438  
f 439/439/439  440/440/440  441/441/441  
f 442/442/442  443/443/443  444/444/444  
f 445/445/445  446/446/446  447/447/447  
f 448/448/448  449/449/449  450/450/450  
f 451/451/451  452/452/452  453/453/453  
f 454/454/454  455/455/455  456/456/456  
f 457/457/457  458/458/458  459/459/459  
f 460/460/460  461/461/461  462/462/462  
f 463/463/463  464/464/464  465/465/465  
f 466/466/466  467/467/467  468/468/468  
f 469/469/469  470/470/470  471/471/471  
f 472/472/472  473/473/473  474/474/474  
f 475/475/475  476/476/476  477/477/477  
f 478/478/478  479/479/479  480/480/480  
f 481/481/481  482/482/482  483/483/483  
f 484/484/484  485/485/485  486/486/486  
f 487/487/487  488/488/488  489/489/489  
f 490/490/490  491/491/491  492/492/492  
f 493/493/493  494/494/494  495/495/495  
f 496/496/496  497/497/497  498/498/498  
f 499/499/499  500/500/500  501/501/501  
f 502/502/502  503/503/503  504/504/504  
f 505/505/505  506/506/506  507/507/507  
f 508/508/508  509/509/509  510/510/510  
f 511/511/511  512/512/512  513/513/513  
f 514/514/514  515/515/515  516/516/516  
f 517/517/517  518/518/518  519/519/519  
f 520/520/520  521/521/521  522/522/522  
f 523/523/523  524/524/524  525/525/525  
f 526/526/526  527/527/527  528/528/528  
f 529/529/529  530/530/530  531/531/531  
f 532/532/532  533/533/533  534/534/534  
f 535/535/535  536/536/536  537/537/537  
f 538/538/538  539/539/539  540/540/540  
f 541/541/541  542/542/542  543/543/543  
f 544/544/544  545/545/545  546/546/546  
f 547/547/547  548/548/548  549/549/549  
f 550/550/550  551/551/551  552/552/552  
f 553/553/553  554/554/554  555/555/555  
f 556/556/556  557/557/557  558/558/558  
f 559/559/559  560/560/560  561/561/561  
f 562/562/562  563/563/563  564/564/564  
f 565/565/565  566/566/566  567/567/567  
f 568/568/568  569/569/569  570/570/570  
f 571/571/571  572/572/572  573/573/573  
f 574/574/574  575/575/575  576/576/576  
f 577/577/577  578/578/578  579/579/579  
f 580/580/580  581/581/581  582/582/582  
f 583/583/583  584/584/584  585/585/585  
f 586/586/586  587/587/587  588/588/588  
f 589/589/589  590/590/590  591/591/591  
f 592/592/592  593/593/593  594/594/594  
f 595/595/595  596/596/596  597/597/597  
f 598/598/598  599/599/599  600/600/600  
f 601/601/601  602/602/602  603/603/603  
f 604/604/604  605/605/605  606/606/606  
f 607/607/607  608/608/608  609/609/609  
f 610/610/610  611/611/611  612/612/612  
f 613/613/613  614/614/614  615/615/615  
f 616/616/616  617/617/617  618/618/618  
f 619/619/619  620/620/620  621/621/621  
f 622/622/622  623/623/623  624/624/624  
f 625/625/625  626/626/626  627/627/627  
f 628/628/628  629/629/629  630/630/630  
f 631/631/631  632/632/632  633/633/633  
f 634/634/634  635/635/635  636/636/636  
f 637/637/637  638/638/638  639/639/639  
f 640/640/640  641/641/641  642/642/642  
f 643/643/643  644/644/644  645/645/645  
f 646/646/646  647/647/647  648/648/648  
f 649/649/649  650/650/650  651/651/651  
f 652/652/652  653/653/653  654/654/654  
f 655/655/655  656/656/656  657/657/657  
f 658/658/658  659/659/659  660/660/660  
f 661/661/661  662/662/662  663/663/663  
f 664/664/664  665/665/665  666/666/666  
f 667/667/667  668/668/668  669/669/669  
f 670/670/670  671/671/671  672/672/672  
f 673/673/673  674/674/674  675/675/675  
f 676/676/676  677/677/677  678/678/678  
f 679/679/679  680/680/680  681/681/681  
f 682/682/682  683/683/683  684/684/684  
f 685/685/685  686/686/686  687/687/687  
f 688/688/688  689/689/689  690/690/690  
f 691/691/691  692/692/692  693/693/693  
f 694/694/694  695/695/695  696/696/696  
f 697/697/697  698/698/698  699/699/699  
f 700/700/700  701/701/701  702/702/702  
f 703/703/703  704/704/704  705/705/705  
f 706/706/706  707/707/707  708/708/708  
f 709/709/709  710/710/710  711/711/711  
f 712/712/712  713/713/713  714/714/714  
f 715/715/715  716/716/716  717/717/717  
f 718/718/718  719/719/719  720/720/720  
f 721/721/721  722/722/722  723/723/723  
f 724/724/724  725/725/725  726/726/726  
f 727/727/727  728/728/728  729/729/729  
f 730/730/730  731/731/731  732/732/732  
f 733/733/733  734/734/734  735/735/735  
f 736/736/736  737/737/737  738/738/738  
f 739/739/739  740/740/740  741/741/741  
f 742/742/742  743/743/743  744/744/744  
f 745/745/745  746/746/746  747/747/747  
f 748/748/748  749/749/749  750/750/750  
f 751/751/751  752/752/752  753/753/753  
f 754/754/754  755/755/755  756/756/756  
f 757/757/757  758/758/758  759/759/759  
f 760/760/760  761/761/761  762/762/762  
f 763/763/763  764/764/764  765/765/765  
f 766/766/766  767/767/767  768/768/768  
f 769/769/769  770/770/770  771/771/771  
f 772/772/772  773/773/773  774/774/774  
f 775/775/775  776/776/776  777/777/777  
f 778/778/778  779/779/779  780/780/780  
f 781/781/781  782/782/782  783/783/783  
f 784/784/784  785/785/785  786/786/786  
f 787/787/787  788/788/788  789/789/789  
f 790/790/790  791/791/791  792/792/792  
f 793/793/793  794/794/794  795/795/795  
f 796/796/796  797/797/797  798/798/798  
f 799/799/799  800/800/800  801/801/801  
f 802/802/802  803/803/803  804/804/804  
f 805/805/805  806/806/806  807/807/807  
f 808/808/808  809/809/809  810/810/810  
f 811/811/811  812/812/812  813/813/813  
f 814/814/814  815/815/815  816/816/816  
f 817/817/817  818/818/818  819/819/819  
f 820/820/820  821/821/821  822/822/822  
f 823/823/823  824/824/824  825/825/825  
f 826/826/826  827/827/827  828/828/828  
f 829/829/829  830/830/830  831/831/831  
f 832/832/832  833/833/833  834/834/834  
f 835/835/835  836/836/836  837/837/837  
f 838/838/838  839/839/839  840/840/840  
f 841/841/841  842/842/842  843/843/843  
f 844/844/844  845/845/845  846/846/846  
f 847/847/847  848/848/848  849/849/849  
f 850/850/850  851/851/851  852/852/852  
f 853/853/853  854/854/854  855/855/855  
f 856/856/856  857/857/857  858/858/858  
f 859/859/859  860/860/860  861/861/861  
f 862/862/862  863/863/863  864/864/864  
f 865/865/865  866/866/866  867/867/867  
f 868/868/868  869/869/869  870/870/870  
f 871/871/871  872/872/872  873/873/873  
f 874/874/874  875/875/875  876/876/876  
f 877/877/877  878/878/878  879/879/879  
f 880/880/880  881/881/881  882/882/882  
f 883/883/883  884/884/884  885/885/885  
f 886/886/886  887/887/887  888/888/888  
f 889/889/889  890/890/890  891/891/891  
f 892/892/892  893/893/893  894/894/894  
f 895/895/895  896/896/896  897/897/897  
f 898/898/898  899/899/899  900/900/900  
f 901/901/901  902/902/902  903/903/903  
f 904/904/904  905/905/905  906/906/906  
f 907/907/907  908/908/908  909/909/909  
f 910/910/910  911/911/911  912/912/912  
f 913/913/913  914/914/914  915/915/915  
f 916/916/916  917/917/917  918/918/918  
f 919/919/919  920/920/920  921/921/921  
f 922/922/922  923/923/923  924/924/924  
f 925/925/925  926/926/926  927/927/927  
f 928/928/928  929/929/929  930/930/930  
f 931/931/931  932/932/932  933/933/933  
f 934/934/934  935/935/935  936/936/936  
f 937/937/937  938/938/938  939/939/939  
f 940/940/940  941/941/941  942/942/942  
f 943/943/943  944/944/944  945/945/945  
f 946/946/946  947/947/947  948/948/948  
f 949/949/949  950/950/950  951/951/951  
f 952/952/952  953/953/953  954/954/954  
f 955/955/955  956/956/956  957/957/957  
f 958/958/958  959/959/959  960/960/960  
f 961/961/961  962/962/962  963/963/963  
f 964/964/964  965/965/965  966/966/966  
f 967/967/967  968/968/968  969/969/969  
f 970/970/970  971/971/971  972/972/972  
f 973/973/973  974/974/974  975/975/975  
f 976/976/976  977/977/977  978/978/978  
f 979/979/979  980/980/980  981/981/981  
f 982/982/982  983/983/983  984/984/984  
f 985/985/985  986/986/986  987/987/987  
f 988/988/988  989/989/989  990/990/990  
f 991/991/991  992/992/992  993/993/993  
f 994/994/994  995/995/995  996/996/996  
f 997/997/997  998/998/998  999/999/999  
f 1000/1000/1000  1001/1001/1001  1002/1002/1002  
f 1003/1003/1003  1004/1004/1004  1005/1005/1005  
f 1006/1006/1006  1007/1007/1007  1008/1008/1008  
f 1009/1009/1009  1010/1010/1010  1011/1011/1011  
f 1012/1012/1012  1013/1013/1013  1014/1014/1014  
f 1015/1015/1015  1016/1016/1016  1017/1017/1017  
f 1018/1018/1018  1019/1019/1019  1020/1020/1020  
f 1021/1021/1021  1022/1022/1022  1023/1023/1023  
f 1024/1024/1024  1025/1025/1025  1026/1026/1026  
f 1027/1027/1027  1028/1028/1028  1029/1029/1029  
f 1030/1030/1030  1031/1031/1031  1032/1032/1032  
f 1033/1033/1033  1034/1034/1034  1035/1035/1035  
f 1036/1036/1036  1037/1037/1037  1038/1038/1038  
f 1039/1039/1039  1040/1040/1040  1041/1041/1041  
f 1042/1042/1042  1043/1043/1043  1044/1044/1044  
f 1045/1045/1045  1046/1046/1046  1047/1047/1047  
f 1048/1048/1048  1049/1049/1049  1050/1050/1050  
f 1051/1051/1051  1052/1052/1052  1053/1053/1053  
f 1054/1054/1054  1055/1055/1055  1056/1056/1056  
f 1057/1057/1057  1058/1058/1058  1059/1059/1059  
f 1060/1060/1060  1061/1061/1061  1062/1062/1062  
f 1063/1063/1063  1064/1064/1064  1065/1065/1065  
f 1066/1066/1066  1067/1067/1067  1068/1068/1068  
f 1069/1069/1069  1070/1070/1070  1071/1071/1071  
f 1072/1072/1072  1073/1073/1073  1074/1074/1074  
f 1075/1075/1075  1076/1076/1076  1077/1077/1077  
f 1078/1078/1078  1079/1079/1079  1080/1080/1080  
f 1081/1081/1081  1082/1082/1082  1083/1083/1083  
f 1084/1084/1084  1085/1085/1085  1086/1086/1086  
f 1087/1087/1087  1088/1088/1088  1089/1089/1089  
f 1090/1090/1090  1091/1091/1091  1092/1092/1092  
f 1093/1093/1093  1094/1094/1094  1095/1095/1095  
f 1096/1096/1096  1097/1097/1097  1098/1098/1098  
f 1099/1099/1099  1100/1100/1100  1101/1101/1101  
f 1102/1102/1102  1103/1103/1103  1104/1104/1104  
f 1105/1105/1105  1106/1106/1106  1107/1107/1107  
f 1108/1108/1108  1109/1109/1109  1110/1110/1110  
f 1111/1111/1111  1112/1112/1112  1113/1113/1113  
f 1114/1114/1114  1115/1115/1115  1116/1116/1116  
f 1117/1117/1117  1118/1118/1118  1119/1119/1119  
f 1120/1120/1120  1121/1121/1121  1122/1122/1122  
f 1123/1123/1123  1124/1124/1124  1125/1125/1125  
f 1126/1126/1126  1127/1127/1127  1128/1128/1128  
f 1129/1129/1129  1130/1130/1130  1131/1131/1131  
f 1132/1132/1132  1133/1133/1133  1134/1134/1134  
f 1135/1135/1135  1136/1136/1136  1137/1137/1137  
f 1138/1138/1138  1139/1139/1139  1140/1140/1140  
f 1141/1141/1141  1142/1142/1142  1143/1143/1143  
f 1144/1144/1144  1145/1145/1145  1146/1146/1146  
f 1147/1147/1147  1148/1148/1148  1149/1149/1149  
f 1150/1150/1150  1151/1151/1151  1152/1152/1152  
f 1153/1153/1153  1154/1154/1154  1155/1155/1155  
f 1156/1156/1156  1157/1157/1157  1158/1158/1158  
f 1159/1159/1159  1160/1160/1160  1161/1161/1161  
f 1162/1162/1162  1163/1163/1163  1164/1164/1164  
f 1165/1165/1165  1166/1166/1166  1167/1167/1167  
f 1168/1168/1168  1169/1169/1169  1170/1170/1170  
f 1171/1171/1171  1172/1172/1172  1173/1173/1173  
f 1174/1174/1174  1175/1175/1175  1176/1176/1176  
f 1177/1177/1177  1178/1178/1178  1179/1179/1179  
f 1180/1180/1180  1181/1181/1181  1182/1182/1182  
f 1183/1183/1183  1184/1184/1184  1185/1185/1185  
f 1186/1186/1186  1187/1187/1187  1188/1188/1188  
f 1189/1189/1189  1190/1190/1190  1191/1191/1191  
f 1192/1192/1192  1193/1193/1193  1194/1194/1194  
f 1195/1195/1195  1196/1196/1196  1197/1197/1197  
f 1198/1198/1198  1199/1199/1199  1200/1200/1200  
f 1201/1201/1201  1202/1202/1202  1203/1203/1203  
f 1204/1204/1204  1205/1205/1205  1206/1206/1206  
f 1207/1207/1207  1208/1208/1208  1209/1209/1209  
f 1210/1210/1210  1211/1211/1211  1212/1212/1212  
f 1213/1213/1213  1214/1214/1214  1215/1215/1215  
f 1216/1216/1216  1217/1217/1217  1218/1218/1218  
f 1219/1219/1219  1220/1220/1220  1221/1221/1221  
f 1222/1222/1222  1223/1223/1223  1224/1224/1224  
f 1225/1225/1225  1226/1226/1226  1227/1227/1227  
f 1228/1228/1228  1229/1229/1229  1230/1230/1230  
f 1231/1231/1231  1232/1232/1232  1233/1233/1233  
f 1234/1234/1234  1235/1235/1235  1236/1236/1236  
f 1237/1237/1237  1238/1238/1238  1239/1239/1239  
f 1240/1240/1240  1241/1241/1241  1242/1242/1242  
f 1243/1243/1243  1244/1244/1244  1245/1245/1245  
f 1246/1246/1246  1247/1247/1247  1248/1248/1248  
f 1249/1249/1249  1250/1250/1250  1251/1251/1251  
f 1252/1252/1252  1253/1253/1253  1254/1254/1254  
f 1255/1255/1255  1256/1256/1256  1257/1257/1257  
f 1258/1258/1258  1259/1259/1259  1260/1260/1260  
f 1261/1261/1261  1262/1262/1262  1263/1263/1263  
f 1264/1264/1264  1265/1265/1265  1266/1266/1266  
f 1267/1267/1267  1268/1268/1268  1269/1269/1269  
f 1270/1270/1270  1271/1271/1271  1272/1272/1272  
f 1273/1273/1273  1274/1274/1274  1275/1275/1275  
f 1276/1276/1276  1277/1277/1277  1278/1278/1278  
f 1279/1279/1279  1280/1280/1280  1281/1281/1281  
f 1282/1282/1282  1283/1283/1283  1284/1284/1284  
f 1285/1285/1285  1286/1286/1286  1287/1287/1287  
f 1288/1288/1288  1289/1289/1289  1290/1290/1290  
f 1291/1291/1291  1292/1292/1292  1293/1293/1293  
f 1294/1294/1294  1295/1295/1295  1296/1296/1296  
f 1297/1297/1297  1298/1298/1298  1299/1299/1299  
f 1300/1300/1300  1301/1301/1301  1302/1302/1302  
f 1303/1303/1303  1304/1304/1304  1305/1305/1305  
f 1306/1306/1306  1307/1307/1307  1308/1308/1308  
f 1309/1309/1309  1310/1310/1310  1311/1311/1311  
f 1312/1312/1312  1313/1313/1313  1314/1314/1314  
f 1315/1315/1315  1316/1316/1316  1317/1317/1317  
f 1318/1318/1318  1319/1319/1319  1320/1320/1320  
f 1321/1321/1321  1322/1322/1322  1323/1323/1323  
f 1324/1324/1324  1325/1325/1325  1326/1326/1326  
f 1327/1327/1327  1328/1328/1328  1329/1329/1329  
f 1330/1330/1330  1331/1331/1331  1332/1332/1332  
f 1333/1333/1333  1334/1334/1334  1335/1335/1335  
f 1336/1336/1336  1337/1337/1337  1338/1338/1338  
f 1339/1339/1339  1340/1340/1340  1341/1341/1341  
f 1342/1342/1342  1343/1343/1343  1344/1344/1344  
f 1345/1345/1345  1346/1346/1346  1347/1347/1347  
f 1348/1348/1348  1349/1349/1349  1350/1350/1350  
f 1351/1351/1351  1352/1352/1352  1353/1353/1353  
f 1354/1354/1354  1355/1355/1355  1356/1356/1356  
f 1357/1357/1357  1358/1358/1358  1359/1359/1359  
f 1360/1360/1360  1361/1361/1361  1362/1362/1362  
f 1363/1363/1363  1364/1364/1364  1365/1365/1365  
f 1366/1366/1366  1367/1367/1367  1368/1368/1368  
f 1369/1369/1369  1370/1370/1370  1371/1371/1371  
f 1372/1372/1372  1373/1373/1373  1374/1374/1374  
f 1375/1375/1375  1376/1376/1376  1377/1377/1377  
f 1378/1378/1378  1379/1379/1379  1380/1380/1380  
f 1381/1381/1381  1382/1382/1382  1383/1383/1383  
f 1384/1384/1384  1385/1385/1385  1386/1386/1386  
f 1387/1387/1387  1388/1388/1388  1389/1389/1389  
f 1390/1390/1390  1391/1391/1391  1392/1392/1392  
f 1393/1393/1393  1394/1394/1394  1395/1395/1395  
f 1396/1396/1396  1397/1397/1397  1398/1398/1398  
f 1399/1399/1399  1400/1400/1400  1401/1401/1401  
f 1402/1402/1402  1403/1403/1403  1404/1404/1404  
f 1405/1405/1405  1406/1406/1406  1407/1407/1407  
f 1408/1408/1408  1409/1409/1409  1410/1410/1410  
f 1411/1411/1411  1412/1412/1412  1413/1413/1413  
f 1414/1414/1414  1415/1415/1415  1416/1416/1416  
f 1417/1417/1417  1418/1418/1418  1419/1419/1419  
f 1420/1420/1420  1421/1421/1421  1422/1422/1422  
f 1423/1423/1423  1424/1424/1424  1425/1425/1425  
f 1426/1426/1426  1427/1427/1427  1428/1428/1428  
f 1429/1429/1429  1430/1430/1430  1431/1431/1431  
f 1432/1432/1432  1433/1433/1433  1434/1434/1434  
f 1435/1435/1435  1436/1436/1436  1437/1437/1437  
f 1438/1438/1438  1439/1439/1439  1440/1440/1440  
f 1441/1441/1441  1442/1442/1442  1443/1443/1443  
f 1444/1444/1444  1445/1445/1445  1446/1446/1446  
f 1447/1447/1447  1448/1448/1448  1449/1449/1449  
f 1450/1450/1450  1451/1451/1451  1452/1452/1452  
f 1453/1453/1453  1454/1454/1454  1455/1455/1455  
f 1456/1456/1456  1457/1457/1457  1458/1458/1458  
f 1459/1459/1459  1460/1460/1460  1461/1461/1461  
f 1462/1462/1462  1463/1463/1463  1464/1464/1464  
f 1465/1465/1465  1466/1466/1466  1467/1467/1467  
f 1468/1468/1468  1469/1469/1469  1470/1470/1470  
f 1471/1471/1471  1472/1472/1472  1473/1473/1473  
f 1474/1474/1474  1475/1475/1475  1476/1476/1476  
f 1477/1477/1477  1478/1478/1478  1479/1479/1479  
f 1480/1480/1480  1481/1481/1481  1482/1482/1482  
f 1483/1483/1483  1484/1484/1484  1485/1485/1485  
f 1486/1486/1486  1487/1487/1487  1488/1488/1488  
f 1489/1489/1489  1490/1490/1490  1491/1491/1491  
f 1492/1492/1492  1493/1493/1493  1494/1494/1494  
f 1495/1495/1495  1496/1496/1496  1497/1497/1497  
f 1498/1498/1498  1499/1499/1499  1500/1500/1500  
f 1501/1501/1501  1502/1502/1502  1503/1503/1503  
f 1504/1504/1504  1505/1505/1505  1506/1506/1506  
f 1507/1507/1507  1508/1508/1508  1509/1509/1509  
f 1510/1510/1510  1511/1511/1511  1512/1512/1512  
f 1513/1513/1513  1514/1514/1514  1515/1515/1515  
f 1516/1516/1516  1517/1517/1517  1518/1518/1518  
f 1519/1519/1519  1520/1520/1520  1521/1521/1521  
f 1522/1522/1522  1523/1523/1523  1524/1524/1524  
f 1525/1525/1525  1526/1526/1526  1527/1527/1527  
f 1528/1528/1528  1529/1529/1529  1530/1530/1530  
f 1531/1531/1531  1532/1532/1532  1533/1533/1533  
f 1534/1534/1534  1535/1535/1535  1536/1536/1536  
f 1537/1537/1537  1538/1538/1538  1539/1539/1539  
f 1540/1540/1540  1541/1541/1541  1542/1542/1542  
f 1543/1543/1543  1544/1544/1544  1545/1545/1545  
f 1546/1546/1546  1547/1547/1547  1548/1548/1548  
f 1549/1549/1549  1550/1550/1550  1551/1551/1551  
f 1552/1552/1552  1553/1553/1553  1554/1554/1554  
f 1555/1555/1555  1556/1556/1556  1557/1557/1557  
f 1558/1558/1558  1559/1559/1559  1560/1560/1560  
f 1561/1561/1561  1562/1562/1562  1563/1563/1563  
f 1564/1564/1564  1565/1565/1565  1566/1566/1566  
f 1567/1567/1567  1568/1568/1568  1569/1569/1569  
f 1570/1570/1570  1571/1571/1571  1572/1572/1572  
f 1573/1573/1573  1574/1574/1574  1575/1575/1575  
f 1576/1576/1576  1577/1577/1577  1578/1578/1578  
f 1579/1579/1579  1580/1580/1580  1581/1581/1581  
f 1582/1582/1582  1583/1583/1583  1584/1584/1584  
f 1585/1585/1585  1586/1586/1586  1587/1587/1587  
f 1588/1588/1588  1589/1589/1589  1590/1590/1590  
f 1591/1591/1591  1592/1592/1592  1593/1593/1593  
f 1594/1594/1594  1595/1595/1595  1596/1596/1596  
f 1597/1597/1597  1598/1598/1598  1599/1599/1599  
f 1600/1600/1600  1601/1601/1601  1602/1602/1602  
f 1603/1603/1603  1604/1604/1604  1605/1605/1605  
f 1606/1606/1606  1607/1607/1607  1608/1608/1608  
f 1609/1609/1609  1610/1610/1610  1611/1611/1611  
f 1612/1612/1612  1613/1613/1613  1614/1614/1614  
f 1615/1615/1615  1616/1616/1616  1617/1617/1617  
f 1618/1618/1618  1619/1619/1619  1620/1620/1620  
f 1621/1621/1621  1622/1622/1622  1623/1623/1623  
f 1624/1624/1624  1625/1625/1625  1626/1626/1626  
f 1627/1627/1627  1628/1628/1628  1629/1629/1629  
f 1630/1630/1630  1631/1631/1631  1632/1632/1632  
f 1633/1633/1633  1634/1634/1634  1635/1635/1635  
f 1636/1636/1636  1637/1637/1637  1638/1638/1638  
f 1639/1639/1639  1640/1640/1640  1641/1641/1641  
f 1642/1642/1642  1643/1643/1643  1644/1644/1644  
f 1645/1645/1645  1646/1646/1646  1647/1647/1647  
f 1648/1648/1648  1649/1649/1649  1650/1650/1650  
f 1651/1651/1651  1652/1652/1652  1653/1653/1653  
f 1654/1654/1654  1655/1655/1655  1656/1656/1656  
f 1657/1657/1657  1658/1658/1658  1659/1659/1659  
f 1660/1660/1660  1661/1661/1661  1662/1662/1662  
f 1663/1663/1663  1664/1664/1664  1665/1665/1665  
f 1666/1666/1666  1667/1667/1667  1668/1668/1668  
f 1669/1669/1669  1670/1670/1670  1671/1671/1671  
f 1672/1672/1672  1673/1673/1673  1674/1674/1674  
f 1675/1675/1675  1676/1676/1676  1677/1677/1677  
f 1678/1678/1678  1679/1679/1679  1680/1680/1680  
f 1681/1681/1681  1682/1682/1682  1683/1683/1683  
f 1684/1684/1684  1685/1685/1685  1686/1686/1686  
f 1687/1687/1687  1688/1688/1688  1689/1689/1689  
f 1690/1690/1690  1691/1691/1691  1692/1692/1692  
f 1693/1693/1693  1694/1694/1694  1695/1695/1695  
f 1696/1696/1696  1697/1697/1697  1698/1698/1698  
f 1699/1699/1699  1700/1700/1700  1701/1701/1701  
f 1702/1702/1702  1703/1703/1703  1704/1704/1704  
f 1705/1705/1705  1706/1706/1706  1707/1707/1707  
f 1708/1708/1708  1709/1709/1709  1710/1710/1710  
f 1711/1711/1711  1712/1712/1712  1713/1713/1713  
f 1714/1714/1714  1715/1715/1715  1716/1716/1716  
f 1717/1717/1717  1718/1718/1718  1719/1719/1719  
f 1720/1720/1720  1721/1721/1721  1722/1722/1722  
f 1723/1723/1723  1724/1724/1724  1725/1725/1725  
f 1726/1726/1726  1727/1727/1727  1728/1728/1728  
f 1729/1729/1729  1730/1730/1730  1731/1731/1731  
f 1732/1732/1732  1733/1733/1733  1734/1734/1734  
f 1735/1735/1735  1736/1736/1736  1737/1737/1737  
f 1738/1738/1738  1739/1739/1739  1740/1740/1740  
f 1741/1741/1741  1742/1742/1742  1743/1743/1743  
f 1744/1744/1744  1745/1745/1745  1746/1746/1746  
f 1747/1747/1747  1748/1748/1748  1749/1749/1749  
f 1750/1750/1750  1751/1751/1751  1752/1752/1752  
f 1753/1753/1753  1754/1754/1754  1755/1755/1755  
f 1756/1756/1756  1757/1757/1757  1758/1758/1758  
f 1759/1759/1759  1760/1760/1760  1761/1761/1761  
f 1762/1762/1762  1763/1763/1763  1764/1764/1764  
f 1765/1765/1765  1766/1766/1766  1767/1767/1767  
f 1768/1768/1768  1769/1769/1769  1770/1770/1770  
f 1771/1771/1771  1772/1772/1772  1773/1773/1773  
f 1774/1774/1774  1775/1775/1775  1776/1776/1776  
f 1777/1777/1777  1778/1778/1778  1779/1779/1779  
f 1780/1780/1780  1781/1781/1781  1782/1782/1782  
f 1783/1783/1783  1784/1784/1784  1785/1785/1785  
f 1786/1786/1786  1787/1787/1787  1788/1788/1788  
f 1789/1789/1789  1790/1790/1790  1791/1791/1791  
f 1792/1792/1792  1793/1793/1793  1794/1794/1794  
f 1795/1795/1795  1796/1796/1796  1797/1797/1797  
f 1798/1798/1798  1799/1799/1799  1800/1800/1800  
f 1801/1801/1801  1802/1802/1802  1803/1803/1803  
f 1804/1804/1804  1805/1805/1805  1806/1806/1806  
f 1807/1807/1807  1808/1808/1808  1809/1809/1809  
f 1810/1810/1810  1811/1811/1811  1812/1812/1812  
f 1813/1813/1813  1814/1814/1814  1815/1815/1815  
f 1816/1816/1816  1817/1817/1817  1818/1818/1818  
f 1819/1819/1819  1820/1820/1820  1821/1821/1821  
f 1822/1822/1822  1823/1823/1823  1824/1824/1824  
f 1825/1825/1825  1826/1826/1826  1827/1827/1827  
f 1828/1828/1828  1829/1829/1829  1830/1830/1830  
f 1831/1831/1831  1832/1832/1832  1833/1833/1833  
f 1834/1834/1834  1835/1835/1835  1836/1836/1836  
f 1837/1837/1837  1838/1838/1838  1839/1839/1839  
f 1840/1840/1840  1841/1841/1841  1842/1842/1842  
f 1843/1843/1843  1844/1844/1844  1845/1845/1845  
f 1846/1846/1846  1847/1847/1847  1848/1848/1848  
f 1849/1849/1849  1850/1850/1850  1851/1851/1851  
f 1852/1852/1852  1853/1853/1853  1854/1854/1854  
f 1855/1855/1855  1856/1856/1856  1857/1857/1857  
f 1858/1858/1858  1859/1859/1859  1860/1860/1860  
f 1861/1861/1861  1862/1862/1862  1863/1863/1863  
f 1864/1864/1864  1865/1865/1865  1866/1866/1866  
f 1867/1867/1867  1868/1868/1868  1869/1869/1869  
f 1870/1870/1870  1871/1871/1871  1872/1872/1872  
f 1873/1873/1873  1874/1874/1874  1875/1875/1875  
f 1876/1876/1876  1877/1877/1877  1878/1878/1878  
f 1879/1879/1879  1880/1880/1880  1881/1881/1881  
f 1882/1882/1882  1883/1883/1883  1884/1884/1884  
f 1885/1885/1885  1886/1886/1886  1887/1887/1887  
f 1888/1888/1888  1889/1889/1889  1890/1890/1890  
f 1891/1891/1891  1892/1892/1892  1893/1893/1893  
f 1894/1894/1894  1895/1895/1895  1896/1896/1896  
f 1897/1897/1897  1898/1898/1898  1899/1899/1899  
f 1900/1900/1900  1901/1901/1901  1902/1902/1902  
f 1903/1903/1903  1904/1904/1904  1905/1905/1905  
f 1906/1906/1906  1907/1907/1907  1908/1908/1908  
f 1909/1909/1909  1910/1910/1910  1911/1911/1911  
f 1912/1912/1912  1913/1913/1913  1914/1914/1914  
f 1915/1915/1915  1916/1916/1916  1917/1917/1917  
f 1918/1918/1918  1919/1919/1919  1920/1920/1920  
f 1921/1921/1921  1922/1922/1922  1923/1923/1923  
f 1924/1924/1924  1925/1925/1925  1926/1926/1926  
f 1927/1927/1927  1928/1928/1928  1929/1929/1929  
f 1930/1930/1930  1931/1931/1931  1932/1932/1932  
f 1933/1933/1933  1934/1934/1934  1935/1935/1935  
f 1936/1936/1936  1937/1937/1937  1938/1938/1938  
f 1939/1939/1939  1940/1940/1940  1941/1941/1941  
f 1942/1942/1942  1943/1943/1943  1944/1944/1944  
f 1945/1945/1945  1946/1946/1946  1947/1947/1947  
f 1948/1948/1948  1949/1949/1949  1950/1950/1950  
f 1951/1951/1951  1952/1952/1952  1953/1953/1953  
f 1954/1954/1954  1955/1955/1955  1956/1956/1956  
f 1957/1957/1957  1958/1958/1958  1959/1959/1959  
f 1960/1960/1960  1961/1961/1961  1962/1962/1962  
f 1963/1963/1963  1964/1964/1964  1965/1965/1965  
f 1966/1966/1966  1967/1967/1967  1968/1968/1968  
f 1969/1969/1969  1970/1970/1970  1971/1971/1971  
f 1972/1972/1972  1973/1973/1973  1974/1974/1974  
f 1975/1975/1975  1976/1976/1976  1977/1977/1977  
f 1978/1978/1978  1979/1979/1979  1980/1980/1980  
f 1981/1981/1981  1982/1982/1982  1983/1983/1983  
f 1984/1984/1984  1985/1985/1985  1986/1986/1986  
f 1987/1987/1987  1988/1988/1988  1989/1989/1989  
f 1990/1990/1990  1991/1991/1991  1992/1992/1992  
f 1993/1993/1993  1994/1994/1994  1995/1995/1995  
f 1996/1996/1996  1997/1997/1997  1998/1998/1998  
f 1999/1999/1999  2000/2000/2000  2001/2001/2001  
f 2002/2002/2002  2003/2003/2003  2004/2004/2004  
f 2005/2005/2005  2006/2006/2006  2007/2007/2007  
f 2008/2008/2008  2009/2009/2009  2010/2010/2010  
f 2011/2011/2011  2012/2012/2012  2013/2013/2013  
f 2014/2014/2014  2015/2015/2015  2016/2016/2016  
f 2017/2017/2017  2018/2018/2018  2019/2019/2019  
f 2020/2020/2020  2021/2021/2021  2022/2022/2022  
f 2023/2023/2023  2024/2024/2024  2025/2025/2025  
f 2026/2026/2026  2027/2027/2027  2028/2028/2028  
f 2029/2029/2029  2030/2030/2030  2031/2031/2031  
f 2032/2032/2032  2033/2033/2033  2034/2034/2034  
f 2035/2035/2035  2036/2036/2036  2037/2037/2037  
f 2038/2038/2038  2039/2039/2039  2040/2040/2040  
f 2041/2041/2041  2042/2042/2042  2043/2043/2043  
f 2044/2044/2044  2045/2045/2045  2046/2046/2046  
f 2047/2047/2047  2048/2048/2048  2049/2049/2049  
f 2050/2050/2050  2051/2051/2051  2052/2052/2052  
f 2053/2053/2053  2054/2054/2054  2055/2055/2055  
f 2056/2056/2056  2057/2057/2057  2058/2058/2058  
f 2059/2059/2059  2060/2060/2060  2061/2061/2061  
f 2062/2062/2062  2063/2063/2063  2064/2064/2064  
f 2065/2065/2065  2066/2066/2066  2067/2067/2067  
f 2068/2068/2068  2069/2069/2069  2070/2070/2070  
f 2071/2071/2071  2072/2072/2072  2073/2073/2073  
f 2074/2074/2074  2075/2075/2075  2076/2076/2076  
f 2077/2077/2077  2078/2078/2078  2079/2079/2079  
f 2080/2080/2080  2081/2081/2081  2082/2082/2082  
f 2083/2083/2083  2084/2084/2084  2085/2085/2085  
f 2086/2086/2086  2087/2087/2087  2088/2088/2088  
f 2089/2089/2089  2090/2090/2090  2091/2091/2091  
f 2092/2092/2092  2093/2093/2093  2094/2094/2094  
f 2095/2095/2095  2096/2096/2096  2097/2097/2097  
f 2098/2098/2098  2099/2099/2099  2100/2100/2100  
f 2101/2101/2101  2102/2102/2102  2103/2103/2103  
f 2104/2104/2104  2105/2105/2105  2106/2106/2106  
f 2107/2107/2107  2108/2108/2108  2109/2109/2109  
f 2110/2110/2110  2111/2111/2111  2112/2112/2112  
f 2113/2113/2113  2114/2114/2114  2115/2115/2115  
f 2116/2116/2116  2117/2117/2117  2118/2118/2118  
f 2119/2119/2119  2120/2120/2120  2121/2121/2121  
f 2122/2122/2122  2123/2123/2123  2124/2124/2124  
f 2125/2125/2125  2126/2126/2126  2127/2127/2127  
f 2128/2128/2128  2129/2129/2129  2130/2130/2130  
f 2131/2131/2131  2132/2132/2132  2133/2133/2133  
f 2134/2134/2134  2135/2135/2135  2136/2136/2136  
f 2137/2137/2137  2138/2138/2138  2139/2139/2139  
f 2140/2140/2140  2141/2141/2141  2142/2142/2142  
f 2143/2143/2143  2144/2144/2144  2145/2145/2145  
f 2146/2146/2146  2147/2147/2147  2148/2148/2148  
f 2149/2149/2149  2150/2150/2150  2151/2151/2151  
f 2152/2152/2152  2153/2153/2153  2154/2154/2154  
f 2155/2155/2155  2156/2156/2156  2157/2157/2157  
f 2158/2158/2158  2159/2159/2159  2160/2160/2160  
f 2161/2161/2161  2162/2162/2162  2163/2163/2163  
f 2164/2164/2164  2165/2165/2165  2166/2166/2166  
f 2167/2167/2167  2168/2168/2168  2169/2169/2169  
f 2170/2170/2170  2171/2171/2171  2172/2172/2172  
f 2173/2173/2173  2174/2174/2174  2175/2175/2175  
f 2176/2176/2176  2177/2177/2177  2178/2178/2178  
f 2179/2179/2179  2180/2180/2180  2181/2181/2181  
f 2182/2182/2182  2183/2183/2183  2184/2184/2184  
f 2185/2185/2185  2186/2186/2186  2187/2187/2187  
f 2188/2188/2188  2189/2189/2189  2190/2190/2190  
f 2191/2191/2191  2192/2192/2192  2193/2193/2193  
f 2194/2194/2194  2195/2195/2195  2196/2196/2196  
f 2197/2197/2197  2198/2198/2198  2199/2199/2199  
f 2200/2200/2200  2201/2201/2201  2202/2202/2202  
f 2203/2203/2203  2204/2204/2204  2205/2205/2205  
f 2206/2206/2206  2207/2207/2207  2208/2208/2208  
f 2209/2209/2209  2210/2210/2210  2211/2211/2211  
f 2212/2212/2212  2213/2213/2213  2214/2214/2214  
f 2215/2215/2215  2216/2216/2216  2217/2217/2217  
f 2218/2218/2218  2219/2219/2219  2220/2220/2220  
f 2221/2221/2221  2222/2222/2222  2223/2223/2223  
f 2224/2224/2224  2225/2225/2225  2226/2226/2226  
f 2227/2227/2227  2228/2228/2228  2229/2229/2229  
f 2230/2230/2230  2231/2231/2231  2232/2232/2232  
f 2233/2233/2233  2234/2234/2234  2235/2235/2235  
f 2236/2236/2236  2237/2237/2237  2238/2238/2238  
f 2239/2239/2239  2240/2240/2240  2241/2241/2241  
f 2242/2242/2242  2243/2243/2243  2244/2244/2244  
f 2245/2245/2245  2246/2246/2246  2247/2247/2247  
f 2248/2248/2248  2249/2249/2249  2250/2250/2250  
f 2251/2251/2251  2252/2252/2252  2253/2253/2253  
f 2254/2254/2254  2255/2255/2255  2256/2256/2256  
f 2257/2257/2257  2258/2258/2258  2259/2259/2259  
f 2260/2260/2260  2261/2261/2261  2262/2262/2262  
f 2263/2263/2263  2264/2264/2264  2265/2265/2265  
f 2266/2266/2266  2267/2267/2267  2268/2268/2268  
f 2269/2269/2269  2270/2270/2270  2271/2271/2271  
f 2272/2272/2272  2273/2273/2273  2274/2274/2274  
f 2275/2275/2275  2276/2276/2276  2277/2277/2277  
f 2278/2278/2278  2279/2279/2279  2280/2280/2280  
f 2281/2281/2281  2282/2282/2282  2283/2283/2283  
f 2284/2284/2284  2285/2285/2285  2286/2286/2286  
f 2287/2287/2287  2288/2288/2288  2289/2289/2289  
f 2290/2290/2290  2291/2291/2291  2292/2292/2292  
f 2293/2293/2293  2294/2294/2294  2295/2295/2295  
f 2296/2296/2296  2297/2297/2297  2298/2298/2298  
f 2299/2299/2299  2300/2300/2300  2301/2301/2301  
f 2302/2302/2302  2303/2303/2303  2304/2304/2304  
f 2305/2305/2305  2306/2306/2306  2307/2307/2307  
f 2308/2308/2308  2309/2309/2309  2310/2310/2310  
f 2311/2311/2311  2312/2312/2312  2313/2313/2313  
f 2314/2314/2314  2315/2315/2315  2316/2316/2316  
f 2317/2317/2317  2318/2318/2318  2319/2319/2319  
f 2320/2320/2320  2321/2321/2321  2322/2322/2322  
f 2323/2323/2323  2324/2324/2324  2325/2325/2325  
f 2326/2326/2326  2327/2327/2327  2328/2328/2328  
f 2329/2329/2329  2330/2330/2330  2331/2331/2331  
f 2332/2332/2332  2333/2333/2333  2334/2334/2334  
f 2335/2335/2335  2336/2336/2336  2337/2337/2337  
f 2338/2338/2338  2339/2339/2339  2340/2340/2340  
f 2341/2341/2341  2342/2342/2342  2343/2343/2343  
f 2344/2344/2344  2345/2345/2345  2346/2346/2346  
f 2347/2347/2347  2348/2348/2348  2349/2349/2349  
f 2350/2350/2350  2351/2351/2351  2352/2352/2352  
f 2353/2353/2353  2354/2354/2354  2355/2355/2355  
f 2356/2356/2356  2357/2357/2357  2358/2358/2358  
f 2359/2359/2359  2360/2360/2360  2361/2361/2361  
f 2362/2362/2362  2363/2363/2363  2364/2364/2364  
f 2365/2365/2365  2366/2366/2366  2367/2367/2367  
f 2368/2368/2368  2369/2369/2369  2370/2370/2370  
f 2371/2371/2371  2372/2372/2372  2373/2373/2373  
f 2374/2374/2374  2375/2375/2375  2376/2376/2376  
f 2377/2377/2377  2378/2378/2378  2379/2379/2379  
f 2380/2380/2380  2381/2381/2381  2382/2382/2382  
f 2383/2383/2383  2384/2384/2384  2385/2385/2385  
f 2386/2386/2386  2387/2387/2387  2388/2388/2388  
f 2389/2389/2389  2390/2390/2390  2391/2391/2391  
f 2392/2392/2392  2393/2393/2393  2394/2394/2394  
f 2395/2395/2395  2396/2396/2396  2397/2397/2397  
f 2398/2398/2398  2399/2399/2399  2400/2400/2400  
f 2401/2401/2401  2402/2402/2402  2403/2403/2403  
f 2404/2404/2404  2405/2405/2405  2406/2406/2406  
f 2407/2407/2407  2408/2408/2408  2409/2409/2409  
f 2410/2410/2410  2411/2411/2411  2412/2412/2412  
f 2413/2413/2413  2414/2414/2414  2415/2415/2415  
f 2416/2416/2416  2417/2417/2417  2418/2418/2418  
f 2419/2419/2419  2420/2420/2420  2421/2421/2421  
f 2422/2422/2422  2423/2423/2423  2424/2424/2424  
f 2425/2425/2425  2426/2426/2426  2427/2427/2427  
f 2428/2428/2428  2429/2429/2429  2430/2430/2430  
f 2431/2431/2431  2432/2432/2432  2433/2433/2433  
f 2434/2434/2434  2435/2435/2435  2436/2436/2436  
f 2437/2437/2437  2438/2438/2438  2439/2439/2439  
f 2440/2440/2440  2441/2441/2441  2442/2442/2442  
f 2443/2443/2443  2444/2444/2444  2445/2445/2445  
f 2446/2446/2446  2447/2447/2447  2448/2448/2448  
f 2449/2449/2449  2450/2450/2450  2451/2451/2451  
f 2452/2452/2452  2453/2453/2453  2454/2454/2454  
f 2455/2455/2455  2456/2456/2456  2457/2457/2457  
f 2458/2458/2458  2459/2459/2459  2460/2460/2460  
f 2461/2461/2461  2462/2462/2462  2463/2463/2463  
f 2464/2464/2464  2465/2465/2465  2466/2466/2466  
f 2467/2467/2467  2468/2468/2468  2469/2469/2469  
f 2470/2470/2470  2471/2471/2471  2472/2472/2472  
f 2473/2473/2473  2474/2474/2474  2475/2475/2475  
f 2476/2476/2476  2477/2477/2477  2478/2478/2478  
f 2479/2479/2479  2480/2480/2480  2481/2481/2481  
f 2482/2482/2482  2483/2483/2483  2484/2484/2484  
f 2485/2485/2485  2486/2486/2486  2487/2487/2487  
f 2488/2488/2488  2489/2489/2489  2490/2490/2490  
f 2491/2491/2491  2492/2492/2492  2493/2493/2493  
f 2494/2494/2494  2495/2495/2495  2496/2496/2496  
f 2497/2497/2497  2498/2498/2498  2499/2499/2499  
f 2500/2500/2500  2501/2501/2501  2502/2502/2502  
f 2503/2503/2503  2504/2504/2504  2505/2505/2505  
f 2506/2506/2506  2507/2507/2507  2508/2508/2508  
f 2509/2509/2509  2510/2510/2510  2511/2511/2511  
f 2512/2512/2512  2513/2513/2513  2514/2514/2514  
f 2515/2515/2515  2516/2516/2516  2517/2517/2517  
f 2518/2518/2518  2519/2519/2519  2520/2520/2520  
f 2521/2521/2521  2522/2522/2522  2523/2523/2523  
f 2524/2524/2524  2525/2525/2525  2526/2526/2526  
f 2527/2527/2527  2528/2528/2528  2529/2529/2529  
f 2530/2530/2530  2531/2531/2531  2532/2532/2532  
f 2533/2533/2533  2534/2534/2534  2535/2535/2535  
f 2536/2536/2536  2537/2537/2537  2538/2538/2538  
f 2539/2539/2539  2540/2540/2540  2541/2541/2541  
f 2542/2542/2542  2543/2543/2543  2544/2544/2544  
f 2545/2545/2545  2546/2546/2546  2547/2547/2547  
f 2548/2548/2548  2549/2549/2549  2550/2550/2550  
f 2551/2551/2551  2552/2552/2552  2553/2553/2553  
f 2554/2554/2554  2555/2555/2555  2556/2556/2556  
f 2557/2557/2557  2558/2558/2558  2559/2559/2559  
f 2560/2560/2560  2561/2561/2561  2562/2562/2562  
f 2563/2563/2563  2564/2564/2564  2565/2565/2565  
f 2566/2566/2566  2567/2567/2567  2568/2568/2568  
f 2569/2569/2569  2570/2570/2570  2571/2571/2571  
f 2572/2572/2572  2573/2573/2573  2574/2574/2574  
f 2575/2575/2575  2576/2576/2576  2577/2577/2577  
f 2578/2578/2578  2579/2579/2579  2580/2580/2580  
f 2581/2581/2581  2582/2582/2582  2583/2583/2583  
f 2584/2584/2584  2585/2585/2585  2586/2586/2586  
f 2587/2587/2587  2588/2588/2588  2589/2589/2589  
f 2590/2590/2590  2591/2591/2591  2592/2592/2592  
f 2593/2593/2593  2594/2594/2594  2595/2595/2595  
f 2596/2596/2596  2597/2597/2597  2598/2598/2598  
f 2599/2599/2599  2600/2600/2600  2601/2601/2601  
f 2602/2602/2602  2603/2603/2603  2604/2604/2604  
f 2605/2605/2605  2606/2606/2606  2607/2607/2607  
f 2608/2608/2608  2609/2609/2609  2610/2610/2610  
f 2611/2611/2611  2612/2612/2612  2613/2613/2613  
f 2614/2614/2614  2615/2615/2615  2616/2616/2616  
f 2617/2617/2617  2618/2618/2618  2619/2619/2619  
f 2620/2620/2620  2621/2621/2621  2622/2622/2622  
f 2623/2623/2623  2624/2624/2624  2625/2625/2625  
f 2626/2626/2626  2627/2627/2627  2628/2628/2628  
f 2629/2629/2629  2630/2630/2630  2631/2631/2631  
f 2632/2632/2632  2633/2633/2633  2634/2634/2634  
f 2635/2635/2635  2636/2636/2636  2637/2637/2637  
f 2638/2638/2638  2639/2639/2639  2640/2640/2640  
f 2641/2641/2641  2642/2642/2642  2643/2643/2643  
f 2644/2644/2644  2645/2645/2645  2646/2646/2646  
f 2647/2647/2647  2648/2648/2648  2649/2649/2649  
f 2650/2650/2650  2651/2651/2651  2652/2652/2652  
f 2653/2653/2653  2654/2654/2654  2655/2655/2655  
f 2656/2656/2656  2657/2657/2657  2658/2658/2658  
f 2659/2659/2659  2660/2660/2660  2661/2661/2661  
f 2662/2662/2662  2663/2663/2663  2664/2664/2664  
f 2665/2665/2665  2666/2666/2666  2667/2667/2667  
f 2668/2668/2668  2669/2669/2669  2670/2670/2670  
f 2671/2671/2671  2672/2672/2672  2673/2673/2673  
f 2674/2674/2674  2675/2675/2675  2676/2676/2676  
f 2677/2677/2677  2678/2678/2678  2679/2679/2679  
f 2680/2680/2680  2681/2681/2681  2682/2682/2682  
f 2683/2683/2683  2684/2684/2684  2685/2685/2685  
f 2686/2686/2686  2687/2687/2687  2688/2688/2688  
f 2689/2689/2689  2690/2690/2690  2691/2691/2691  
f 2692/2692/2692  2693/2693/2693  2694/2694/2694  
f 2695/2695/2695  2696/2696/2696  2697/2697/2697  
f 2698/2698/2698  2699/2699/2699  2700/2700/2700  
f 2701/2701/2701  2702/2702/2702  2703/2703/2703  
f 2704/2704/2704  2705/2705/2705  2706/2706/2706  
f 2707/2707/2707  2708/2708/2708  2709/2709/2709  
f 2710/2710/2710  2711/2711/2711  2712/2712/2712  
f 2713/2713/2713  2714/2714/2714  2715/2715/2715  
f 2716/2716/2716  2717/2717/2717  2718/2718/2718  
f 2719/2719/2719  2720/2720/2720  2721/2721/2721  
f 2722/2722/2722  2723/2723/2723  2724/2724/2724  
f 2725/2725/2725  2726/2726/2726  2727/2727/2727  
f 2728/2728/2728  2729/2729/2729  2730/2730/2730  
f 2731/2731/2731  2732/2732/2732  2733/2733/2733  
f 2734/2734/2734  2735/2735/2735  2736/2736/2736  
f 2737/2737/2737  2738/2738/2738  2739/2739/2739  
f 2740/2740/2740  2741/2741/2741  2742/2742/2742  
f 2743/2743/2743  2744/2744/2744  2745/2745/2745  
f 2746/2746/2746  2747/2747/2747  2748/2748/2748  
f 2749/2749/2749  2750/2750/2750  2751/2751/2751  
f 2752/2752/2752  2753/2753/2753  2754/2754/2754  
f 2755/2755/2755  2756/2756/2756  2757/2757/2757  
f 2758/2758/2758  2759/2759/2759  2760/2760/2760  
f 2761/2761/2761  2762/2762/2762  2763/2763/2763  
f 2764/2764/2764  2765/2765/2765  2766/2766/2766  
f 2767/2767/2767  2768/2768/2768  2769/2769/2769  
f 2770/2770/2770  2771/2771/2771  2772/2772/2772  
f 2773/2773/2773  2774/2774/2774  2775/2775/2775  
f 2776/2776/2776  2777/2777/2777  2778/2778/2778  
f 2779/2779/2779  2780/2780/2780  2781/2781/2781  
f 2782/2782/2782  2783/2783/2783  2784/2784/2784  
f 2785/2785/2785  2786/2786/2786  2787/2787/2787  
f 2788/2788/2788  2789/2789/2789  2790/2790/2790  
f 2791/2791/2791  2792/2792/2792  2793/2793/2793  
f 2794/2794/2794  2795/2795/2795  2796/2796/2796  
f 2797/2797/2797  2798/2798/2798  2799/2799/2799  
f 2800/2800/2800  2801/2801/2801  2802/2802/2802  
f 2803/2803/2803  2804/2804/2804  2805/2805/2805  
f 2806/2806/2806  2807/2807/2807  2808/2808/2808  
f 2809/2809/2809  2810/2810/2810  2811/2811/2811  
f 2812/2812/2812  2813/2813/2813  2814/2814/2814  
f 2815/2815/2815  2816/2816/2816  2817/2817/2817  
f 2818/2818/2818  2819/2819/2819  2820/2820/2820  
f 2821/2821/2821  2822/2822/2822  2823/2823/2823  
f 2824/2824/2824  2825/2825/2825  2826/2826/2826  
f 2827/2827/2827  2828/2828/2828  2829/2829/2829  
f 2830/2830/2830  2831/2831/2831  2832/2832/2832  
f 2833/2833/2833  2834/2834/2834  2835/2835/2835  
f 2836/2836/2836  2837/2837/2837  2838/2838/2838  
f 2839/2839/2839  2840/2840/2840  2841/2841/2841  
f 2842/2842/2842  2843/2843/2843  2844/2844/2844  
f 2845/2845/2845  2846/2846/2846  2847/2847/2847  
f 2848/2848/2848  2849/2849/2849  2850/2850/2850  
f 2851/2851/2851  2852/2852/2852  2853/2853/2853  
f 2854/2854/2854  2855/2855/2855  2856/2856/2856  
f 2857/2857/2857  2858/2858/2858  2859/2859/2859  
f 2860/2860/2860  2861/2861/2861  2862/2862/2862  
f 2863/2863/2863  2864/2864/2864  2865/2865/2865  
f 2866/2866/2866  2867/2867/2867  2868/2868/2868  
f 2869/2869/2869  2870/2870/2870  2871/2871/2871  
f 2872/2872/2872  2873/2873/2873  2874/2874/2874  
f 2875/2875/2875  2876/2876/2876  2877/2877/2877  
f 2878/2878/2878  2879/2879/2879  2880/2880/2880  
f 2881/2881/2881  2882/2882/2882  2883/2883/2883  
f 2884/2884/2884  2885/2885/2885  2886/2886/2886  
f 2887/2887/2887  2888/2888/2888  2889/2889/2889  
f 2890/2890/2890  2891/2891/2891  2892/2892/2892  
f 2893/2893/2893  2894/2894/2894  2895/2895/2895  
f 2896/2896/2896  2897/2897/2897  2898/2898/2898  
f 2899/2899/2899  2900/2900/2900  2901/2901/2901  
f 2902/2902/2902  2903/2903/2903  2904/2904/2904  
f 2905/2905/2905  2906/2906/2906  2907/2907/2907  
f 2908/2908/2908  2909/2909/2909  2910/2910/2910  
f 2911/2911/2911  2912/2912/2912  2913/2913/2913  
f 2914/2914/2914  2915/2915/2915  2916/2916/2916  
f 2917/2917/2917  2918/2918/2918  2919/2919/2919  
f 2920/2920/2920  2921/2921/2921  2922/2922/2922  
f 2923/2923/2923  2924/2924/2924  2925/2925/2925  
f 2926/2926/2926  2927/2927/2927  2928/2928/2928  
f 2929/2929/2929  2930/2930/2930  2931/2931/2931  
f 2932/2932/2932  2933/2933/2933  2934/2934/2934  
f 2935/2935/2935  2936/2936/2936  2937/2937/2937  
f 2938/2938/2938  2939/2939/2939  2940/2940/2940  
f 2941/2941/2941  2942/2942/2942  2943/2943/2943  
f 2944/2944/2944  2945/2945/2945  2946/2946/2946  
f 2947/2947/2947  2948/2948/2948  2949/2949/2949  
f 2950/2950/2950  2951/2951/2951  2952/2952/2952  
f 2953/2953/2953  2954/2954/2954  2955/2955/2955  
f 2956/2956/2956  2957/2957/2957  2958/2958/2958  
f 2959/2959/2959  2960/2960/2960  2961/2961/2961  
f 2962/2962/2962  2963/2963/2963  2964/2964/2964  
f 2965/2965/2965  2966/2966/2966  2967/2967/2967  
f 2968/2968/2968  2969/2969/2969  2970/2970/2970  
f 2971/2971/2971  2972/2972/2972  2973/2973/2973  
f 2974/2974/2974  2975/2975/2975  2976/2976/2976  
f 2977/2977/2977  2978/2978/2978  2979/2979/2979  
f 2980/2980/2980  2981/2981/2981  2982/2982/2982  
f 2983/2983/2983  2984/2984/2984  2985/2985/2985  
f 2986/2986/2986  2987/2987/2987  2988/2988/2988  
f 2989/2989/2989  2990/2990/2990  2991/2991/2991  
f 2992/2992/2992  2993/2993/2993  2994/2994/2994  
f 2995/2995/2995  2996/2996/2996  2997/2997/2997  
f 2998/2998/2998  2999/2999/2999  3000/3000/3000  
f 3001/3001/3001  3002/3002/3002  3003/3003/3003  
f 3004/3004/3004  3005/3005/3005  3006/3006/3006  
f 3007/3007/3007  3008/3008/3008  3009/3009/3009  
f 3010/3010/3010  3011/3011/3011  3012/3012/3012  
f 3013/3013/3013  3014/3014/3014  3015/3015/3015  
f 3016/3016/3016  3017/3017/3017  3018/3018/3018  
f 3019/3019/3019  3020/3020/3020  3021/3021/3021  
f 3022/3022/3022  3023/3023/3023  3024/3024/3024  
f 3025/3025/3025  3026/3026/3026  3027/3027/3027  
f 3028/3028/3028  3029/3029/3029  3030/3030/3030  
f 3031/3031/3031  3032/3032/3032  3033/3033/3033  
f 3034/3034/3034  3035/3035/3035  3036/3036/3036  
f 3037/3037/3037  3038/3038/3038  3039/3039/3039  
f 3040/3040/3040  3041/3041/3041  3042/3042/3042  
f 3043/3043/3043  3044/3044/3044  3045/3045/3045  
f 3046/3046/3046  3047/3047/3047  3048/3048/3048  
f 3049/3049/3049  3050/3050/3050  3051/3051/3051  
f 3052/3052/3052  3053/3053/3053  3054/3054/3054  
f 3055/3055/3055  3056/3056/3056  3057/3057/3057  
f 3058/3058/3058  3059/3059/3059  3060/3060/3060  
f 3061/3061/3061  3062/3062/3062  3063/3063/3063  
f 3064/3064/3064  3065/3065/3065  3066/3066/3066  
f 3067/3067/3067  3068/3068/3068  3069/3069/3069  
f 3070/3070/3070  3071/3071/3071  3072/3072/3072  
f 3073/3073/3073  3074/3074/3074  3075/3075/3075  
f 3076/3076/3076  3077/3077/3077  3078/3078/3078  
f 3079/3079/3079  3080/3080/3080  3081/3081/3081  
f 3082/3082/3082  3083/3083/3083  3084/3084/3084  
f 3085/3085/3085  3086/3086/3086  3087/3087/3087  
f 3088/3088/3088  3089/3089/3089  3090/3090/3090  
f 3091/3091/3091  3092/3092/3092  3093/3093/3093  
f 3094/3094/3094  3095/3095/3095  3096/3096/3096  
f 3097/3097/3097  3098/3098/3098  3099/3099/3099  
f 3100/3100/3100  3101/3101/3101  3102/3102/3102  
f 3103/3103/3103  3104/3104/3104  3105/3105/3105  
f 3106/3106/3106  3107/3107/3107  3108/3108/3108  
f 3109/3109/3109  3110/3110/3110  3111/3111/3111  
f 3112/3112/3112  3113/3113/3113  3114/3114/3114  
f 3115/3115/3115  3116/3116/3116  3117/3117/3117  
f 3118/3118/3118  3119/3119/3119  3120/3120/3120  
f 3121/3121/3121  3122/3122/3122  3123/3123/3123  
f 3124/3124/3124  3125/3125/3125  3126/3126/3126  
f 3127/3127/3127  3128/3128/3128  3129/3129/3129  
f 3130/3130/3130  3131/3131/3131  3132/3132/3132  
f 3133/3133/3133  3134/3134/3134  3135/3135/3135  
f 3136/3136/3136  3137/3137/3137  3138/3138/3138  
f 3139/3139/3139  3140/3140/3140  3141/3141/3141  
f 3142/3142/3142  3143/3143/3143  3144/3144/3144  
f 3145/3145/3145  3146/3146/3146  3147/3147/3147  
f 3148/3148/3148  3149/3149/3149  3150/3150/3150  
f 3151/3151/3151  3152/3152/3152  3153/3153/3153  
f 3154/3154/3154  3155/3155/3155  3156/3156/3156  
f 3157/3157/3157  3158/3158/3158  3159/3159/3159  
f 3160/3160/3160  3161/3161/3161  3162/3162/3162  
f 3163/3163/3163  3164/3164/3164  3165/3165/3165  
f 3166/3166/3166  3167/3167/3167  3168/3168/3168  
f 3169/3169/3169  3170/3170/3170  3171/3171/3171  
f 3172/3172/3172  3173/3173/3173  3174/3174/3174  
f 3175/3175/3175  3176/3176/3176  3177/3177/3177  
f 3178/3178/3178  3179/3179/3179  3180/3180/3180  
f 3181/3181/3181  3182/3182/3182  3183/3183/3183  
f 3184/3184/3184  3185/3185/3185  3186/3186/3186  
f 3187/3187/3187  3188/3188/3188  3189/3189/3189  
f 3190/3190/3190  3191/3191/3191  3192/3192/3192  
f 3193/3193/3193  3194/3194/3194  3195/3195/3195  
f 3196/3196/3196  3197/3197/3197  3198/3198/3198  
f 3199/3199/3199  3200/3200/3200  3201/3201/3201  
f 3202/3202/3202  3203/3203/3203  3204/3204/3204  
f 3205/3205/3205  3206/3206/3206  3207/3207/3207  
f 3208/3208/3208  3209/3209/3209  3210/3210/3210  
f 3211/3211/3211  3212/3212/3212  3213/3213/3213  
f 3214/3214/3214  3215/3215/3215  3216/3216/3216  
f 3217/3217/3217  3218/3218/3218  3219/3219/3219  
f 3220/3220/3220  3221/3221/3221  3222/3222/3222  
f 3223/3223/3223  3224/3224/3224  3225/3225/3225  
f 3226/3226/3226  3227/3227/3227  3228/3228/3228  
f 3229/3229/3229  3230/3230/3230  3231/3231/3231  
f 3232/3232/3232  3233/3233/3233  3234/3234/3234  
f 3235/3235/3235  3236/3236/3236  3237/3237/3237  
f 3238/3238/3238  3239/3239/3239  3240/3240/3240  
f 3241/3241/3241  3242/3242/3242  3243/3243/3243  
f 3244/3244/3244  3245/3245/3245  3246/3246/3246  
f 3247/3247/3247  3248/3248/3248  3249/3249/3249  
f 3250/3250/3250  3251/3251/3251  3252/3252/3252  
f 3253/3253/3253  3254/3254/3254  3255/3255/3255  
f 3256/3256/3256  3257/3257/3257  3258/3258/3258  
f 3259/3259/3259  3260/3260/3260  3261/3261/3261  
f 3262/3262/3262  3263/3263/3263  3264/3264/3264  
f 3265/3265/3265  3266/3266/3266  3267/3267/3267  
f 3268/3268/3268  3269/3269/3269  3270/3270/3270  
f 3271/3271/3271  3272/3272/3272  3273/3273/3273  
f 3274/3274/3274  3275/3275/3275  3276/3276/3276  
f 3277/3277/3277  3278/3278/3278  3279/3279/3279  
f 3280/3280/3280  3281/3281/3281  3282/3282/3282  
f 3283/3283/3283  3284/3284/3284  3285/3285/3285  
f 3286/3286/3286  3287/3287/3287  3288/3288/3288  
f 3289/3289/3289  3290/3290/3290  3291/3291/3291  
f 3292/3292/3292  3293/3293/3293  3294/3294/3294  
f 3295/3295/3295  3296/3296/3296  3297/3297/3297  
f 3298/3298/3298  3299/3299/3299  3300/3300/3300  
f 3301/3301/3301  3302/3302/3302  3303/3303/3303  
f 3304/3304/3304  3305/3305/3305  3306/3306/3306  
f 3307/3307/3307  3308/3308/3308  3309/3309/3309  
f 3310/3310/3310  3311/3311/3311  3312/3312/3312  
f 3313/3313/3313  3314/3314/3314  3315/3315/3315  
f 3316/3316/3316  3317/3317/3317  3318/3318/3318  
f 3319/3319/3319  3320/3320/3320  3321/3321/3321  
f 3322/3322/3322  3323/3323/3323  3324/3324/3324  
f 3325/3325/3325  3326/3326/3326  3327/3327/3327  
f 3328/3328/3328  3329/3329/3329  3330/3330/3330  
f 3331/3331/3331  3332/3332/3332  3333/3333/3333  
f 3334/3334/3334  3335/3335/3335  3336/3336/3336  
f 3337/3337/3337  3338/3338/3338  3339/3339/3339  
f 3340/3340/3340  3341/3341/3341  3342/3342/3342  
f 3343/3343/3343  3344/3344/3344  3345/3345/3345  
f 3346/3346/3346  3347/3347/3347  3348/3348/3348  
f 3349/3349/3349  3350/3350/3350  3351/3351/3351  
f 3352/3352/3352  3353/3353/3353  3354/3354/3354  
f 3355/3355/3355  3356/3356/3356  3357/3357/3357  
f 3358/3358/3358  3359/3359/3359  3360/3360/3360  
f 3361/3361/3361  3362/3362/3362  3363/3363/3363  
f 3364/3364/3364  3365/3365/3365  3366/3366/3366  
f 3367/3367/3367  3368/3368/3368  3369/3369/3369  
f 3370/3370/3370  3371/3371/3371  3372/3372/3372  
f 3373/3373/3373  3374/3374/3374  3375/3375/3375  
f 3376/3376/3376  3377/3377/3377  3378/3378/3378  
f 3379/3379/3379  3380/3380/3380  3381/3381/3381  
f 3382/3382/3382  3383/3383/3383  3384/3384/3384  
f 3385/3385/3385  3386/3386/3386  3387/3387/3387  
f 3388/3388/3388  3389/3389/3389  3390/3390/3390  
f 3391/3391/3391  3392/3392/3392  3393/3393/3393  
f 3394/3394/3394  3395/3395/3395  3396/3396/3396  
f 3397/3397/3397  3398/3398/3398  3399/3399/3399  
f 3400/3400/3400  3401/3401/3401  3402/3402/3402  
f 3403/3403/3403  3404/3404/3404  3405/3405/3405  
f 3406/3406/3406  3407/3407/3407  3408/3408/3408  
f 3409/3409/3409  3410/3410/3410  3411/3411/3411  
f 3412/3412/3412  3413/3413/3413  3414/3414/3414  
f 3415/3415/3415  3416/3416/3416  3417/3417/3417  
f 3418/3418/3418  3419/3419/3419  3420/3420/3420  
f 3421/3421/3421  3422/3422/3422  3423/3423/3423  
f 3424/3424/3424  3425/3425/3425  3426/3426/3426  
f 3427/3427/3427  3428/3428/3428  3429/3429/3429  
f 3430/3430/3430  3431/3431/3431  3432/3432/3432  
f 3433/3433/3433  3434/3434/3434  3435/3435/3435  
f 3436/3436/3436  3437/3437/3437  3438/3438/3438  
f 3439/3439/3439  3440/3440/3440  3441/3441/3441  
f 3442/3442/3442  3443/3443/3443  3444/3444/3444  
f 3445/3445/3445  3446/3446/3446  3447/3447/3447  
f 3448/3448/3448  3449/3449/3449  3450/3450/3450  
f 3451/3451/3451  3452/3452/3452  3453/3453/3453  
f 3454/3454/3454  3455/3455/3455  3456/3456/3456  
f 3457/3457/3457  3458/3458/3458  3459/3459/3459  
f 3460/3460/3460  3461/3461/3461  3462/3462/3462  
f 3463/3463/3463  3464/3464/3464  3465/3465/3465  
f 3466/3466/3466  3467/3467/3467  3468/3468/3468  
f 3469/3469/3469  3470/3470/3470  3471/3471/3471  
f 3472/3472/3472  3473/3473/3473  3474/3474/3474  
f 3475/3475/3475  3476/3476/3476  3477/3477/3477  
f 3478/3478/3478  3479/3479/3479  3480/3480/3480  
f 3481/3481/3481  3482/3482/3482  3483/3483/3483  
f 3484/3484/3484  3485/3485/3485  3486/3486/3486  
f 3487/3487/3487  3488/3488/3488  3489/3489/3489  
f 3490/3490/3490  3491/3491/3491  3492/3492/3492  
f 3493/3493/3493  3494/3494/3494  3495/3495/3495  
f 3496/3496/3496  3497/3497/3497  3498/3498/3498  
f 3499/3499/3499  3500/3500/3500  3501/3501/3501  
f 3502/3502/3502  3503/3503/3503  3504/3504/3504  
f 3505/3505/3505  3506/3506/3506  3507/3507/3507  
f 3508/3508/3508  3509/3509/3509  3510/3510/3510  
f 3511/3511/3511  3512/3512/3512  3513/3513/3513  
f 3514/3514/3514  3515/3515/3515  3516/3516/3516  
f 3517/3517/3517  3518/3518/3518  3519/3519/3519  
f 3520/3520/3520  3521/3521/3521  3522/3522/3522  
f 3523/3523/3523  3524/3524/3524  3525/3525/3525  
f 3526/3526/3526  3527/3527/3527  3528/3528/3528  
f 3529/3529/3529  3530/3530/3530  3531/3531/3531  
f 3532/3532/3532  3533/3533/3533  3534/3534/3534  
f 3535/3535/3535  3536/3536/3536  3537/3537/3537  
f 3538/3538/3538  3539/3539/3539  3540/3540/3540  
f 3541/3541/3541  3542/3542/3542  3543/3543/3543  
f 3544/3544/3544  3545/3545/3545  3546/3546/3546  
f 3547/3547/3547  3548/3548/3548  3549/3549/3549  
f 3550/3550/3550  3551/3551/3551  3552/3552/3552  
f 3553/3553/3553  3554/3554/3554  3555/3555/3555  
f 3556/3556/3556  3557/3557/3557  3558/3558/3558  
f 3559/3559/3559  3560/3560/3560  3561/3561/3561  
f 3562/3562/3562  3563/3563/3563  3564/3564/3564  
f 3565/3565/3565  3566/3566/3566  3567/3567/3567  
f 3568/3568/3568  3569/3569/3569  3570/3570/3570  
f 3571/3571/3571  3572/3572/3572  3573/3573/3573  
f 3574/3574/3574  3575/3575/3575  3576/3576/3576  
f 3577/3577/3577  3578/3578/3578  3579/3579/3579  
f 3580/3580/3580  3581/3581/3581  3582/3582/3582  
f 3583/3583/3583  3584/3584/3584  3585/3585/3585  
f 3586/3586/3586  3587/3587/3587  3588/3588/3588  
f 3589/3589/3589  3590/3590/3590  3591/3591/3591  
f 3592/3592/3592  3593/3593/3593  3594/3594/3594  
f 3595/3595/3595  3596/3596/3596  3597/3597/3597  
f 3598/3598/3598  3599/3599/3599  3600/3600/3600  
f 3601/3601/3601  3602/3602/3602  3603/3603/3603  
f 3604/3604/3604  3605/3605/3605  3606/3606/3606  
f 3607/3607/3607  3608/3608/3608  3609/3609/3609  
f 3610/3610/3610  3611/3611/3611  3612/3612/3612  
f 3613/3613/3613  3614/3614/3614  3615/3615/3615  
f 3616/3616/3616  3617/3617/3617  3618/3618/3618  
f 3619/3619/3619  3620/3620/3620  3621/3621/3621  
f 3622/3622/3622  3623/3623/3623  3624/3624/3624  
f 3625/3625/3625  3626/3626/3626  3627/3627/3627  
f 3628/3628/3628  3629/3629/3629  3630/3630/3630  
f 3631/3631/3631  3632/3632/3632  3633/3633/3633  
f 3634/3634/3634  3635/3635/3635  3636/3636/3636  
f 3637/3637/3637  3638/3638/3638  3639/3639/3639  
f 3640/3640/3640  3641/3641/3641  3642/3642/3642  
f 3643/3643/3643  3644/3644/3644  3645/3645/3645  
f 3646/3646/3646  3647/3647/3647  3648/3648/3648  
f 3649/3649/3649  3650/3650/3650  3651/3651/3651  
f 3652/3652/3652  3653/3653/3653  3654/3654/3654  
f 3655/3655/3655  3656/3656/3656  3657/3657/3657  
f 3658/3658/3658  3659/3659/3659  3660/3660/3660  
f 3661/3661/3661  3662/3662/3662  3663/3663/3663  
f 3664/3664/3664  3665/3665/3665  3666/3666/3666  
f 3667/3667/3667  3668/3668/3668  3669/3669/3669  
f 3670/3670/3670  3671/3671/3671  3672/3672/3672  
f 3673/3673/3673  3674/3674/3674  3675/3675/3675  
f 3676/3676/3676  3677/3677/3677  3678/3678/3678  
f 3679/3679/3679  3680/3680/3680  3681/3681/3681  
f 3682/3682/3682  3683/3683/3683  3684/3684/3684  
f 3685/3685/3685  3686/3686/3686  3687/3687/3687  
f 3688/3688/3688  3689/3689/3689  3690/3690/3690  
f 3691/3691/3691  3692/3692/3692  3693/3693/3693  
f 3694/3694/3694  3695/3695/3695  3696/3696/3696  
f 3697/3697/3697  3698/3698/3698  3699/3699/3699  
f 3700/3700/3700  3701/3701/3701  3702/3702/3702  
f 3703/3703/3703  3704/3704/3704  3705/3705/3705  
f 3706/3706/3706  3707/3707/3707  3708/3708/3708  
f 3709/3709/3709  3710/3710/3710  3711/3711/3711  
f 3712/3712/3712  3713/3713/3713  3714/3714/3714  
f 3715/3715/3715  3716/3716/3716  3717/3717/3717  
f 3718/3718/3718  3719/3719/3719  3720/3720/3720  
f 3721/3721/3721  3722/3722/3722  3723/3723/3723  
f 3724/3724/3724  3725/3725/3725  3726/3726/3726  
f 3727/3727/3727  3728/3728/3728  3729/3729/3729  
f 3730/3730/3730  3731/3731/3731  3732/3732/3732  
f 3733/3733/3733  3734/3734/3734  3735/3735/3735  
f 3736/3736/3736  3737/3737/3737  3738/3738/3738  
f 3739/3739/3739  3740/3740/3740  3741/3741/3741  
f 3742/3742/3742  3743/3743/3743  3744/3744/3744  
f 3745/3745/3745  3746/3746/3746  3747/3747/3747  
f 3748/3748/3748  3749/3749/3749  3750/3750/3750  
f 3751/3751/3751  3752/3752/3752  3753/3753/3753  
f 3754/3754/3754  3755/3755/3755  3756/3756/3756  
f 3757/3757/3757  3758/3758/3758  3759/3759/3759  
f 3760/3760/3760  3761/3761/3761  3762/3762/3762  
f 3763/3763/3763  3764/3764/3764  3765/3765/3765  
f 3766/3766/3766  3767/3767/3767  3768/3768/3768  
f 3769/3769/3769  3770/3770/3770  3771/3771/3771  
f 3772/3772/3772  3773/3773/3773  3774/3774/3774  
f 3775/3775/3775  3776/3776/3776  3777/3777/3777  
f 3778/3778/3778  3779/3779/3779  3780/3780/3780  
f 3781/3781/3781  3782/3782/3782  3783/3783/3783  
f 3784/3784/3784  3785/3785/3785  3786/3786/3786  
f 3787/3787/3787  3788/3788/3788  3789/3789/3789  
f 3790/3790/3790  3791/3791/3791  3792/3792/3792  
f 3793/3793/3793  3794/3794/3794  3795/3795/3795  
f 3796/3796/3796  3797/3797/3797  3798/3798/3798  
f 3799/3799/3799  3800/3800/3800  3801/3801/3801  
f 3802/3802/3802  3803/3803/3803  3804/3804/3804  
f 3805/3805/3805  3806/3806/3806  3807/3807/3807  
f 3808/3808/3808  3809/3809/3809  3810/3810/3810  
f 3811/3811/3811  3812/3812/3812  3813/3813/3813  
f 3814/3814/3814  3815/3815/3815  3816/3816/3816  
f 3817/3817/3817  3818/3818/3818  3819/3819/3819  
f 3820/3820/3820  3821/3821/3821  3822/3822/3822  
f 3823/3823/3823  3824/3824/3824  3825/3825/3825  
f 3826/3826/3826  3827/3827/3827  3828/3828/3828  
f 3829/3829/3829  3830/3830/3830  3831/3831/3831  
f 3832/3832/3832  3833/3833/3833  3834/3834/3834  
f 3835/3835/3835  3836/3836/3836  3837/3837/3837  
f 3838/3838/3838  3839/3839/3839  3840/3840/3840  
f 3841/3841/3841  3842/3842/3842  3843/3843/3843  
f 3844/3844/3844  3845/3845/3845  3846/3846/3846  
f 3847/3847/3847  3848/3848/3848  3849/3849/3849  
f 3850/3850/3850  3851/3851/3851  3852/3852/3852  
f 3853/3853/3853  3854/3854/3854  3855/3855/3855  
f 3856/3856/3856  3857/3857/3857  3858/3858/3858  
f 3859/3859/3859  3860/3860/3860  3861/3861/3861  
f 3862/3862/3862  3863/3863/3863  3864/3864/3864  
f 3865/3865/3865  3866/3866/3866  3867/3867/3867  
f 3868/3868/3868  3869/3869/3869  3870/3870/3870  
f 3871/3871/3871  3872/3872/3872  3873/3873/3873  
f 3874/3874/3874  3875/3875/3875  3876/3876/3876  
f 3877/3877/3877  3878/3878/3878  3879/3879/3879  
f 3880/3880/3880  3881/3881/3881  3882/3882/3882  
f 3883/3883/3883  3884/3884/3884  3885/3885/3885  
f 3886/3886/3886  3887/3887/3887  3888/3888/3888  
f 3889/3889/3889  3890/3890/3890  3891/3891/3891  
f 3892/3892/3892  3893/3893/3893  3894/3894/3894  
f 3895/3895/3895  3896/3896/3896  3897/3897/3897  
f 3898/3898/3898  3899/3899/3899  3900/3900/3900  
f 3901/3901/3901  3902/3902/3902  3903/3903/3903  
f 3904/3904/3904  3905/3905/3905  3906/3906/3906  
f 3907/3907/3907  3908/3908/3908  3909/3909/3909  
f 3910/3910/3910  3911/3911/3911  3912/3912/3912  
f 3913/3913/3913  3914/3914/3914  3915/3915/3915  
f 3916/3916/3916  3917/3917/3917  3918/3918/3918  
f 3919/3919/3919  3920/3920/3920  3921/3921/3921  
f 3922/3922/3922  3923/3923/3923  3924/3924/3924  
f 3925/3925/3925  3926/3926/3926  3927/3927/3927  
f 3928/3928/3928  3929/3929/3929  3930/3930/3930  
f 3931/3931/3931  3932/3932/3932  3933/3933/3933  
f 3934/3934/3934  3935/3935/3935  3936/3936/3936  
f 3937/3937/3937  3938/3938/3938  3939/3939/3939  
f 3940/3940/3940  3941/3941/3941  3942/3942/3942  
f 3943/3943/3943  3944/3944/3944  3945/3945/3945  
f 3946/3946/3946  3947/3947/3947  3948/3948/3948  
f 3949/3949/3949  3950/3950/3950  3951/3951/3951  
f 3952/3952/3952  3953/3953/3953  3954/3954/3954  
f 3955/3955/3955  3956/3956/3956  3957/3957/3957  
f 3958/3958/3958  3959/3959/3959  3960/3960/3960  
f 3961/3961/3961  3962/3962/3962  3963/3963/3963  
f 3964/3964/3964  3965/3965/3965  3966/3966/3966  
f 3967/3967/3967  3968/3968/3968  3969/3969/3969  
f 3970/3970/3970  3971/3971/3971  3972/3972/3972  
f 3973/3973/3973  3974/3974/3974  3975/3975/3975  
f 3976/3976/3976  3977/3977/3977  3978/3978/3978  
f 3979/3979/3979  3980/3980/3980  3981/3981/3981  
f 3982/3982/3982  3983/3983/3983  3984/3984/3984  
f 3985/3985/3985  3986/3986/3986  3987/3987/3987  
f 3988/3988/3988  3989/3989/3989  3990/3990/3990  
f 3991/3991/3991  3992/3992/3992  3993/3993/3993  
f 3994/3994/3994  3995/3995/3995  3996/3996/3996  
f 3997/3997/3997  3998/3998/3998  3999/3999/3999  
f 4000/4000/4000  4001/4001/4001  4002/4002/4002  
f 4003/4003/4003  4004/4004/4004  4005/4005/4005  
f 4006/4006/4006  4007/4007/4007  4008/4008/4008  
f 4009/4009/4009  4010/4010/4010  4011/4011/4011  
f 4012/4012/4012  4013/4013/4013  4014/4014/4014  
f 4015/4015/4015  4016/4016/4016  4017/4017/4017  
f 4018/4018/4018  4019/4019/4019  4020/4020/4020  
f 4021/4021/4021  4022/4022/4022  4023/4023/4023  
f 4024/4024/4024  4025/4025/4025  4026/4026/4026  
f 4027/4027/4027  4028/4028/4028  4029/4029/4029  
f 4030/4030/4030  4031/4031/4031  4032/4032/4032  
f 4033/4033/4033  4034/4034/4034  4035/4035/4035  
f 4036/4036/4036  4037/4037/4037  4038/4038/4038  
f 4039/4039/4039  4040/4040/4040  4041/4041/4041  
f 4042/4042/4042  4043/4043/4043  4044/4044/4044  
f 4045/4045/4045  4046/4046/4046  4047/4047/4047  
f 4048/4048/4048  4049/4049/4049  4050/4050/4050  
f 4051/4051/4051  4052/4052/4052  4053/4053/4053  
f 4054/4054/4054  4055/4055/4055  4056/4056/4056  
f 4057/4057/4057  4058/4058/4058  4059/4059/4059  
f 4060/4060/4060  4061/4061/4061  4062/4062/4062  
f 4063/4063/4063  4064/4064/4064  4065/4065/4065  
f 4066/4066/4066  4067/4067/4067  4068/4068/4068  
f 4069/4069/4069  4070/4070/4070  4071/4071/4071  
f 4072/4072/4072  4073/4073/4073  4074/4074/4074  
f 4075/4075/4075  4076/4076/4076  4077/4077/4077  
f 4078/4078/4078  4079/4079/4079  4080/4080/4080  
f 4081/4081/4081  4082/4082/4082  4083/4083/4083  
f 4084/4084/4084  4085/4085/4085  4086/4086/4086  
f 4087/4087/4087  4088/4088/4088  4089/4089/4089  
f 4090/4090/4090  4091/4091/4091  4092/4092/4092  
f 4093/4093/4093  4094/4094/4094  4095/4095/4095  
f 4096/4096/4096  4097/4097/4097  4098/4098/4098  
f 4099/4099/4099  4100/4100/4100  4101/4101/4101  
f 4102/4102/4102  4103/4103/4103  4104/4104/4104  
f 4105/4105/4105  4106/4106/4106  4107/4107/4107  
f 4108/4108/4108  4109/4109/4109  4110/4110/4110  
f 4111/4111/4111  4112/4112/4112  4113/4113/4113  
f 4114/4114/4114  4115/4115/4115  4116/4116/4116  
f 4117/4117/4117  4118/4118/4118  4119/4119/4119  
f 4120/4120/4120  4121/4121/4121  4122/4122/4122  
f 4123/4123/4123  4124/4124/4124  4125/4125/4125  
f 4126/4126/4126  4127/4127/4127  4128/4128/4128  
f 4129/4129/4129  4130/4130/4130  4131/4131/4131  
f 4132/4132/4132  4133/4133/4133  4134/4134/4134  
f 4135/4135/4135  4136/4136/4136  4137/4137/4137  
f 4138/4138/4138  4139/4139/4139  4140/4140/4140  
f 4141/4141/4141  4142/4142/4142  4143/4143/4143  
f 4144/4144/4144  4145/4145/4145  4146/4146/4146  
f 4147/4147/4147  4148/4148/4148  4149/4149/4149  
f 4150/4150/4150  4151/4151/4151  4152/4152/4152  
f 4153/4153/4153  4154/4154/4154  4155/4155/4155  
f 4156/4156/4156  4157/4157/4157  4158/4158/4158  
f 4159/4159/4159  4160/4160/4160  4161/4161/4161  
f 4162/4162/4162  4163/4163/4163  4164/4164/4164  
f 4165/4165/4165  4166/4166/4166  4167/4167/4167  
f 4168/4168/4168  4169/4169/4169  4170/4170/4170  
f 4171/4171/4171  4172/4172/4172  4173/4173/4173  
f 4174/4174/4174  4175/4175/4175  4176/4176/4176  
f 4177/4177/4177  4178/4178/4178  4179/4179/4179  
f 4180/4180/4180  4181/4181/4181  4182/4182/4182  
f 4183/4183/4183  4184/4184/4184  4185/4185/4185  
f 4186/4186/4186  4187/4187/4187  4188/4188/4188  
f 4189/4189/4189  4190/4190/4190  4191/4191/4191  
f 4192/4192/4192  4193/4193/4193  4194/4194/4194  
f 4195/4195/4195  4196/4196/4196  4197/4197/4197  
f 4198/4198/4198  4199/4199/4199  4200/4200/4200  
f 4201/4201/4201  4202/4202/4202  4203/4203/4203  
f 4204/4204/4204  4205/4205/4205  4206/4206/4206  
f 4207/4207/4207  4208/4208/4208  4209/4209/4209  
f 4210/4210/4210  4211/4211/4211  4212/4212/4212  
f 4213/4213/4213  4214/4214/4214  4215/4215/4215  
f 4216/4216/4216  4217/4217/4217  4218/4218/4218  
f 4219/4219/4219  4220/4220/4220  4221/4221/4221  
f 4222/4222/4222  4223/4223/4223  4224/4224/4224  
f 4225/4225/4225  4226/4226/4226  4227/4227/4227  
f 4228/4228/4228  4229/4229/4229  4230/4230/4230  
f 4231/4231/4231  4232/4232/4232  4233/4233/4233  
f 4234/4234/4234  4235/4235/4235  4236/4236/4236  
f 4237/4237/4237  4238/4238/4238  4239/4239/4239  
f 4240/4240/4240  4241/4241/4241  4242/4242/4242  
f 4243/4243/4243  4244/4244/4244  4245/4245/4245  
f 4246/4246/4246  4247/4247/4247  4248/4248/4248  
f 4249/4249/4249  4250/4250/4250  4251/4251/4251  
f 4252/4252/4252  4253/4253/4253  4254/4254/4254  
f 4255/4255/4255  4256/4256/4256  4257/4257/4257  
f 4258/4258/4258  4259/4259/4259  4260/4260/4260  
f 4261/4261/4261  4262/4262/4262  4263/4263/4263  
f 4264/4264/4264  4265/4265/4265  4266/4266/4266  
f 4267/4267/4267  4268/4268/4268  4269/4269/4269  
f 4270/4270/4270  4271/4271/4271  4272/4272/4272  
f 4273/4273/4273  4274/4274/4274  4275/4275/4275  
f 4276/4276/4276  4277/4277/4277  4278/4278/4278  
f 4279/4279/4279  4280/4280/4280  4281/4281/4281  
f 4282/4282/4282  4283/4283/4283  4284/4284/4284  
f 4285/4285/4285  4286/4286/4286  4287/4287/4287  
f 4288/4288/4288  4289/4289/4289  4290/4290/4290  
f 4291/4291/4291  4292/4292/4292  4293/4293/4293  
f 4294/4294/4294  4295/4295/4295  4296/4296/4296  
f 4297/4297/4297  4298/4298/4298  4299/4299/4299  
f 4300/4300/4300  4301/4301/4301  4302/4302/4302  
f 4303/4303/4303  4304/4304/4304  4305/4305/4305  
f 4306/4306/4306  4307/4307/4307  4308/4308/4308  
f 4309/4309/4309  4310/4310/4310  4311/4311/4311  
f 4312/4312/4312  4313/4313/4313  4314/4314/4314  
f 4315/4315/4315  4316/4316/4316  4317/4317/4317  
f 4318/4318/4318  4319/4319/4319  4320/4320/4320  
f 4321/4321/4321  4322/4322/4322  4323/4323/4323  
f 4324/4324/4324  4325/4325/4325  4326/4326/4326  
f 4327/4327/4327  4328/4328/4328  4329/4329/4329  
f 4330/4330/4330  4331/4331/4331  4332/4332/4332  
f 4333/4333/4333  4334/4334/4334  4335/4335/4335  
f 4336/4336/4336  4337/4337/4337  4338/4338/4338  
f 4339/4339/4339  4340/4340/4340  4341/4341/4341  
f 4342/4342/4342  4343/4343/4343  4344/4344/4344  
f 4345/4345/4345  4346/4346/4346  4347/4347/4347  
f 4348/4348/4348  4349/4349/4349  4350/4350/4350  
f 4351/4351/4351  4352/4352/4352  4353/4353/4353  
f 4354/4354/4354  4355/4355/4355  4356/4356/4356  
f 4357/4357/4357  4358/4358/4358  4359/4359/4359  
f 4360/4360/4360  4361/4361/4361  4362/4362/4362  
f 4363/4363/4363  4364/4364/4364  4365/4365/4365  
f 4366/4366/4366  4367/4367/4367  4368/4368/4368  
f 4369/4369/4369  4370/4370/4370  4371/4371/4371  
f 4372/4372/4372  4373/4373/4373  4374/4374/4374  
f 4375/4375/4375  4376/4376/4376  4377/4377/4377  
f 4378/4378/4378  4379/4379/4379  4380/4380/4380  
f 4381/4381/4381  4382/4382/4382  4383/4383/4383  
f 4384/4384/4384  4385/4385/4385  4386/4386/4386  
f 4387/4387/4387  4388/4388/4388  4389/4389/4389  
f 4390/4390/4390  4391/4391/4391  4392/4392/4392  
f 4393/4393/4393  4394/4394/4394  4395/4395/4395  
f 4396/4396/4396  4397/4397/4397  4398/4398/4398  
f 4399/4399/4399  4400/4400/4400  4401/4401/4401  
f 4402/4402/4402  4403/4403/4403  4404/4404/4404  
f 4405/4405/4405  4406/4406/4406  4407/4407/4407  
f 4408/4408/4408  4409/4409/4409  4410/4410/4410  
f 4411/4411/4411  4412/4412/4412  4413/4413/4413  
f 4414/4414/4414  4415/4415/4415  4416/4416/4416  
f 4417/4417/4417  4418/4418/4418  4419/4419/4419  
f 4420/4420/4420  4421/4421/4421  4422/4422/4422  
f 4423/4423/4423  4424/4424/4424  4425/4425/4425  
f 4426/4426/4426  4427/4427/4427  4428/4428/4428  
f 4429/4429/4429  4430/4430/4430  4431/4431/4431  
f 4432/4432/4432  4433/4433/4433  4434/4434/4434  
f 4435/4435/4435  4436/4436/4436  4437/4437/4437  
f 4438/4438/4438  4439/4439/4439  4440/4440/4440  
f 4441/4441/4441  4442/4442/4442  4443/4443/4443  
f 4444/4444/4444  4445/4445/4445  4446/4446/4446  
f 4447/4447/4447  4448/4448/4448  4449/4449/4449  
f 4450/4450/4450  4451/4451/4451  4452/4452/4452  
f 4453/4453/4453  4454/4454/4454  4455/4455/4455  
f 4456/4456/4456  4457/4457/4457  4458/4458/4458  
f 4459/4459/4459  4460/4460/4460  4461/4461/4461  
f 4462/4462/4462  4463/4463/4463  4464/4464/4464  
f 4465/4465/4465  4466/4466/4466  4467/4467/4467  
f 4468/4468/4468  4469/4469/4469  4470/4470/4470  
f 4471/4471/4471  4472/4472/4472  4473/4473/4473  
f 4474/4474/4474  4475/4475/4475  4476/4476/4476  
f 4477/4477/4477  4478/4478/4478  4479/4479/4479  
f 4480/4480/4480  4481/4481/4481  4482/4482/4482  
f 4483/4483/4483  4484/4484/4484  4485/4485/4485  
f 4486/4486/4486  4487/4487/4487  4488/4488/4488  
f 4489/4489/4489  4490/4490/4490  4491/4491/4491  
f 4492/4492/4492  4493/4493/4493  4494/4494/4494  
f 4495/4495/4495  4496/4496/4496  4497/4497/4497  
f 4498/4498/4498  4499/4499/4499  4500/4500/4500  
f 4501/4501/4501  4502/4502/4502  4503/4503/4503  
f 4504/4504/4504  4505/4505/4505  4506/4506/4506  
f 4507/4507/4507  4508/4508/4508  4509/4509/4509  
f 4510/4510/4510  4511/4511/4511  4512/4512/4512  
f 4513/4513/4513  4514/4514/4514  4515/4515/4515  
f 4516/4516/4516  4517/4517/4517  4518/4518/4518  
f 4519/4519/4519  4520/4520/4520  4521/4521/4521  
f 4522/4522/4522  4523/4523/4523  4524/4524/4524  
f 4525/4525/4525  4526/4526/4526  4527/4527/4527  
f 4528/4528/4528  4529/4529/4529  4530/4530/4530  
f 4531/4531/4531  4532/4532/4532  4533/4533/4533  
f 4534/4534/4534  4535/4535/4535  4536/4536/4536  
f 4537/4537/4537  4538/4538/4538  4539/4539/4539  
f 4540/4540/4540  4541/4541/4541  4542/4542/4542  
f 4543/4543/4543  4544/4544/4544  4545/4545/4545  
f 4546/4546/4546  4547/4547/4547  4548/4548/4548  
f 4549/4549/4549  4550/4550/4550  4551/4551/4551  
f 4552/4552/4552  4553/4553/4553  4554/4554/4554  
f 4555/4555/4555  4556/4556/4556  4557/4557/4557  
f 4558/4558/4558  4559/4559/4559  4560/4560/4560  
f 4561/4561/4561  4562/4562/4562  4563/4563/4563  
f 4564/4564/4564  4565/4565/4565  4566/4566/4566  
f 4567/4567/4567  4568/4568/4568  4569/4569/4569  
f 4570/4570/4570  4571/4571/4571  4572/4572/4572  
f 4573/4573/4573  4574/4574/4574  4575/4575/4575  
f 4576/4576/4576  4577/4577/4577  4578/4578/4578  
f 4579/4579/4579  4580/4580/4580  4581/4581/4581  
f 4582/4582/4582  4583/4583/4583  4584/4584/4584  
f 4585/4585/4585  4586/4586/4586  4587/4587/4587  
f 4588/4588/4588  4589/4589/4589  4590/4590/4590  
f 4591/4591/4591  4592/4592/4592  4593/4593/4593  
f 4594/4594/4594  4595/4595/4595  4596/4596/4596  
f 4597/4597/4597  4598/4598/4598  4599/4599/4599  
f 4600/4600/4600  4601/4601/4601  4602/4602/4602  
f 4603/4603/4603  4604/4604/4604  4605/4605/4605  
f 4606/4606/4606  4607/4607/4607  4608/4608/4608  
f 4609/4609/4609  4610/4610/4610  4611/4611/4611  
f 4612/4612/4612  4613/4613/4613  4614/4614/4614  
f 4615/4615/4615  4616/4616/4616  4617/4617/4617  
f 4618/4618/4618  4619/4619/4619  4620/4620/4620  
f 4621/4621/4621  4622/4622/4622  4623/4623/4623  
f 4624/4624/4624  4625/4625/4625  4626/4626/4626  
f 4627/4627/4627  4628/4628/4628  4629/4629/4629  
f 4630/4630/4630  4631/4631/4631  4632/4632/4632  
f 4633/4633/4633  4634/4634/4634  4635/4635/4635  
f 4636/4636/4636  4637/4637/4637  4638/4638/4638  
f 4639/4639/4639  4640/4640/4640  4641/4641/4641  
f 4642/4642/4642  4643/4643/4643  4644/4644/4644  
f 4645/4645/4645  4646/4646/4646  4647/4647/4647  
f 4648/4648/4648  4649/4649/4649  4650/4650/4650  
f 4651/4651/4651  4652/4652/4652  4653/4653/4653  
f 4654/4654/4654  4655/4655/4655  4656/4656/4656  
f 4657/4657/4657  4658/4658/4658  4659/4659/4659  
f 4660/4660/4660  4661/4661/4661  4662/4662/4662  
f 4663/4663/4663  4664/4664/4664  4665/4665/4665  
f 4666/4666/4666  4667/4667/4667  4668/4668/4668  
f 4669/4669/4669  4670/4670/4670  4671/4671/4671  
f 4672/4672/4672  4673/4673/4673  4674/4674/4674  
f 4675/4675/4675  4676/4676/4676  4677/4677/4677  
f 4678/4678/4678  4679/4679/4679  4680/4680/4680  
f 4681/4681/4681  4682/4682/4682  4683/4683/4683  
f 4684/4684/4684  4685/4685/4685  4686/4686/4686  
f 4687/4687/4687  4688/4688/4688  4689/4689/4689  
f 4690/4690/4690  4691/4691/4691  4692/4692/4692  
f 4693/4693/4693  4694/4694/4694  4695/4695/4695  
f 4696/4696/4696  4697/4697/4697  4698/4698/4698  
f 4699/4699/4699  4700/4700/4700  4701/4701/4701  
f 4702/4702/4702  4703/4703/4703  4704/4704/4704  
f 4705/4705/4705  4706/4706/4706  4707/4707/4707  
f 4708/4708/4708  4709/4709/4709  4710/4710/4710  
f 4711/4711/4711  4712/4712/4712  4713/4713/4713  
f 4714/4714/4714  4715/4715/4715  4716/4716/4716  
f 4717/4717/4717  4718/4718/4718  4719/4719/4719  
f 4720/4720/4720  4721/4721/4721  4722/4722/4722  
f 4723/4723/4723  4724/4724/4724  4725/4725/4725  
f 4726/4726/4726  4727/4727/4727  4728/4728/4728  
f 4729/4729/4729  4730/4730/4730  4731/4731/4731  
f 4732/4732/4732  4733/4733/4733  4734/4734/4734  
f 4735/4735/4735  4736/4736/4736  4737/4737/4737  
f 4738/4738/4738  4739/4739/4739  4740/4740/4740  
f 4741/4741/4741  4742/4742/4742  4743/4743/4743  
f 4744/4744/4744  4745/4745/4745  4746/4746/4746  
f 4747/4747/4747  4748/4748/4748  4749/4749/4749  
f 4750/4750/4750  4751/4751/4751  4752/4752/4752  
f 4753/4753/4753  4754/4754/4754  4755/4755/4755  
f 4756/4756/4756  4757/4757/4757  4758/4758/4758  
f 4759/4759/4759  4760/4760/4760  4761/4761/4761  
f 4762/4762/4762  4763/4763/4763  4764/4764/4764  
f 4765/4765/4765  4766/4766/4766  4767/4767/4767  
f 4768/4768/4768  4769/4769/4769  4770/4770/4770  
f 4771/4771/4771  4772/4772/4772  4773/4773/4773  
f 4774/4774/4774  4775/4775/4775  4776/4776/4776  
f 4777/4777/4777  4778/4778/4778  4779/4779/4779  
f 4780/4780/4780  4781/4781/4781  4782/4782/4782  
f 4783/4783/4783  4784/4784/4784  4785/4785/4785  
f 4786/4786/4786  4787/4787/4787  4788/4788/4788  
f 4789/4789/4789  4790/4790/4790  4791/4791/4791  
f 4792/4792/4792  4793/4793/4793  4794/4794/4794  
f 4795/4795/4795  4796/4796/4796  4797/4797/4797  
f 4798/4798/4798  4799/4799/4799  4800/4800/4800  
f 4801/4801/4801  4802/4802/4802  4803/4803/4803  
f 4804/4804/4804  4805/4805/4805  4806/4806/4806  
f 4807/4807/4807  4808/4808/4808  4809/4809/4809  
f 4810/4810/4810  4811/4811/4811  4812/4812/4812  
f 4813/4813/4813  4814/4814/4814  4815/4815/4815  
f 4816/4816/4816  4817/4817/4817  4818/4818/4818  
f 4819/4819/4819  4820/4820/4820  4821/4821/4821  
f 4822/4822/4822  4823/4823/4823  4824/4824/4824  
f 4825/4825/4825  4826/4826/4826  4827/4827/4827  
f 4828/4828/4828  4829/4829/4829  4830/4830/4830  
f 4831/4831/4831  4832/4832/4832  4833/4833/4833  
f 4834/4834/4834  4835/4835/4835  4836/4836/4836  
f 4837/4837/4837  4838/4838/4838  4839/4839/4839  
f 4840/4840/4840  4841/4841/4841  4842/4842/4842  
f 4843/4843/4843  4844/4844/4844  4845/4845/4845  
f 4846/4846/4846  4847/4847/4847  4848/4848/4848  
f 4849/4849/4849  4850/4850/4850  4851/4851/4851  
f 4852/4852/4852  4853/4853/4853  4854/4854/4854  
f 4855/4855/4855  4856/4856/4856  4857/4857/4857  
f 4858/4858/4858  4859/4859/4859  4860/4860/4860  
f 4861/4861/4861  4862/4862/4862  4863/4863/4863  
f 4864/4864/4864  4865/4865/4865  4866/4866/4866  
f 4867/4867/4867  4868/4868/4868  4869/4869/4869  
f 4870/4870/4870  4871/4871/4871  4872/4872/4872  
f 4873/4873/4873  4874/4874/4874  4875/4875/4875  
f 4876/4876/4876  4877/4877/4877  4878/4878/4878  
f 4879/4879/4879  4880/4880/4880  4881/4881/4881  
f 4882/4882/4882  4883/4883/4883  4884/4884/4884  
f 4885/4885/4885  4886/4886/4886  4887/4887/4887  
f 4888/4888/4888  4889/4889/4889  4890/4890/4890  
f 4891/4891/4891  4892/4892/4892  4893/4893/4893  
f 4894/4894/4894  4895/4895/4895  4896/4896/4896  
f 4897/4897/4897  4898/4898/4898  4899/4899/4899  
f 4900/4900/4900  4901/4901/4901  4902/4902/4902  
f 4903/4903/4903  4904/4904/4904  4905/4905/4905  
f 4906/4906/4906  4907/4907/4907  4908/4908/4908  
f 4909/4909/4909  4910/4910/4910  4911/4911/4911  
f 4912/4912/4912  4913/4913/4913  4914/4914/4914  
f 4915/4915/4915  4916/4916/4916  4917/4917/4917  
f 4918/4918/4918  4919/4919/4919  4920/4920/4920  
f 4921/4921/4921  4922/4922/4922  4923/4923/4923  
f 4924/4924/4924  4925/4925/4925  4926/4926/4926  
f 4927/4927/4927  4928/4928/4928  4929/4929/4929  
f 4930/4930/4930  4931/4931/4931  4932/4932/4932  
f 4933/4933/4933  4934/4934/4934  4935/4935/4935  
f 4936/4936/4936  4937/4937/4937  4938/4938/4938  
f 4939/4939/4939  4940/4940/4940  4941/4941/4941  
f 4942/4942/4942  4943/4943/4943  4944/4944/4944  
f 4945/4945/4945  4946/4946/4946  4947/4947/4947  
f 4948/4948/4948  4949/4949/4949  4950/4950/4950  
f 4951/4951/4951  4952/4952/4952  4953/4953/4953  
f 4954/4954/4954  4955/4955/4955  4956/4956/4956  
f 4957/4957/4957  4958/4958/4958  4959/4959/4959  
f 4960/4960/4960  4961/4961/4961  4962/4962/4962  
f 4963/4963/4963  4964/4964/4964  4965/4965/4965  
f 4966/4966/4966  4967/4967/4967  4968/4968/4968  
f 4969/4969/4969  4970/4970/4970  4971/4971/4971  
f 4972/4972/4972  4973/4973/4973  4974/4974/4974  
f 4975/4975/4975  4976/4976/4976  4977/4977/4977  
f 4978/4978/4978  4979/4979/4979  4980/4980/4980  
f 4981/4981/4981  4982/4982/4982  4983/4983/4983  
f 4984/4984/4984  4985/4985/4985  4986/4986/4986  
f 4987/4987/4987  4988/4988/4988  4989/4989/4989  
f 4990/4990/4990  4991/4991/4991  4992/4992/4992  
f 4993/4993/4993  4994/4994/4994  4995/4995/4995  
f 4996/4996/4996  4997/4997/4997  4998/4998/4998  
f 4999/4999/4999  5000/5000/5000  5001/5001/5001  
f 5002/5002/5002  5003/5003/5003  5004/5004/5004  
f 5005/5005/5005  5006/5006/5006  5007/5007/5007  
f 5008/5008/5008  5009/5009/5009  5010/5010/5010  
f 5011/5011/5011  5012/5012/5012  5013/5013/5013  
f 5014/5014/5014  5015/5015/5015  5016/5016/5016  
f 5017/5017/5017  5018/5018/5018  5019/5019/5019  
f 5020/5020/5020  5021/5021/5021  5022/5022/5022  
f 5023/5023/5023  5024/5024/5024  5025/5025/5025  
f 5026/5026/5026  5027/5027/5027  5028/5028/5028  
f 5029/5029/5029  5030/5030/5030  5031/5031/5031  
f 5032/5032/5032  5033/5033/5033  5034/5034/5034  
f 5035/5035/5035  5036/5036/5036  5037/5037/5037  
f 5038/5038/5038  5039/5039/5039  5040/5040/5040  
f 5041/5041/5041  5042/5042/5042  5043/5043/5043  
f 5044/5044/5044  5045/5045/5045  5046/5046/5046  
f 5047/5047/5047  5048/5048/5048  5049/5049/5049  
f 5050/5050/5050  5051/5051/5051  5052/5052/5052  
f 5053/5053/5053  5054/5054/5054  5055/5055/5055  
f 5056/5056/5056  5057/5057/5057  5058/5058/5058  
f 5059/5059/5059  5060/5060/5060  5061/5061/5061  
f 5062/5062/5062  5063/5063/5063  5064/5064/5064  
f 5065/5065/5065  5066/5066/5066  5067/5067/5067  
f 5068/5068/5068  5069/5069/5069  5070/5070/5070  
f 5071/5071/5071  5072/5072/5072  5073/5073/5073  
f 5074/5074/5074  5075/5075/5075  5076/5076/5076  
f 5077/5077/5077  5078/5078/5078  5079/5079/5079  
f 5080/5080/5080  5081/5081/5081  5082/5082/5082  
f 5083/5083/5083  5084/5084/5084  5085/5085/5085  
f 5086/5086/5086  5087/5087/5087  5088/5088/5088  
f 5089/5089/5089  5090/5090/5090  5091/5091/5091  
f 5092/5092/5092  5093/5093/5093  5094/5094/5094  
f 5095/5095/5095  5096/5096/5096  5097/5097/5097  
f 5098/5098/5098  5099/5099/5099  5100/5100/5100  
f 5101/5101/5101  5102/5102/5102  5103/5103/5103  
f 5104/5104/5104  5105/5105/5105  5106/5106/5106  
f 5107/5107/5107  5108/5108/5108  5109/5109/5109  
f 5110/5110/5110  5111/5111/5111  5112/5112/5112  
f 5113/5113/5113  5114/5114/5114  5115/5115/5115  
f 5116/5116/5116  5117/5117/5117  5118/5118/5118  
f 5119/5119/5119  5120/5120/5120  5121/5121/5121  
f 5122/5122/5122  5123/5123/5123  5124/5124/5124  
f 5125/5125/5125  5126/5126/5126  5127/5127/5127  
f 5128/5128/5128  5129/5129/5129  5130/5130/5130  
f 5131/5131/5131  5132/5132/5132  5133/5133/5133  
f 5134/5134/5134  5135/5135/5135  5136/5136/5136  
f 5137/5137/5137  5138/5138/5138  5139/5139/5139  
f 5140/5140/5140  5141/5141/5141  5142/5142/5142  
f 5143/5143/5143  5144/5144/5144  5145/5145/5145  
f 5146/5146/5146  5147/5147/5147  5148/5148/5148  
f 5149/5149/5149  5150/5150/5150  5151/5151/5151  
f 5152/5152/5152  5153/5153/5153  5154/5154/5154  
f 5155/5155/5155  5156/5156/5156  5157/5157/5157  
f 5158/5158/5158  5159/5159/5159  5160/5160/5160  
f 5161/5161/5161  5162/5162/5162  5163/5163/5163  
f 5164/5164/5164  5165/5165/5165  5166/5166/5166  
f 5167/5167/5167  5168/5168/5168  5169/5169/5169  
f 5170/5170/5170  5171/5171/5171  5172/5172/5172  
f 5173/5173/5173  5174/5174/5174  5175/5175/5175  
f 5176/5176/5176  5177/5177/5177  5178/5178/5178  
f 5179/5179/5179  5180/5180/5180  5181/5181/5181  
f 5182/5182/5182  5183/5183/5183  5184/5184/5184  
f 5185/5185/5185  5186/5186/5186  5187/5187/5187  
f 5188/5188/5188  5189/5189/5189  5190/5190/5190  
f 5191/5191/5191  5192/5192/5192  5193/5193/5193  
f 5194/5194/5194  5195/5195/5195  5196/5196/5196  
f 5197/5197/5197  5198/5198/5198  5199/5199/5199  
f 5200/5200/5200  5201/5201/5201  5202/5202/5202  
f 5203/5203/5203  5204/5204/5204  5205/5205/5205  
f 5206/5206/5206  5207/5207/5207  5208/5208/5208  
f 5209/5209/5209  5210/5210/5210  5211/5211/5211  
f 5212/5212/5212  5213/5213/5213  5214/5214/5214  
f 5215/5215/5215  5216/5216/5216  5217/5217/5217  
f 5218/5218/5218  5219/5219/5219  5220/5220/5220  
f 5221/5221/5221  5222/5222/5222  5223/5223/5223  
f 5224/5224/5224  5225/5225/5225  5226/5226/5226  
f 5227/5227/5227  5228/5228/5228  5229/5229/5229  
f 5230/5230/5230  5231/5231/5231  5232/5232/5232  
f 5233/5233/5233  5234/5234/5234  5235/5235/5235  
f 5236/5236/5236  5237/5237/5237  5238/5238/5238  
f 5239/5239/5239  5240/5240/5240  5241/5241/5241  
f 5242/5242/5242  5243/5243/5243  5244/5244/5244  
f 5245/5245/5245  5246/5246/5246  5247/5247/5247  
f 5248/5248/5248  5249/5249/5249  5250/5250/5250  
f 5251/5251/5251  5252/5252/5252  5253/5253/5253  
f 5254/5254/5254  5255/5255/5255  5256/5256/5256  
f 5257/5257/5257  5258/5258/5258  5259/5259/5259  
f 5260/5260/5260  5261/5261/5261  5262/5262/5262  
f 5263/5263/5263  5264/5264/5264  5265/5265/5265  
f 5266/5266/5266  5267/5267/5267  5268/5268/5268  
f 5269/5269/5269  5270/5270/5270  5271/5271/5271  
f 5272/5272/5272  5273/5273/5273  5274/5274/5274  
f 5275/5275/5275  5276/5276/5276  5277/5277/5277  
f 5278/5278/5278  5279/5279/5279  5280/5280/5280  
f 5281/5281/5281  5282/5282/5282  5283/5283/5283  
f 5284/5284/5284  5285/5285/5285  5286/5286/5286  
f 5287/5287/5287  5288/5288/5288  5289/5289/5289  
f 5290/5290/5290  5291/5291/5291  5292/5292/5292  
f 5293/5293/5293  5294/5294/5294  5295/5295/5295  
f 5296/5296/5296  5297/5297/5297  5298/5298/5298  
f 5299/5299/5299  5300/5300/5300  5301/5301/5301  
f 5302/5302/5302  5303/5303/5303  5304/5304/5304  
f 5305/5305/5305  5306/5306/5306  5307/5307/5307  
f 5308/5308/5308  5309/5309/5309  5310/5310/5310  
f 5311/5311/5311  5312/5312/5312  5313/5313/5313  
f 5314/5314/5314  5315/5315/5315  5316/5316/5316  
f 5317/5317/5317  5318/5318/5318  5319/5319/5319  
f 5320/5320/5320  5321/5321/5321  5322/5322/5322  
f 5323/5323/5323  5324/5324/5324  5325/5325/5325  
f 5326/5326/5326  5327/5327/5327  5328/5328/5328  
f 5329/5329/5329  5330/5330/5330  5331/5331/5331  
f 5332/5332/5332  5333/5333/5333  5334/5334/5334  
f 5335/5335/5335  5336/5336/5336  5337/5337/5337  
f 5338/5338/5338  5339/5339/5339  5340/5340/5340  
f 5341/5341/5341  5342/5342/5342  5343/5343/5343  
f 5344/5344/5344  5345/5345/5345  5346/5346/5346  
f 5347/5347/5347  5348/5348/5348  5349/5349/5349  
f 5350/5350/5350  5351/5351/5351  5352/5352/5352  
f 5353/5353/5353  5354/5354/5354  5355/5355/5355  
f 5356/5356/5356  5357/5357/5357  5358/5358/5358  
f 5359/5359/5359  5360/5360/5360  5361/5361/5361  
f 5362/5362/5362  5363/5363/5363  5364/5364/5364  
f 5365/5365/5365  5366/5366/5366  5367/5367/5367  
f 5368/5368/5368  5369/5369/5369  5370/5370/5370  
f 5371/5371/5371  5372/5372/5372  5373/5373/5373  
f 5374/5374/5374  5375/5375/5375  5376/5376/5376  
f 5377/5377/5377  5378/5378/5378  5379/5379/5379  
f 5380/5380/5380  5381/5381/5381  5382/5382/5382  
f 5383/5383/5383  5384/5384/5384  5385/5385/5385  
f 5386/5386/5386  5387/5387/5387  5388/5388/5388  
f 5389/5389/5389  5390/5390/5390  5391/5391/5391  
f 5392/5392/5392  5393/5393/5393  5394/5394/5394  
f 5395/5395/5395  5396/5396/5396  5397/5397/5397  
f 5398/5398/5398  5399/5399/5399  5400/5400/5400  
f 5401/5401/5401  5402/5402/5402  5403/5403/5403  
f 5404/5404/5404  5405/5405/5405  5406/5406/5406  
f 5407/5407/5407  5408/5408/5408  5409/5409/5409  
f 5410/5410/5410  5411/5411/5411  5412/5412/5412  
f 5413/5413/5413  5414/5414/5414  5415/5415/5415  
f 5416/5416/5416  5417/5417/5417  5418/5418/5418  
f 5419/5419/5419  5420/5420/5420  5421/5421/5421  
f 5422/5422/5422  5423/5423/5423  5424/5424/5424  
f 5425/5425/5425  5426/5426/5426  5427/5427/5427  
f 5428/5428/5428  5429/5429/5429  5430/5430/5430  
f 5431/5431/5431  5432/5432/5432  5433/5433/5433  
f 5434/5434/5434  5435/5435/5435  5436/5436/5436  
f 5437/5437/5437  5438/5438/5438  5439/5439/5439  
f 5440/5440/5440  5441/5441/5441  5442/5442/5442  
f 5443/5443/5443  5444/5444/5444  5445/5445/5445  
f 5446/5446/5446  5447/5447/5447  5448/5448/5448  
f 5449/5449/5449  5450/5450/5450  5451/5451/5451  
f 5452/5452/5452  5453/5453/5453  5454/5454/5454  
f 5455/5455/5455  5456/5456/5456  5457/5457/5457  
f 5458/5458/5458  5459/5459/5459  5460/5460/5460  
f 5461/5461/5461  5462/5462/5462  5463/5463/5463  
f 5464/5464/5464  5465/5465/5465  5466/5466/5466  
f 5467/5467/5467  5468/5468/5468  5469/5469/5469  
f 5470/5470/5470  5471/5471/5471  5472/5472/5472  
f 5473/5473/5473  5474/5474/5474  5475/5475/5475  
f 5476/5476/5476  5477/5477/5477  5478/5478/5478  
f 5479/5479/5479  5480/5480/5480  5481/5481/5481  
f 5482/5482/5482  5483/5483/5483  5484/5484/5484  
f 5485/5485/5485  5486/5486/5486  5487/5487/5487  
f 5488/5488/5488  5489/5489/5489  5490/5490/5490  
f 5491/5491/5491  5492/5492/5492  5493/5493/5493  
f 5494/5494/5494  5495/5495/5495  5496/5496/5496  
f 5497/5497/5497  5498/5498/5498  5499/5499/5499  
f 5500/5500/5500  5501/5501/5501  5502/5502/5502  
f 5503/5503/5503  5504/5504/5504  5505/5505/5505  
f 5506/5506/5506  5507/5507/5507  5508/5508/5508  
f 5509/5509/5509  5510/5510/5510  5511/5511/5511  
f 5512/5512/5512  5513/5513/5513  5514/5514/5514  
f 5515/5515/5515  5516/5516/5516  5517/5517/5517  
f 5518/5518/5518  5519/5519/5519  5520/5520/5520  
f 5521/5521/5521  5522/5522/5522  5523/5523/5523  
f 5524/5524/5524  5525/5525/5525  5526/5526/5526  
f 5527/5527/5527  5528/5528/5528  5529/5529/5529  
f 5530/5530/5530  5531/5531/5531  5532/5532/5532  
f 5533/5533/5533  5534/5534/5534  5535/5535/5535  
f 5536/5536/5536  5537/5537/5537  5538/5538/5538  
f 5539/5539/5539  5540/5540/5540  5541/5541/5541  
f 5542/5542/5542  5543/5543/5543  5544/5544/5544  
f 5545/5545/5545  5546/5546/5546  5547/5547/5547  
f 5548/5548/5548  5549/5549/5549  5550/5550/5550  
f 5551/5551/5551  5552/5552/5552  5553/5553/5553  
f 5554/5554/5554  5555/5555/5555  5556/5556/5556  
f 5557/5557/5557  5558/5558/5558  5559/5559/5559  
f 5560/5560/5560  5561/5561/5561  5562/5562/5562  
f 5563/5563/5563  5564/5564/5564  5565/5565/5565  
f 5566/5566/5566  5567/5567/5567  5568/5568/5568  
f 5569/5569/5569  5570/5570/5570  5571/5571/5571  
f 5572/5572/5572  5573/5573/5573  5574/5574/5574  
f 5575/5575/5575  5576/5576/5576  5577/5577/5577  
f 5578/5578/5578  5579/5579/5579  5580/5580/5580  
f 5581/5581/5581  5582/5582/5582  5583/5583/5583  
f 5584/5584/5584  5585/5585/5585  5586/5586/5586  
f 5587/5587/5587  5588/5588/5588  5589/5589/5589  
f 5590/5590/5590  5591/5591/5591  5592/5592/5592  
f 5593/5593/5593  5594/5594/5594  5595/5595/5595  
f 5596/5596/5596  5597/5597/5597  5598/5598/5598  
f 5599/5599/5599  5600/5600/5600  5601/5601/5601  
f 5602/5602/5602  5603/5603/5603  5604/5604/5604  
f 5605/5605/5605  5606/5606/5606  5607/5607/5607  
f 5608/5608/5608  5609/5609/5609  5610/5610/5610  
f 5611/5611/5611  5612/5612/5612  5613/5613/5613  
f 5614/5614/5614  5615/5615/5615  5616/5616/5616  
f 5617/5617/5617  5618/5618/5618  5619/5619/5619  
f 5620/5620/5620  5621/5621/5621  5622/5622/5622  
f 5623/5623/5623  5624/5624/5624  5625/5625/5625  
f 5626/5626/5626  5627/5627/5627  5628/5628/5628  
f 5629/5629/5629  5630/5630/5630  5631/5631/5631  
f 5632/5632/5632  5633/5633/5633  5634/5634/5634  
f 5635/5635/5635  5636/5636/5636  5637/5637/5637  
f 5638/5638/5638  5639/5639/5639  5640/5640/5640  
f 5641/5641/5641  5642/5642/5642  5643/5643/5643  
f 5644/5644/5644  5645/5645/5645  5646/5646/5646  
f 5647/5647/5647  5648/5648/5648  5649/5649/5649  
f 5650/5650/5650  5651/5651/5651  5652/5652/5652  
f 5653/5653/5653  5654/5654/5654  5655/5655/5655  
f 5656/5656/5656  5657/5657/5657  5658/5658/5658  
f 5659/5659/5659  5660/5660/5660  5661/5661/5661  
f 5662/5662/5662  5663/5663/5663  5664/5664/5664  
f 5665/5665/5665  5666/5666/5666  5667/5667/5667  
f 5668/5668/5668  5669/5669/5669  5670/5670/5670  
f 5671/5671/5671  5672/5672/5672  5673/5673/5673  
f 5674/5674/5674  5675/5675/5675  5676/5676/5676  
f 5677/5677/5677  5678/5678/5678  5679/5679/5679  
f 5680/5680/5680  5681/5681/5681  5682/5682/5682  
f 5683/5683/5683  5684/5684/5684  5685/5685/5685  
f 5686/5686/5686  5687/5687/5687  5688/5688/5688  
f 5689/5689/5689  5690/5690/5690  5691/5691/5691  
f 5692/5692/5692  5693/5693/5693  5694/5694/5694  
f 5695/5695/5695  5696/5696/5696  5697/5697/5697  
f 5698/5698/5698  5699/5699/5699  5700/5700/5700  
f 5701/5701/5701  5702/5702/5702  5703/5703/5703  
f 5704/5704/5704  5705/5705/5705  5706/5706/5706  
f 5707/5707/5707  5708/5708/5708  5709/5709/5709  
f 5710/5710/5710  5711/5711/5711  5712/5712/5712  
f 5713/5713/5713  5714/5714/5714  5715/5715/5715  
f 5716/5716/5716  5717/5717/5717  5718/5718/5718  
f 5719/5719/5719  5720/5720/5720  5721/5721/5721  
f 5722/5722/5722  5723/5723/5723  5724/5724/5724  
f 5725/5725/5725  5726/5726/5726  5727/5727/5727  
f 5728/5728/5728  5729/5729/5729  5730/5730/5730  
f 5731/5731/5731  5732/5732/5732  5733/5733/5733  
f 5734/5734/5734  5735/5735/5735  5736/5736/5736  
f 5737/5737/5737  5738/5738/5738  5739/5739/5739  
f 5740/5740/5740  5741/5741/5741  5742/5742/5742  
f 5743/5743/5743  5744/5744/5744  5745/5745/5745  
f 5746/5746/5746  5747/5747/5747  5748/5748/5748  
f 5749/5749/5749  5750/5750/5750  5751/5751/5751  
f 5752/5752/5752  5753/5753/5753  5754/5754/5754  
f 5755/5755/5755  5756/5756/5756  5757/5757/5757  
f 5758/5758/5758  5759/5759/5759  5760/5760/5760  
f 5761/5761/5761  5762/5762/5762  5763/5763/5763  
f 5764/5764/5764  5765/5765/5765  5766/5766/5766  
f 5767/5767/5767  5768/5768/5768  5769/5769/5769  
f 5770/5770/5770  5771/5771/5771  5772/5772/5772  
f 5773/5773/5773  5774/5774/5774  5775/5775/5775  
f 5776/5776/5776  5777/5777/5777  5778/5778/5778  
f 5779/5779/5779  5780/5780/5780  5781/5781/5781  
f 5782/5782/5782  5783/5783/5783  5784/5784/5784  
f 5785/5785/5785  5786/5786/5786  5787/5787/5787  
f 5788/5788/5788  5789/5789/5789  5790/5790/5790  
f 5791/5791/5791  5792/5792/5792  5793/5793/5793  
f 5794/5794/5794  5795/5795/5795  5796/5796/5796  
f 5797/5797/5797  5798/5798/5798  5799/5799/5799  
f 5800/5800/5800  5801/5801/5801  5802/5802/5802  
f 5803/5803/5803  5804/5804/5804  5805/5805/5805  
f 5806/5806/5806  5807/5807/5807  5808/5808/5808  
f 5809/5809/5809  5810/5810/5810  5811/5811/5811  
f 5812/5812/5812  5813/5813/5813  5814/5814/5814  
f 5815/5815/5815  5816/5816/5816  5817/5817/5817  
f 5818/5818/5818  5819/5819/5819  5820/5820/5820  
f 5821/5821/5821  5822/5822/5822  5823/5823/5823  
f 5824/5824/5824  5825/5825/5825  5826/5826/5826  
f 5827/5827/5827  5828/5828/5828  5829/5829/5829  
f 5830/5830/5830  5831/5831/5831  5832/5832/5832  
f 5833/5833/5833  5834/5834/5834  5835/5835/5835  
f 5836/5836/5836  5837/5837/5837  5838/5838/5838  
f 5839/5839/5839  5840/5840/5840  5841/5841/5841  
f 5842/5842/5842  5843/5843/5843  5844/5844/5844  
f 5845/5845/5845  5846/5846/5846  5847/5847/5847  
f 5848/5848/5848  5849/5849/5849  5850/5850/5850  
f 5851/5851/5851  5852/5852/5852  5853/5853/5853  
f 5854/5854/5854  5855/5855/5855  5856/5856/5856  
f 5857/5857/5857  5858/5858/5858  5859/5859/5859  
f 5860/5860/5860  5861/5861/5861  5862/5862/5862  
f 5863/5863/5863  5864/5864/5864  5865/5865/5865  
f 5866/5866/5866  5867/5867/5867  5868/5868/5868  
f 5869/5869/5869  5870/5870/5870  5871/5871/5871  
f 5872/5872/5872  5873/5873/5873  5874/5874/5874  
f 5875/5875/5875  5876/5876/5876  5877/5877/5877  
f 5878/5878/5878  5879/5879/5879  5880/5880/5880  
f 5881/5881/5881  5882/5882/5882  5883/5883/5883  
f 5884/5884/5884  5885/5885/5885  5886/5886/5886  
f 5887/5887/5887  5888/5888/5888  5889/5889/5889  
f 5890/5890/5890  5891/5891/5891  5892/5892/5892  
f 5893/5893/5893  5894/5894/5894  5895/5895/5895  
f 5896/5896/5896  5897/5897/5897  5898/5898/5898  
f 5899/5899/5899  5900/5900/5900  5901/5901/5901  
f 5902/5902/5902  5903/5903/5903  5904/5904/5904  
f 5905/5905/5905  5906/5906/5906  5907/5907/5907  
f 5908/5908/5908  5909/5909/5909  5910/5910/5910  
f 5911/5911/5911  5912/5912/5912  5913/5913/5913  
f 5914/5914/5914  5915/5915/5915  5916/5916/5916  
f 5917/5917/5917  5918/5918/5918  5919/5919/5919  
f 5920/5920/5920  5921/5921/5921  5922/5922/5922  
f 5923/5923/5923  5924/5924/5924  5925/5925/5925  
f 5926/5926/5926  5927/5927/5927  5928/5928/5928  
f 5929/5929/5929  5930/5930/5930  5931/5931/5931  
f 5932/5932/5932  5933/5933/5933  5934/5934/5934  
f 5935/5935/5935  5936/5936/5936  5937/5937/5937  
f 5938/5938/5938  5939/5939/5939  5940/5940/5940  
f 5941/5941/5941  5942/5942/5942  5943/5943/5943  
f 5944/5944/5944  5945/5945/5945  5946/5946/5946  
f 5947/5947/5947  5948/5948/5948  5949/5949/5949  
f 5950/5950/5950  5951/5951/5951  5952/5952/5952  
f 5953/5953/5953  5954/5954/5954  5955/5955/5955  
f 5956/5956/5956  5957/5957/5957  5958/5958/5958  
f 5959/5959/5959  5960/5960/5960  5961/5961/5961  
f 5962/5962/5962  5963/5963/5963  5964/5964/5964  
f 5965/5965/5965  5966/5966/5966  5967/5967/5967  
f 5968/5968/5968  5969/5969/5969  5970/5970/5970  
f 5971/5971/5971  5972/5972/5972  5973/5973/5973  
f 5974/5974/5974  5975/5975/5975  5976/5976/5976  
f 5977/5977/5977  5978/5978/5978  5979/5979/5979  
f 5980/5980/5980  5981/5981/5981  5982/5982/5982  
f 5983/5983/5983  5984/5984/5984  5985/5985/5985  
f 5986/5986/5986  5987/5987/5987  5988/5988/5988  
f 5989/5989/5989  5990/5990/5990  5991/5991/5991  
f 5992/5992/5992  5993/5993/5993  5994/5994/5994  
f 5995/5995/5995  5996/5996/5996  5997/5997/5997  
f 5998/5998/5998  5999/5999/5999  6000/6000/6000  
f 6001/6001/6001  6002/6002/6002  6003/6003/6003  
f 6004/6004/6004  6005/6005/6005  6006/6006/6006  
f 6007/6007/6007  6008/6008/6008  6009/6009/6009  
f 6010/6010/6010  6011/6011/6011  6012/6012/6012  
f 6013/6013/6013  6014/6014/6014  6015/6015/6015  
f 6016/6016/6016  6017/6017/6017  6018/6018/6018  
f 6019/6019/6019  6020/6020/6020  6021/6021/6021  
f 6022/6022/6022  6023/6023/6023  6024/6024/6024  
f 6025/6025/6025  6026/6026/6026  6027/6027/6027  
f 6028/6028/6028  6029/6029/6029  6030/6030/6030  
f 6031/6031/6031  6032/6032/6032  6033/6033/6033  
f 6034/6034/6034  6035/6035/6035  6036/6036/6036  
f 6037/6037/6037  6038/6038/6038  6039/6039/6039  
f 6040/6040/6040  6041/6041/6041  6042/6042/6042  
f 6043/6043/6043  6044/6044/6044  6045/6045/6045  
f 6046/6046/6046  6047/6047/6047  6048/6048/6048  
f 6049/6049/6049  6050/6050/6050  6051/6051/6051  
f 6052/6052/6052  6053/6053/6053  6054/6054/6054  
f 6055/6055/6055  6056/6056/6056  6057/6057/6057  
f 6058/6058/6058  6059/6059/6059  6060/6060/6060  
f 6061/6061/6061  6062/6062/6062  6063/6063/6063  
f 6064/6064/6064  6065/6065/6065  6066/6066/6066  
f 6067/6067/6067  6068/6068/6068  6069/6069/6069  
f 6070/6070/6070  6071/6071/6071  6072/6072/6072  
f 6073/6073/6073  6074/6074/6074  6075/6075/6075  
f 6076/6076/6076  6077/6077/6077  6078/6078/6078  
f 6079/6079/6079  6080/6080/6080  6081/6081/6081  
f 6082/6082/6082  6083/6083/6083  6084/6084/6084  
f 6085/6085/6085  6086/6086/6086  6087/6087/6087  
f 6088/6088/6088  6089/6089/6089  6090/6090/6090  
f 6091/6091/6091  6092/6092/6092  6093/6093/6093  
f 6094/6094/6094  6095/6095/6095  6096/6096/6096  
f 6097/6097/6097  6098/6098/6098  6099/6099/6099  
f 6100/6100/6100  6101/6101/6101  6102/6102/6102  
f 6103/6103/6103  6104/6104/6104  6105/6105/6105  
f 6106/6106/6106  6107/6107/6107  6108/6108/6108  
f 6109/6109/6109  6110/6110/6110  6111/6111/6111  
f 6112/6112/6112  6113/6113/6113  6114/6114/6114  
f 6115/6115/6115  6116/6116/6116  6117/6117/6117  
f 6118/6118/6118  6119/6119/6119  6120/6120/6120  
f 6121/6121/6121  6122/6122/6122  6123/6123/6123  
f 6124/6124/6124  6125/6125/6125  6126/6126/6126  
f 6127/6127/6127  6128/6128/6128  6129/6129/6129  
f 6130/6130/6130  6131/6131/6131  6132/6132/6132  
f 6133/6133/6133  6134/6134/6134  6135/6135/6135  
f 6136/6136/6136  6137/6137/6137  6138/6138/6138  
f 6139/6139/6139  6140/6140/6140  6141/6141/6141  
f 6142/6142/6142  6143/6143/6143  6144/6144/6144  
f 6145/6145/6145  6146/6146/6146  6147/6147/6147  
f 6148/6148/6148  6149/6149/6149  6150/6150/6150  
f 6151/6151/6151  6152/6152/6152  6153/6153/6153  
f 6154/6154/6154  6155/6155/6155  6156/6156/6156  
f 6157/6157/6157  6158/6158/6158  6159/6159/6159  
f 6160/6160/6160  6161/6161/6161  6162/6162/6162  
f 6163/6163/6163  6164/6164/6164  6165/6165/6165  
f 6166/6166/6166  6167/6167/6167  6168/6168/6168  
f 6169/6169/6169  6170/6170/6170  6171/6171/6171  
f 6172/6172/6172  6173/6173/6173  6174/6174/6174  
f 6175/6175/6175  6176/6176/6176  6177/6177/6177  
f 6178/6178/6178  6179/6179/6179  6180/6180/6180  
f 6181/6181/6181  6182/6182/6182  6183/6183/6183  
f 6184/6184/6184  6185/6185/6185  6186/6186/6186  
f 6187/6187/6187  6188/6188/6188  6189/6189/6189  
f 6190/6190/6190  6191/6191/6191  6192/6192/6192  
f 6193/6193/6193  6194/6194/6194  6195/6195/6195  
f 6196/6196/6196  6197/6197/6197  6198/6198/6198  
f 6199/6199/6199  6200/6200/6200  6201/6201/6201  
f 6202/6202/6202  6203/6203/6203  6204/6204/6204  
f 6205/6205/6205  6206/6206/6206  6207/6207/6207  
f 6208/6208/6208  6209/6209/6209  6210/6210/6210  
f 6211/6211/6211  6212/6212/6212  6213/6213/6213  
f 6214/6214/6214  6215/6215/6215  6216/6216/6216  
f 6217/6217/6217  6218/6218/6218  6219/6219/6219  
f 6220/6220/6220  6221/6221/6221  6222/6222/6222  
f 6223/6223/6223  6224/6224/6224  6225/6225/6225  
f 6226/6226/6226  6227/6227/6227  6228/6228/6228  
f 6229/6229/6229  6230/6230/6230  6231/6231/6231  
f 6232/6232/6232  6233/6233/6233  6234/6234/6234  
f 6235/6235/6235  6236/6236/6236  6237/6237/6237  
f 6238/6238/6238  6239/6239/6239  6240/6240/6240  
f 6241/6241/6241  6242/6242/6242  6243/6243/6243  
f 6244/6244/6244  6245/6245/6245  6246/6246/6246  
f 6247/6247/6247  6248/6248/6248  6249/6249/6249  
f 6250/6250/6250  6251/6251/6251  6252/6252/6252  
f 6253/6253/6253  6254/6254/6254  6255/6255/6255  
f 6256/6256/6256  6257/6257/6257  6258/6258/6258  
f 6259/6259/6259  6260/6260/6260  6261/6261/6261  
f 6262/6262/6262  6263/6263/6263  6264/6264/6264  
f 6265/6265/6265  6266/6266/6266  6267/6267/6267  
f 6268/6268/6268  6269/6269/6269  6270/6270/6270  
f 6271/6271/6271  6272/6272/6272  6273/6273/6273  
f 6274/6274/6274  6275/6275/6275  6276/6276/6276  
f 6277/6277/6277  6278/6278/6278  6279/6279/6279  
f 6280/6280/6280  6281/6281/6281  6282/6282/6282  
f 6283/6283/6283  6284/6284/6284  6285/6285/6285  
f 6286/6286/6286  6287/6287/6287  6288/6288/6288  
f 6289/6289/6289  6290/6290/6290  6291/6291/6291  
f 6292/6292/6292  6293/6293/6293  6294/6294/6294  
f 6295/6295/6295  6296/6296/6296  6297/6297/6297  
f 6298/6298/6298  6299/6299/6299  6300/6300/6300  
f 6301/6301/6301  6302/6302/6302  6303/6303/6303  
f 6304/6304/6304  6305/6305/6305  6306/6306/6306  
f 6307/6307/6307  6308/6308/6308  6309/6309/6309  
f 6310/6310/6310  6311/6311/6311  6312/6312/6312  
f 6313/6313/6313  6314/6314/6314  6315/6315/6315  
f 6316/6316/6316  6317/6317/6317  6318/6318/6318  
f 6319/6319/6319  6320/6320/6320  6321/6321/6321  
f 6322/6322/6322  6323/6323/6323  6324/6324/6324  
f 6325/6325/6325  6326/6326/6326  6327/6327/6327  
f 6328/6328/6328  6329/6329/6329  6330/6330/6330  
f 6331/6331/6331  6332/6332/6332  6333/6333/6333  
f 6334/6334/6334  6335/6335/6335  6336/6336/6336  
f 6337/6337/6337  6338/6338/6338  6339/6339/6339  
f 6340/6340/6340  6341/6341/6341  6342/6342/6342  
f 6343/6343/6343  6344/6344/6344  6345/6345/6345  
f 6346/6346/6346  6347/6347/6347  6348/6348/6348  
f 6349/6349/6349  6350/6350/6350  6351/6351/6351  
f 6352/6352/6352  6353/6353/6353  6354/6354/6354  
f 6355/6355/6355  6356/6356/6356  6357/6357/6357  
f 6358/6358/6358  6359/6359/6359  6360/6360/6360  
f 6361/6361/6361  6362/6362/6362  6363/6363/6363  
f 6364/6364/6364  6365/6365/6365  6366/6366/6366  
f 6367/6367/6367  6368/6368/6368  6369/6369/6369  
f 6370/6370/6370  6371/6371/6371  6372/6372/6372  
f 6373/6373/6373  6374/6374/6374  6375/6375/6375  
f 6376/6376/6376  6377/6377/6377  6378/6378/6378  
f 6379/6379/6379  6380/6380/6380  6381/6381/6381  
f 6382/6382/6382  6383/6383/6383  6384/6384/6384  
f 6385/6385/6385  6386/6386/6386  6387/6387/6387  
f 6388/6388/6388  6389/6389/6389  6390/6390/6390  
f 6391/6391/6391  6392/6392/6392  6393/6393/6393  
f 6394/6394/6394  6395/6395/6395  6396/6396/6396  
f 6397/6397/6397  6398/6398/6398  6399/6399/6399  
f 6400/6400/6400  6401/6401/6401  6402/6402/6402  
f 6403/6403/6403  6404/6404/6404  6405/6405/6405  
f 6406/6406/6406  6407/6407/6407  6408/6408/6408  
f 6409/6409/6409  6410/6410/6410  6411/6411/6411  
f 6412/6412/6412  6413/6413/6413  6414/6414/6414  
f 6415/6415/6415  6416/6416/6416  6417/6417/6417  
f 6418/6418/6418  6419/6419/6419  6420/6420/6420  
f 6421/6421/6421  6422/6422/6422  6423/6423/6423  
f 6424/6424/6424  6425/6425/6425  6426/6426/6426  
f 6427/6427/6427  6428/6428/6428  6429/6429/6429  
f 6430/6430/6430  6431/6431/6431  6432/6432/6432  
f 6433/6433/6433  6434/6434/6434  6435/6435/6435  
f 6436/6436/6436  6437/6437/6437  6438/6438/6438  
f 6439/6439/6439  6440/6440/6440  6441/6441/6441  
f 6442/6442/6442  6443/6443/6443  6444/6444/6444  
f 6445/6445/6445  6446/6446/6446  6447/6447/6447  
f 6448/6448/6448  6449/6449/6449  6450/6450/6450  
f 6451/6451/6451  6452/6452/6452  6453/6453/6453  
f 6454/6454/6454  6455/6455/6455  6456/6456/6456  
f 6457/6457/6457  6458/6458/6458  6459/6459/6459  
f 6460/6460/6460  6461/6461/6461  6462/6462/6462  
f 6463/6463/6463  6464/6464/6464  6465/6465/6465  
f 6466/6466/6466  6467/6467/6467  6468/6468/6468  
f 6469/6469/6469  6470/6470/6470  6471/6471/6471  
f 6472/6472/6472  6473/6473/6473  6474/6474/6474  
f 6475/6475/6475  6476/6476/6476  6477/6477/6477  
f 6478/6478/6478  6479/6479/6479  6480/6480/6480  
f 6481/6481/6481  6482/6482/6482  6483/6483/6483  
f 6484/6484/6484  6485/6485/6485  6486/6486/6486  
f 6487/6487/6487  6488/6488/6488  6489/6489/6489  
f 6490/6490/6490  6491/6491/6491  6492/6492/6492  
f 6493/6493/6493  6494/6494/6494  6495/6495/6495  
f 6496/6496/6496  6497/6497/6497  6498/6498/6498  
f 6499/6499/6499  6500/6500/6500  6501/6501/6501  
f 6502/6502/6502  6503/6503/6503  6504/6504/6504  
f 6505/6505/6505  6506/6506/6506  6507/6507/6507  
f 6508/6508/6508  6509/6509/6509  6510/6510/6510  
f 6511/6511/6511  6512/6512/6512  6513/6513/6513  
f 6514/6514/6514  6515/6515/6515  6516/6516/6516  
f 6517/6517/6517  6518/6518/6518  6519/6519/6519  
f 6520/6520/6520  6521/6521/6521  6522/6522/6522  
f 6523/6523/6523  6524/6524/6524  6525/6525/6525  
f 6526/6526/6526  6527/6527/6527  6528/6528/6528  
f 6529/6529/6529  6530/6530/6530  6531/6531/6531  
f 6532/6532/6532  6533/6533/6533  6534/6534/6534  
f 6535/6535/6535  6536/6536/6536  6537/6537/6537  
f 6538/6538/6538  6539/6539/6539  6540/6540/6540  
f 6541/6541/6541  6542/6542/6542  6543/6543/6543  
f 6544/6544/6544  6545/6545/6545  6546/6546/6546  
f 6547/6547/6547  6548/6548/6548  6549/6549/6549  
f 6550/6550/6550  6551/6551/6551  6552/6552/6552  
f 6553/6553/6553  6554/6554/6554  6555/6555/6555  
f 6556/6556/6556  6557/6557/6557  6558/6558/6558  
f 6559/6559/6559  6560/6560/6560  6561/6561/6561  
f 6562/6562/6562  6563/6563/6563  6564/6564/6564  
f 6565/6565/6565  6566/6566/6566  6567/6567/6567  
f 6568/6568/6568  6569/6569/6569  6570/6570/6570  
f 6571/6571/6571  6572/6572/6572  6573/6573/6573  
f 6574/6574/6574  6575/6575/6575  6576/6576/6576  
f 6577/6577/6577  6578/6578/6578  6579/6579/6579  
f 6580/6580/6580  6581/6581/6581  6582/6582/6582  
f 6583/6583/6583  6584/6584/6584  6585/6585/6585  
f 6586/6586/6586  6587/6587/6587  6588/6588/6588  
f 6589/6589/6589  6590/6590/6590  6591/6591/6591  
f 6592/6592/6592  6593/6593/6593  6594/6594/6594  
f 6595/6595/6595  6596/6596/6596  6597/6597/6597  
f 6598/6598/6598  6599/6599/6599  6600/6600/6600  
f 6601/6601/6601  6602/6602/6602  6603/6603/6603  
f 6604/6604/6604  6605/6605/6605  6606/6606/6606  
f 6607/6607/6607  6608/6608/6608  6609/6609/6609  
f 6610/6610/6610  6611/6611/6611  6612/6612/6612  
f 6613/6613/6613  6614/6614/6614  6615/6615/6615  
f 6616/6616/6616  6617/6617/6617  6618/6618/6618  
f 6619/6619/6619  6620/6620/6620  6621/6621/6621  
f 6622/6622/6622  6623/6623/6623  6624/6624/6624  
f 6625/6625/6625  6626/6626/6626  6627/6627/6627  
f 6628/6628/6628  6629/6629/6629  6630/6630/6630  
f 6631/6631/6631  6632/6632/6632  6633/6633/6633  
f 6634/6634/6634  6635/6635/6635  6636/6636/6636  
f 6637/6637/6637  6638/6638/6638  6639/6639/6639  
f 6640/6640/6640  6641/6641/6641  6642/6642/6642  
f 6643/6643/6643  6644/6644/6644  6645/6645/6645  
f 6646/6646/6646  6647/6647/6647  6648/6648/6648  
f 6649/6649/6649  6650/6650/6650  6651/6651/6651  
f 6652/6652/6652  6653/6653/6653  6654/6654/6654  
f 6655/6655/6655  6656/6656/6656  6657/6657/6657  
f 6658/6658/6658  6659/6659/6659  6660/6660/6660  
f 6661/6661/6661  6662/6662/6662  6663/6663/6663  
f 6664/6664/6664  6665/6665/6665  6666/6666/6666  
f 6667/6667/6667  6668/6668/6668  6669/6669/6669  
f 6670/6670/6670  6671/6671/6671  6672/6672/6672  
f 6673/6673/6673  6674/6674/6674  6675/6675/6675  
f 6676/6676/6676  6677/6677/6677  6678/6678/6678  
f 6679/6679/6679  6680/6680/6680  6681/6681/6681  
f 6682/6682/6682  6683/6683/6683  6684/6684/6684  
f 6685/6685/6685  6686/6686/6686  6687/6687/6687  
f 6688/6688/6688  6689/6689/6689  6690/6690/6690  
f 6691/6691/6691  6692/6692/6692  6693/6693/6693  
f 6694/6694/6694  6695/6695/6695  6696/6696/6696  
f 6697/6697/6697  6698/6698/6698  6699/6699/6699  
f 6700/6700/6700  6701/6701/6701  6702/6702/6702  
f 6703/6703/6703  6704/6704/6704  6705/6705/6705  
f 6706/6706/6706  6707/6707/6707  6708/6708/6708  
f 6709/6709/6709  6710/6710/6710  6711/6711/6711  
f 6712/6712/6712  6713/6713/6713  6714/6714/6714  
f 6715/6715/6715  6716/6716/6716  6717/6717/6717  
f 6718/6718/6718  6719/6719/6719  6720/6720/6720  
f 6721/6721/6721  6722/6722/6722  6723/6723/6723  
f 6724/6724/6724  6725/6725/6725  6726/6726/6726  
f 6727/6727/6727  6728/6728/6728  6729/6729/6729  
f 6730/6730/6730  6731/6731/6731  6732/6732/6732  
f 6733/6733/6733  6734/6734/6734  6735/6735/6735  
f 6736/6736/6736  6737/6737/6737  6738/6738/6738  
f 6739/6739/6739  6740/6740/6740  6741/6741/6741  
f 6742/6742/6742  6743/6743/6743  6744/6744/6744  
f 6745/6745/6745  6746/6746/6746  6747/6747/6747  
f 6748/6748/6748  6749/6749/6749  6750/6750/6750  
f 6751/6751/6751  6752/6752/6752  6753/6753/6753  
f 6754/6754/6754  6755/6755/6755  6756/6756/6756  
f 6757/6757/6757  6758/6758/6758  6759/6759/6759  
f 6760/6760/6760  6761/6761/6761  6762/6762/6762  
f 6763/6763/6763  6764/6764/6764  6765/6765/6765  
f 6766/6766/6766  6767/6767/6767  6768/6768/6768  
f 6769/6769/6769  6770/6770/6770  6771/6771/6771  
f 6772/6772/6772  6773/6773/6773  6774/6774/6774  
f 6775/6775/6775  6776/6776/6776  6777/6777/6777  
f 6778/6778/6778  6779/6779/6779  6780/6780/6780  
f 6781/6781/6781  6782/6782/6782  6783/6783/6783  
f 6784/6784/6784  6785/6785/6785  6786/6786/6786  
f 6787/6787/6787  6788/6788/6788  6789/6789/6789  
f 6790/6790/6790  6791/6791/6791  6792/6792/6792  
f 6793/6793/6793  6794/6794/6794  6795/6795/6795  
f 6796/6796/6796  6797/6797/6797  6798/6798/6798  
f 6799/6799/6799  6800/6800/6800  6801/6801/6801  
f 6802/6802/6802  6803/6803/6803  6804/6804/6804  
f 6805/6805/6805  6806/6806/6806  6807/6807/6807  
f 6808/6808/6808  6809/6809/6809  6810/6810/6810  
f 6811/6811/6811  6812/6812/6812  6813/6813/6813  
f 6814/6814/6814  6815/6815/6815  6816/6816/6816  
f 6817/6817/6817  6818/6818/6818  6819/6819/6819  
f 6820/6820/6820  6821/6821/6821  6822/6822/6822  
f 6823/6823/6823  6824/6824/6824  6825/6825/6825  
f 6826/6826/6826  6827/6827/6827  6828/6828/6828  
f 6829/6829/6829  6830/6830/6830  6831/6831/6831  
f 6832/6832/6832  6833/6833/6833  6834/6834/6834  
f 6835/6835/6835  6836/6836/6836  6837/6837/6837  
f 6838/6838/6838  6839/6839/6839  6840/6840/6840  
f 6841/6841/6841  6842/6842/6842  6843/6843/6843  
f 6844/6844/6844  6845/6845/6845  6846/6846/6846  
f 6847/6847/6847  6848/6848/6848  6849/6849/6849  
f 6850/6850/6850  6851/6851/6851  6852/6852/6852  
f 6853/6853/6853  6854/6854/6854  6855/6855/6855  
f 6856/6856/6856  6857/6857/6857  6858/6858/6858  
f 6859/6859/6859  6860/6860/6860  6861/6861/6861  
f 6862/6862/6862  6863/6863/6863  6864/6864/6864  
f 6865/6865/6865  6866/6866/6866  6867/6867/6867  
f 6868/6868/6868  6869/6869/6869  6870/6870/6870  
f 6871/6871/6871  6872/6872/6872  6873/6873/6873  
f 6874/6874/6874  6875/6875/6875  6876/6876/6876  
f 6877/6877/6877  6878/6878/6878  6879/6879/6879  
f 6880/6880/6880  6881/6881/6881  6882/6882/6882  
f 6883/6883/6883  6884/6884/6884  6885/6885/6885  
f 6886/6886/6886  6887/6887/6887  6888/6888/6888  
f 6889/6889/6889  6890/6890/6890  6891/6891/6891  
f 6892/6892/6892  6893/6893/6893  6894/6894/6894  
f 6895/6895/6895  6896/6896/6896  6897/6897/6897  
f 6898/6898/6898  6899/6899/6899  6900/6900/6900  
f 6901/6901/6901  6902/6902/6902  6903/6903/6903  
f 6904/6904/6904  6905/6905/6905  6906/6906/6906  
f 6907/6907/6907  6908/6908/6908  6909/6909/6909  
f 6910/6910/6910  6911/6911/6911  6912/6912/6912  
f 6913/6913/6913  6914/6914/6914  6915/6915/6915  
f 6916/6916/6916  6917/6917/6917  6918/6918/6918  
f 6919/6919/6919  6920/6920/6920  6921/6921/6921  
f 6922/6922/6922  6923/6923/6923  6924/6924/6924  
f 6925/6925/6925  6926/6926/6926  6927/6927/6927  
f 6928/6928/6928  6929/6929/6929  6930/6930/6930  
f 6931/6931/6931  6932/6932/6932  6933/6933/6933  
f 6934/6934/6934  6935/6935/6935  6936/6936/6936  
f 6937/6937/6937  6938/6938/6938  6939/6939/6939  
f 6940/6940/6940  6941/6941/6941  6942/6942/6942  
f 6943/6943/6943  6944/6944/6944  6945/6945/6945  
f 6946/6946/6946  6947/6947/6947  6948/6948/6948  
f 6949/6949/6949  6950/6950/6950  6951/6951/6951  
f 6952/6952/6952  6953/6953/6953  6954/6954/6954  
f 6955/6955/6955  6956/6956/6956  6957/6957/6957  
f 6958/6958/6958  6959/6959/6959  6960/6960/6960  
f 6961/6961/6961  6962/6962/6962  6963/6963/6963  
f 6964/6964/6964  6965/6965/6965  6966/6966/6966  
f 6967/6967/6967  6968/6968/6968  6969/6969/6969  
f 6970/6970/6970  6971/6971/6971  6972/6972/6972  
f 6973/6973/6973  6974/6974/6974  6975/6975/6975  
f 6976/6976/6976  6977/6977/6977  6978/6978/6978  
f 6979/6979/6979  6980/6980/6980  6981/6981/6981  
f 6982/6982/6982  6983/6983/6983  6984/6984/6984  
f 6985/6985/6985  6986/6986/6986  6987/6987/6987  
f 6988/6988/6988  6989/6989/6989  6990/6990/6990  
f 6991/6991/6991  6992/6992/6992  6993/6993/6993  
f 6994/6994/6994  6995/6995/6995  6996/6996/6996  
f 6997/6997/6997  6998/6998/6998  6999/6999/6999  
f 7000/7000/7000  7001/7001/7001  7002/7002/7002  
f 7003/7003/7003  7004/7004/7004  7005/7005/7005  
f 7006/7006/7006  7007/7007/7007  7008/7008/7008  
f 7009/7009/7009  7010/7010/7010  7011/7011/7011  
f 7012/7012/7012  7013/7013/7013  7014/7014/7014  
f 7015/7015/7015  7016/7016/7016  7017/7017/7017  
f 7018/7018/7018  7019/7019/7019  7020/7020/7020  
f 7021/7021/7021  7022/7022/7022  7023/7023/7023  
f 7024/7024/7024  7025/7025/7025  7026/7026/7026  
f 7027/7027/7027  7028/7028/7028  7029/7029/7029  
f 7030/7030/7030  7031/7031/7031  7032/7032/7032  
f 7033/7033/7033  7034/7034/7034  7035/7035/7035  
f 7036/7036/7036  7037/7037/7037  7038/7038/7038  
f 7039/7039/7039  7040/7040/7040  7041/7041/7041  
f 7042/7042/7042  7043/7043/7043  7044/7044/7044  
f 7045/7045/7045  7046/7046/7046  7047/7047/7047  
f 7048/7048/7048  7049/7049/7049  7050/7050/7050  
f 7051/7051/7051  7052/7052/7052  7053/7053/7053  
f 7054/7054/7054  7055/7055/7055  7056/7056/7056  
f 7057/7057/7057  7058/7058/7058  7059/7059/7059  
f 7060/7060/7060  7061/7061/7061  7062/7062/7062  
f 7063/7063/7063  7064/7064/7064  7065/7065/7065  
f 7066/7066/7066  7067/7067/7067  7068/7068/7068  
f 7069/7069/7069  7070/7070/7070  7071/7071/7071  
f 7072/7072/7072  7073/7073/7073  7074/7074/7074  
f 7075/7075/7075  7076/7076/7076  7077/7077/7077  
f 7078/7078/7078  7079/7079/7079  7080/7080/7080  
f 7081/7081/7081  7082/7082/7082  7083/7083/7083  
f 7084/7084/7084  7085/7085/7085  7086/7086/7086  
f 7087/7087/7087  7088/7088/7088  7089/7089/7089  
f 7090/7090/7090  7091/7091/7091  7092/7092/7092  
f 7093/7093/7093  7094/7094/7094  7095/7095/7095  
f 7096/7096/7096  7097/7097/7097  7098/7098/7098  
f 7099/7099/7099  7100/7100/7100  7101/7101/7101  
f 7102/7102/7102  7103/7103/7103  7104/7104/7104  
f 7105/7105/7105  7106/7106/7106  7107/7107/7107  
f 7108/7108/7108  7109/7109/7109  7110/7110/7110  
f 7111/7111/7111  7112/7112/7112  7113/7113/7113  
f 7114/7114/7114  7115/7115/7115  7116/7116/7116  
f 7117/7117/7117  7118/7118/7118  7119/7119/7119  
f 7120/7120/7120  7121/7121/7121  7122/7122/7122  
f 7123/7123/7123  7124/7124/7124  7125/7125/7125  
f 7126/7126/7126  7127/7127/7127  7128/7128/7128  
f 7129/7129/7129  7130/7130/7130  7131/7131/7131  
f 7132/7132/7132  7133/7133/7133  7134/7134/7134  
f 7135/7135/7135  7136/7136/7136  7137/7137/7137  
f 7138/7138/7138  7139/7139/7139  7140/7140/7140  
f 7141/7141/7141  7142/7142/7142  7143/7143/7143  
f 7144/7144/7144  7145/7145/7145  7146/7146/7146  
f 7147/7147/7147  7148/7148/7148  7149/7149/7149  
f 7150/7150/7150  7151/7151/7151  7152/7152/7152  
f 7153/7153/7153  7154/7154/7154  7155/7155/7155  
f 7156/7156/7156  7157/7157/7157  7158/7158/7158  
f 7159/7159/7159  7160/7160/7160  7161/7161/7161  
f 7162/7162/7162  7163/7163/7163  7164/7164/7164  
f 7165/7165/7165  7166/7166/7166  7167/7167/7167  
f 7168/7168/7168  7169/7169/7169  7170/7170/7170  
f 7171/7171/7171  7172/7172/7172  7173/7173/7173  
f 7174/7174/7174  7175/7175/7175  7176/7176/7176  
f 7177/7177/7177  7178/7178/7178  7179/7179/7179  
f 7180/7180/7180  7181/7181/7181  7182/7182/7182  
f 7183/7183/7183  7184/7184/7184  7185/7185/7185  
f 7186/7186/7186  7187/7187/7187  7188/7188/7188  
f 7189/7189/7189  7190/7190/7190  7191/7191/7191  
f 7192/7192/7192  7193/7193/7193  7194/7194/7194  
f 7195/7195/7195  7196/7196/7196  7197/7197/7197  
f 7198/7198/7198  7199/7199/7199  7200/7200/7200  
f 7201/7201/7201  7202/7202/7202  7203/7203/7203  
f 7204/7204/7204  7205/7205/7205  7206/7206/7206  
f 7207/7207/7207  7208/7208/7208  7209/7209/7209  
f 7210/7210/7210  7211/7211/7211  7212/7212/7212  
f 7213/7213/7213  7214/7214/7214  7215/7215/7215  
f 7216/7216/7216  7217/7217/7217  7218/7218/7218  
f 7219/7219/7219  7220/7220/7220  7221/7221/7221  
f 7222/7222/7222  7223/7223/7223  7224/7224/7224  
f 7225/7225/7225  7226/7226/7226  7227/7227/7227  
f 7228/7228/7228  7229/7229/7229  7230/7230/7230  
f 7231/7231/7231  7232/7232/7232  7233/7233/7233  
f 7234/7234/7234  7235/7235/7235  7236/7236/7236  
f 7237/7237/7237  7238/7238/7238  7239/7239/7239  
f 7240/7240/7240  7241/7241/7241  7242/7242/7242  
f 7243/7243/7243  7244/7244/7244  7245/7245/7245  
f 7246/7246/7246  7247/7247/7247  7248/7248/7248  
f 7249/7249/7249  7250/7250/7250  7251/7251/7251  
f 7252/7252/7252  7253/7253/7253  7254/7254/7254  
f 7255/7255/7255  7256/7256/7256  7257/7257/7257  
f 7258/7258/7258  7259/7259/7259  7260/7260/7260  
f 7261/7261/7261  7262/7262/7262  7263/7263/7263  
f 7264/7264/7264  7265/7265/7265  7266/7266/7266  
f 7267/7267/7267  7268/7268/7268  7269/7269/7269  
f 7270/7270/7270  7271/7271/7271  7272/7272/7272  
f 7273/7273/7273  7274/7274/7274  7275/7275/7275  
f 7276/7276/7276  7277/7277/7277  7278/7278/7278  
f 7279/7279/7279  7280/7280/7280  7281/7281/7281  
f 7282/7282/7282  7283/7283/7283  7284/7284/7284  
f 7285/7285/7285  7286/7286/7286  7287/7287/7287  
f 7288/7288/7288  7289/7289/7289  7290/7290/7290  
f 7291/7291/7291  7292/7292/7292  7293/7293/7293  
f 7294/7294/7294  7295/7295/7295  7296/7296/7296  
f 7297/7297/7297  7298/7298/7298  7299/7299/7299  
f 7300/7300/7300  7301/7301/7301  7302/7302/7302  
f 7303/7303/7303  7304/7304/7304  7305/7305/7305  
f 7306/7306/7306  7307/7307/7307  7308/7308/7308  
f 7309/7309/7309  7310/7310/7310  7311/7311/7311  
f 7312/7312/7312  7313/7313/7313  7314/7314/7314  
f 7315/7315/7315  7316/7316/7316  7317/7317/7317  
f 7318/7318/7318  7319/7319/7319  7320/7320/7320  
f 7321/7321/7321  7322/7322/7322  7323/7323/7323  
f 7324/7324/7324  7325/7325/7325  7326/7326/7326  
f 7327/7327/7327  7328/7328/7328  7329/7329/7329  
f 7330/7330/7330  7331/7331/7331  7332/7332/7332  
f 7333/7333/7333  7334/7334/7334  7335/7335/7335  
f 7336/7336/7336  7337/7337/7337  7338/7338/7338  
f 7339/7339/7339  7340/7340/7340  7341/7341/7341  
f 7342/7342/7342  7343/7343/7343  7344/7344/7344  
f 7345/7345/7345  7346/7346/7346  7347/7347/7347  
f 7348/7348/7348  7349/7349/7349  7350/7350/7350  
f 7351/7351/7351  7352/7352/7352  7353/7353/7353  
f 7354/7354/7354  7355/7355/7355  7356/7356/7356  
f 7357/7357/7357  7358/7358/7358  7359/7359/7359  
f 7360/7360/7360  7361/7361/7361  7362/7362/7362  
f 7363/7363/7363  7364/7364/7364  7365/7365/7365  
f 7366/7366/7366  7367/7367/7367  7368/7368/7368  
f 7369/7369/7369  7370/7370/7370  7371/7371/7371  
f 7372/7372/7372  7373/7373/7373  7374/7374/7374  
f 7375/7375/7375  7376/7376/7376  7377/7377/7377  
f 7378/7378/7378  7379/7379/7379  7380/7380/7380  
f 7381/7381/7381  7382/7382/7382  7383/7383/7383  
f 7384/7384/7384  7385/7385/7385  7386/7386/7386  
f 7387/7387/7387  7388/7388/7388  7389/7389/7389  
f 7390/7390/7390  7391/7391/7391  7392/7392/7392  
f 7393/7393/7393  7394/7394/7394  7395/7395/7395  
f 7396/7396/7396  7397/7397/7397  7398/7398/7398  
f 7399/7399/7399  7400/7400/7400  7401/7401/7401  
f 7402/7402/7402  7403/7403/7403  7404/7404/7404  
f 7405/7405/7405  7406/7406/7406  7407/7407/7407  
f 7408/7408/7408  7409/7409/7409  7410/7410/7410  
f 7411/7411/7411  7412/7412/7412  7413/7413/7413  
f 7414/7414/7414  7415/7415/7415  7416/7416/7416  
f 7417/7417/7417  7418/7418/7418  7419/7419/7419  
f 7420/7420/7420  7421/7421/7421  7422/7422/7422  
f 7423/7423/7423  7424/7424/7424  7425/7425/7425  
f 7426/7426/7426  7427/7427/7427  7428/7428/7428  
f 7429/7429/7429  7430/7430/7430  7431/7431/7431  
f 7432/7432/7432  7433/7433/7433  7434/7434/7434  
f 7435/7435/7435  7436/7436/7436  7437/7437/7437  
f 7438/7438/7438  7439/7439/7439  7440/7440/7440  
f 7441/7441/7441  7442/7442/7442  7443/7443/7443  
f 7444/7444/7444  7445/7445/7445  7446/7446/7446  
f 7447/7447/7447  7448/7448/7448  7449/7449/7449  
f 7450/7450/7450  7451/7451/7451  7452/7452/7452  
f 7453/7453/7453  7454/7454/7454  7455/7455/7455  
f 7456/7456/7456  7457/7457/7457  7458/7458/7458  
f 7459/7459/7459  7460/7460/7460  7461/7461/7461  
f 7462/7462/7462  7463/7463/7463  7464/7464/7464  
f 7465/7465/7465  7466/7466/7466  7467/7467/7467  
f 7468/7468/7468  7469/7469/7469  7470/7470/7470  
f 7471/7471/7471  7472/7472/7472  7473/7473/7473  
f 7474/7474/7474  7475/7475/7475  7476/7476/7476  
f 7477/7477/7477  7478/7478/7478  7479/7479/7479  
f 7480/7480/7480  7481/7481/7481  7482/7482/7482  
f 7483/7483/7483  7484/7484/7484  7485/7485/7485  
f 7486/7486/7486  7487/7487/7487  7488/7488/7488  
f 7489/7489/7489  7490/7490/7490  7491/7491/7491  
f 7492/7492/7492  7493/7493/7493  7494/7494/7494  
f 7495/7495/7495  7496/7496/7496  7497/7497/7497  
f 7498/7498/7498  7499/7499/7499  7500/7500/7500  
f 7501/7501/7501  7502/7502/7502  7503/7503/7503  
f 7504/7504/7504  7505/7505/7505  7506/7506/7506  
f 7507/7507/7507  7508/7508/7508  7509/7509/7509  
f 7510/7510/7510  7511/7511/7511  7512/7512/7512  
f 7513/7513/7513  7514/7514/7514  7515/7515/7515  
f 7516/7516/7516  7517/7517/7517  7518/7518/7518  
f 7519/7519/7519  7520/7520/7520  7521/7521/7521  
f 7522/7522/7522  7523/7523/7523  7524/7524/7524  
f 7525/7525/7525  7526/7526/7526  7527/7527/7527  
f 7528/7528/7528  7529/7529/7529  7530/7530/7530  
f 7531/7531/7531  7532/7532/7532  7533/7533/7533  
f 7534/7534/7534  7535/7535/7535  7536/7536/7536  
f 7537/7537/7537  7538/7538/7538  7539/7539/7539  
f 7540/7540/7540  7541/7541/7541  7542/7542/7542  
f 7543/7543/7543  7544/7544/7544  7545/7545/7545  
f 7546/7546/7546  7547/7547/7547  7548/7548/7548  
f 7549/7549/7549  7550/7550/7550  7551/7551/7551  
f 7552/7552/7552  7553/7553/7553  7554/7554/7554  
f 7555/7555/7555  7556/7556/7556  7557/7557/7557  
f 7558/7558/7558  7559/7559/7559  7560/7560/7560  
f 7561/7561/7561  7562/7562/7562  7563/7563/7563  
f 7564/7564/7564  7565/7565/7565  7566/7566/7566  
f 7567/7567/7567  7568/7568/7568  7569/7569/7569  
f 7570/7570/7570  7571/7571/7571  7572/7572/7572  
f 7573/7573/7573  7574/7574/7574  7575/7575/7575  
f 7576/7576/7576  7577/7577/7577  7578/7578/7578  
f 7579/7579/7579  7580/7580/7580  7581/7581/7581  
f 7582/7582/7582  7583/7583/7583  7584/7584/7584  
f 7585/7585/7585  7586/7586/7586  7587/7587/7587  
f 7588/7588/7588  7589/7589/7589  7590/7590/7590  
f 7591/7591/7591  7592/7592/7592  7593/7593/7593  
f 7594/7594/7594  7595/7595/7595  7596/7596/7596  
f 7597/7597/7597  7598/7598/7598  7599/7599/7599  
f 7600/7600/7600  7601/7601/7601  7602/7602/7602  
f 7603/7603/7603  7604/7604/7604  7605/7605/7605  
f 7606/7606/7606  7607/7607/7607  7608/7608/7608  
f 7609/7609/7609  7610/7610/7610  7611/7611/7611  
f 7612/7612/7612  7613/7613/7613  7614/7614/7614  
f 7615/7615/7615  7616/7616/7616  7617/7617/7617  
f 7618/7618/7618  7619/7619/7619  7620/7620/7620  
f 7621/7621/7621  7622/7622/7622  7623/7623/7623  
f 7624/7624/7624  7625/7625/7625  7626/7626/7626  
f 7627/7627/7627  7628/7628/7628  7629/7629/7629  
f 7630/7630/7630  7631/7631/7631  7632/7632/7632  
f 7633/7633/7633  7634/7634/7634  7635/7635/7635  
f 7636/7636/7636  7637/7637/7637  7638/7638/7638  
f 7639/7639/7639  7640/7640/7640  7641/7641/7641  
f 7642/7642/7642  7643/7643/7643  7644/7644/7644  
f 7645/7645/7645  7646/7646/7646  7647/7647/7647  
f 7648/7648/7648  7649/7649/7649  7650/7650/7650  
f 7651/7651/7651  7652/7652/7652  7653/7653/7653  
f 7654/7654/7654  7655/7655/7655  7656/7656/7656  
f 7657/7657/7657  7658/7658/7658  7659/7659/7659  
f 7660/7660/7660  7661/7661/7661  7662/7662/7662  
f 7663/7663/7663  7664/7664/7664  7665/7665/7665  
f 7666/7666/7666  7667/7667/7667  7668/7668/7668  
f 7669/7669/7669  7670/7670/7670  7671/7671/7671  
f 7672/7672/7672  7673/7673/7673  7674/7674/7674  
f 7675/7675/7675  7676/7676/7676  7677/7677/7677  
f 7678/7678/7678  7679/7679/7679  7680/7680/7680  
f 7681/7681/7681  7682/7682/7682  7683/7683/7683  
f 7684/7684/7684  7685/7685/7685  7686/7686/7686  
f 7687/7687/7687  7688/7688/7688  7689/7689/7689  
f 7690/7690/7690  7691/7691/7691  7692/7692/7692  
f 7693/7693/7693  7694/7694/7694  7695/7695/7695  
f 7696/7696/7696  7697/7697/7697  7698/7698/7698  
f 7699/7699/7699  7700/7700/7700  7701/7701/7701  
f 7702/7702/7702  7703/7703/7703  7704/7704/7704  
f 7705/7705/7705  7706/7706/7706  7707/7707/7707  
f 7708/7708/7708  7709/7709/7709  7710/7710/7710  
f 7711/7711/7711  7712/7712/7712  7713/7713/7713  
f 7714/7714/7714  7715/7715/7715  7716/7716/7716  
f 7717/7717/7717  7718/7718/7718  7719/7719/7719  
f 7720/7720/7720  7721/7721/7721  7722/7722/7722  
f 7723/7723/7723  7724/7724/7724  7725/7725/7725  
f 7726/7726/7726  7727/7727/7727  7728/7728/7728  
f 7729/7729/7729  7730/7730/7730  7731/7731/7731  
f 7732/7732/7732  7733/7733/7733  7734/7734/7734  
f 7735/7735/7735  7736/7736/7736  7737/7737/7737  
f 7738/7738/7738  7739/7739/7739  7740/7740/7740  
f 7741/7741/7741  7742/7742/7742  7743/7743/7743  
f 7744/7744/7744  7745/7745/7745  7746/7746/7746  
f 7747/7747/7747  7748/7748/7748  7749/7749/7749  
f 7750/7750/7750  7751/7751/7751  7752/7752/7752  
f 7753/7753/7753  7754/7754/7754  7755/7755/7755  
f 7756/7756/7756  7757/7757/7757  7758/7758/7758  
f 7759/7759/7759  7760/7760/7760  7761/7761/7761  
f 7762/7762/7762  7763/7763/7763  7764/7764/7764  
f 7765/7765/7765  7766/7766/7766  7767/7767/7767  
f 7768/7768/7768  7769/7769/7769  7770/7770/7770  
f 7771/7771/7771  7772/7772/7772  7773/7773/7773  
f 7774/7774/7774  7775/7775/7775  7776/7776/7776  
f 7777/7777/7777  7778/7778/7778  7779/7779/7779  
f 7780/7780/7780  7781/7781/7781  7782/7782/7782  
f 7783/7783/7783  7784/7784/7784  7785/7785/7785  
f 7786/7786/7786  7787/7787/7787  7788/7788/7788  
f 7789/7789/7789  7790/7790/7790  7791/7791/7791  
f 7792/7792/7792  7793/7793/7793  7794/7794/7794  
f 7795/7795/7795  7796/7796/7796  7797/7797/7797  
f 7798/7798/7798  7799/7799/7799  7800/7800/7800  
f 7801/7801/7801  7802/7802/7802  7803/7803/7803  
f 7804/7804/7804  7805/7805/7805  7806/7806/7806  
f 7807/7807/7807  7808/7808/7808  7809/7809/7809  
f 7810/7810/7810  7811/7811/7811  7812/7812/7812  
f 7813/7813/7813  7814/7814/7814  7815/7815/7815  
f 7816/7816/7816  7817/7817/7817  7818/7818/7818  
f 7819/7819/7819  7820/7820/7820  7821/7821/7821  
f 7822/7822/7822  7823/7823/7823  7824/7824/7824  
f 7825/7825/7825  7826/7826/7826  7827/7827/7827  
f 7828/7828/7828  7829/7829/7829  7830/7830/7830  
f 7831/7831/7831  7832/7832/7832  7833/7833/7833  
f 7834/7834/7834  7835/7835/7835  7836/7836/7836  
f 7837/7837/7837  7838/7838/7838  7839/7839/7839  
f 7840/7840/7840  7841/7841/7841  7842/7842/7842  
f 7843/7843/7843  7844/7844/7844  7845/7845/7845  
f 7846/7846/7846  7847/7847/7847  7848/7848/7848  
f 7849/7849/7849  7850/7850/7850  7851/7851/7851  
f 7852/7852/7852  7853/7853/7853  7854/7854/7854  
f 7855/7855/7855  7856/7856/7856  7857/7857/7857  
f 7858/7858/7858  7859/7859/7859  7860/7860/7860  
f 7861/7861/7861  7862/7862/7862  7863/7863/7863  
f 7864/7864/7864  7865/7865/7865  7866/7866/7866  
f 7867/7867/7867  7868/7868/7868  7869/7869/7869  
f 7870/7870/7870  7871/7871/7871  7872/7872/7872  
f 7873/7873/7873  7874/7874/7874  7875/7875/7875  
f 7876/7876/7876  7877/7877/7877  7878/7878/7878  
f 7879/7879/7879  7880/7880/7880  7881/7881/7881  
f 7882/7882/7882  7883/7883/7883  7884/7884/7884  
f 7885/7885/7885  7886/7886/7886  7887/7887/7887  
f 7888/7888/7888  7889/7889/7889  7890/7890/7890  
f 7891/7891/7891  7892/7892/7892  7893/7893/7893  
f 7894/7894/7894  7895/7895/7895  7896/7896/7896  
f 7897/7897/7897  7898/7898/7898  7899/7899/7899  
f 7900/7900/7900  7901/7901/7901  7902/7902/7902  
f 7903/7903/7903  7904/7904/7904  7905/7905/7905  
f 7906/7906/7906  7907/7907/7907  7908/7908/7908  
f 7909/7909/7909  7910/7910/7910  7911/7911/7911  
f 7912/7912/7912  7913/7913/7913  7914/7914/7914  
f 7915/7915/7915  7916/7916/7916  7917/7917/7917  
f 7918/7918/7918  7919/7919/7919  7920/7920/7920  
f 7921/7921/7921  7922/7922/7922  7923/7923/7923  
f 7924/7924/7924  7925/7925/7925  7926/7926/7926  
f 7927/7927/7927  7928/7928/7928  7929/7929/7929  
f 7930/7930/7930  7931/7931/7931  7932/7932/7932  
f 7933/7933/7933  7934/7934/7934  7935/7935/7935  
f 7936/7936/7936  7937/7937/7937  7938/7938/7938  
f 7939/7939/7939  7940/7940/7940  7941/7941/7941  
f 7942/7942/7942  7943/7943/7943  7944/7944/7944  
f 7945/7945/7945  7946/7946/7946  7947/7947/7947  
f 7948/7948/7948  7949/7949/7949  7950/7950/7950  
f 7951/7951/7951  7952/7952/7952  7953/7953/7953  
f 7954/7954/7954  7955/7955/7955  7956/7956/7956  
f 7957/7957/7957  7958/7958/7958  7959/7959/7959  
f 7960/7960/7960  7961/7961/7961  7962/7962/7962  
f 7963/7963/7963  7964/7964/7964  7965/7965/7965  
f 7966/7966/7966  7967/7967/7967  7968/7968/7968  
f 7969/7969/7969  7970/7970/7970  7971/7971/7971  
f 7972/7972/7972  7973/7973/7973  7974/7974/7974  
f 7975/7975/7975  7976/7976/7976  7977/7977/7977  
f 7978/7978/7978  7979/7979/7979  7980/7980/7980  
f 7981/7981/7981  7982/7982/7982  7983/7983/7983  
f 7984/7984/7984  7985/7985/7985  7986/7986/7986  
f 7987/7987/7987  7988/7988/7988  7989/7989/7989  
f 7990/7990/7990  7991/7991/7991  7992/7992/7992  
f 7993/7993/7993  7994/7994/7994  7995/7995/7995  
f 7996/7996/7996  7997/7997/7997  7998/7998/7998  
f 7999/7999/7999  8000/8000/8000  8001/8001/8001  
f 8002/8002/8002  8003/8003/8003  8004/8004/8004  
f 8005/8005/8005  8006/8006/8006  8007/8007/8007  
f 8008/8008/8008  8009/8009/8009  8010/8010/8010  
f 8011/8011/8011  8012/8012/8012  8013/8013/8013  
f 8014/8014/8014  8015/8015/8015  8016/8016/8016  
f 8017/8017/8017  8018/8018/8018  8019/8019/8019  
f 8020/8020/8020  8021/8021/8021  8022/8022/8022  
f 8023/8023/8023  8024/8024/8024  8025/8025/8025  
f 8026/8026/8026  8027/8027/8027  8028/8028/8028  
f 8029/8029/8029  8030/8030/8030  8031/8031/8031  
f 8032/8032/8032  8033/8033/8033  8034/8034/8034  
f 8035/8035/8035  8036/8036/8036  8037/8037/8037  
f 8038/8038/8038  8039/8039/8039  8040/8040/8040  
f 8041/8041/8041  8042/8042/8042  8043/8043/8043  
f 8044/8044/8044  8045/8045/8045  8046/8046/8046  
f 8047/8047/8047  8048/8048/8048  8049/8049/8049  
f 8050/8050/8050  8051/8051/8051  8052/8052/8052  
f 8053/8053/8053  8054/8054/8054  8055/8055/8055  
f 8056/8056/8056  8057/8057/8057  8058/8058/8058  
f 8059/8059/8059  8060/8060/8060  8061/8061/8061  
f 8062/8062/8062  8063/8063/8063  8064/8064/8064  
f 8065/8065/8065  8066/8066/8066  8067/8067/8067  
f 8068/8068/8068  8069/8069/8069  8070/8070/8070  
f 8071/8071/8071  8072/8072/8072  8073/8073/8073  
f 8074/8074/8074  8075/8075/8075  8076/8076/8076  
f 8077/8077/8077  8078/8078/8078  8079/8079/8079  
f 8080/8080/8080  8081/8081/8081  8082/8082/8082  
f 8083/8083/8083  8084/8084/8084  8085/8085/8085  
f 8086/8086/8086  8087/8087/8087  8088/8088/8088  
f 8089/8089/8089  8090/8090/8090  8091/8091/8091  
f 8092/8092/8092  8093/8093/8093  8094/8094/8094  
f 8095/8095/8095  8096/8096/8096  8097/8097/8097  
f 8098/8098/8098  8099/8099/8099  8100/8100/8100  
f 8101/8101/8101  8102/8102/8102  8103/8103/8103  
f 8104/8104/8104  8105/8105/8105  8106/8106/8106  
f 8107/8107/8107  8108/8108/8108  8109/8109/8109  
f 8110/8110/8110  8111/8111/8111  8112/8112/8112  
f 8113/8113/8113  8114/8114/8114  8115/8115/8115  
f 8116/8116/8116  8117/8117/8117  8118/8118/8118  
f 8119/8119/8119  8120/8120/8120  8121/8121/8121  
f 8122/8122/8122  8123/8123/8123  8124/8124/8124  
f 8125/8125/8125  8126/8126/8126  8127/8127/8127  
f 8128/8128/8128  8129/8129/8129  8130/8130/8130  
f 8131/8131/8131  8132/8132/8132  8133/8133/8133  
f 8134/8134/8134  8135/8135/8135  8136/8136/8136  
f 8137/8137/8137  8138/8138/8138  8139/8139/8139  
f 8140/8140/8140  8141/8141/8141  8142/8142/8142  
f 8143/8143/8143  8144/8144/8144  8145/8145/8145  
f 8146/8146/8146  8147/8147/8147  8148/8148/8148  
f 8149/8149/8149  8150/8150/8150  8151/8151/8151  
f 8152/8152/8152  8153/8153/8153  8154/8154/8154  
f 8155/8155/8155  8156/8156/8156  8157/8157/8157  
f 8158/8158/8158  8159/8159/8159  8160/8160/8160  
f 8161/8161/8161  8162/8162/8162  8163/8163/8163  
f 8164/8164/8164  8165/8165/8165  8166/8166/8166  
f 8167/8167/8167  8168/8168/8168  8169/8169/8169  
f 8170/8170/8170  8171/8171/8171  8172/8172/8172  
f 8173/8173/8173  8174/8174/8174  8175/8175/8175  
f 8176/8176/8176  8177/8177/8177  8178/8178/8178  
f 8179/8179/8179  8180/8180/8180  8181/8181/8181  
f 8182/8182/8182  8183/8183/8183  8184/8184/8184  
f 8185/8185/8185  8186/8186/8186  8187/8187/8187  
f 8188/8188/8188  8189/8189/8189  8190/8190/8190  
f 8191/8191/8191  8192/8192/8192  8193/8193/8193  
f 8194/8194/8194  8195/8195/8195  8196/8196/8196  
f 8197/8197/8197  8198/8198/8198  8199/8199/8199  
f 8200/8200/8200  8201/8201/8201  8202/8202/8202  
f 8203/8203/8203  8204/8204/8204  8205/8205/8205  
f 8206/8206/8206  8207/8207/8207  8208/8208/8208  
f 8209/8209/8209  8210/8210/8210  8211/8211/8211  
f 8212/8212/8212  8213/8213/8213  8214/8214/8214  
f 8215/8215/8215  8216/8216/8216  8217/8217/8217  
f 8218/8218/8218  8219/8219/8219  8220/8220/8220  
f 8221/8221/8221  8222/8222/8222  8223/8223/8223  
f 8224/8224/8224  8225/8225/8225  8226/8226/8226  
f 8227/8227/8227  8228/8228/8228  8229/8229/8229  
f 8230/8230/8230  8231/8231/8231  8232/8232/8232  
f 8233/8233/8233  8234/8234/8234  8235/8235/8235  
f 8236/8236/8236  8237/8237/8237  8238/8238/8238  
f 8239/8239/8239  8240/8240/8240  8241/8241/8241  
f 8242/8242/8242  8243/8243/8243  8244/8244/8244  
f 8245/8245/8245  8246/8246/8246  8247/8247/8247  
f 8248/8248/8248  8249/8249/8249  8250/8250/8250  
f 8251/8251/8251  8252/8252/8252  8253/8253/8253  
f 8254/8254/8254  8255/8255/8255  8256/8256/8256  
f 8257/8257/8257  8258/8258/8258  8259/8259/8259  
f 8260/8260/8260  8261/8261/8261  8262/8262/8262  
f 8263/8263/8263  8264/8264/8264  8265/8265/8265  
f 8266/8266/8266  8267/8267/8267  8268/8268/8268  
f 8269/8269/8269  8270/8270/8270  8271/8271/8271  
f 8272/8272/8272  8273/8273/8273  8274/8274/8274  
f 8275/8275/8275  8276/8276/8276  8277/8277/8277  
f 8278/8278/8278  8279/8279/8279  8280/8280/8280  
f 8281/8281/8281  8282/8282/8282  8283/8283/8283  
f 8284/8284/8284  8285/8285/8285  8286/8286/8286  
f 8287/8287/8287  8288/8288/8288  8289/8289/8289  
f 8290/8290/8290  8291/8291/8291  8292/8292/8292  
f 8293/8293/8293  8294/8294/8294  8295/8295/8295  
f 8296/8296/8296  8297/8297/8297  8298/8298/8298  
f 8299/8299/8299  8300/8300/8300  8301/8301/8301  
f 8302/8302/8302  8303/8303/8303  8304/8304/8304  
f 8305/8305/8305  8306/8306/8306  8307/8307/8307  
f 8308/8308/8308  8309/8309/8309  8310/8310/8310  
f 8311/8311/8311  8312/8312/8312  8313/8313/8313  
f 8314/8314/8314  8315/8315/8315  8316/8316/8316  
f 8317/8317/8317  8318/8318/8318  8319/8319/8319  
f 8320/8320/8320  8321/8321/8321  8322/8322/8322  
f 8323/8323/8323  8324/8324/8324  8325/8325/8325  
f 8326/8326/8326  8327/8327/8327  8328/8328/8328  
f 8329/8329/8329  8330/8330/8330  8331/8331/8331  
f 8332/8332/8332  8333/8333/8333  8334/8334/8334  
f 8335/8335/8335  8336/8336/8336  8337/8337/8337  
f 8338/8338/8338  8339/8339/8339  8340/8340/8340  
f 8341/8341/8341  8342/8342/8342  8343/8343/8343  
f 8344/8344/8344  8345/8345/8345  8346/8346/8346  
f 8347/8347/8347  8348/8348/8348  8349/8349/8349  
f 8350/8350/8350  8351/8351/8351  8352/8352/8352  
f 8353/8353/8353  8354/8354/8354  8355/8355/8355  
f 8356/8356/8356  8357/8357/8357  8358/8358/8358  
f 8359/8359/8359  8360/8360/8360  8361/8361/8361  
f 8362/8362/8362  8363/8363/8363  8364/8364/8364  
f 8365/8365/8365  8366/8366/8366  8367/8367/8367  
f 8368/8368/8368  8369/8369/8369  8370/8370/8370  
f 8371/8371/8371  8372/8372/8372  8373/8373/8373  
f 8374/8374/8374  8375/8375/8375  8376/8376/8376  
f 8377/8377/8377  8378/8378/8378  8379/8379/8379  
f 8380/8380/8380  8381/8381/8381  8382/8382/8382  
f 8383/8383/8383  8384/8384/8384  8385/8385/8385  
f 8386/8386/8386  8387/8387/8387  8388/8388/8388  
f 8389/8389/8389  8390/8390/8390  8391/8391/8391  
f 8392/8392/8392  8393/8393/8393  8394/8394/8394  
f 8395/8395/8395  8396/8396/8396  8397/8397/8397  
f 8398/8398/8398  8399/8399/8399  8400/8400/8400  
f 8401/8401/8401  8402/8402/8402  8403/8403/8403  
f 8404/8404/8404  8405/8405/8405  8406/8406/8406  
f 8407/8407/8407  8408/8408/8408  8409/8409/8409  
f 8410/8410/8410  8411/8411/8411  8412/8412/8412  
f 8413/8413/8413  8414/8414/8414  8415/8415/8415  
f 8416/8416/8416  8417/8417/8417  8418/8418/8418  
f 8419/8419/8419  8420/8420/8420  8421/8421/8421  
f 8422/8422/8422  8423/8423/8423  8424/8424/8424  
